<?xml version="1.0" encoding="UTF-8"?>
<COLLADA xmlns="http://www.collada.org/2005/11/COLLADASchema" version="1.4.1">
    <asset>
        <contributor>
            <author>VCGLab</author>
            <authoring_tool>VCGLib | MeshLab</authoring_tool>
        </contributor>
        <created>Fri May 1 22:56:49 2026 GMT</created>
        <modified>Fri May 1 22:56:49 2026 GMT</modified>
        <up_axis>Y_UP</up_axis>
    </asset>
    <library_images>
        <image id="texture0" name="texture0">
            <init_from>notexture.png</init_from>
        </image>
    </library_images>
    <library_materials>
        <material id="material0" name="material0">
            <instance_effect url="#material0-fx"/>
        </material>
    </library_materials>
    <library_effects>
        <effect id="material0-fx">
            <profile_COMMON>
                <newparam sid="texture0-surface">
                    <surface type="2D">
                        <init_from>texture0</init_from>
                        <format>R8G8B8</format>
                    </surface>
                </newparam>
                <newparam sid="texture0-sampler">
                    <sampler2D>
                        <source>texture0-surface</source>
                        <minfilter>LINEAR</minfilter>
                        <magfilter>LINEAR</magfilter>
                    </sampler2D>
                </newparam>
                <technique sid="common">
                    <blinn>
                        <diffuse>
                            <texture texture="texture0-sampler" texcoord="UVSET0"/>
                        </diffuse>
                    </blinn>
                </technique>
            </profile_COMMON>
        </effect>
    </library_effects>
    <library_geometries>
        <geometry id="shape0-lib" name="shape0">
            <mesh>
                <source id="shape0-lib-positions" name="position">
                    <float_array id="shape0-lib-positions-array" count="2676">17.6013 73.3978 0 14.3988 72.7332 0 14.3986 71.2681 0 17.6014 70.6022 0 -41.6 70.7833 0 -38.4 71.2681 0 -38.4 72.7332 0 -41.6 73.2171 0 70.4 70.6027 0 73.6 71.2681 0 73.6 72.7332 0 70.4 73.3974 0 -80 80 0 -80 -80 0 80 80 0 80 -80 0 8.08041 -32.0804 0 64 80 0 56 80 0 48 80 0 40 80 0 32 80 0 24 80 0 8 80 0 8.0804 -47.9196 0 -1.27146e-06 80 0 -8 80 0 -16 80 0 -24 80 0 -32 80 0 -48 80 0 -56 80 0 23.9196 -47.9196 0 -64 80 0 -64 -80 0 -56 -80 0 -48 -80 0 23.9196 -32.0804 0 -32 -80 0 -24 -80 0 -16 -80 0 -8 -80 0 1.27146e-06 -80 0 8 -80 0 24 -80 0 32 -80 0 40 -80 0 48 -80 0 56 -80 0 64 -80 0 -80 64 0 -80 56 0 -80 48 0 -80 40 0 -80 32 0 -80 16 0 -80 8 0 -80 -1.27146e-06 0 -80 -8 0 -80 -16 0 -80 -24 0 -80 -32 0 -80 -48 0 -80 -56 0 -80 -64 0 -80 -72 0 80 -72 0 80 -64 0 80 -56 0 80 -48 0 80 -32 0 80 -24 0 80 -16 0 80 -8 0 80 1.27146e-06 0 80 16 0 80 32 0 80 40 0 80 48 0 80 56 0 80 64 0 -64 -72 0 -64 -64 0 -64 -56 0 -64 -48 0 -64 -32 0 -64 -24 0 -64 -16 0 -64 -7.99999 0 -64 7.5659e-06 0 -64 8.00001 0 -64 16 0 -64 32 0 -64 40 0 -64 48 0 -64 56 0 -64 64 0 -56 -48 0 -56 -32 0 -56 16 0 -56 32 0 -56 64 0 -48 -72 0 -48 -64 0 -48 -56 0 -48 -48 0 -48 -32 0 -48 -24 0 -48 -16 0 -48 -7.99999 0 -48 6.86652e-06 0 -48 8.00001 0 -48 16 0 -48 32 0 -48 40 0 -48 48 0 -48 56 0 -48 64 0 -32 -72 0 -32 -64 0 -32 -56 0 -32 -48 0 -32 -32 0 -32 -24 0 -32 -16 0 -32 -7.99999 0 -32 6.16714e-06 0 -32 8.00001 0 -32 16 0 -32 32 0 -32 40 0 -32 48 0 -32 56 0 -32 64 0 -24 -48 0 -24 -32 0 -24 16 0 -24 32 0 -24 64 0 -16 -48 0 -16 -32 0 -16 16 0 -16 32 0 -16 64 0 -8 16 0 -8 32 0 -8 64 0 -2.54292e-07 16 0 -5.08584e-07 32 0 -1.01717e-06 64 0 8 -72 0 8 -48 0 8 -32 0 8 -7.99999 0 8 4.41868e-06 0 8 8 0 8 16 0 8 32 0 8 40 0 8 48 0 8 56 0 8 64 0 24 -72 0 24 -48 0 24 -32 0 24 -7.99999 0 24 3.7193e-06 0 24 8 0 24 16 0 24 32 0 24 40 0 24 48 0 24 56 0 24 64 0 32 16 0 32 32 0 32 64 0 40 16 0 40 32 0 40 64 0 48 -48 0 48 -32 0 48 16 0 48 32 0 48 64 0 56 -48 0 56 -32 0 56 16 0 56 32 0 56 64 0 64 -72 0 64 -64 0 64 -56 0 64 -48 0 64 -32 0 64 -24 0 64 -16 0 64 -8 0 64 1.97084e-06 0 64 8 0 64 16 0 64 32 0 64 40 0 64 48 0 64 56 0 64 64 0 120 16 0 112 16 0 104 16 0 96 16 0 88 16 0 120 8 0 88 64 0 96 64 0 104 64 0 112 64 0 120 64 0 144 80 0 136 80 0 128 80 0 120 80 0 112 80 0 104 80 0 96 80 0 88 80 0 120 48 0 112 48 0 112 40 0 120 40 0 120 56 0 112 56 0 120 32 0 112 32 0 88 9.21769e-07 0 96 5.72078e-07 0 104 2.22387e-07 0 112 -1.27304e-07 0 120 -4.76995e-07 0 128 -8.26687e-07 0 -80 -96 0 80 -96 0 -64 -96 0 -56 -96 0 -48 -96 0 -32 -96 0 -24 -96 0 -16 -96 0 -8 -96 0 -1.7298e-07 -96 0 8 -96 0 24 -96 0 32 -96 0 40 -96 0 48 -96 0 56 -96 0 64 -96 0 8.17838 -48 0 24 -47.8216 0 8.0804 -32.0804 0 8.17838 -32 0 24 -32.1784 0 23.8216 -32 0 23.8216 -48 0 8.03815 -32.1319 0 8 -32.1784 0 8 -47.8216 0 42.6923 -32 0 41.8686 -29.2849 0 43.462 -34.5393 0 42.6922 -48 0 43.462 -45.4607 0 41.8686 -50.7151 0 32 -17.0833 0 35.799 -20.201 0 38.9167 -24 0 39.2811 -24.444 0 38.9167 -56 0 39.2811 -55.556 0 32 -62.9167 0 35.799 -59.799 0 24 -13.3077 0 26.7151 -14.1314 0 30.2111 -16 0 31.556 -16.7188 0 30.2111 -64 0 31.556 -63.2811 0 24 -66.6922 0 26.7151 -65.8686 0 16.0001 -12 0 21.459 -12.538 0 21.4625 -67.462 0 10.5427 -12.538 0 10.5427 -12.538 0 8 -13.3077 0 8 -66.6922 0 10.5375 -67.462 0 16 -68 0 16 -68 0 5.28486 -14.1314 0 1.78891 -16 0 0.444035 -16.7188 0 9.99952e-07 -62.9167 0 0.444033 -63.2811 0 1.78892 -64 0 5.28486 -65.8686 0 -6.91674 -24 0 -3.79899 -20.201 0 -8 -25.7889 0 -7.28115 -24.444 0 -7.28115 -55.556 0 -8 -54.2111 0 -6.91674 -56 0 -3.79899 -59.799 0 -10.6923 -32 0 -9.86862 -29.2849 0 -11.462 -34.5393 0 -10.6923 -48 0 -11.462 -45.4607 0 -9.86862 -50.7151 0 42.6923 -32 0 40 -25.7889 0 42.6922 -48 0 40 -54.2111 0 24 -13.3077 0 24 -66.6922 0 8 -13.3077 0 8 -66.6922 0 2.71509e-07 -17.0833 0 -10.6923 -32 0 -10.6923 -48 0 24 -11.9941 0 64 -4 0 24 -4 0 8 -4 0 -32 -3.99999 0 -48 -3.99999 0 -64 -3.99999 0 -80 -4 0 80 -4 0 -32 -28 0 -48 -28 0 -64 -28 0 -80 -28 0 -32 -20 0 -48 -20 0 -64 -20 0 -80 -20 0 -52 -80 0 -52 80 0 -52 64 0 -52 32 0 -52 16 0 -52 -32 0 -52 -48 0 -52 -96 0 -43.3222 -72 0 -43.3222 -80 0 -44 80 0 -44 64 0 -43.3223 56 0 -43.3223 48 0 -43.3223 40 0 -43.3222 32 0 -43.3222 16 0 -43.3222 8.00001 0 -43.3222 6.7509e-06 0 -43.3222 -7.99999 0 -43.3222 -16 0 -43.3222 -24 0 -44 -32 0 -44 -48 0 -43.3222 -56 0 -43.3222 -64 0 -44 -96 0 -43.3222 -3.99999 0 -44 -28 0 -43.3222 -20 0 64 4 0 24 4 0 8 4 0 -32 4.00001 0 -48 4.00001 0 -64 4.00001 0 -80 4 0 80 4 0 88 4.67774 0 96 4.67774 0 104 4.67774 0 112 4.67774 0 120 4 0 128 4 0 -44 4.00001 0 -16 -36.6777 0 -24 -36.6777 0 -32 -36.6777 0 -48 -36.6777 0 -56 -36.6777 0 -64 -36.6777 0 -80 -36 0 -52 -36.6777 0 -44 -36 0 -36.6777 -72 0 -36.6777 -80 0 -36 80 0 -36 64 0 -36.6777 56 0 -36.6777 48 0 -36.6777 40 0 -36.6777 32 0 -36.6777 16 0 -36.6777 8.00001 0 -36.6777 6.39044e-06 0 -36.6777 -7.99999 0 -36.6777 -16 0 -36.6777 -24 0 -36 -32 0 -36 -48 0 -36.6777 -56 0 -36.6777 -64 0 -36 -96 0 -36.6777 -3.99999 0 -36 -28 0 -36.6777 -20 0 -36 4.00001 0 -36 -36 0 -73.6 80 0 -70.4 80 0 -72.8 -80 0 -71.2 -80 0 -71.2 -72 0 -72.8 -72 0 -72.8 -64 0 -71.2 -64 0 -72.8 -56 0 -71.2 -56 0 -72.8 -48 0 -71.2 -48 0 -70.4 -32 0 -73.6 -32 0 -71.2 -24 0 -72.8 -24 0 -72.8 -16 0 -71.2 -16 0 -71.2 -7.99999 0 -72.8 -7.99999 0 -71.2 7.62939e-06 0 -72.8 6.10352e-06 0 -72.8 8 0 -71.2 8.00001 0 -72.8 16 0 -71.2 16 0 -72.8 32 0 -71.2 32 0 -72.8 40 0 -71.2 40 0 -72.8 48 0 -71.2 48 0 -72.8 56 0 -71.2 56 0 -72.8 64 0 -71.2 64 0 -70.4 -96 0 -73.6 -96 0 -72.8 -3.99999 0 -71.2 -3.99999 0 -73.6 -28 0 -70.4 -28 0 -72.8 -20 0 -71.2 -20 0 -73.6 4.00001 0 -70.4 4.00001 0 -73.6 -36 0 -70.4 -36 0 128 15.6 0 128 16.4 0 127.6 16 0 128 7.6 0 128 8.4 0 127.6 8 0 128 63.6 0 128 64.4 0 127.6 64 0 136 64.4 0 144 64.4 0 128 47.6 0 128 48.4 0 127.6 48 0 128 39.6 0 128 40.4 0 127.6 40 0 128 23.6 0 128 24.4 0 128 55.6 0 128 56.4 0 127.6 56 0 128 31.6 0 128 32.4 0 127.6 32 0 88 0.200001 0 96 0.200001 0 104 0.2 0 112 0.2 0 120 0.2 0 128 0.199999 0 64 0.200002 0 80 0.200001 0 -80 70.5349 0 -80 73.4651 0 80 71.2681 0 80 72.7332 0 -64 72.7332 0 -64 71.2681 0 -56 71.2681 0 -56 72.7332 0 -48 71.2681 0 -48 72.7332 0 -32 72.7332 0 -32 71.2681 0 -24 72.7332 0 -24 71.2681 0 -16 72.7332 0 -16 71.2681 0 -8 72.7332 0 -8 71.2681 0 -1.52588e-06 72.7332 0 -1.52588e-06 71.2681 0 8 72.7332 0 8 71.2681 0 24 72.7332 0 24 71.2681 0 32 72.7332 0 32 71.2681 0 40 72.7332 0 40 71.2681 0 48 72.7332 0 48 71.2681 0 56 72.7332 0 56 71.2681 0 64 72.7332 0 64 71.2681 0 144 73.4651 0 144 70.6081 0 136 70.6081 0 136 73.4651 0 128 71.3047 0 128 72.7332 0 120 71.2681 0 120 72.7332 0 112 71.2681 0 112 72.7332 0 104 71.2681 0 104 72.7332 0 96 71.2681 0 96 72.7332 0 88 71.2681 0 88 72.7332 0 -52 72.7332 0 -52 71.2681 0 -44 72.7332 0 -44 71.2681 0 -36 72.7332 0 -36 71.2681 0 -73.6 73.4651 0 -73.6 70.5349 0 -70.4 70.5349 0 -70.4 73.4651 0 14.3988 80 0 17.6012 80 0 16.8161 -7.99999 0 15.1846 -7.99999 0 16.8092 4.57764e-06 0 15.1913 4.57764e-06 0 15.1951 8 0 16.8053 8 0 15.1963 16 0 16.804 16 0 14.3956 32 0 17.6045 32 0 15.1984 40 0 16.8018 40 0 15.1988 48 0 16.8014 48 0 15.1991 56 0 16.8012 56 0 16.8009 64 0 15.1993 64 0 15.1795 -12.1616 0 15.1795 -12.1616 0 16.8212 -12 0 16.8212 -12 0 16.0001 -12 0 16.0001 -12 0 16.0001 -12 0 16.0001 -12 0 15.1884 -4 0 16.8121 -4 0 15.1934 4 0 16.807 4 0 17.6013 73.3978 0 14.3988 72.7332 0 14.3986 71.2681 0 17.6014 70.6022 0 -80 22.4 0 -80 25.6 0 80 22.4 0 80 25.6 0 -64 24.8 0 -64 23.2 0 -56 23.2 0 -56 24.8 0 -48 23.2 0 -48 24.8 0 -32 24.8 0 -32 23.2 0 -24 24.8 0 -24 23.2 0 -16 24.8 0 -16 23.2 0 -8 24.8 0 -8 23.2 0 -3.8147e-07 24.8 0 -3.8147e-07 23.2 0 8 23.2 0 8 24.8 0 24 24.8 0 24 23.2 0 32 24.8 0 32 23.2 0 40 24.8 0 40 23.2 0 48 24.8 0 48 23.2 0 56 24.8 0 56 23.2 0 64 24.8 0 64 23.2 0 120 22.4 0 120 25.6 0 112 22.4 0 112 25.6 0 -52 24.8 0 -52 23.2 0 -44 25.6 0 -44 22.4 0 -36 25.6 0 -36 22.4 0 -72.8 25.6 0 -73.5259 22.4 0 -70.474 22.4 0 -71.2 25.6 0 128 24.4 0 128 23.6 0 14.3945 25.6 0 14.3939 22.4 0 17.6063 22.4 0 17.6057 25.6 0 -80 -41.6 0 -80 -38.4 0 -64 -39.2 0 -64 -40.8 0 -56 -40.8 0 -56 -39.2 0 -48 -40.8 0 -48 -39.2 0 -32 -39.2 0 -32 -40.8 0 -24 -39.2 0 -24 -40.8 0 -16 -39.2 0 -16 -40.8 0 -11.8424 -39.2 0 -11.8424 -40.8 0 -52 -39.2 0 -52 -40.8 0 -44 -38.4 0 -44 -41.6 0 -36 -38.4 0 -36 -41.6 0 -70.4 -41.6 0 -70.4 -38.4 0 -73.6 -38.4 0 -73.6 -41.6 0 -24 -88.3803 0 -24 -86.7803 0 -32 -86.7803 0 -32 -88.3803 0 40 -88.3803 0 40 -86.7803 0 32 -86.7803 0 32 -88.3803 0 -16 -88.3803 0 -16 -86.7803 0 -80 -89.1803 0 -80 -85.9803 0 48 -88.3803 0 48 -86.7803 0 -8 -88.3803 0 -8 -86.7803 0 -64 -86.7803 0 -64 -88.3803 0 56 -88.3803 0 56 -86.7803 0 80 -85.9803 0 80 -89.1803 0 3.8147e-07 -88.3803 0 7.62939e-07 -86.7803 0 -56 -88.3803 0 -56 -86.7803 0 64 -88.3803 0 64 -86.7803 0 8 -88.3803 0 8 -86.7803 0 -48 -88.3803 0 -48 -86.7803 0 24 -88.3803 0 24 -86.7803 0 -52 -86.7803 0 -52 -88.3803 0 -44 -85.9803 0 -44 -89.1803 0 -36 -89.1803 0 -36 -85.9803 0 -71.2 -89.1803 0 -71.2 -85.9803 0 -72.8 -85.9803 0 -72.8 -89.1803 0 15.1849 -80 0 16.8142 -80 0 16.8176 -72 0 15.1814 -72 0 17.6209 -96 0 14.3785 -96 0 17.6453 -67.8379 0 17.6453 -67.8379 0 14.3534 -68 0 14.3534 -68 0 16 -68 0 16 -68 0 16 -68 0 16 -68 0 16 -68 0 16 -68 0 14.3776 -89.1803 0 17.6217 -89.1803 0 17.6243 -85.9803 0 14.375 -85.9803 0 -41.6 80 0 -38.4 80 0 -40.8 -80 0 -39.2 -80 0 -39.2 -72 0 -40.8 -72 0 -40.8 -64 0 -39.2 -64 0 -40.8 -56 0 -39.2 -56 0 -38.4 -48 0 -41.6 -48 0 -38.4 -32 0 -41.6 -32 0 -39.2 -24 0 -40.8 -24 0 -40.8 -16 0 -39.2 -16 0 -39.2 -7.99999 0 -40.8 -7.99999 0 -39.2 6.48499e-06 0 -40.8 6.48499e-06 0 -40.8 8.00001 0 -39.2 8.00001 0 -39.2 16 0 -40.8 16 0 -40.8 32 0 -39.2 32 0 -40.8 40 0 -39.2 40 0 -40.8 48 0 -39.2 48 0 -40.8 56 0 -39.2 56 0 -38.4 64 0 -41.6 64 0 -38.4 -96 0 -41.6 -96 0 -40.8 -3.99999 0 -39.2 -3.99999 0 -41.6 -28 0 -38.4 -28 0 -40.8 -20 0 -39.2 -20 0 -41.6 4.00001 0 -38.4 4.00001 0 -41.6 -36 0 -38.4 -36 0 -41.6 70.7833 0 -38.4 71.2681 0 -38.4 72.7332 0 -41.6 73.2171 0 -41.6 22.4 0 -38.4 22.4 0 -38.4 25.6 0 -41.6 25.6 0 -41.6 -41.6 0 -38.4 -41.6 0 -38.4 -38.4 0 -41.6 -38.4 0 -41.6 -89.1803 0 -38.4 -89.1803 0 -38.4 -85.9803 0 -41.6 -85.9803 0 70.4 80 0 73.6 80 0 71.2 -80 0 72.8 -80 0 72.8 -72 0 71.2 -72 0 71.2 -64 0 72.8 -64 0 71.2 -56 0 72.8 -56 0 70.4 -48 0 73.6 -48 0 70.4 -32 0 73.6 -32 0 71.2 -24 0 72.8 -24 0 71.2 -16 0 72.8 -16 0 72.8 -8 0 71.2 -8 0 72.8 1.52588e-06 0 71.2 1.52588e-06 0 71.2 8 0 72.8 8 0 72.8 16 0 71.2 16 0 71.2 32 0 72.8 32 0 71.2 40 0 72.8 40 0 71.2 48 0 72.8 48 0 71.2 56 0 72.8 56 0 73.6 64 0 70.4 64 0 73.6 -96 0 70.4 -96 0 71.2 -4 0 72.8 -4 0 70.4029 4 0 73.597 4 0 71.2 0.200002 0 72.8 0.200002 0 70.4 70.6027 0 73.6 71.2681 0 73.6 72.7332 0 70.4 73.3974 0 70.4 22.4 0 73.6 22.4 0 73.6 25.6 0 70.4 25.6 0 73.6 -85.9803 0 70.4 -85.9803 0 70.4 -89.1803 0 73.6 -89.1803 0 80 -38.4 0 80 -41.6 0 48 -39.2 0 48 -40.8 0 56 -39.2 0 56 -40.8 0 64 -40.8 0 64 -39.2 0 43.8424 -40.8 0 43.8424 -39.2 0 70.4 -38.4 0 70.4 -41.6 0 73.6 -41.6 0 73.6 -38.4 0 80 6.4 0 80 9.6 0 78.4 8 0 88 7.2 0 88 8.8 0 96 7.2 0 96 8.8 0 104 7.2 0 104 8.8 0 112 8.8 0 112 7.2 0 113.6 8 0</float_array>
                    <technique_common>
                        <accessor count="892" source="#shape0-lib-positions-array" stride="3">
                            <param name="X" type="float"/>
                            <param name="Y" type="float"/>
                            <param name="Z" type="float"/>
                        </accessor>
                    </technique_common>
                </source>
                <source id="shape0-lib-normals" name="normal">
                    <float_array id="shape0-lib-normals-array" count="3612">0 0 1 0 0 1 0 0 1 0 0 1 0 0 1 0 0 1 0 0 1 0 0 1 0 0 0 0 0 0 0 0 0 0 0 1 0 0 1 0 0 1 0 0 1 0 0 0 0 0 0 0 0 1 0 0 1 0 0 1 0 0 1 0 0 1 0 0 1 0 0 1 0 0 0 0 0 0 0 0 0 0 0 1 0 0 1 0 0 1 0 0 1 0 0 1 0 0 1 0 0 1 0 0 1 0 0 1 0 0 1 0 0 1 0 0 1 0 0 1 0 0 1 0 0 1 0 0 1 0 0 1 0 0 1 0 0 1 0 0 1 0 0 1 0 0 1 0 0 1 0 0 1 0 0 1 0 0 1 0 0 1 0 0 1 0 0 1 0 0 1 0 0 1 0 0 1 0 0 1 0 0 1 0 0 1 0 0 1 0 0 1 0 0 1 0 0 1 0 0 1 0 0 1 0 0 1 0 0 1 0 0 1 0 0 1 0 0 1 0 0 1 0 0 1 0 0 1 0 0 1 0 0 1 0 0 1 0 0 1 0 0 1 0 0 1 0 0 1 0 0 1 0 0 1 0 0 1 0 0 1 0 0 1 0 0 1 0 0 1 0 0 1 0 0 1 0 0 1 0 0 1 0 0 1 0 0 1 0 0 1 0 0 1 0 0 1 0 0 1 0 0 1 0 0 1 0 0 1 0 0 1 0 0 1 0 0 1 0 0 1 0 0 1 0 0 1 0 0 1 0 0 1 0 0 1 0 0 1 0 0 1 0 0 1 0 0 1 0 0 1 0 0 1 0 0 1 0 0 1 0 0 1 0 0 1 0 0 1 0 0 1 0 0 1 0 0 1 0 0 1 0 0 1 0 0 1 0 0 1 0 0 1 0 0 1 0 0 1 0 0 1 0 0 1 0 0 1 0 0 1 0 0 1 0 0 1 0 0 1 0 0 1 0 0 1 0 0 1 0 0 1 0 0 1 0 0 1 0 0 1 0 0 1 0 0 1 0 0 1 0 0 1 0 0 1 0 0 1 0 0 1 0 0 1 0 0 1 0 0 1 0 0 1 0 0 1 0 0 1 0 0 1 0 0 1 0 0 1 0 0 1 0 0 1 0 0 1 0 0 1 0 0 1 0 0 1 0 0 1 0 0 1 0 0 1 0 0 1 0 0 1 0 0 1 0 0 1 0 0 1 0 0 1 0 0 1 0 0 1 0 0 1 0 0 1 0 0 1 0 0 1 0 0 1 0 0 1 0 0 1 0 0 1 0 0 1 0 0 1 0 0 1 0 0 1 0 0 1 0 0 1 0 0 1 0 0 1 0 0 1 0 0 1 0 0 1 0 0 1 0 0 1 0 0 1 0 0 1 0 0 1 0 0 1 0 0 1 0 0 1 0 0 1 0 0 1 0 0 1 0 0 1 0 0 1 0 0 1 0 0 1 0 0 1 0 0 1 0 0 1 0 0 1 0 0 1 0 0 1 0 0 1 0 0 1 0 0 1 0 0 1 0 0 1 0 0 1 0 0 1 0 0 1 0 0 1 0 0 1 0 0 1 0 0 1 0 0 1 0 0 1 0 0 1 0 0 1 0 0 1 0 0 1 0 0 1 0 0 1 0 0 1 0 0 1 0 0 1 0 0 1 0 0 1 0 0 1 0 0 1 0 0 1 0 0 1 0 0 1 0 0 1 0 0 1 0 0 1 0 0 1 0 0 1 0 0 1 0 0 1 0 0 1 0 0 1 0 0 1 0 0 1 0 0 1 0 0 1 0 0 1 0 0 1 0 0 1 0 0 1 0 0 1 0 0 1 0 0 1 0 0 1 0 0 1 0 0 1 0 0 1 0 0 1 0 0 1 0 0 1 0 0 1 0 0 1 0 0 1 0 0 1 0 0 1 0 0 1 0 0 1 0 0 1 0 0 1 0 0 1 0 0 1 0 0 1 0 0 1 0 0 1 0 0 1 0 0 1 0 0 1 0 0 1 0 0 1 0 0 1 0 0 1 0 0 1 0 0 1 0 0 1 0 0 1 0 0 1 0 0 1 0 0 1 0 0 1 0 0 1 0 0 1 0 0 1 0 0 1 0 0 1 0 0 1 0 0 1 0 0 1 0 0 1 0 0 1 0 0 1 0 0 1 0 0 1 0 0 1 0 0 1 0 0 1 0 0 1 0 0 1 0 0 1 0 0 1 0 0 1 0 0 1 0 0 1 0 0 1 0 0 1 0 0 1 0 0 1 0 0 1 0 0 1 0 0 1 0 0 1 0 0 1 0 0 1 0 0 1 0 0 1 0 0 1 0 0 1 0 0 1 0 0 1 0 0 1 0 0 1 0 0 1 0 0 1 0 0 1 0 0 1 0 0 1 0 0 1 0 0 1 0 0 1 0 0 1 0 0 1 0 0 1 0 0 1 0 0 1 0 0 1 0 0 1 0 0 1 0 0 1 0 0 1 0 0 1 0 0 1 0 0 1 0 0 1 0 0 1 0 0 1 0 0 1 0 0 1 0 0 1 0 0 1 0 0 1 0 0 1 0 0 1 0 0 1 0 0 1 0 0 1 0 0 1 0 0 1 0 0 1 0 0 1 0 0 1 0 0 1 0 0 1 0 0 1 0 0 1 0 0 1 0 0 1 0 0 1 0 0 1 0 0 1 0 0 1 0 0 1 0 0 1 0 0 1 0 0 1 0 0 1 0 0 1 0 0 1 0 0 1 0 0 1 0 0 1 0 0 1 0 0 1 0 0 0 0 0 -1 0 0 1 0 0 1 0 0 1 0 0 1 0 0 1 0 0 1 0 0 1 0 0 1 0 0 1 0 0 1 0 0 1 0 0 1 0 0 1 0 0 1 0 0 1 0 0 1 0 0 1 0 0 1 0 0 1 0 0 1 0 0 1 0 0 1 0 0 1 0 0 1 0 0 1 0 0 1 0 0 1 0 0 1 0 0 1 0 0 1 0 0 1 0 0 1 0 0 1 0 0 1 0 0 1 0 0 1 0 0 1 0 0 1 0 0 1 0 0 1 0 0 1 0 0 1 0 0 1 0 0 1 0 0 1 0 0 1 0 0 1 0 0 1 0 0 1 0 0 1 0 0 1 0 0 1 0 0 1 0 0 1 0 0 1 0 0 1 0 0 1 0 0 1 0 0 0 0 0 -1 0 0 1 0 0 1 0 0 1 0 0 1 0 0 1 0 0 1 0 0 1 0 0 1 0 0 1 0 0 1 0 0 1 0 0 1 0 0 1 0 0 1 0 0 1 0 0 1 0 0 1 0 0 1 0 0 1 0 0 1 0 0 1 0 0 1 0 0 1 0 0 1 0 0 1 0 0 1 0 0 1 0 0 1 0 0 1 0 0 1 0 0 1 0 0 1 0 0 1 0 0 1 0 0 1 0 0 1 0 0 1 0 0 1 0 0 1 0 0 1 0 0 1 0 0 1 0 0 1 0 0 1 0 0 1 0 0 1 0 0 1 0 0 1 0 0 1 0 0 1 0 0 1 0 0 1 0 0 1 0 0 1 0 0 1 0 0 1 0 0 1 0 0 1 0 0 1 0 0 1 0 0 1 0 0 1 0 0 1 0 0 1 0 0 1 0 0 1 0 0 1 0 0 1 0 0 1 0 0 1 0 0 1 0 0 1 0 0 1 0 0 1 0 0 1 0 0 1 0 0 1 0 0 1 0 0 1 0 0 1 0 0 1 0 0 1 0 0 1 0 0 1 0 0 1 0 0 1 0 0 1 0 0 1 0 0 1 0 0 1 0 0 1 0 0 1 0 0 1 0 0 1 0 0 1 0 0 1 0 0 1 0 0 1 0 0 1 0 0 1 0 0 1 0 0 1 0 0 1 0 0 1 0 0 1 0 0 1 0 0 1 0 0 1 0 0 1 0 0 1 0 0 1 0 0 1 0 0 1 0 0 1 0 0 0 0 0 1 0 0 1 0 0 1 0 0 0 0 0 1 0 0 1 0 0 1 0 0 0 0 0 0 0 0 1 0 0 1 0 0 1 0 0 1 0 0 1 0 0 1 0 0 1 0 0 1 0 0 1 0 0 1 0 0 1 0 0 1 0 0 1 0 0 1 0 0 1 0 0 1 0 0 1 0 0 1 0 0 1 0 0 1 0 0 1 0 0 1 0 0 1 0 0 1 0 0 1 0 0 1 0 0 1 0 0 1 0 0 1 0 0 1 0 0 1 0 0 1 0 0 1 0 0 1 0 0 1 0 0 1 0 0 1 0 0 1 0 0 1 0 0 1 0 0 1 0 0 1 0 0 1 0 0 1 0 0 1 0 0 1 0 0 1 0 0 1 0 0 1 0 0 1 0 0 1 0 0 1 0 0 1 0 0 1 0 0 1 0 0 1 0 0 1 0 0 1 0 0 1 0 0 1 0 0 1 0 0 1 0 0 1 0 0 1 0 0 1 0 0 1 0 0 1 0 0 1 0 0 1 0 0 1 0 0 1 0 0 1 0 0 1 0 0 1 0 0 1 0 0 1 0 0 1 0 0 1 0 0 1 0 0 1 0 0 1 0 0 1 0 0 1 0 0 1 0 0 1 0 0 1 0 0 1 0 0 1 0 0 1 0 0 1 0 0 1 0 0 1 0 0 1 0 0 1 0 0 1 0 0 1 0 0 1 0 0 1 0 0 1 0 0 1 0 0 1 0 0 1 0 0 1 0 0 1 0 0 1 0 0 1 0 0 1 0 0 1 0 0 1 0 0 1 0 0 1 0 0 1 0 0 1 0 0 1 0 0 1 0 0 1 0 0 1 0 0 1 0 0 1 0 0 1 0 0 1 0 0 1 0 0 1 0 0 1 0 0 1 0 0 1 0 0 1 0 0 1 0 0 1 0 0 1 0 0 1 0 0 1 0 0 1 0 0 1 0 0 1 0 0 1 0 0 1 0 0 1 0 0 1 0 0 1 0 0 1 0 0 1 0 0 1 0 0 1 0 0 1 0 0 1 0 0 1 0 0 1 0 0 1 0 0 1 0 0 1 0 0 1 0 0 1 0 0 1 0 0 1 0 0 0 0 0 -1 0 0 1 0 0 1 0 0 1 0 0 1 0 0 1 0 0 1 0 0 1 0 0 1 0 0 1 0 0 1 0 0 1 0 0 1 0 0 1 0 0 1 0 0 1 0 0 1 0 0 1 0 0 1 0 0 1 0 0 1 0 0 1 0 0 1 0 0 1 0 0 1 0 0 1 0 0 1 0 0 0 0 0 1 0 0 1 0 0 1 0 0 1 0 0 1 0 0 1 0 0 1 0 0 1 0 0 1 0 0 1 0 0 1 0 0 1 0 0 1 0 0 1 0 0 1 0 0 1 0 0 1 0 0 1 0 0 1 0 0 1 0 0 1 0 0 1 0 0 1 0 0 1 0 0 1 0 0 1 0 0 1 0 0 1 0 0 1 0 0 1 0 0 1 0 0 1 0 0 1 0 0 1 0 0 1 0 0 1 0 0 1 0 0 1 0 0 1 0 0 1 0 0 1 0 0 1 0 0 1 0 0 1 0 0 1 0 0 1 0 0 1 0 0 1 0 0 1 0 0 1 0 0 1 0 0 1 0 0 1 0 0 1 0 0 1 0 0 1 0 0 1 0 0 1 0 0 1 0 0 1 0 0 1 0 0 1 0 0 1 0 0 1 0 0 1 0 0 1 0 0 1 0 0 1 0 0 1 0 0 1 0 0 1 0 0 1 0 0 1 0 0 1 0 0 1 0 0 1 0 0 1 0 0 1 0 0 1 0 0 1 0 0 1 0 0 1 0 0 1 0 0 1 0 0 1 0 0 1 0 0 1 0 0 1 0 0 1 0 0 1 0 0 1 0 0 1 0 0 1 0 0 1 0 0 1 0 0 1 0 0 1 0 0 1 0 0 1 0 0 1 0 0 1 0 0 1 0 0 1 0 0 1 0 0 1 0 0 1 0 0 1 0 0 1 0 0 1 0 0 1 0 0 1 0 0 1 0 0 1 0 0 1 0 0 1 0 0 1 0 0 1 0 0 1 0 0 1 0 0 1 0 0 1 0 0 1 0 0 1 0 0 1 0 0 1 0 0 1 0 0 1 0 0 1 0 0 1 0 0 1 0 0 1 0 0 1 0 0 1 0 0 1 0 0 1 0 0 1 0 0 1 0 0 1 0 0 1 0 0 1 0 0 1 0 0 1 0 0 1 0 0 1 0 0 1 0 0 1 0 0 1 0 0 1 0 0 1 0 0 1 0 0 1 0 0 1 0 0 1 0 0 1 0 0 1 0 0 1 0 0 1 0 0 1 0 0 1 0 0 1 0 0 1 0 0 1 0 0 1 0 0 1 0 0 1 0 0 1 0 0 1 0 0 1 0 0 1 0 0 1 0 0 1 0 0 1 0 0 1 0 0 1 0 0 1 0 0 1 0 0 1 0 0 1 0 0 1 0 0 1 0 0 1 0 0 1 0 0 1 0 0 1 0 0 1 0 0 1 0 0 1 0 0 1 0 0 1 0 0 1 0 0 1 0 0 1 0 0 1 0 0 1 0 0 1 0 0 1 0 0 1 0 0 1 0 0 1 0 0 1 0 0 1 0 0 1 0 0 1 0 0 1 0 0 1 0 0 1 0 0 1 0 0 1 0 0 1 0 0 1 0 0 1 0 0 1 0 0 1 0 0 1 0 0 1 0 0 1 0 0 1 0 0 1 0 0 1 0 0 1 0 0 1 0 0 1 0 0 1 0 0 1 0 0 1 0 0 1 0 0 1 0 0 1 0 0 1 0 0 1 0 0 1 0 0 1 0 0 1 0 0 1 0 0 1 0 0 1 0 0 1 0 0 1 0 0 1 0 0 1 0 0 1 0 0 1 0 0 1 0 0 1 0 0 1 0 0 1 0 0 1 0 0 1 0 0 1 0 0 1 0 0 1 0 0 1 0 0 1 0 0 1 0 0 1 0 0 1 0 0 1 0 0 1 0 0 1 0 0 1 0 0 1 0 0 1 0 0 1 0 0 1 0 0 1 0 0 1 0 0 1 0 0 1 0 0 1 0 0 1 0 0 1 0 0 1 0 0 1 0 0 1 0 0 1 0 0 1 0 0 1 0 0 1 0 0 1 0 0 1 0 0 1 0 0 1 0 0 1 0 0 1 0 0 1 0 0 1 0 0 1 0 0 1 0 0 1 0 0 1 0 0 1 0 0 1 0 0 1 0 0 1 0 0 1 0 0 1 0 0 1 0 0 1 0 0 1 0 0 1 0 0 1 0 0 1 0 0 1 0 0 1 0 0 1 0 0 1 0 0 1 0 0 1 0 0 1 0 0 1 0 0 1 0 0 1 0 0 1 0 0 1 0 0 1 0 0 1 0 0 1 0 0 1 0 0 1 0 0 1 0 0 1 0 0 1 0 0 1 0 0 1 0 0 1 0 0 1 0 0 1 0 0 1 0 0 1 0 0 1 0 0 1 0 0 1 0 0 1 0 0 1 0 0 1 0 0 1 0 0 1 0 0 1 0 0 1 0 0 1 0 0 1 0 0 1 0 0 1 0 0 1 0 0 1 0 0 1 0 0 1 0 0 1 0 0 1 0 0 1 0 0 1 0 0 1 0 0 1 0 0 1 0 0 1 0 0 1 0 0 1 0 0 1 0 0 1 0 0 1 0 0 1 0 0 1 0 0 1 0 0 1 0 0 1 0 0 1 0 0 1 0 0 1 0 0 1 0 0 1 0 0 1 0 0 1 0 0 1 0 0 1 0 0 1 0 0 1 0 0 1 0 0 1 0 0 1 0 0 1 0 0 1 0 0 1 0 0 0 0 0 0 0 0 1 0 0 1 0 0 0 0 0 1 0 0 1 0 0 1 0 0 1 0 0 1 0 0 1 0 0 1 0 0 1 0 0 1 0 0 1 0 0 1 0 0 1 0 0 1 0 0 1 0 0 1 0 0 1 0 0 1 0 0 1 0 0 1 0 0 1 0 0 1 0 0 1 0 0 1 0 0 1 0 0 1 0 0 1 0 0 1 0 0 1 0 0 1 0 0 1 0 0 1 0 0 1 0 0 1 0 0 1 0 0 1 0 0 1 0 0 1 0 0 1 0 0 1</float_array>
                    <technique_common>
                        <accessor count="1204" source="#shape0-lib-normals-array" stride="3">
                            <param name="X" type="float"/>
                            <param name="Y" type="float"/>
                            <param name="Z" type="float"/>
                        </accessor>
                    </technique_common>
                </source>
                <source id="shape0-lib-vcolor" name="vcolor">
                    <float_array id="shape0-lib-vcolor-array" count="3568">0 0 0 1 0 0 0 1 0 0 0 1 0 0 0 1 0 0 0 1 0 0 0 1 0 0 0 1 0 0 0 1 0 0 0 1 0 0 0 1 0 0 0 1 0 0 0 1 0 0 0 1 0 0 0 1 0 0 0 1 0 0 0 1 0 0 0 1 0 0 0 1 0 0 0 1 0 0 0 1 0 0 0 1 0 0 0 1 0 0 0 1 0 0 0 1 0 0 0 1 0 0 0 1 0 0 0 1 0 0 0 1 0 0 0 1 0 0 0 1 0 0 0 1 0 0 0 1 0 0 0 1 0 0 0 1 0 0 0 1 0 0 0 1 0 0 0 1 0 0 0 1 0 0 0 1 0 0 0 1 0 0 0 1 0 0 0 1 0 0 0 1 0 0 0 1 0 0 0 1 0 0 0 1 0 0 0 1 0 0 0 1 0 0 0 1 0 0 0 1 0 0 0 1 0 0 0 1 0 0 0 1 0 0 0 1 0 0 0 1 0 0 0 1 0 0 0 1 0 0 0 1 0 0 0 1 0 0 0 1 0 0 0 1 0 0 0 1 0 0 0 1 0 0 0 1 0 0 0 1 0 0 0 1 0 0 0 1 0 0 0 1 0 0 0 1 0 0 0 1 0 0 0 1 0 0 0 1 0 0 0 1 0 0 0 1 0 0 0 1 0 0 0 1 0 0 0 1 0 0 0 1 0 0 0 1 0 0 0 1 0 0 0 1 0 0 0 1 0 0 0 1 0 0 0 1 0 0 0 1 0 0 0 1 0 0 0 1 0 0 0 1 0 0 0 1 0 0 0 1 0 0 0 1 0 0 0 1 0 0 0 1 0 0 0 1 0 0 0 1 0 0 0 1 0 0 0 1 0 0 0 1 0 0 0 1 0 0 0 1 0 0 0 1 0 0 0 1 0 0 0 1 0 0 0 1 0 0 0 1 0 0 0 1 0 0 0 1 0 0 0 1 0 0 0 1 0 0 0 1 0 0 0 1 0 0 0 1 0 0 0 1 0 0 0 1 0 0 0 1 0 0 0 1 0 0 0 1 0 0 0 1 0 0 0 1 0 0 0 1 0 0 0 1 0 0 0 1 0 0 0 1 0 0 0 1 0 0 0 1 0 0 0 1 0 0 0 1 0 0 0 1 0 0 0 1 0 0 0 1 0 0 0 1 0 0 0 1 0 0 0 1 0 0 0 1 0 0 0 1 0 0 0 1 0 0 0 1 0 0 0 1 0 0 0 1 0 0 0 1 0 0 0 1 0 0 0 1 0 0 0 1 0 0 0 1 0 0 0 1 0 0 0 1 0 0 0 1 0 0 0 1 0 0 0 1 0 0 0 1 0 0 0 1 0 0 0 1 0 0 0 1 0 0 0 1 0 0 0 1 0 0 0 1 0 0 0 1 0 0 0 1 0 0 0 1 0 0 0 1 0 0 0 1 0 0 0 1 0 0 0 1 0 0 0 1 0 0 0 1 0 0 0 1 0 0 0 1 0 0 0 1 0 0 0 1 0 0 0 1 0 0 0 1 0 0 0 1 0 0 0 1 0 0 0 1 0 0 0 1 0 0 0 1 0 0 0 1 0 0 0 1 0 0 0 1 0 0 0 1 0 0 0 1 0 0 0 1 0 0 0 1 0 0 0 1 0 0 0 1 0 0 0 1 0 0 0 1 0 0 0 1 0 0 0 1 0 0 0 1 0 0 0 1 0 0 0 1 0 0 0 1 0 0 0 1 0 0 0 1 0 0 0 1 0 0 0 1 0 0 0 1 0 0 0 1 0 0 0 1 0 0 0 1 0 0 0 1 0 0 0 1 0 0 0 1 0 0 0 1 0 0 0 1 0 0 0 1 0 0 0 1 0 0 0 1 0 0 0 1 0 0 0 1 0 0 0 1 0 0 0 1 0 0 0 1 0 0 0 1 0 0 0 1 0 0 0 1 0 0 0 1 0 0 0 1 0 0 0 1 0 0 0 1 0 0 0 1 0 0 0 1 0 0 0 1 0 0 0 1 0 0 0 1 0 0 0 1 0 0 0 1 0 0 0 1 0 0 0 1 0 0 0 1 0 0 0 1 0 0 0 1 0 0 0 1 0 0 0 1 0 0 0 1 0 0 0 1 0 0 0 1 0 0 0 1 0 0 0 1 0 0 0 1 0 0 0 1 0 0 0 1 0 0 0 1 0 0 0 1 0 0 0 1 0 0 0 1 0 0 0 1 0 0 0 1 0 0 0 1 0 0 0 1 0 0 0 1 0 0 0 1 0 0 0 1 0 0 0 1 0 0 0 1 0 0 0 1 0 0 0 1 0 0 0 1 0 0 0 1 0 0 0 1 0 0 0 1 0 0 0 1 0 0 0 1 0 0 0 1 0 0 0 1 0 0 0 1 0 0 0 1 0 0 0 1 0 0 0 1 0 0 0 1 0 0 0 1 0 0 0 1 0 0 0 1 0 0 0 1 0 0 0 1 0 0 0 1 0 0 0 1 0 0 0 1 0 0 0 1 0 0 0 1 0 0 0 1 0 0 0 1 0 0 0 1 0 0 0 1 0 0 0 1 0 0 0 1 0 0 0 1 0 0 0 1 0 0 0 1 0 0 0 1 0 0 0 1 0 0 0 1 0 0 0 1 0 0 0 1 0 0 0 1 0 0 0 1 0 0 0 1 0 0 0 1 0 0 0 1 0 0 0 1 0 0 0 1 0 0 0 1 0 0 0 1 0 0 0 1 0 0 0 1 0 0 0 1 0 0 0 1 0 0 0 1 0 0 0 1 0 0 0 1 0 0 0 1 0 0 0 1 0 0 0 1 0 0 0 1 0 0 0 1 0 0 0 1 0 0 0 1 0 0 0 1 0 0 0 1 0 0 0 1 0 0 0 1 0 0 0 1 0 0 0 1 0 0 0 1 0 0 0 1 0 0 0 1 0 0 0 1 0 0 0 1 0 0 0 1 0 0 0 1 0 0 0 1 0 0 0 1 0 0 0 1 0 0 0 1 0 0 0 1 0 0 0 1 0 0 0 1 0 0 0 1 0 0 0 1 0 0 0 1 0 0 0 1 0 0 0 1 0 0 0 1 0 0 0 1 0 0 0 1 0 0 0 1 0 0 0 1 0 0 0 1 0 0 0 1 0 0 0 1 0 0 0 1 0 0 0 1 0 0 0 1 0 0 0 1 0 0 0 1 0 0 0 1 0 0 0 1 0 0 0 1 0 0 0 1 0 0 0 1 0 0 0 1 0 0 0 1 0 0 0 1 0 0 0 1 0 0 0 1 0 0 0 1 0 0 0 1 0 0 0 1 0 0 0 1 0 0 0 1 0 0 0 1 0 0 0 1 0 0 0 1 0 0 0 1 0 0 0 1 0 0 0 1 0 0 0 1 0 0 0 1 0 0 0 1 0 0 0 1 0 0 0 1 0 0 0 1 0 0 0 1 0 0 0 1 0 0 0 1 0 0 0 1 0 0 0 1 0 0 0 1 0 0 0 1 0 0 0 1 0 0 0 1 0 0 0 1 0 0 0 1 0 0 0 1 0 0 0 1 0 0 0 1 0 0 0 1 0 0 0 1 0 0 0 1 0 0 0 1 0 0 0 1 0 0 0 1 0 0 0 1 0 0 0 1 0 0 0 1 0 0 0 1 0 0 0 1 0 0 0 1 0 0 0 1 0 0 0 1 0 0 0 1 0 0 0 1 0 0 0 1 0 0 0 1 0 0 0 1 0 0 0 1 0 0 0 1 0 0 0 1 0 0 0 1 0 0 0 1 0 0 0 1 0 0 0 1 0 0 0 1 0 0 0 1 0 0 0 1 0 0 0 1 0 0 0 1 0 0 0 1 0 0 0 1 0 0 0 1 0 0 0 1 0 0 0 1 0 0 0 1 0 0 0 1 0 0 0 1 0 0 0 1 0 0 0 1 0 0 0 1 0 0 0 1 0 0 0 1 0 0 0 1 0 0 0 1 0 0 0 1 0 0 0 1 0 0 0 1 0 0 0 1 0 0 0 1 0 0 0 1 0 0 0 1 0 0 0 1 0 0 0 1 0 0 0 1 0 0 0 1 0 0 0 1 0 0 0 1 0 0 0 1 0 0 0 1 0 0 0 1 0 0 0 1 0 0 0 1 0 0 0 1 0 0 0 1 0 0 0 1 0 0 0 1 0 0 0 1 0 0 0 1 0 0 0 1 0 0 0 1 0 0 0 1 0 0 0 1 0 0 0 1 0 0 0 1 0 0 0 1 0 0 0 1 0 0 0 1 0 0 0 1 0 0 0 1 0 0 0 1 0 0 0 1 0 0 0 1 0 0 0 1 0 0 0 1 0 0 0 1 0 0 0 1 0 0 0 1 0 0 0 1 0 0 0 1 0 0 0 1 0 0 0 1 0 0 0 1 0 0 0 1 0 0 0 1 0 0 0 1 0 0 0 1 0 0 0 1 0 0 0 1 0 0 0 1 0 0 0 1 0 0 0 1 0 0 0 1 0 0 0 1 0 0 0 1 0 0 0 1 0 0 0 1 0 0 0 1 0 0 0 1 0 0 0 1 0 0 0 1 0 0 0 1 0 0 0 1 0 0 0 1 0 0 0 1 0 0 0 1 0 0 0 1 0 0 0 1 0 0 0 1 0 0 0 1 0 0 0 1 0 0 0 1 0 0 0 1 0 0 0 1 0 0 0 1 0 0 0 1 0 0 0 1 0 0 0 1 0 0 0 1 0 0 0 1 0 0 0 1 0 0 0 1 0 0 0 1 0 0 0 1 0 0 0 1 0 0 0 1 0 0 0 1 0 0 0 1 0 0 0 1 0 0 0 1 0 0 0 1 0 0 0 1 0 0 0 1 0 0 0 1 0 0 0 1 0 0 0 1 0 0 0 1 0 0 0 1 0 0 0 1 0 0 0 1 0 0 0 1 0 0 0 1 0 0 0 1 0 0 0 1 0 0 0 1 0 0 0 1 0 0 0 1 0 0 0 1 0 0 0 1 0 0 0 1 0 0 0 1 0 0 0 1 0 0 0 1 0 0 0 1 0 0 0 1 0 0 0 1 0 0 0 1 0 0 0 1 0 0 0 1 0 0 0 1 0 0 0 1 0 0 0 1 0 0 0 1 0 0 0 1 0 0 0 1 0 0 0 1 0 0 0 1 0 0 0 1 0 0 0 1 0 0 0 1 0 0 0 1 0 0 0 1 0 0 0 1 0 0 0 1 0 0 0 1 0 0 0 1 0 0 0 1 0 0 0 1 0 0 0 1 0 0 0 1 0 0 0 1 0 0 0 1 0 0 0 1 0 0 0 1 0 0 0 1 0 0 0 1 0 0 0 1 0 0 0 1 0 0 0 1 0 0 0 1 0 0 0 1 0 0 0 1 0 0 0 1 0 0 0 1 0 0 0 1 0 0 0 1 0 0 0 1 0 0 0 1 0 0 0 1 0 0 0 1 0 0 0 1 0 0 0 1 0 0 0 1 0 0 0 1 0 0 0 1 0 0 0 1 0 0 0 1 0 0 0 1 0 0 0 1 0 0 0 1 0 0 0 1 0 0 0 1 0 0 0 1 0 0 0 1 0 0 0 1 0 0 0 1 0 0 0 1 0 0 0 1 0 0 0 1 0 0 0 1 0 0 0 1 0 0 0 1 0 0 0 1 0 0 0 1 0 0 0 1 0 0 0 1 0 0 0 1 0 0 0 1 0 0 0 1 0 0 0 1 0 0 0 1 0 0 0 1 0 0 0 1 0 0 0 1 0 0 0 1 0 0 0 1 0 0 0 1 0 0 0 1 0 0 0 1 0 0 0 1 0 0 0 1 0 0 0 1 0 0 0 1 0 0 0 1 0 0 0 1 0 0 0 1 0 0 0 1 0 0 0 1 0 0 0 1 0 0 0 1 0 0 0 1 0 0 0 1 0 0 0 1 0 0 0 1 0 0 0 1 0 0 0 1 0 0 0 1 0 0 0 1 0 0 0 1 0 0 0 1 0 0 0 1 0 0 0 1 0 0 0 1 0 0 0 1 0 0 0 1 0 0 0 1 0 0 0 1 0 0 0 1 0 0 0 1 0 0 0 1 0 0 0 1 0 0 0 1 0 0 0 1 0 0 0 1 0 0 0 1 0 0 0 1 0 0 0 1 0 0 0 1 0 0 0 1 0 0 0 1 0 0 0 1 0 0 0 1 0 0 0 1 0 0 0 1 0 0 0 1 0 0 0 1 0 0 0 1 0 0 0 1 0 0 0 1 0 0 0 1 0 0 0 1 0 0 0 1 0 0 0 1 0 0 0 1 0 0 0 1 0 0 0 1 0 0 0 1 0 0 0 1 0 0 0 1 0 0 0 1 0 0 0 1 0 0 0 1 0 0 0 1 0 0 0 1 0 0 0 1 0 0 0 1 0 0 0 1 0 0 0 1 0 0 0 1 0 0 0 1 0 0 0 1 0 0 0 1 0 0 0 1 0 0 0 1 0 0 0 1 0 0 0 1 0 0 0 1 0 0 0 1 0 0 0 1 0 0 0 1 0 0 0 1 0 0 0 1 0 0 0 1 0 0 0 1 0 0 0 1 0 0 0 1 0 0 0 1 0 0 0 1 0 0 0 1 0 0 0 1 0 0 0 1 0 0 0 1 0 0 0 1 0 0 0 1 0 0 0 1 0 0 0 1 0 0 0 1 0 0 0 1 0 0 0 1 0 0 0 1 0 0 0 1 0 0 0 1 0 0 0 1 0 0 0 1 0 0 0 1 0 0 0 1 0 0 0 1 0 0 0 1 0 0 0 1 0 0 0 1 0 0 0 1 0 0 0 1 0 0 0 1 0 0 0 1 0 0 0 1 0 0 0 1 0 0 0 1 0 0 0 1 0 0 0 1 0 0 0 1 0 0 0 1 0 0 0 1 0 0 0 1 0 0 0 1 0 0 0 1 0 0 0 1 0 0 0 1 0 0 0 1 0 0 0 1 0 0 0 1 0 0 0 1 0 0 0 1 0 0 0 1 0 0 0 1 0 0 0 1 0 0 0 1 0 0 0 1 0 0 0 1 0 0 0 1 0 0 0 1 0 0 0 1 0 0 0 1 0 0 0 1 0 0 0 1 0 0 0 1 0 0 0 1 0 0 0 1 0 0 0 1 0 0 0 1 0 0 0 1 0 0 0 1 0 0 0 1 0 0 0 1 0 0 0 1 0 0 0 1 0 0 0 1 0 0 0 1 0 0 0 1 0 0 0 1 0 0 0 1 0 0 0 1 0 0 0 1 0 0 0 1 0 0 0 1 0 0 0 1 0 0 0 1 0 0 0 1 0 0 0 1 0 0 0 1 0 0 0 1 0 0 0 1 0 0 0 1 0 0 0 1 0 0 0 1 0 0 0 1 0 0 0 1 0 0 0 1 0 0 0 1 0 0 0 1 0 0 0 1 0 0 0 1 0 0 0 1 0 0 0 1 0 0 0 1 0 0 0 1 0 0 0 1 0 0 0 1 0 0 0 1 0 0 0 1 0 0 0 1 0 0 0 1 0 0 0 1 0 0 0 1 0 0 0 1 0 0 0 1 0 0 0 1 0 0 0 1 0 0 0 1 0 0 0 1 0 0 0 1 0 0 0 1 0 0 0 1 0 0 0 1 0 0 0 1 0 0 0 1 0 0 0 1 0 0 0 1 0 0 0 1 0 0 0 1 0 0 0 1 0 0 0 1 0 0 0 1 0 0 0 1 0 0 0 1 0 0 0 1 0 0 0 1 0 0 0 1 0 0 0 1 0 0 0 1 0 0 0 1 0 0 0 1 0 0 0 1 0 0 0 1 0 0 0 1 0 0 0 1 0 0 0 1 0 0 0 1 0 0 0 1 0 0 0 1 0 0 0 1 0 0 0 1 0 0 0 1 0 0 0 1 0 0 0 1 0 0 0 1 0 0 0 1 0 0 0 1 0 0 0 1 0 0 0 1 0 0 0 1 0 0 0 1 0 0 0 1 0 0 0 1 0 0 0 1</float_array>
                    <technique_common>
                        <accessor count="892" source="#shape0-lib-vcolor-array" stride="4">
                            <param name="R" type="float"/>
                            <param name="G" type="float"/>
                            <param name="B" type="float"/>
                            <param name="A" type="float"/>
                        </accessor>
                    </technique_common>
                </source>
                <source id="shape0-lib-map" name="map">
                    <float_array id="shape0-lib-map-array" count="7224">0.0408429 0.589992 0.0591571 0.589991 0.0591571 0.610009 0.0408429 0.589992 0.0591571 0.610009 0.0408429 0.610008 0.0591571 0.26 0.0408429 0.26 0.0408429 0.24 0.0591571 0.26 0.0408429 0.24 0.0591571 0.24 0.0591571 0.96 0.0408429 0.96 0.0408429 0.94 0.0591571 0.96 0.0408429 0.94 0.0591571 0.94 0.95 0.275 1 0.275 1 0.3 0.95 0.275 1 0.3 0.95 0.3 0.7 0.766827 0.7 0.766827 0.715859 0.771637 0.784141 0.771638 0.8 0.766827 0.8 0.766827 0.583173 0.65 0.578363 0.634141 0.583173 0.65 0.700503 0.649497 0.701115 0.65 0.7 0.65 0.700503 0.649497 0.7 0.65 0.7 0.648885 0.798885 0.65 0.799497 0.649497 0.8 0.65 0.799497 0.649497 0.8 0.648885 0.8 0.65 0.916827 0.65 0.916827 0.65 0.921637 0.634141 0.583173 0.55 0.583173 0.55 0.578363 0.565859 0.7 0.55 0.701115 0.55 0.700824 0.550238 0.700503 0.550503 0.700503 0.550503 0.7 0.551115 0.7 0.55 0.700824 0.550238 0.700503 0.550503 0.7 0.55 0.700503 0.550503 0.7 0.551115 0.700503 0.550503 0.700503 0.550503 0.700824 0.550238 0.799498 0.550503 0.798885 0.55 0.8 0.55 0.799498 0.550503 0.8 0.55 0.8 0.551115 0.921637 0.565859 0.916827 0.55 0.916827 0.55 0.7 0.433173 0.7 0.433173 0.715859 0.428363 0.8 0.433173 0.8 0.433173 0.784141 0.428363 0.1 0.275 0.15 0.275 0.15 0.3 0.1 0.275 0.15 0.3 0.1 0.3 0.15 0.275 0.2 0.275 0.2 0.3 0.15 0.275 0.2 0.3 0.15 0.3 0.2 0.275 0.25 0.275 0.25 0.3 0.2 0.275 0.25 0.3 0.2 0.3 0.25 0.275 0.3 0.275 0.3 0.3 0.25 0.275 0.3 0.3 0.25 0.3 0.4 0.275 0.45 0.275 0.45 0.3 0.4 0.275 0.45 0.3 0.4 0.3 0.475 0.275 0.5 0.275 0.5 0.3 0.475 0.275 0.5 0.3 0.475 0.3 0.525 0.275 0.55 0.275 0.55 0.3 0.525 0.275 0.55 0.3 0.525 0.3 0.55 0.275 0.6 0.275 0.6 0.3 0.55 0.275 0.6 0.3 0.55 0.3 0.625 0.275 0.65 0.275 0.65 0.3 0.625 0.275 0.65 0.3 0.625 0.3 0.675 0.275 0.7 0.275 0.7 0.3 0.675 0.275 0.7 0.3 0.675 0.3 0.8 0.275 0.85 0.275 0.85 0.3 0.8 0.275 0.85 0.3 0.8 0.3 0.85 0.275 0.9 0.275 0.9 0.3 0.85 0.275 0.9 0.3 0.85 0.3 0.9 0.275 0.95 0.275 0.95 0.3 0.9 0.275 0.95 0.3 0.9 0.3 0.25 1 0.3 1 0.3 1 0.25 1 0.3 1 0.25 1 0.1 1 0.15 1 0.15 1 0.1 1 0.15 1 0.1 1 0.49875 1 0.5 1 0.5 1 0.49875 1 0.5 1 0.49875 1 0.49875 1 0.5 1 0.5 1 0.49875 1 0.5 1 0.49875 1 0.49875 1 0.5 1 0.5 1 0.49875 1 0.5 1 0.49875 1 0.49875 1 0.5 1 0.5 1 0.49875 1 0.5 1 0.49875 1 0.49875 1 0.5 1 0.5 1 0.49875 1 0.5 1 0.49875 1 0.49875 1 0.5 1 0.5 1 0.49875 1 0.5 1 0.49875 1 0.15 1 0.2 1 0.2 1 0.15 1 0.2 1 0.15 1 0.2 1 0.25 1 0.25 1 0.2 1 0.25 1 0.2 1 0.5 0.275 0.525 0.275 0.525 0.3 0.5 0.275 0.525 0.3 0.5 0.3 0.65 0.275 0.675 0.275 0.675 0.3 0.65 0.275 0.675 0.3 0.65 0.3 0.6 0.275 0.625 0.275 0.625 0.3 0.6 0.275 0.625 0.3 0.6 0.3 0.6 0.2 0.625 0.2 0.625 0.225 0.6 0.2 0.625 0.225 0.6 0.225 0.65 0.2 0.675 0.2 0.675 0.225 0.65 0.2 0.675 0.225 0.65 0.225 0.5 0.2 0.525 0.2 0.525 0.225 0.5 0.2 0.525 0.225 0.5 0.225 0.9 0.2 0.95 0.2 0.95 0.225 0.9 0.2 0.95 0.225 0.9 0.225 0.85 0.2 0.9 0.2 0.9 0.225 0.85 0.2 0.9 0.225 0.85 0.225 0.8 0.2 0.85 0.2 0.85 0.225 0.8 0.2 0.85 0.225 0.8 0.225 0.675 0.2 0.7 0.2 0.7 0.225 0.675 0.2 0.7 0.225 0.675 0.225 0.625 0.2 0.65 0.2 0.65 0.225 0.625 0.2 0.65 0.225 0.625 0.225 0.55 0.2 0.6 0.2 0.6 0.225 0.55 0.2 0.6 0.225 0.55 0.225 0.525 0.2 0.55 0.2 0.55 0.225 0.525 0.2 0.55 0.225 0.525 0.225 0.475 0.2 0.5 0.2 0.5 0.225 0.475 0.2 0.5 0.225 0.475 0.225 0.4 0.2 0.45 0.2 0.45 0.225 0.4 0.2 0.45 0.225 0.4 0.225 0.25 0.2 0.3 0.2 0.3 0.225 0.25 0.2 0.3 0.225 0.25 0.225 0.2 0.2 0.25 0.2 0.25 0.225 0.2 0.2 0.25 0.225 0.2 0.225 0.15 0.2 0.2 0.2 0.2 0.225 0.15 0.2 0.2 0.225 0.15 0.225 0.1 0.2 0.15 0.2 0.15 0.225 0.1 0.2 0.15 0.225 0.1 0.225 0.95 0.2 1 0.2 1 0.225 0.95 0.2 1 0.225 0.95 0.225 0.45 0.2 0.475 0.2 0.475 0.225 0.45 0.2 0.475 0.225 0.45 0.225 0.45 0.275 0.475 0.275 0.475 0.3 0.45 0.275 0.475 0.3 0.45 0.3 0.7 0.2 0.725 0.2 0.725 0.225 0.7 0.2 0.725 0.225 0.7 0.225 0.7 0.15 0.725 0.15 0.725 0.175 0.7 0.15 0.725 0.175 0.7 0.175 0.7 0.1 0.725 0.1 0.725 0.15 0.7 0.1 0.725 0.15 0.7 0.15 0.7 0.175 0.725 0.175 0.725 0.2 0.7 0.175 0.725 0.2 0.7 0.2 0.7 0.275 0.725 0.275 0.725 0.3 0.7 0.275 0.725 0.3 0.7 0.3 0.7 0.3 0.725 0.3 0.725 0.35 0.7 0.3 0.725 0.35 0.7 0.35 0.7 0.35 0.725 0.35 0.725 0.4 0.7 0.35 0.725 0.4 0.7 0.4 1 0.06 0.95 0.06 0.95 0.04 1 0.06 0.95 0.04 1 0.04 0.2 0.06 0.15 0.06 0.15 0.04 0.2 0.06 0.15 0.04 0.2 0.04 0.3 0.06 0.25 0.06 0.25 0.04 0.3 0.06 0.25 0.04 0.3 0.04 0.475 0.06 0.45 0.06 0.45 0.04 0.475 0.06 0.45 0.04 0.475 0.04 0.6 0.06 0.55 0.06 0.55 0.04 0.6 0.06 0.55 0.04 0.6 0.04 0.675 0.06 0.65 0.06 0.65 0.04 0.675 0.06 0.65 0.04 0.675 0.04 0.725 0.06 0.7 0.06 0.7 0.04 0.725 0.06 0.7 0.04 0.725 0.04 0.9 0.06 0.85 0.06 0.85 0.04 0.9 0.06 0.85 0.04 0.9 0.04 0.7 0.06 0.675 0.06 0.675 0.04 0.7 0.06 0.675 0.04 0.7 0.04 0.5 0.06 0.475 0.06 0.475 0.04 0.5 0.06 0.475 0.04 0.5 0.04 0.95 0 1 0 1 0.04 0.95 0 1 0.04 0.95 0.04 0.95 0.06 1 0.06 1 0.1 0.95 0.06 1 0.1 0.95 0.1 0.9 0 0.95 0 0.95 0.04 0.9 0 0.95 0.04 0.9 0.04 0.9 0.06 0.95 0.06 0.95 0.1 0.9 0.06 0.95 0.1 0.9 0.1 0.85 0 0.9 0 0.9 0.04 0.85 0 0.9 0.04 0.85 0.04 0.85 0.06 0.9 0.06 0.9 0.1 0.85 0.06 0.9 0.1 0.85 0.1 0.8 0 0.85 0 0.85 0.04 0.8 0 0.85 0.04 0.8 0.04 0.8 0.06 0.85 0.06 0.85 0.1 0.8 0.06 0.85 0.1 0.8 0.1 0.7 0.06 0.725 0.06 0.725 0.1 0.7 0.06 0.725 0.1 0.7 0.1 0.7 0 0.725 0 0.725 0.04 0.7 0 0.725 0.04 0.7 0.04 0.675 0 0.7 0 0.7 0.04 0.675 0 0.7 0.04 0.675 0.04 0.675 0.06 0.7 0.06 0.7 0.1 0.675 0.06 0.7 0.1 0.675 0.1 0.65 0.06 0.675 0.06 0.675 0.1 0.65 0.06 0.675 0.1 0.65 0.1 0.65 0 0.675 0 0.675 0.04 0.65 0 0.675 0.04 0.65 0.04 0.625 0 0.65 0 0.65 0.04 0.625 0 0.65 0.04 0.625 0.04 0.625 0.06 0.65 0.06 0.65 0.1 0.625 0.06 0.65 0.1 0.625 0.1 0.55 0 0.6 0 0.6 0.04 0.55 0 0.6 0.04 0.55 0.04 0.55 0.06 0.6 0.06 0.6 0.1 0.55 0.06 0.6 0.1 0.55 0.1 0.6 0.06 0.625 0.06 0.625 0.1 0.6 0.06 0.625 0.1 0.6 0.1 0.6 0 0.625 0 0.625 0.04 0.6 0 0.625 0.04 0.6 0.04 0.525 0 0.55 0 0.55 0.04 0.525 0 0.55 0.04 0.525 0.04 0.525 0.06 0.55 0.06 0.55 0.1 0.525 0.06 0.55 0.1 0.525 0.1 0.5 0.06 0.525 0.06 0.525 0.1 0.5 0.06 0.525 0.1 0.5 0.1 0.5 0 0.525 0 0.525 0.04 0.5 0 0.525 0.04 0.5 0.04 0.475 0 0.5 0 0.5 0.04 0.475 0 0.5 0.04 0.475 0.04 0.475 0.06 0.5 0.06 0.5 0.1 0.475 0.06 0.5 0.1 0.475 0.1 0.4 0 0.45 0 0.45 0.04 0.4 0 0.45 0.04 0.4 0.04 0.4 0.06 0.45 0.06 0.45 0.1 0.4 0.06 0.45 0.1 0.4 0.1 0.45 0.06 0.475 0.06 0.475 0.1 0.45 0.06 0.475 0.1 0.45 0.1 0.45 0 0.475 0 0.475 0.04 0.45 0 0.475 0.04 0.45 0.04 0.25 0 0.3 0 0.3 0.04 0.25 0 0.3 0.04 0.25 0.04 0.25 0.06 0.3 0.06 0.3 0.1 0.25 0.06 0.3 0.1 0.25 0.1 0.2 0 0.25 0 0.25 0.04 0.2 0 0.25 0.04 0.2 0.04 0.2 0.06 0.25 0.06 0.25 0.1 0.2 0.06 0.25 0.1 0.2 0.1 0.15 0 0.2 0 0.2 0.04 0.15 0 0.2 0.04 0.15 0.04 0.15 0.06 0.2 0.06 0.2 0.1 0.15 0.06 0.2 0.1 0.15 0.1 0.1 0 0.15 0 0.15 0.04 0.1 0 0.15 0.04 0.1 0.04 0.1 0.06 0.15 0.06 0.15 0.1 0.1 0.06 0.15 0.1 0.1 0.1 0.4025 1 0.3975 1 0.4 1 0.4525 1 0.4475 1 0.45 1 0.1025 1 0.0975 1 0.1 1 0.2025 1 0.1975 1 0.2 1 0.2525 1 0.2475 1 0.25 1 0.1525 1 0.1475 1 0.15 1 0.3025 1 0.2975 1 0.3 1 0.4 1 0.4 1 0.45 1 0.45 1 0.45 1 0.4475 1 0.4475 1 0.4025 1 0.4 1 0.45 1 0.4475 1 0.4 1 0.45 1 0.45 1 0.475 1 0.475 1 0.475 1 0.4525 1 0.475 1 0.4525 1 0.45 1 0.1 1 0.1 1 0.15 1 0.15 1 0.15 1 0.1475 1 0.1475 1 0.1025 1 0.1 1 0.15 1 0.1475 1 0.1 1 0.2 1 0.2 1 0.25 1 0.25 1 0.25 1 0.2475 1 0.2475 1 0.2025 1 0.2 1 0.25 1 0.2475 1 0.2 1 0.15 1 0.15 1 0.2 1 0.2 1 0.2 1 0.1975 1 0.1975 1 0.1525 1 0.15 1 0.2 1 0.1975 1 0.15 1 0.25 1 0.25 1 0.3 1 0.3 1 0.3 1 0.2975 1 0.2975 1 0.2525 1 0.25 1 0.3 1 0.2975 1 0.25 1 0.475 1 0.49875 1 0.49875 1 0.475 1 0.49875 1 0.475 1 0.475 1 0.49875 1 0.49875 1 0.475 1 0.49875 1 0.475 1 0.475 1 0.49875 1 0.49875 1 0.475 1 0.49875 1 0.475 1 0.475 1 0.49875 1 0.49875 1 0.475 1 0.49875 1 0.475 1 0.475 1 0.49875 1 0.49875 1 0.475 1 0.49875 1 0.475 1 0.475 1 0.49875 1 0.49875 1 0.475 1 0.49875 1 0.475 1 0.0591571 0.8 0.0591571 0.85 0.0408429 0.85 0.0591571 0.8 0.0408429 0.85 0.0408429 0.8 0.0591571 0.7 0.0591571 0.75 0.0408429 0.75 0.0591571 0.7 0.0408429 0.75 0.0408429 0.7 0.0591571 0.5 0.0591571 0.55 0.0408429 0.55 0.0591571 0.5 0.0408429 0.55 0.0408429 0.5 0.0591571 0.4 0.0591571 0.45 0.0408429 0.45 0.0591571 0.4 0.0408429 0.45 0.0408429 0.4 0.0591571 0.3 0.0591571 0.35 0.0408429 0.35 0.0591571 0.3 0.0408429 0.35 0.0408429 0.3 0.0591571 1 0.0591571 1 0.0408429 1 0.0591571 1 0.0408429 1 0.0408429 1 0.0408429 1 0.0408429 1 0.0591571 1 0.0408429 1 0.0591571 1 0.0591571 1 0.0408429 1 0.0408429 1 0.0591571 1 0.0408429 1 0.0591571 1 0.0591571 1 0.0408429 1 0.0408429 1 0.0586994 1 0.0408429 1 0.0586994 1 0.0586994 1 0.0408429 1 0.0408429 1 0.0586994 1 0.0408429 1 0.0586994 1 0.0586994 1 0.0591571 0.15 0.0591571 0.175 0.0408429 0.175 0.0591571 0.15 0.0408429 0.175 0.0408429 0.15 0.0591571 0.04 0.0591571 0.06 0.0408429 0.06 0.0591571 0.04 0.0408429 0.06 0.0408429 0.04 0.0591571 0.06 0.0591571 0.1 0.0408429 0.1 0.0591571 0.06 0.0408429 0.1 0.0408429 0.06 0.0591571 0 0.0591571 0.04 0.0408429 0.04 0.0591571 0 0.0408429 0.04 0.0408429 0 0 0 0.0408429 0 0.0408429 0.04 0 0 0.0408429 0.04 0 0.04 0.0591571 0 0.1 0 0.1 0.04 0.0591571 0 0.1 0.04 0.0591571 0.04 0.0591571 1 0.1 1 0.1 1 0.0591571 1 0.1 1 0.0591571 1 0 1 0.0408429 1 0.0408429 1 0 1 0.0408429 1 0 1 0 0.06 0.0408429 0.06 0.0408429 0.1 0 0.06 0.0408429 0.1 0 0.1 0 0.1 0.0408429 0.1 0.0408429 0.15 0 0.1 0.0408429 0.15 0 0.15 0.0591571 0.1 0.1 0.1 0.1 0.15 0.0591571 0.1 0.1 0.15 0.0591571 0.15 0.0591571 0.06 0.1 0.06 0.1 0.1 0.0591571 0.06 0.1 0.1 0.0591571 0.1 0 0.15 0.0408429 0.15 0.0408429 0.175 0 0.15 0.0408429 0.175 0 0.175 0.0591571 0.15 0.1 0.15 0.1 0.175 0.0591571 0.15 0.1 0.175 0.0591571 0.175 0 0.2 0.0408429 0.2 0.0408429 0.225 0 0.2 0.0408429 0.225 0 0.225 0 0.175 0.0408429 0.175 0.0408429 0.2 0 0.175 0.0408429 0.2 0 0.2 0.0591571 0.2 0.1 0.2 0.1 0.225 0.0591571 0.2 0.1 0.225 0.0591571 0.225 0.0591571 0.175 0.1 0.175 0.1 0.2 0.0591571 0.175 0.1 0.2 0.0591571 0.2 0 0.275 0.0408429 0.275 0.0408429 0.3 0 0.275 0.0408429 0.3 0 0.3 0 0.3 0.0408429 0.3 0.0408429 0.35 0 0.3 0.0408429 0.35 0 0.35 0.0591571 0.3 0.1 0.3 0.1 0.35 0.0591571 0.3 0.1 0.35 0.0591571 0.35 0.0591571 0.275 0.1 0.275 0.1 0.3 0.0591571 0.275 0.1 0.3 0.0591571 0.3 0 0.35 0.0408429 0.35 0.0408429 0.4 0 0.35 0.0408429 0.4 0 0.4 0.0591571 0.35 0.1 0.35 0.1 0.4 0.0591571 0.35 0.1 0.4 0.0591571 0.4 0 0.4 0.0408429 0.4 0.0408429 0.45 0 0.4 0.0408429 0.45 0 0.45 0.0591571 0.4 0.1 0.4 0.1 0.45 0.0591571 0.4 0.1 0.45 0.0591571 0.45 0 0.45 0.0408429 0.45 0.0408429 0.5 0 0.45 0.0408429 0.5 0 0.5 0.0591571 0.45 0.1 0.45 0.1 0.5 0.0591571 0.45 0.1 0.5 0.0591571 0.5 0 0.5 0.0408429 0.5 0.0408429 0.55 0 0.5 0.0408429 0.55 0 0.55 0.0591571 0.5 0.1 0.5 0.1 0.55 0.0591571 0.5 0.1 0.55 0.0591571 0.55 0 0.65 0.0408429 0.65 0.0408429 0.7 0 0.65 0.0408429 0.7 0 0.7 0.0591571 0.65 0.1 0.65 0.1 0.7 0.0591571 0.65 0.1 0.7 0.0591571 0.7 0 0.7 0.0408429 0.7 0.0408429 0.75 0 0.7 0.0408429 0.75 0 0.75 0.0591571 0.7 0.1 0.7 0.1 0.75 0.0591571 0.7 0.1 0.75 0.0591571 0.75 0 0.75 0.0408429 0.75 0.0408429 0.8 0 0.75 0.0408429 0.8 0 0.8 0.0591571 0.75 0.1 0.75 0.1 0.8 0.0591571 0.75 0.1 0.8 0.0591571 0.8 0 0.8 0.0408429 0.8 0.0408429 0.85 0 0.8 0.0408429 0.85 0 0.85 0.0591571 0.8 0.1 0.8 0.1 0.85 0.0591571 0.8 0.1 0.85 0.0591571 0.85 0 0.85 0.0408429 0.85 0.0408429 0.9 0 0.85 0.0408429 0.9 0 0.9 0.0591571 0.85 0.1 0.85 0.1 0.9 0.0591571 0.85 0.1 0.9 0.0591571 0.9 0.0586994 1 0.0975 1 0.0975 1 0.0586994 1 0.0975 1 0.0586994 1 0 1 0.0408429 1 0.0408429 1 0 1 0.0408429 1 0 1 0.0586994 1 0.0975 1 0.0975 1 0.0586994 1 0.0975 1 0.0586994 1 0 1 0.0408429 1 0.0408429 1 0 1 0.0408429 1 0 1 0.0586994 1 0.0591571 1 0.1 1 0.1 1 0.1 1 0.0975 1 0.1 1 0.0975 1 0.0586994 1 0 1 0.0408429 1 0.0408429 1 0 1 0.0408429 1 0 1 0.0591571 1 0.1 1 0.1 1 0.0591571 1 0.1 1 0.0591571 1 0 1 0.0408429 1 0.0408429 1 0 1 0.0408429 1 0 1 0.0591571 1 0.1 1 0.1 1 0.0591571 1 0.1 1 0.0591571 1 0 1 0.0408429 1 0.0408429 1 0 1 0.0408429 1 0 1 0.0591571 1 0.1 1 0.1 1 0.0591571 1 0.1 1 0.0591571 1 0 1 0.0408429 1 0.0408429 1 0 1 0.0408429 1 0 1 0.0591571 1 0.1 1 0.1 1 0.0591571 1 0.1 1 0.0591571 1 0 1 0.0408429 1 0.0408429 1 0 1 0.0408429 1 0 1 0 0.04 0.0408429 0.04 0.0408429 0.06 0 0.04 0.0408429 0.06 0 0.06 0.1 0.06 0.0591571 0.06 0.0591571 0.04 0.1 0.06 0.0591571 0.04 0.1 0.04 0.2 0.610017 0.15 0.610013 0.15 0.589987 0.2 0.610017 0.15 0.589987 0.2 0.589984 0.3 0.610028 0.25 0.610022 0.25 0.589979 0.3 0.610028 0.25 0.589979 0.3 0.589972 0.475 0.610086 0.45 0.610065 0.45 0.589937 0.475 0.610086 0.45 0.589937 0.475 0.589917 0.57601 0.589743 0.575 0.6 0.575 0.6 0.57601 0.589743 0.575 0.6 0.287481 0.305132 0.55 0.610199 0.525 0.61015 0.525 0.589854 0.55 0.610199 0.525 0.589854 0.55 0.589806 0.0408429 0.610008 0 0.610008 0 0.589992 0.0408429 0.610008 0 0.589992 0.0408429 0.589992 0.1 0.610011 0.0591571 0.610009 0.0591571 0.589991 0.1 0.610011 0.0591571 0.589991 0.1 0.58999 0 0.610008 0.0408429 0.610008 0.0408429 0.65 0 0.610008 0.0408429 0.65 0 0.65 0 0.55 0.0408429 0.55 0.0408429 0.589992 0 0.55 0.0408429 0.589992 0 0.589992 0.566587 0.65 0.55 0.65 0.55 0.610199 0.287481 0.305132 0.575 0.6 0.578363 0.634141 0.566587 0.65 0.55 0.610199 0.287481 0.305132 0.578363 0.634141 0.583173 0.65 0.566587 0.65 0.287481 0.305132 0.578363 0.634141 0.566587 0.65 0.578363 0.565859 0.57601 0.589743 0.55 0.589806 0.55 0.589806 0.55 0.55 0.583173 0.55 0.55 0.589806 0.583173 0.55 0.578363 0.565859 0.525 0.55 0.55 0.55 0.55 0.589806 0.525 0.55 0.55 0.589806 0.525 0.589854 0.525 0.61015 0.55 0.610199 0.55 0.65 0.525 0.61015 0.55 0.65 0.525 0.65 0.5 0.610114 0.525 0.61015 0.525 0.65 0.5 0.610114 0.525 0.65 0.5 0.65 0.5 0.55 0.525 0.55 0.525 0.589854 0.5 0.55 0.525 0.589854 0.5 0.58989 0.475 0.55 0.5 0.55 0.5 0.58989 0.475 0.55 0.5 0.58989 0.475 0.589917 0.475 0.610086 0.5 0.610114 0.5 0.65 0.475 0.610086 0.5 0.65 0.475 0.65 0.4 0.55 0.45 0.55 0.45 0.589937 0.4 0.55 0.45 0.589937 0.4 0.589952 0.4 0.610049 0.45 0.610065 0.45 0.65 0.4 0.610049 0.45 0.65 0.4 0.65 0.45 0.610065 0.475 0.610086 0.475 0.65 0.45 0.610065 0.475 0.65 0.45 0.65 0.45 0.55 0.475 0.55 0.475 0.589917 0.45 0.55 0.475 0.589917 0.45 0.589937 0.25 0.55 0.3 0.55 0.3 0.589972 0.25 0.55 0.3 0.589972 0.25 0.589979 0.25 0.610022 0.3 0.610028 0.3 0.65 0.25 0.610022 0.3 0.65 0.25 0.65 0.2 0.55 0.25 0.55 0.25 0.589979 0.2 0.55 0.25 0.589979 0.2 0.589984 0.2 0.610017 0.25 0.610022 0.25 0.65 0.2 0.610017 0.25 0.65 0.2 0.65 0.15 0.55 0.2 0.55 0.2 0.589984 0.15 0.55 0.2 0.589984 0.15 0.589987 0.15 0.610013 0.2 0.610017 0.2 0.65 0.15 0.610013 0.2 0.65 0.15 0.65 0.1 0.55 0.15 0.55 0.15 0.589987 0.1 0.55 0.15 0.589987 0.1 0.58999 0.1 0.610011 0.15 0.610013 0.15 0.65 0.1 0.610011 0.15 0.65 0.1 0.65 0.0591571 0.610009 0.1 0.610011 0.1 0.65 0.0591571 0.610009 0.1 0.65 0.0591571 0.65 0.0591571 0.55 0.1 0.55 0.1 0.58999 0.0591571 0.55 0.1 0.58999 0.0591571 0.589991 0.575 0.6 0.287481 0.305132 0.575 0.6 0.575 0.6 0.57601 0.589743 0.578363 0.565859 0.0591571 0.610009 0.0591571 0.65 0.0408429 0.65 0.0591571 0.610009 0.0408429 0.65 0.0408429 0.610008 0.36 0.8 0.36 0.85 0.34 0.85 0.36 0.8 0.34 0.85 0.34 0.8 0.36 0.7 0.36 0.75 0.34 0.75 0.36 0.7 0.34 0.75 0.34 0.7 0.36 0.45 0.36 0.5 0.34 0.5 0.36 0.45 0.34 0.5 0.34 0.45 0.36 0.35 0.36 0.4 0.34 0.4 0.36 0.35 0.34 0.4 0.34 0.35 0.36 0.275 0.36 0.3 0.34 0.3 0.36 0.275 0.34 0.3 0.34 0.275 0.34 1 0.34 1 0.36 1 0.34 1 0.36 1 0.36 1 0.36 0.15 0.36 0.175 0.34 0.175 0.36 0.15 0.34 0.175 0.34 0.15 0.36 0.2 0.36 0.225 0.34 0.225 0.36 0.2 0.34 0.225 0.34 0.2 0.36 0.04 0.36 0.06 0.34 0.06 0.36 0.04 0.34 0.06 0.34 0.04 0.34 0.04 0.34 0 0.36 0 0.34 0.04 0.36 0 0.36 0.04 0.34 0.1 0.34 0.06 0.36 0.06 0.34 0.1 0.36 0.06 0.36 0.1 0.3475 1 0.34 1 0.36 1 0.3475 1 0.36 1 0.3525 1 0.36 0.589962 0.36 0.610039 0.34 0.610035 0.36 0.589962 0.34 0.610035 0.34 0.589966 0.34 0.589966 0.34 0.55 0.36 0.55 0.34 0.589966 0.36 0.55 0.36 0.589962 0.34 0.65 0.34 0.610035 0.36 0.610039 0.34 0.65 0.36 0.610039 0.36 0.65 0.3 0 0.34 0 0.34 0.04 0.3 0 0.34 0.04 0.3 0.04 0.36 0 0.4 0 0.4 0.04 0.36 0 0.4 0.04 0.36 0.04 0.3 0.06 0.34 0.06 0.34 0.1 0.3 0.06 0.34 0.1 0.3 0.1 0.3 0.1 0.34 0.1 0.34 0.15 0.3 0.1 0.34 0.15 0.3 0.15 0.36 0.1 0.4 0.1 0.4 0.15 0.36 0.1 0.4 0.15 0.36 0.15 0.36 0.06 0.4 0.06 0.4 0.1 0.36 0.06 0.4 0.1 0.36 0.1 0.3 0.15 0.34 0.15 0.34 0.175 0.3 0.15 0.34 0.175 0.3 0.175 0.36 0.15 0.4 0.15 0.4 0.175 0.36 0.15 0.4 0.175 0.36 0.175 0.3 0.2 0.34 0.2 0.34 0.225 0.3 0.2 0.34 0.225 0.3 0.225 0.3 0.175 0.34 0.175 0.34 0.2 0.3 0.175 0.34 0.2 0.3 0.2 0.36 0.2 0.4 0.2 0.4 0.225 0.36 0.2 0.4 0.225 0.36 0.225 0.36 0.175 0.4 0.175 0.4 0.2 0.36 0.175 0.4 0.2 0.36 0.2 0.3 0.275 0.34 0.275 0.34 0.3 0.3 0.275 0.34 0.3 0.3 0.3 0.3 0.3 0.34 0.3 0.34 0.35 0.3 0.3 0.34 0.35 0.3 0.35 0.36 0.3 0.4 0.3 0.4 0.35 0.36 0.3 0.4 0.35 0.36 0.35 0.36 0.275 0.4 0.275 0.4 0.3 0.36 0.275 0.4 0.3 0.36 0.3 0.3 0.35 0.34 0.35 0.34 0.4 0.3 0.35 0.34 0.4 0.3 0.4 0.36 0.35 0.4 0.35 0.4 0.4 0.36 0.35 0.4 0.4 0.36 0.4 0.3 0.4 0.34 0.4 0.34 0.45 0.3 0.4 0.34 0.45 0.3 0.45 0.36 0.4 0.4 0.4 0.4 0.45 0.36 0.4 0.4 0.45 0.36 0.45 0.3 0.45 0.34 0.45 0.34 0.5 0.3 0.45 0.34 0.5 0.3 0.5 0.36 0.45 0.4 0.45 0.4 0.5 0.36 0.45 0.4 0.5 0.36 0.5 0.3 0.5 0.34 0.5 0.34 0.55 0.3 0.5 0.34 0.55 0.3 0.55 0.36 0.5 0.4 0.5 0.4 0.55 0.36 0.5 0.4 0.55 0.36 0.55 0.3 0.55 0.34 0.55 0.34 0.589966 0.3 0.55 0.34 0.589966 0.3 0.589972 0.36 0.55 0.4 0.55 0.4 0.589952 0.36 0.55 0.4 0.589952 0.36 0.589962 0.3 0.610028 0.34 0.610035 0.34 0.65 0.3 0.610028 0.34 0.65 0.3 0.65 0.3 0.65 0.34 0.65 0.34 0.7 0.3 0.65 0.34 0.7 0.3 0.7 0.36 0.65 0.4 0.65 0.4 0.7 0.36 0.65 0.4 0.7 0.36 0.7 0.36 0.610039 0.4 0.610049 0.4 0.65 0.36 0.610039 0.4 0.65 0.36 0.65 0.3 0.7 0.34 0.7 0.34 0.75 0.3 0.7 0.34 0.75 0.3 0.75 0.36 0.7 0.4 0.7 0.4 0.75 0.36 0.7 0.4 0.75 0.36 0.75 0.3 0.75 0.34 0.75 0.34 0.8 0.3 0.75 0.34 0.8 0.3 0.8 0.36 0.75 0.4 0.75 0.4 0.8 0.36 0.75 0.4 0.8 0.36 0.8 0.3 0.8 0.34 0.8 0.34 0.85 0.3 0.8 0.34 0.85 0.3 0.85 0.36 0.8 0.4 0.8 0.4 0.85 0.36 0.8 0.4 0.85 0.36 0.85 0.3 0.85 0.34 0.85 0.34 0.9 0.3 0.85 0.34 0.9 0.3 0.9 0.36 0.85 0.4 0.85 0.4 0.9 0.36 0.85 0.4 0.9 0.36 0.9 0.36 1 0.4 1 0.4 1 0.36 1 0.4 1 0.36 1 0.3 1 0.34 1 0.34 1 0.3 1 0.34 1 0.3 1 0.36 1 0.4 1 0.4 1 0.36 1 0.4 1 0.3975 1 0.3525 1 0.3525 1 0.36 1 0.36 1 0.3975 1 0.3525 1 0.3 1 0.3 1 0.34 1 0.3025 1 0.3 1 0.34 1 0.34 1 0.3475 1 0.3475 1 0.34 1 0.3475 1 0.3025 1 0.4 0.06 0.36 0.06 0.36 0.04 0.4 0.06 0.36 0.04 0.4 0.04 0.3525 1 0.3475 1 0.3475 1 0.3525 1 0.3475 1 0.3525 1 0.4 0.610049 0.36 0.610039 0.36 0.589962 0.4 0.610049 0.36 0.589962 0.4 0.589952 0.34 0.610035 0.3 0.610028 0.3 0.589972 0.34 0.610035 0.3 0.589972 0.34 0.589966 0.76 0.35 0.76 0.4 0.74 0.4 0.76 0.35 0.74 0.4 0.74 0.35 0.76 0.275 0.76 0.3 0.74 0.3 0.76 0.275 0.74 0.3 0.74 0.275 0.76 0.15 0.76 0.175 0.74 0.175 0.76 0.15 0.74 0.175 0.74 0.15 0.76 0.2 0.76 0.225 0.74 0.225 0.76 0.2 0.74 0.225 0.74 0.2 0.74 0.06 0.74 0.04 0.76 0.04 0.74 0.06 0.76 0.04 0.76 0.06 0.74 0.04 0.74 0 0.76 0 0.74 0.04 0.76 0 0.76 0.04 0.74 0.1 0.74 0.06 0.76 0.06 0.74 0.1 0.76 0.06 0.76 0.1 0.725 0 0.74 0 0.74 0.04 0.725 0 0.74 0.04 0.725 0.04 0.76 0 0.8 0 0.8 0.04 0.76 0 0.8 0.04 0.76 0.04 0.76 0.1 0.8 0.1 0.8 0.15 0.76 0.1 0.8 0.15 0.76 0.15 0.725 0.06 0.74 0.06 0.74 0.1 0.725 0.06 0.74 0.1 0.725 0.1 0.76 0.06 0.8 0.06 0.8 0.1 0.76 0.06 0.8 0.1 0.76 0.1 0.725 0.1 0.74 0.1 0.74 0.15 0.725 0.1 0.74 0.15 0.725 0.15 0.76 0.15 0.8 0.15 0.8 0.175 0.76 0.15 0.8 0.175 0.76 0.175 0.725 0.15 0.74 0.15 0.74 0.175 0.725 0.15 0.74 0.175 0.725 0.175 0.76 0.2 0.8 0.2 0.8 0.225 0.76 0.2 0.8 0.225 0.76 0.225 0.76 0.175 0.8 0.175 0.8 0.2 0.76 0.175 0.8 0.2 0.76 0.2 0.725 0.2 0.74 0.2 0.74 0.225 0.725 0.2 0.74 0.225 0.725 0.225 0.725 0.175 0.74 0.175 0.74 0.2 0.725 0.175 0.74 0.2 0.725 0.2 0.76 0.3 0.8 0.3 0.8 0.35 0.76 0.3 0.8 0.35 0.76 0.35 0.76 0.275 0.8 0.275 0.8 0.3 0.76 0.275 0.8 0.3 0.76 0.3 0.725 0.275 0.74 0.275 0.74 0.3 0.725 0.275 0.74 0.3 0.725 0.3 0.725 0.3 0.74 0.3 0.74 0.35 0.725 0.3 0.74 0.35 0.725 0.35 0.76 0.35 0.8 0.35 0.8 0.4 0.76 0.35 0.8 0.4 0.76 0.4 0.725 0.35 0.74 0.35 0.74 0.4 0.725 0.35 0.74 0.4 0.725 0.4 0.784141 0.428363 0.76 0.425985 0.76 0.4 0.76 0.4 0.8 0.4 0.8 0.433173 0.76 0.4 0.8 0.433173 0.784141 0.428363 0.715859 0.428363 0.7 0.433173 0.7 0.4 0.725 0.4 0.74 0.4 0.74 0.425985 0.715859 0.428363 0.7 0.4 0.725 0.4 0.725 0.4 0.74 0.425985 0.715859 0.428363 0.8 0.06 0.76 0.06 0.76 0.04 0.8 0.06 0.76 0.04 0.8 0.04 0.74 0.06 0.725 0.06 0.725 0.04 0.74 0.06 0.725 0.04 0.74 0.04 1 0.75 1 0.7 1 0.7 1 0.75 1 0.7 1 0.75 1 0.35 1 0.4 1 0.4 1 0.35 1 0.4 1 0.35 1 0.8 1 0.85 1 0.85 1 0.8 1 0.85 1 0.8 1 0.45 1 0.5 1 0.5 1 0.45 1 0.5 1 0.45 1 0.15 1 0.175 1 0.175 1 0.15 1 0.175 1 0.15 1 0.2 1 0.225 1 0.225 1 0.2 1 0.225 1 0.2 1 0.3 1 0.275 1 0.275 1 0.3 1 0.275 1 0.3 1 0 1 0.04 1 0.04 1 0 1 0.04 1 0 1 0.06 1 0.1 1 0.1 1 0.06 1 0.1 1 0.06 1 0.4 1 0.35 1 0.35 1 0.4 1 0.35 1 0.4 1 0.35 1 0.3 1 0.3 1 0.35 1 0.3 1 0.35 1 0.4 1 0.35 1 0.35 1 0.4 1 0.35 1 0.4 1 0.35 1 0.3 1 0.3 1 0.35 1 0.3 1 0.35 1 0.3 1 0.275 1 0.275 1 0.3 1 0.275 1 0.3 1 0.3 1 0.275 1 0.275 1 0.3 1 0.275 1 0.3 1 0.8 1 0.75 1 0.75 1 0.8 1 0.75 1 0.8 1 0.75 1 0.7 1 0.7 1 0.75 1 0.7 1 0.75 1 0.8 1 0.75 1 0.75 1 0.8 1 0.75 1 0.8 1 0.75 1 0.7 1 0.7 1 0.75 1 0.7 1 0.75 1 0.7 1 0.65 1 0.65 1 0.7 1 0.65 1 0.7 1 0.7 1 0.65 1 0.65 1 0.7 1 0.65 1 0.7 1 0.45 1 0.4 1 0.4 1 0.45 1 0.4 1 0.45 1 0.45 1 0.4 1 0.4 1 0.45 1 0.4 1 0.45 1 0.04 1 0 1 0 1 0.04 1 0 1 0.04 1 0.04 1 0 1 0 1 0.04 1 0 1 0.04 1 0.85 1 0.8 1 0.8 1 0.85 1 0.8 1 0.85 1 0.85 1 0.8 1 0.8 1 0.85 1 0.8 1 0.85 1 0.5 1 0.45 1 0.45 1 0.5 1 0.45 1 0.5 1 0.5 1 0.45 1 0.45 1 0.5 1 0.45 1 0.5 1 0.1 1 0.06 1 0.06 1 0.1 1 0.06 1 0.1 1 0.15 1 0.1 1 0.1 1 0.15 1 0.1 1 0.15 1 0.15 1 0.1 1 0.1 1 0.15 1 0.1 1 0.15 1 0.1 1 0.06 1 0.06 1 0.1 1 0.06 1 0.1 1 0.9 1 0.85 1 0.85 1 0.9 1 0.85 1 0.9 1 0.9 1 0.85 1 0.85 1 0.9 1 0.85 1 0.9 1 0.55 1 0.5 1 0.5 1 0.55 1 0.5 1 0.55 1 0.55 1 0.5 1 0.5 1 0.55 1 0.5 1 0.55 1 0.175 1 0.15 1 0.15 1 0.175 1 0.15 1 0.175 1 0.175 1 0.15 1 0.15 1 0.175 1 0.15 1 0.175 1 0.2 1 0.175 1 0.175 1 0.2 1 0.175 1 0.2 1 0.2 1 0.175 1 0.175 1 0.2 1 0.175 1 0.2 1 0.225 1 0.2 1 0.2 1 0.225 1 0.2 1 0.225 1 0.225 1 0.2 1 0.2 1 0.225 1 0.2 1 0.225 1 0.06 1 0.06 1 0.04 1 0.06 1 0.04 1 0.04 0.95 0.610223 0.923987 0.610283 0.4625 0.294854 0.95 0.610223 0.4625 0.294854 0.95 0.589771 0.923987 0.610283 0.925 0.6 0.925 0.6 0.923987 0.610283 0.925 0.6 0.4625 0.294854 1 0.610136 1 0.610152 1 0.589844 1 0.610136 1 0.589844 1 0.58986 1 0.610131 1 0.610136 1 0.58986 1 0.610131 1 0.58986 1 0.589866 1 0.610152 1 0.61018 1 0.589815 1 0.610152 1 0.589815 1 0.589844 1 0.589815 1 0.55 1 0.55 1 0.589815 1 0.55 1 0.589844 0.95 0.55 1 0.55 1 0.589815 0.95 0.55 1 0.589815 0.95 0.589771 0.95 0.610223 1 0.61018 1 0.65 0.95 0.610223 1 0.65 0.95 0.65 1 0.65 1 0.61018 1 0.610152 1 0.65 1 0.610152 1 0.65 0.916827 0.55 0.95 0.55 0.95 0.589771 0.4625 0.294854 0.925 0.6 0.921637 0.565859 0.921637 0.565859 0.916827 0.55 0.95 0.589771 0.95 0.589771 0.4625 0.294854 0.921637 0.565859 0.921637 0.634141 0.923987 0.610283 0.95 0.610223 0.95 0.610223 0.95 0.65 0.916827 0.65 0.921637 0.634141 0.95 0.610223 0.916827 0.65 1 0.58986 1 0.55 1 0.55 1 0.58986 1 0.55 1 0.589866 1 0.65 1 0.610136 1 0.610131 1 0.65 1 0.610131 1 0.65 0.925 0.6 0.923987 0.610283 0.921637 0.634141 0.925 0.6 0.4625 0.294854 0.925 0.6 1 0.55 1 0.58986 1 0.589844 1 0.55 1 0.589844 1 0.55 1 0.610136 1 0.65 1 0.65 1 0.610136 1 0.65 1 0.610152 0.15 0.26 0.1 0.26 0.1 0.24 0.15 0.26 0.1 0.24 0.15 0.24 0.25 0.26 0.2 0.26 0.2 0.24 0.25 0.26 0.2 0.24 0.25 0.24 0.475 0.26 0.45 0.26 0.45 0.24 0.475 0.26 0.45 0.24 0.475 0.24 0.6 0.26 0.55 0.26 0.55 0.24 0.6 0.26 0.55 0.24 0.6 0.24 0.675 0.26 0.65 0.26 0.65 0.24 0.675 0.26 0.65 0.24 0.675 0.24 0.725 0.26 0.7 0.26 0.7 0.24 0.725 0.26 0.7 0.24 0.725 0.24 0.85 0.26 0.8 0.26 0.8 0.24 0.85 0.26 0.8 0.24 0.85 0.24 0.95 0.26 0.9 0.26 0.9 0.24 0.95 0.26 0.9 0.24 0.95 0.24 0.7 0.26 0.675 0.26 0.675 0.24 0.7 0.26 0.675 0.24 0.7 0.24 0.5 0.26 0.475 0.26 0.475 0.24 0.5 0.26 0.475 0.24 0.5 0.24 0 0.24 0.0408429 0.24 0.0408429 0.26 0 0.24 0.0408429 0.26 0 0.26 0.0591571 0.24 0.1 0.24 0.1 0.26 0.0591571 0.24 0.1 0.26 0.0591571 0.26 0.36 0.26 0.34 0.26 0.34 0.24 0.36 0.26 0.34 0.24 0.36 0.24 0.3 0.24 0.34 0.24 0.34 0.26 0.3 0.24 0.34 0.26 0.3 0.26 0.36 0.24 0.4 0.24 0.4 0.26 0.36 0.24 0.4 0.26 0.36 0.26 0.76 0.26 0.74 0.26 0.74 0.24 0.76 0.26 0.74 0.24 0.76 0.24 0.76 0.24 0.8 0.24 0.8 0.26 0.76 0.24 0.8 0.26 0.76 0.26 0.74 0.26 0.725 0.26 0.725 0.24 0.74 0.26 0.725 0.24 0.74 0.24 1 0.26 1 0.26 1 0.24 1 0.26 1 0.24 1 0.24 1 0.26 1 0.26 1 0.24 1 0.26 1 0.24 1 0.24 1 0.24 1 0.24 1 0.26 1 0.24 1 0.26 1 0.26 0 0.26 0.0408429 0.26 0.0408429 0.275 0 0.26 0.0408429 0.275 0 0.275 0 0.225 0.0408429 0.225 0.0408429 0.24 0 0.225 0.0408429 0.24 0 0.24 1 0.24 1 0.225 1 0.225 1 0.24 1 0.225 1 0.24 0.95 0.225 1 0.225 1 0.24 0.95 0.225 1 0.24 0.95 0.24 0.95 0.26 1 0.26 1 0.275 0.95 0.26 1 0.275 0.95 0.275 1 0.275 1 0.26 1 0.26 1 0.275 1 0.26 1 0.275 0.9 0.225 0.95 0.225 0.95 0.24 0.9 0.225 0.95 0.24 0.9 0.24 0.9 0.26 0.95 0.26 0.95 0.275 0.9 0.26 0.95 0.275 0.9 0.275 0.85 0.26 0.9 0.26 0.9 0.275 0.85 0.26 0.9 0.275 0.85 0.275 0.85 0.225 0.9 0.225 0.9 0.24 0.85 0.225 0.9 0.24 0.85 0.24 0.8 0.26 0.85 0.26 0.85 0.275 0.8 0.26 0.85 0.275 0.8 0.275 0.8 0.225 0.85 0.225 0.85 0.24 0.8 0.225 0.85 0.24 0.8 0.24 0.76 0.26 0.8 0.26 0.8 0.275 0.76 0.26 0.8 0.275 0.76 0.275 0.76 0.225 0.8 0.225 0.8 0.24 0.76 0.225 0.8 0.24 0.76 0.24 0.7 0.26 0.725 0.26 0.725 0.275 0.7 0.26 0.725 0.275 0.7 0.275 0.7 0.225 0.725 0.225 0.725 0.24 0.7 0.225 0.725 0.24 0.7 0.24 0.675 0.225 0.7 0.225 0.7 0.24 0.675 0.225 0.7 0.24 0.675 0.24 0.675 0.26 0.7 0.26 0.7 0.275 0.675 0.26 0.7 0.275 0.675 0.275 0.65 0.26 0.675 0.26 0.675 0.275 0.65 0.26 0.675 0.275 0.65 0.275 0.65 0.225 0.675 0.225 0.675 0.24 0.65 0.225 0.675 0.24 0.65 0.24 0.625 0.225 0.65 0.225 0.65 0.24 0.625 0.225 0.65 0.24 0.625 0.24 0.625 0.26 0.65 0.26 0.65 0.275 0.625 0.26 0.65 0.275 0.625 0.275 0.55 0.26 0.6 0.26 0.6 0.275 0.55 0.26 0.6 0.275 0.55 0.275 0.55 0.225 0.6 0.225 0.6 0.24 0.55 0.225 0.6 0.24 0.55 0.24 0.6 0.26 0.625 0.26 0.625 0.275 0.6 0.26 0.625 0.275 0.6 0.275 0.6 0.225 0.625 0.225 0.625 0.24 0.6 0.225 0.625 0.24 0.6 0.24 0.525 0.225 0.55 0.225 0.55 0.24 0.525 0.225 0.55 0.24 0.525 0.24 0.525 0.26 0.55 0.26 0.55 0.275 0.525 0.26 0.55 0.275 0.525 0.275 0.5 0.26 0.525 0.26 0.525 0.275 0.5 0.26 0.525 0.275 0.5 0.275 0.5 0.225 0.525 0.225 0.525 0.24 0.5 0.225 0.525 0.24 0.5 0.24 0.475 0.225 0.5 0.225 0.5 0.24 0.475 0.225 0.5 0.24 0.475 0.24 0.475 0.26 0.5 0.26 0.5 0.275 0.475 0.26 0.5 0.275 0.475 0.275 0.4 0.26 0.45 0.26 0.45 0.275 0.4 0.26 0.45 0.275 0.4 0.275 0.4 0.225 0.45 0.225 0.45 0.24 0.4 0.225 0.45 0.24 0.4 0.24 0.45 0.26 0.475 0.26 0.475 0.275 0.45 0.26 0.475 0.275 0.45 0.275 0.45 0.225 0.475 0.225 0.475 0.24 0.45 0.225 0.475 0.24 0.45 0.24 0.36 0.26 0.4 0.26 0.4 0.275 0.36 0.26 0.4 0.275 0.36 0.275 0.36 0.225 0.4 0.225 0.4 0.24 0.36 0.225 0.4 0.24 0.36 0.24 0.25 0.26 0.3 0.26 0.3 0.275 0.25 0.26 0.3 0.275 0.25 0.275 0.3 0.26 0.34 0.26 0.34 0.275 0.3 0.26 0.34 0.275 0.3 0.275 0.25 0.225 0.3 0.225 0.3 0.24 0.25 0.225 0.3 0.24 0.25 0.24 0.3 0.225 0.34 0.225 0.34 0.24 0.3 0.225 0.34 0.24 0.3 0.24 0.2 0.26 0.25 0.26 0.25 0.275 0.2 0.26 0.25 0.275 0.2 0.275 0.2 0.225 0.25 0.225 0.25 0.24 0.2 0.225 0.25 0.24 0.2 0.24 0.15 0.26 0.2 0.26 0.2 0.275 0.15 0.26 0.2 0.275 0.15 0.275 0.15 0.225 0.2 0.225 0.2 0.24 0.15 0.225 0.2 0.24 0.15 0.24 0.1 0.26 0.15 0.26 0.15 0.275 0.1 0.26 0.15 0.275 0.1 0.275 0.1 0.225 0.15 0.225 0.15 0.24 0.1 0.225 0.15 0.24 0.1 0.24 0.0591571 0.26 0.1 0.26 0.1 0.275 0.0591571 0.26 0.1 0.275 0.0591571 0.275 0.0591571 0.225 0.1 0.225 0.1 0.24 0.0591571 0.225 0.1 0.24 0.0591571 0.24 1 0.24 1 0.225 1 0.225 1 0.24 1 0.225 1 0.24 1 0.275 1 0.26 1 0.26 1 0.275 1 0.26 1 0.275 0.725 0.26 0.74 0.26 0.74 0.275 0.725 0.26 0.74 0.275 0.725 0.275 0.725 0.225 0.74 0.225 0.74 0.24 0.725 0.225 0.74 0.24 0.725 0.24 0.0591571 0.225 0.0591571 0.24 0.0408429 0.24 0.0591571 0.225 0.0408429 0.24 0.0408429 0.225 0.36 0.225 0.36 0.24 0.34 0.24 0.36 0.225 0.34 0.24 0.34 0.225 0.36 0.26 0.36 0.275 0.34 0.275 0.36 0.26 0.34 0.275 0.34 0.26 0.76 0.225 0.76 0.24 0.74 0.24 0.76 0.225 0.74 0.24 0.74 0.225 0.76 0.26 0.76 0.275 0.74 0.275 0.76 0.26 0.74 0.275 0.74 0.26 1 0.225 1 0.24 1 0.24 1 0.225 1 0.24 1 0.225 1 0.275 1 0.26 1 0.26 1 0.275 1 0.26 1 0.275 0.15 0.96 0.1 0.96 0.1 0.94 0.15 0.96 0.1 0.94 0.15 0.94 0.25 0.96 0.2 0.96 0.2 0.94 0.25 0.96 0.2 0.94 0.25 0.94 0.475 0.96 0.45 0.96 0.45 0.94 0.475 0.96 0.45 0.94 0.475 0.94 0.6 0.96 0.55 0.96 0.55 0.94 0.6 0.96 0.55 0.94 0.6 0.94 0.7 0.96 0.65 0.96 0.65 0.94 0.7 0.96 0.65 0.94 0.7 0.94 0.85 0.96 0.8 0.96 0.8 0.94 0.85 0.96 0.8 0.94 0.85 0.94 0.95 0.96 0.9 0.96 0.9 0.94 0.95 0.96 0.9 0.94 0.95 0.94 0.49875 0.96 0.475 0.96 0.475 0.94 0.49875 0.96 0.475 0.94 0.49875 0.94 0.0591571 0.94 0.1 0.94 0.1 0.96 0.0591571 0.94 0.1 0.96 0.0591571 0.96 0 0.94 0.0408429 0.94 0.0408429 0.96 0 0.94 0.0408429 0.96 0 0.96 0.36 0.96 0.34 0.96 0.34 0.94 0.36 0.96 0.34 0.94 0.36 0.94 0.36 0.94 0.4 0.94 0.4 0.96 0.36 0.94 0.4 0.96 0.36 0.96 0.3 0.94 0.34 0.94 0.34 0.96 0.3 0.94 0.34 0.96 0.3 0.96 1 0.94 1 0.94 1 0.96 1 0.94 1 0.96 1 0.96 1 0.94 1 0.94 1 0.96 1 0.94 1 0.96 1 0.96 1 0.94 1 0.94 1 0.96 1 0.94 1 0.96 1 0.96 0 0.9 0.0408429 0.9 0.0408429 0.94 0 0.9 0.0408429 0.94 0 0.94 0 0.96 0.0408429 0.96 0.0408429 1 0 0.96 0.0408429 1 0 1 0.95 0.9 1 0.9 1 0.94 0.95 0.9 1 0.94 0.95 0.94 0.95 0.96 1 0.96 1 1 0.95 0.96 1 1 0.95 1 1 0.94 1 0.9 1 0.9 1 0.94 1 0.9 1 0.94 1 1 1 0.96 1 0.96 1 1 1 0.96 1 1 0.9 0.96 0.95 0.96 0.95 1 0.9 0.96 0.95 1 0.9 1 0.9 0.9 0.95 0.9 0.95 0.94 0.9 0.9 0.95 0.94 0.9 0.94 0.85 0.9 0.9 0.9 0.9 0.94 0.85 0.9 0.9 0.94 0.85 0.94 0.85 0.96 0.9 0.96 0.9 1 0.85 0.96 0.9 1 0.85 1 0.8 0.9 0.85 0.9 0.85 0.94 0.8 0.9 0.85 0.94 0.8 0.94 0.8 0.96 0.85 0.96 0.85 1 0.8 0.96 0.85 1 0.8 1 0.65 0.9 0.7 0.9 0.7 0.94 0.65 0.9 0.7 0.94 0.65 0.94 0.65 0.96 0.7 0.96 0.7 1 0.65 0.96 0.7 1 0.65 1 0.6 0.9 0.65 0.9 0.65 0.94 0.6 0.9 0.65 0.94 0.6 0.94 0.6 0.96 0.65 0.96 0.65 1 0.6 0.96 0.65 1 0.6 1 0.55 0.9 0.6 0.9 0.6 0.94 0.55 0.9 0.6 0.94 0.55 0.94 0.55 0.96 0.6 0.96 0.6 1 0.55 0.96 0.6 1 0.55 1 0.525 0.96 0.55 0.96 0.55 1 0.525 0.96 0.55 1 0.525 1 0.525 0.9 0.55 0.9 0.55 0.94 0.525 0.9 0.55 0.94 0.525 0.94 0.5 0.9 0.525 0.9 0.525 0.94 0.5 0.9 0.525 0.94 0.5 0.94 0.5 0.96 0.525 0.96 0.525 1 0.5 0.96 0.525 1 0.5 1 0.49875 0.96 0.5 0.96 0.5 1 0.49875 0.96 0.5 1 0.49875 1 0.49875 0.9 0.5 0.9 0.5 0.94 0.49875 0.9 0.5 0.94 0.49875 0.94 0.45 0.9 0.475 0.9 0.475 0.94 0.45 0.9 0.475 0.94 0.45 0.94 0.4 0.9 0.45 0.9 0.45 0.94 0.4 0.9 0.45 0.94 0.4 0.94 0.36 0.9 0.4 0.9 0.4 0.94 0.36 0.9 0.4 0.94 0.36 0.94 0.36 0.96 0.4 0.96 0.4 1 0.36 0.96 0.4 1 0.36 1 0.3 0.9 0.34 0.9 0.34 0.94 0.3 0.9 0.34 0.94 0.3 0.94 0.25 0.9 0.3 0.9 0.3 0.94 0.25 0.9 0.3 0.94 0.25 0.94 0.25 0.96 0.3 0.96 0.3 1 0.25 0.96 0.3 1 0.25 1 0.3 0.96 0.34 0.96 0.34 1 0.3 0.96 0.34 1 0.3 1 0.2 0.9 0.25 0.9 0.25 0.94 0.2 0.9 0.25 0.94 0.2 0.94 0.2 0.96 0.25 0.96 0.25 1 0.2 0.96 0.25 1 0.2 1 0.15 0.9 0.2 0.9 0.2 0.94 0.15 0.9 0.2 0.94 0.15 0.94 0.15 0.96 0.2 0.96 0.2 1 0.15 0.96 0.2 1 0.15 1 0.1 0.9 0.15 0.9 0.15 0.94 0.1 0.9 0.15 0.94 0.1 0.94 0.1 0.96 0.15 0.96 0.15 1 0.1 0.96 0.15 1 0.1 1 0.0591571 0.9 0.1 0.9 0.1 0.94 0.0591571 0.9 0.1 0.94 0.0591571 0.94 0.0591571 0.96 0.1 0.96 0.1 1 0.0591571 0.96 0.1 1 0.0591571 1 1 1 1 0.96 1 0.96 1 1 1 0.96 1 1 1 0.94 1 0.9 1 0.9 1 0.94 1 0.9 1 0.94 0.475 0.96 0.49875 0.96 0.49875 1 0.475 0.96 0.49875 1 0.475 1 0.475 0.9 0.49875 0.9 0.49875 0.94 0.475 0.9 0.49875 0.94 0.475 0.94 0.0591571 0.9 0.0591571 0.94 0.0408429 0.94 0.0591571 0.9 0.0408429 0.94 0.0408429 0.9 0.36 0.9 0.36 0.94 0.34 0.94 0.36 0.9 0.34 0.94 0.34 0.9 0.34 1 0.34 0.96 0.36 0.96 0.34 1 0.36 0.96 0.36 1 1 1 1 0.96 1 0.96 1 1 1 0.96 1 1 1 0.94 1 0.9 1 0.9 1 0.94 1 0.9 1 0.94 0.76 0.8 0.76 0.85 0.74 0.85 0.76 0.8 0.74 0.85 0.74 0.8 0.76 0.94 0.76 0.96 0.74 0.96 0.76 0.94 0.74 0.96 0.74 0.94 0.74 0.94 0.74 0.9 0.76 0.9 0.74 0.94 0.76 0.9 0.76 0.94 0.74 1 0.74 0.96 0.76 0.96 0.74 1 0.76 0.96 0.76 1 0.7 0.96 0.74 0.96 0.74 1 0.7 0.96 0.74 1 0.7 1 0.76 0.96 0.8 0.96 0.8 1 0.76 0.96 0.8 1 0.76 1 0.715859 0.771637 0.74 0.774015 0.74 0.8 0.74 0.8 0.7 0.8 0.7 0.766827 0.74 0.8 0.7 0.766827 0.715859 0.771637 0.7 0.8 0.74 0.8 0.74 0.85 0.7 0.8 0.74 0.85 0.7 0.85 0.76 0.8 0.8 0.8 0.8 0.85 0.76 0.8 0.8 0.85 0.76 0.85 0.784141 0.771638 0.8 0.766827 0.8 0.8 0.8 0.8 0.76 0.8 0.76 0.774015 0.8 0.8 0.76 0.774015 0.784141 0.771638 0.7 0.85 0.74 0.85 0.74 0.9 0.7 0.85 0.74 0.9 0.7 0.9 0.76 0.85 0.8 0.85 0.8 0.9 0.76 0.85 0.8 0.9 0.76 0.9 0.7 0.9 0.74 0.9 0.74 0.94 0.7 0.9 0.74 0.94 0.7 0.94 0.76 0.9 0.8 0.9 0.8 0.94 0.76 0.9 0.8 0.94 0.76 0.94 0.715859 0.771637 0.7 0.766827 0.68303 0.761679 0.661181 0.75 0.652775 0.745507 0.65 0.74323 0.715859 0.771637 0.68303 0.761679 0.661181 0.75 0.76 0.774015 0.74 0.774015 0.715859 0.771637 0.8 0.766827 0.784141 0.771638 0.76 0.774015 0.838819 0.75 0.81697 0.761679 0.8 0.766827 0.85 0.74323 0.847225 0.745507 0.838819 0.75 0.89323 0.7 0.873744 0.723744 0.85 0.74323 0.9 0.688819 0.895507 0.697225 0.89323 0.7 0.916827 0.65 0.911679 0.66697 0.9 0.688819 0.9 0.511181 0.911679 0.53303 0.916827 0.55 0.89323 0.5 0.895507 0.502775 0.9 0.511181 0.85 0.45677 0.873744 0.476256 0.89323 0.5 0.838819 0.45 0.847225 0.454493 0.85 0.45677 0.8 0.433173 0.81697 0.438321 0.838819 0.45 0.76 0.425985 0.784141 0.428363 0.8 0.433173 0.715859 0.428363 0.74 0.425985 0.76 0.425985 0.68303 0.438321 0.7 0.433173 0.715859 0.428363 0.652775 0.454493 0.661181 0.45 0.68303 0.438321 0.626256 0.476256 0.65 0.45677 0.652775 0.454493 0.6 0.511181 0.604493 0.502775 0.60677 0.5 0.60677 0.5 0.626256 0.476256 0.652775 0.454493 0.652775 0.454493 0.68303 0.438321 0.715859 0.428363 0.715859 0.428363 0.76 0.425985 0.8 0.433173 0.8 0.433173 0.838819 0.45 0.85 0.45677 0.85 0.45677 0.89323 0.5 0.9 0.511181 0.9 0.511181 0.916827 0.55 0.921637 0.565859 0.85 0.45677 0.9 0.511181 0.921637 0.565859 0.715859 0.428363 0.8 0.433173 0.85 0.45677 0.60677 0.5 0.652775 0.454493 0.715859 0.428363 0.588321 0.53303 0.6 0.511181 0.60677 0.5 0.578363 0.565859 0.583173 0.55 0.588321 0.53303 0.578363 0.565859 0.588321 0.53303 0.60677 0.5 0.60677 0.5 0.715859 0.428363 0.85 0.45677 0.921637 0.634141 0.916827 0.65 0.9 0.688819 0.9 0.688819 0.89323 0.7 0.85 0.74323 0.85 0.74323 0.838819 0.75 0.8 0.766827 0.8 0.766827 0.76 0.774015 0.715859 0.771637 0.715859 0.771637 0.661181 0.75 0.65 0.74323 0.65 0.74323 0.626256 0.723744 0.60677 0.7 0.60677 0.7 0.604493 0.697225 0.6 0.688819 0.6 0.688819 0.588321 0.66697 0.583173 0.65 0.578363 0.565859 0.60677 0.5 0.85 0.45677 0.921637 0.634141 0.9 0.688819 0.85 0.74323 0.85 0.74323 0.8 0.766827 0.715859 0.771637 0.715859 0.771637 0.65 0.74323 0.60677 0.7 0.60677 0.7 0.6 0.688819 0.583173 0.65 0.578363 0.565859 0.85 0.45677 0.921637 0.565859 0.60677 0.7 0.583173 0.65 0.578363 0.634141 0.85 0.74323 0.715859 0.771637 0.60677 0.7 0.60677 0.7 0.578363 0.634141 0.575 0.6 0.921637 0.634141 0.85 0.74323 0.60677 0.7 0.921637 0.634141 0.60677 0.7 0.575 0.6 0.925 0.6 0.921637 0.634141 0.575 0.6 0.925 0.6 0.925 0.6 0.575 0.6 0.575 0.6 0.575 0.6 0.578363 0.565859 0.925 0.6 0.575 0.6 0.575 0.6 0.575 0.6 0.578363 0.565859 0.921637 0.565859 0.925 0.6 0.925 0.6 0.575 0.6 0.575 0.6 0.921637 0.565859 0.925 0.6 0.8 0.96 0.76 0.96 0.76 0.94 0.8 0.96 0.76 0.94 0.8 0.94 0.74 0.96 0.7 0.96 0.7 0.94 0.74 0.96 0.7 0.94 0.74 0.94 0.46 1 0.44 1 0.45 0.99 0.44 1 0.46 1 0.45 1 0.46 1 0.46 1 0.44 1 0.46 1 0.44 1 0.44 1 0.46 1 0.46 1 0.44 1 0.46 1 0.44 1 0.44 1 0.4 1 0.4 0.96 0.45 0.96 0.45 0.96 0.45 0.99 0.44 1 0.45 0.96 0.44 1 0.4 1 0.46 1 0.475 1 0.475 1 0.46 1 0.475 1 0.46 1 0.4 1 0.44 1 0.44 1 0.4 1 0.44 1 0.4 1 0.45 0.99 0.45 0.96 0.475 0.96 0.475 0.96 0.475 1 0.46 1 0.475 0.96 0.46 1 0.45 0.99 0.4 1 0.44 1 0.44 1 0.4 1 0.44 1 0.4 1 0.46 1 0.475 1 0.475 1 0.46 1 0.475 1 0.46 1 0.4 1 0.44 1 0.44 1 0.4 1 0.44 1 0.4 1 0.46 1 0.475 1 0.475 1 0.46 1 0.475 1 0.46 1 0.4 1 0.44 1 0.44 1 0.4 1 0.44 1 0.4 1 0.46 1 0.475 1 0.475 1 0.46 1 0.475 1 0.46 1 0.4 1 0.4 1 0.44 1 0.44 1 0.45 1 0.45 1 0.44 1 0.45 1 0.4 1 0.45 1 0.45 1 0.46 1 0.46 1 0.475 1 0.475 1 0.46 1 0.475 1 0.45 1</float_array>
                    <technique_common>
                        <accessor count="3612" source="#shape0-lib-map-array" stride="2">
                            <param name="U" type="float"/>
                            <param name="V" type="float"/>
                        </accessor>
                    </technique_common>
                </source>
                <vertices id="shape0-lib-vertices">
                    <input semantic="POSITION" source="#shape0-lib-positions"/>
                </vertices>
                <triangles count="1204" material="material0">
                    <input offset="0" semantic="VERTEX" source="#shape0-lib-vertices"/>
                    <input offset="1" semantic="COLOR" source="#shape0-lib-vcolor"/>
                    <input offset="2" semantic="NORMAL" source="#shape0-lib-normals"/>
                    <input offset="3" semantic="TEXCOORD" source="#shape0-lib-map"/>
                    <p>1 1 0 0 2 2 0 1 3 3 0 2 1 1 1 3 3 3 1 4 0 0 1 5 5 5 2 6 6 6 2 7 7 7 2 8 5 5 3 9 7 7 3 10 4 4 3 11 9 9 4 12 10 10 4 13 11 11 4 14 9 9 5 15 11 11 5 16 8 8 5 17 401 401 6 18 402 402 6 19 38 38 6 20 401 401 7 21 38 38 7 22 118 118 7 23 319 319 8 24 266 266 8 25 268 268 8 26 270 270 9 27 269 269 9 28 321 321 9 29 280 280 10 30 289 289 10 31 323 323 10 32 37 37 11 33 260 260 11 34 164 164 11 35 37 37 12 36 164 164 12 37 261 261 12 38 257 257 13 39 32 32 13 40 163 163 13 41 32 32 14 42 262 262 14 43 163 163 14 44 324 324 15 45 286 286 15 46 290 290 15 47 325 325 16 48 293 293 16 49 291 291 16 50 152 152 17 51 264 264 17 52 263 263 17 53 258 258 18 54 16 16 18 55 259 259 18 56 152 152 19 57 263 263 19 58 258 258 19 59 152 152 20 60 258 258 20 61 259 259 20 62 16 16 21 63 258 258 21 64 263 263 21 65 24 24 22 66 265 265 22 67 151 151 22 68 24 24 23 69 151 151 23 70 256 256 23 71 295 295 24 72 294 294 24 73 326 326 24 74 313 313 25 75 328 328 25 76 315 315 25 77 329 329 26 78 316 316 26 79 317 317 26 80 404 404 27 81 405 405 27 82 132 132 27 83 404 404 28 84 132 132 28 85 133 133 28 86 405 405 29 87 406 406 29 88 131 131 29 89 405 405 30 90 131 131 30 91 132 132 30 92 406 406 31 93 407 407 31 94 130 130 31 95 406 406 32 96 130 130 32 97 131 131 32 98 407 407 33 99 408 408 33 100 129 129 33 101 407 407 34 102 129 129 34 103 130 130 34 104 409 409 35 105 410 410 35 106 127 127 35 107 409 409 36 108 127 127 36 109 128 128 36 110 423 423 37 111 411 411 37 112 126 126 37 113 423 423 38 114 126 126 38 115 380 380 38 116 420 420 39 117 412 412 39 118 125 125 39 119 420 420 40 120 125 125 40 121 334 334 40 122 412 412 41 123 413 413 41 124 124 124 41 125 412 412 42 126 124 124 42 127 125 125 42 128 422 422 43 129 414 414 43 130 123 123 43 131 422 422 44 132 123 123 44 133 343 343 44 134 421 421 45 135 415 415 45 136 122 122 45 137 421 421 46 138 122 122 46 139 339 339 46 140 416 416 47 141 417 417 47 142 120 120 47 143 416 416 48 144 120 120 48 145 121 121 48 146 417 417 49 147 418 418 49 148 119 119 49 149 417 417 50 150 119 119 50 151 120 120 50 152 418 418 51 153 401 401 51 154 118 118 51 155 418 418 52 156 118 118 52 157 119 119 52 158 227 227 53 159 232 232 53 160 231 231 53 161 227 227 54 162 231 231 54 163 228 228 54 164 215 215 55 165 230 230 55 166 229 229 55 167 215 215 56 168 229 229 56 169 216 216 56 170 505 505 57 171 74 74 57 172 233 233 57 173 505 505 58 174 233 233 58 175 498 498 58 176 498 498 59 177 233 233 59 178 234 234 59 179 498 498 60 180 234 234 60 181 499 499 60 182 499 499 61 183 234 234 61 184 235 235 61 185 499 499 62 186 235 235 62 187 500 500 62 188 500 500 63 189 235 235 63 190 236 236 63 191 500 500 64 192 236 236 64 193 501 501 64 194 501 501 65 195 236 236 65 196 237 237 65 197 501 501 66 198 237 237 66 199 502 502 66 200 502 502 67 201 237 237 67 202 238 238 67 203 502 502 68 204 238 238 68 205 503 503 68 206 230 230 69 207 226 226 69 208 225 225 69 209 230 230 70 210 225 225 70 211 229 229 70 212 226 226 71 213 227 227 71 214 228 228 71 215 226 226 72 216 228 228 72 217 225 225 72 218 411 411 73 219 420 420 73 220 334 334 73 221 411 411 74 222 334 334 74 223 126 126 74 224 414 414 75 225 421 421 75 226 339 339 75 227 414 414 76 228 339 339 76 229 123 123 76 230 413 413 77 231 422 422 77 232 343 343 77 233 413 413 78 234 343 343 78 235 124 124 78 236 108 108 79 237 344 344 79 238 376 376 79 239 108 108 80 240 376 376 80 241 367 367 80 242 107 107 81 243 340 340 81 244 375 375 81 245 107 107 82 246 375 375 82 247 368 368 82 248 110 110 83 249 335 335 83 250 374 374 83 251 110 110 84 252 374 374 84 253 365 365 84 254 103 103 85 255 102 102 85 256 355 355 85 257 103 103 86 258 355 355 86 259 372 372 86 260 104 104 87 261 103 103 87 262 372 372 87 263 104 104 88 264 372 372 88 265 371 371 88 266 105 105 89 267 104 104 89 268 371 371 89 269 105 105 90 270 371 371 90 271 370 370 90 272 340 340 91 273 106 106 91 274 369 369 91 275 340 340 92 276 369 369 92 277 375 375 92 278 344 344 93 279 107 107 93 280 368 368 93 281 344 344 94 282 368 368 94 283 376 376 94 284 109 109 95 285 108 108 95 286 367 367 95 287 109 109 96 288 367 367 96 289 366 366 96 290 335 335 97 291 109 109 97 292 366 366 97 293 335 335 98 294 366 366 98 295 374 374 98 296 381 381 99 297 110 110 99 298 365 365 99 299 381 381 100 300 365 365 100 301 391 391 100 302 112 112 101 303 111 111 101 304 364 364 101 305 112 112 102 306 364 364 102 307 363 363 102 308 114 114 103 309 113 113 103 310 362 362 103 311 114 114 104 312 362 362 104 313 361 361 104 314 115 115 105 315 114 114 105 316 361 361 105 317 115 115 106 318 361 361 106 319 360 360 106 320 116 116 107 321 115 115 107 322 360 360 107 323 116 116 108 324 360 360 108 325 359 359 108 326 117 117 109 327 116 116 109 328 359 359 109 329 117 117 110 330 359 359 110 331 358 358 110 332 102 102 111 333 36 36 111 334 356 356 111 335 102 102 112 336 356 356 112 337 355 355 112 338 111 111 113 339 381 381 113 340 391 391 113 341 111 111 114 342 391 391 114 343 364 364 114 344 410 410 115 345 423 423 115 346 380 380 115 347 410 410 116 348 380 380 116 349 127 127 116 350 106 106 117 351 395 395 117 352 400 400 117 353 106 106 118 354 400 400 118 355 369 369 118 356 98 98 119 357 396 396 119 358 399 399 119 359 98 98 120 360 399 399 120 361 352 352 120 362 85 85 121 363 397 397 121 364 396 396 121 365 85 85 122 366 396 396 122 367 98 98 122 368 352 352 123 369 399 399 123 370 395 395 123 371 352 352 124 372 395 395 124 373 106 106 124 374 415 415 125 375 424 424 125 376 394 394 125 377 415 415 126 378 394 394 126 379 122 122 126 380 122 122 127 381 394 394 127 382 393 393 127 383 122 122 128 384 393 393 128 385 135 135 128 386 135 135 129 387 393 393 129 388 392 392 129 389 135 135 130 390 392 392 130 391 140 140 130 392 428 428 131 393 429 429 131 394 430 430 131 395 428 428 132 396 430 430 132 397 427 427 132 398 456 456 133 399 458 458 133 400 457 457 133 401 456 456 134 402 457 457 134 403 455 455 134 404 452 452 135 405 454 454 135 406 453 453 135 407 452 452 136 408 453 453 136 409 451 451 136 410 470 470 137 411 448 448 137 412 447 447 137 413 470 470 138 414 447 447 138 415 469 469 138 416 442 442 139 417 443 443 139 418 444 444 139 419 442 442 140 420 444 444 140 421 441 441 140 422 466 466 141 423 439 439 141 424 440 440 141 425 466 466 142 426 440 440 142 427 465 465 142 428 472 472 143 429 437 437 143 430 438 438 143 431 472 472 144 432 438 438 144 433 471 471 144 434 432 432 145 435 434 434 145 436 433 433 145 437 432 432 146 438 433 433 146 439 431 431 146 440 437 437 147 441 466 466 147 442 465 465 147 443 437 437 148 444 465 465 148 445 438 438 148 446 445 445 149 447 470 470 149 448 469 469 149 449 445 445 150 450 469 469 150 451 446 446 150 452 65 65 151 453 13 13 151 454 427 427 151 455 65 65 152 456 427 427 152 457 430 430 152 458 429 429 153 459 428 428 153 460 34 34 153 461 429 429 154 462 34 34 154 463 81 81 154 464 64 64 155 465 65 65 155 466 430 430 155 467 64 64 156 468 430 430 156 469 431 431 156 470 432 432 157 471 429 429 157 472 81 81 157 473 432 432 158 474 81 81 158 475 82 82 158 476 63 63 159 477 64 64 159 478 431 431 159 479 63 63 160 480 431 431 160 481 433 433 160 482 434 434 161 483 432 432 161 484 82 82 161 485 434 434 162 486 82 82 162 487 83 83 162 488 62 62 163 489 63 63 163 490 433 433 163 491 62 62 164 492 433 433 164 493 435 435 164 494 436 436 165 495 434 434 165 496 83 83 165 497 436 436 166 498 83 83 166 499 84 84 166 500 437 437 167 501 472 472 167 502 397 397 167 503 437 437 168 504 397 397 168 505 85 85 168 506 61 61 169 507 398 398 169 508 471 471 169 509 61 61 170 510 471 471 170 511 438 438 170 512 342 342 171 513 61 61 171 514 438 438 171 515 342 342 172 516 438 438 172 517 465 465 172 518 466 466 173 519 437 437 173 520 85 85 173 521 466 466 174 522 85 85 174 523 341 341 174 524 439 439 175 525 466 466 175 526 341 341 175 527 439 439 176 528 341 341 176 529 86 86 176 530 60 60 177 531 342 342 177 532 465 465 177 533 60 60 178 534 465 465 178 535 440 440 178 536 346 346 179 537 60 60 179 538 440 440 179 539 346 346 180 540 440 440 180 541 467 467 180 542 468 468 181 543 439 439 181 544 86 86 181 545 468 468 182 546 86 86 182 547 345 345 182 548 58 58 183 549 59 59 183 550 441 441 183 551 58 58 184 552 441 441 184 553 444 444 184 554 443 443 185 555 442 442 185 556 87 87 185 557 443 443 186 558 87 87 186 559 88 88 186 560 442 442 187 561 468 468 187 562 345 345 187 563 442 442 188 564 345 345 188 565 87 87 188 566 59 59 189 567 346 346 189 568 467 467 189 569 59 59 190 570 467 467 190 571 441 441 190 572 337 337 191 573 58 58 191 574 444 444 191 575 337 337 192 576 444 444 192 577 463 463 192 578 464 464 193 579 443 443 193 580 88 88 193 581 464 464 194 582 88 88 194 583 336 336 194 584 445 445 195 585 464 464 195 586 336 336 195 587 445 445 196 588 336 336 196 589 89 89 196 590 57 57 197 591 337 337 197 592 463 463 197 593 57 57 198 594 463 463 198 595 446 446 198 596 383 383 199 597 57 57 199 598 446 446 199 599 383 383 200 600 446 446 200 601 469 469 200 602 470 470 201 603 445 445 201 604 89 89 201 605 470 470 202 606 89 89 202 607 382 382 202 608 55 55 203 609 56 56 203 610 447 447 203 611 55 55 204 612 447 447 204 613 449 449 204 614 450 450 205 615 448 448 205 616 90 90 205 617 450 450 206 618 90 90 206 619 91 91 206 620 448 448 207 621 470 470 207 622 382 382 207 623 448 448 208 624 382 382 208 625 90 90 208 626 56 56 209 627 383 383 209 628 469 469 209 629 56 56 210 630 469 469 210 631 447 447 210 632 53 53 211 633 54 54 211 634 451 451 211 635 53 53 212 636 451 451 212 637 453 453 212 638 454 454 213 639 452 452 213 640 92 92 213 641 454 454 214 642 92 92 214 643 93 93 214 644 52 52 215 645 53 53 215 646 453 453 215 647 52 52 216 648 453 453 216 649 455 455 216 650 456 456 217 651 454 454 217 652 93 93 217 653 456 456 218 654 93 93 218 655 94 94 218 656 51 51 219 657 52 52 219 658 455 455 219 659 51 51 220 660 455 455 220 661 457 457 220 662 458 458 221 663 456 456 221 664 94 94 221 665 458 458 222 666 94 94 222 667 95 95 222 668 50 50 223 669 51 51 223 670 457 457 223 671 50 50 224 672 457 457 224 673 459 459 224 674 460 460 225 675 458 458 225 676 95 95 225 677 460 460 226 678 95 95 226 679 96 96 226 680 473 473 227 681 474 474 227 682 475 475 227 683 476 476 228 684 477 477 228 685 478 478 228 686 479 479 229 687 480 480 229 688 481 481 229 689 484 484 230 690 485 485 230 691 486 486 230 692 487 487 231 693 488 488 231 694 489 489 231 695 492 492 232 696 493 493 232 697 494 494 232 698 495 495 233 699 496 496 233 700 497 497 233 701 475 475 234 702 206 206 234 703 211 211 234 704 211 211 235 705 478 478 235 706 477 477 235 707 477 477 236 708 473 473 236 709 475 475 236 710 211 211 237 711 477 477 237 712 475 475 237 713 478 478 238 714 211 211 238 715 389 389 238 716 389 389 239 717 390 390 239 718 476 476 239 719 389 389 240 720 476 476 240 721 478 478 240 722 481 481 241 723 216 216 241 724 229 229 241 725 229 229 242 726 494 494 242 727 493 493 242 728 493 493 243 729 479 479 243 730 481 481 243 731 229 229 244 732 493 493 244 733 481 481 244 734 486 486 245 735 225 225 245 736 228 228 245 737 228 228 246 738 489 489 246 739 488 488 246 740 488 488 247 741 484 484 247 742 486 486 247 743 228 228 248 744 488 488 248 745 486 486 248 746 494 494 249 747 229 229 249 748 225 225 249 749 225 225 250 750 486 486 250 751 485 485 250 752 485 485 251 753 492 492 251 754 494 494 251 755 225 225 252 756 485 485 252 757 494 494 252 758 489 489 253 759 228 228 253 760 231 231 253 761 231 231 254 762 497 497 254 763 496 496 254 764 496 496 255 765 487 487 255 766 489 489 255 767 231 231 256 768 496 496 256 769 489 489 256 770 389 389 257 771 502 502 257 772 503 503 257 773 389 389 258 774 503 503 258 775 390 390 258 776 388 388 259 777 501 501 259 778 502 502 259 779 388 388 260 780 502 502 260 781 389 389 260 782 387 387 261 783 500 500 261 784 501 501 261 785 387 387 262 786 501 501 262 787 388 388 262 788 386 386 263 789 499 499 263 790 500 500 263 791 386 386 264 792 500 500 264 793 387 387 264 794 385 385 265 795 498 498 265 796 499 499 265 797 385 385 266 798 499 499 266 799 386 386 266 800 384 384 267 801 505 505 267 802 498 498 267 803 384 384 268 804 498 498 268 805 385 385 268 806 535 535 269 807 537 537 269 808 536 536 269 809 535 535 270 810 536 536 270 811 534 534 270 812 531 531 271 813 533 533 271 814 532 532 271 815 531 531 272 816 532 532 272 817 530 530 272 818 525 525 273 819 527 527 273 820 526 526 273 821 525 525 274 822 526 526 274 823 524 524 274 824 521 521 275 825 523 523 275 826 522 522 275 827 521 521 276 828 522 522 276 829 520 520 276 830 517 517 277 831 519 519 277 832 518 518 277 833 517 517 278 834 518 518 278 835 516 516 278 836 508 508 279 837 554 554 279 838 555 555 279 839 508 508 280 840 555 555 280 841 509 509 280 842 551 551 281 843 553 553 281 844 552 552 281 845 551 551 282 846 552 552 282 847 550 550 282 848 547 547 283 849 549 549 283 850 548 548 283 851 547 547 284 852 548 548 284 853 546 546 284 854 543 543 285 855 545 545 285 856 544 544 285 857 543 543 286 858 544 544 286 859 542 542 286 860 540 540 287 861 543 543 287 862 542 542 287 863 540 540 288 864 542 542 288 865 541 541 288 866 512 512 289 867 557 557 289 868 556 556 289 869 512 512 290 870 556 556 290 871 513 513 290 872 563 563 291 873 564 564 291 874 565 565 291 875 563 563 292 876 565 565 292 877 562 562 292 878 564 564 293 879 511 511 293 880 510 510 293 881 564 564 294 882 510 510 294 883 565 565 294 884 506 506 295 885 563 563 295 886 562 562 295 887 506 506 296 888 562 562 296 889 507 507 296 890 12 12 297 891 507 507 297 892 562 562 297 893 12 12 298 894 562 562 298 895 425 425 298 896 506 506 299 897 50 50 299 898 459 459 299 899 506 506 300 900 459 459 300 901 563 563 300 902 508 508 301 903 80 80 301 904 212 212 301 905 508 508 302 906 212 212 302 907 554 554 302 908 14 14 303 909 509 509 303 910 555 555 303 911 14 14 304 912 555 555 304 913 224 224 304 914 426 426 305 915 565 565 305 916 510 510 305 917 426 426 306 918 510 510 306 919 33 33 306 920 33 33 307 921 510 510 307 922 513 513 307 923 33 33 308 924 513 513 308 925 31 31 308 926 511 511 309 927 96 96 309 928 101 101 309 929 511 511 310 930 101 101 310 931 512 512 310 932 564 564 311 933 460 460 311 934 96 96 311 935 564 564 312 936 96 96 312 937 511 511 312 938 31 31 313 939 513 513 313 940 556 556 313 941 31 31 314 942 556 556 314 943 348 348 314 944 512 512 315 945 101 101 315 946 349 349 315 947 512 512 316 948 349 349 316 949 557 557 316 950 30 30 317 951 515 515 317 952 558 558 317 953 30 30 318 954 558 558 318 955 357 357 318 956 348 348 319 957 556 556 319 958 515 515 319 959 348 348 320 960 515 515 320 961 30 30 320 962 514 514 321 963 117 117 321 964 358 358 321 965 514 514 322 966 358 358 322 967 559 559 322 968 557 557 323 969 349 349 323 970 117 117 323 971 557 557 324 972 117 117 324 973 514 514 324 974 403 403 325 975 560 560 325 976 516 516 325 977 403 403 326 978 516 516 326 979 29 29 326 980 29 29 327 981 516 516 327 982 518 518 327 983 29 29 328 984 518 518 328 985 28 28 328 986 517 517 329 987 133 133 329 988 138 138 329 989 517 517 330 990 138 138 330 991 519 519 330 992 561 561 331 993 404 404 331 994 133 133 331 995 561 561 332 996 133 133 332 997 517 517 332 998 28 28 333 999 518 518 333 1000 520 520 333 1001 28 28 334 1002 520 520 334 1003 27 27 334 1004 519 519 335 1005 138 138 335 1006 143 143 335 1007 519 519 336 1008 143 143 336 1009 521 521 336 1010 27 27 337 1011 520 520 337 1012 522 522 337 1013 27 27 338 1014 522 522 338 1015 26 26 338 1016 521 521 339 1017 143 143 339 1018 146 146 339 1019 521 521 340 1020 146 146 340 1021 523 523 340 1022 26 26 341 1023 522 522 341 1024 524 524 341 1025 26 26 342 1026 524 524 342 1027 25 25 342 1028 523 523 343 1029 146 146 343 1030 149 149 343 1031 523 523 344 1032 149 149 344 1033 525 525 344 1034 25 25 345 1035 524 524 345 1036 526 526 345 1037 25 25 346 1038 526 526 346 1039 23 23 346 1040 525 525 347 1041 149 149 347 1042 161 161 347 1043 525 525 348 1044 161 161 348 1045 527 527 348 1046 22 22 349 1047 528 528 349 1048 530 530 349 1049 22 22 350 1050 530 530 350 1051 21 21 350 1052 529 529 351 1053 173 173 351 1054 176 176 351 1055 529 529 352 1056 176 176 352 1057 531 531 352 1058 21 21 353 1059 530 530 353 1060 532 532 353 1061 21 21 354 1062 532 532 354 1063 20 20 354 1064 531 531 355 1065 176 176 355 1066 179 179 355 1067 531 531 356 1068 179 179 356 1069 533 533 356 1070 20 20 357 1071 532 532 357 1072 534 534 357 1073 20 20 358 1074 534 534 358 1075 19 19 358 1076 533 533 359 1077 179 179 359 1078 184 184 359 1079 533 533 360 1080 184 184 360 1081 535 535 360 1082 19 19 361 1083 534 534 361 1084 536 536 361 1085 19 19 362 1086 536 536 362 1087 18 18 362 1088 535 535 363 1089 184 184 363 1090 189 189 363 1091 535 535 364 1092 189 189 364 1093 537 537 364 1094 18 18 365 1095 536 536 365 1096 538 538 365 1097 18 18 366 1098 538 538 366 1099 17 17 366 1100 537 537 367 1101 189 189 367 1102 205 205 367 1103 537 537 368 1104 205 205 368 1105 539 539 368 1106 542 542 369 1107 482 482 369 1108 483 483 369 1109 542 542 370 1110 483 483 370 1111 541 541 370 1112 218 218 371 1113 543 543 371 1114 540 540 371 1115 218 218 372 1116 540 540 372 1117 217 217 372 1118 544 544 373 1119 480 480 373 1120 482 482 373 1121 544 544 374 1122 482 482 374 1123 542 542 374 1124 219 219 375 1125 545 545 375 1126 543 543 375 1127 219 219 376 1128 543 543 376 1129 218 218 376 1130 544 544 377 1131 546 546 377 1132 216 216 377 1133 216 216 378 1134 481 481 378 1135 480 480 378 1136 216 216 379 1137 480 480 379 1138 544 544 379 1139 220 220 380 1140 547 547 380 1141 545 545 380 1142 220 220 381 1143 545 545 381 1144 219 219 381 1145 548 548 382 1146 215 215 382 1147 216 216 382 1148 548 548 383 1149 216 216 383 1150 546 546 383 1151 221 221 384 1152 549 549 384 1153 547 547 384 1154 221 221 385 1155 547 547 385 1156 220 220 385 1157 550 550 386 1158 214 214 386 1159 215 215 386 1160 550 550 387 1161 215 215 387 1162 548 548 387 1163 222 222 388 1164 551 551 388 1165 549 549 388 1166 222 222 389 1167 549 549 389 1168 221 221 389 1169 552 552 390 1170 213 213 390 1171 214 214 390 1172 552 552 391 1173 214 214 391 1174 550 550 391 1175 223 223 392 1176 553 553 392 1177 551 551 392 1178 223 223 393 1179 551 551 393 1180 222 222 393 1181 554 554 394 1182 212 212 394 1183 213 213 394 1184 554 554 395 1185 213 213 395 1186 552 552 395 1187 224 224 396 1188 555 555 396 1189 553 553 396 1190 224 224 397 1191 553 553 397 1192 223 223 397 1193 425 425 398 1194 562 562 398 1195 565 565 398 1196 425 425 399 1197 565 565 399 1198 426 426 399 1199 460 460 400 1200 564 564 400 1201 563 563 400 1202 460 460 401 1203 563 563 401 1204 459 459 401 1205 581 581 402 1206 583 583 402 1207 582 582 402 1208 581 581 403 1209 582 582 403 1210 580 580 403 1211 577 577 404 1212 579 579 404 1213 578 578 404 1214 577 577 405 1215 578 578 405 1216 576 576 405 1217 597 597 406 1218 573 573 406 1219 572 572 406 1220 597 597 407 1221 572 572 407 1222 596 596 407 1223 587 587 408 1224 593 593 408 1225 591 591 408 1226 587 587 409 1227 591 591 409 1228 589 589 409 1229 568 568 410 1230 595 595 410 1231 594 594 410 1232 568 568 411 1233 594 594 411 1234 569 569 411 1235 598 598 412 1236 567 567 412 1237 566 566 412 1238 598 598 413 1239 566 566 413 1240 599 599 413 1241 584 584 414 1242 601 601 414 1243 600 600 414 1244 584 584 415 1245 600 600 415 1246 585 585 415 1247 567 567 416 1248 598 598 416 1249 528 528 416 1250 567 567 417 1251 528 528 417 1252 22 22 417 1253 23 23 418 1254 526 526 418 1255 599 599 418 1256 23 23 419 1257 599 599 419 1258 566 566 419 1259 330 330 420 1260 165 165 420 1261 568 568 420 1262 588 588 421 1263 288 288 421 1264 289 289 421 1265 330 330 422 1266 568 568 422 1267 588 588 422 1268 289 289 423 1269 280 280 423 1270 330 330 423 1271 588 588 424 1272 289 289 424 1273 330 330 424 1274 291 291 425 1275 586 586 425 1276 569 569 425 1277 569 569 426 1278 153 153 426 1279 325 325 426 1280 569 569 427 1281 325 325 427 1282 291 291 427 1283 333 333 428 1284 153 153 428 1285 569 569 428 1286 333 333 429 1287 569 569 429 1288 594 594 429 1289 595 595 430 1290 568 568 430 1291 165 165 430 1292 595 595 431 1293 165 165 431 1294 332 332 431 1295 570 570 432 1296 595 595 432 1297 332 332 432 1298 570 570 433 1299 332 332 433 1300 166 166 433 1301 154 154 434 1302 333 333 434 1303 594 594 434 1304 154 154 435 1305 594 594 435 1306 571 571 435 1307 379 379 436 1308 154 154 436 1309 571 571 436 1310 379 379 437 1311 571 571 437 1312 596 596 437 1313 597 597 438 1314 570 570 438 1315 166 166 438 1316 597 597 439 1317 166 166 439 1318 378 378 439 1319 156 156 440 1320 155 155 440 1321 572 572 440 1322 156 156 441 1323 572 572 441 1324 574 574 441 1325 575 575 442 1326 573 573 442 1327 167 167 442 1328 575 575 443 1329 167 167 443 1330 168 168 443 1331 573 573 444 1332 597 597 444 1333 378 378 444 1334 573 573 445 1335 378 378 445 1336 167 167 445 1337 155 155 446 1338 379 379 446 1339 596 596 446 1340 155 155 447 1341 596 596 447 1342 572 572 447 1343 158 158 448 1344 157 157 448 1345 576 576 448 1346 158 158 449 1347 576 576 449 1348 578 578 449 1349 579 579 450 1350 577 577 450 1351 169 169 450 1352 579 579 451 1353 169 169 451 1354 170 170 451 1355 159 159 452 1356 158 158 452 1357 578 578 452 1358 159 159 453 1359 578 578 453 1360 580 580 453 1361 581 581 454 1362 579 579 454 1363 170 170 454 1364 581 581 455 1365 170 170 455 1366 171 171 455 1367 160 160 456 1368 159 159 456 1369 580 580 456 1370 160 160 457 1371 580 580 457 1372 582 582 457 1373 583 583 458 1374 581 581 458 1375 171 171 458 1376 583 583 459 1377 171 171 459 1378 172 172 459 1379 161 161 460 1380 160 160 460 1381 582 582 460 1382 161 161 461 1383 582 582 461 1384 585 585 461 1385 584 584 462 1386 583 583 462 1387 172 172 462 1388 584 584 463 1389 172 172 463 1390 173 173 463 1391 601 601 464 1392 584 584 464 1393 173 173 464 1394 601 601 465 1395 173 173 465 1396 529 529 465 1397 527 527 466 1398 161 161 466 1399 585 585 466 1400 527 527 467 1401 585 585 467 1402 600 600 467 1403 288 288 468 1404 588 588 468 1405 590 590 468 1406 593 593 469 1407 587 587 469 1408 292 292 469 1409 601 601 470 1410 529 529 470 1411 528 528 470 1412 601 601 471 1413 528 528 471 1414 598 598 471 1415 631 631 472 1416 633 633 472 1417 632 632 472 1418 631 631 473 1419 632 632 473 1420 630 630 473 1421 627 627 474 1422 629 629 474 1423 628 628 474 1424 627 627 475 1425 628 628 475 1426 626 626 475 1427 619 619 476 1428 621 621 476 1429 620 620 476 1430 619 619 477 1431 620 620 477 1432 618 618 477 1433 615 615 478 1434 617 617 478 1435 616 616 478 1436 615 615 479 1437 616 616 479 1438 614 614 479 1439 645 645 480 1440 613 613 480 1441 612 612 480 1442 645 645 481 1443 612 612 481 1444 644 644 481 1445 637 637 482 1446 639 639 482 1447 638 638 482 1448 637 637 483 1449 638 638 483 1450 636 636 483 1451 608 608 484 1452 641 641 484 1453 640 640 484 1454 608 608 485 1455 640 640 485 1456 609 609 485 1457 610 610 486 1458 643 643 486 1459 642 642 486 1460 610 610 487 1461 642 642 487 1462 611 611 487 1463 647 647 488 1464 648 648 488 1465 649 649 488 1466 647 647 489 1467 649 649 489 1468 646 646 489 1469 646 646 490 1470 603 603 490 1471 602 602 490 1472 646 646 491 1473 602 602 491 1474 647 647 491 1475 606 606 492 1476 649 649 492 1477 648 648 492 1478 606 606 493 1479 648 648 493 1480 607 607 493 1481 650 650 494 1482 637 637 494 1483 636 636 494 1484 650 650 495 1485 636 636 495 1486 651 651 495 1487 653 653 496 1488 654 654 496 1489 655 655 496 1490 653 653 497 1491 655 655 497 1492 652 652 497 1493 652 652 498 1494 623 623 498 1495 622 622 498 1496 652 652 499 1497 622 622 499 1498 653 653 499 1499 624 624 500 1500 655 655 500 1501 654 654 500 1502 624 624 501 1503 654 654 501 1504 625 625 501 1505 54 54 502 1506 603 603 502 1507 646 646 502 1508 54 54 503 1509 646 646 503 1510 451 451 503 1511 602 602 504 1512 55 55 504 1513 449 449 504 1514 602 602 505 1515 449 449 505 1516 647 647 505 1517 452 452 506 1518 649 649 506 1519 606 606 506 1520 452 452 507 1521 606 606 507 1522 92 92 507 1523 92 92 508 1524 606 606 508 1525 609 609 508 1526 92 92 509 1527 609 609 509 1528 100 100 509 1529 607 607 510 1530 91 91 510 1531 99 99 510 1532 607 607 511 1533 99 99 511 1534 608 608 511 1535 648 648 512 1536 450 450 512 1537 91 91 512 1538 648 648 513 1539 91 91 513 1540 607 607 513 1541 100 100 514 1542 609 609 514 1543 640 640 514 1544 100 100 515 1545 640 640 515 1546 350 350 515 1547 608 608 516 1548 99 99 516 1549 351 351 516 1550 608 608 517 1551 351 351 517 1552 641 641 517 1553 113 113 518 1554 611 611 518 1555 642 642 518 1556 113 113 519 1557 642 642 519 1558 362 362 519 1559 350 350 520 1560 640 640 520 1561 611 611 520 1562 350 350 521 1563 611 611 521 1564 113 113 521 1565 610 610 522 1566 112 112 522 1567 363 363 522 1568 610 610 523 1569 363 363 523 1570 643 643 523 1571 641 641 524 1572 351 351 524 1573 112 112 524 1574 641 641 525 1575 112 112 525 1576 610 610 525 1577 408 408 526 1578 644 644 526 1579 612 612 526 1580 408 408 527 1581 612 612 527 1582 129 129 527 1583 129 129 528 1584 612 612 528 1585 614 614 528 1586 129 129 529 1587 614 614 529 1588 137 137 529 1589 613 613 530 1590 128 128 530 1591 136 136 530 1592 613 613 531 1593 136 136 531 1594 615 615 531 1595 645 645 532 1596 409 409 532 1597 128 128 532 1598 645 645 533 1599 128 128 533 1600 613 613 533 1601 137 137 534 1602 614 614 534 1603 616 616 534 1604 137 137 535 1605 616 616 535 1606 142 142 535 1607 615 615 536 1608 136 136 536 1609 141 141 536 1610 615 615 537 1611 141 141 537 1612 617 617 537 1613 142 142 538 1614 616 616 538 1615 618 618 538 1616 142 142 539 1617 618 618 539 1618 145 145 539 1619 617 617 540 1620 141 141 540 1621 144 144 540 1622 617 617 541 1623 144 144 541 1624 619 619 541 1625 145 145 542 1626 618 618 542 1627 620 620 542 1628 145 145 543 1629 620 620 543 1630 148 148 543 1631 619 619 544 1632 144 144 544 1633 147 147 544 1634 619 619 545 1635 147 147 545 1636 621 621 545 1637 148 148 546 1638 620 620 546 1639 623 623 546 1640 148 148 547 1641 623 623 547 1642 157 157 547 1643 621 621 548 1644 147 147 548 1645 156 156 548 1646 621 621 549 1647 156 156 549 1648 622 622 549 1649 157 157 550 1650 623 623 550 1651 652 652 550 1652 157 157 551 1653 652 652 551 1654 576 576 551 1655 622 622 552 1656 156 156 552 1657 574 574 552 1658 622 622 553 1659 574 574 553 1660 653 653 553 1661 577 577 554 1662 655 655 554 1663 624 624 554 1664 577 577 555 1665 624 624 555 1666 169 169 555 1667 169 169 556 1668 624 624 556 1669 626 626 556 1670 169 169 557 1671 626 626 557 1672 175 175 557 1673 625 625 558 1674 168 168 558 1675 174 174 558 1676 625 625 559 1677 174 174 559 1678 627 627 559 1679 654 654 560 1680 575 575 560 1681 168 168 560 1682 654 654 561 1683 168 168 561 1684 625 625 561 1685 175 175 562 1686 626 626 562 1687 628 628 562 1688 175 175 563 1689 628 628 563 1690 178 178 563 1691 627 627 564 1692 174 174 564 1693 177 177 564 1694 627 627 565 1695 177 177 565 1696 629 629 565 1697 178 178 566 1698 628 628 566 1699 630 630 566 1700 178 178 567 1701 630 630 567 1702 183 183 567 1703 629 629 568 1704 177 177 568 1705 182 182 568 1706 629 629 569 1707 182 182 569 1708 631 631 569 1709 183 183 570 1710 630 630 570 1711 632 632 570 1712 183 183 571 1713 632 632 571 1714 188 188 571 1715 631 631 572 1716 182 182 572 1717 187 187 572 1718 631 631 573 1719 187 187 573 1720 633 633 573 1721 188 188 574 1722 632 632 574 1723 634 634 574 1724 188 188 575 1725 634 634 575 1726 201 201 575 1727 633 633 576 1728 187 187 576 1729 200 200 576 1730 633 633 577 1731 200 200 577 1732 635 635 577 1733 638 638 578 1734 207 207 578 1735 206 206 578 1736 638 638 579 1737 206 206 579 1738 636 636 579 1739 232 232 580 1740 639 639 580 1741 637 637 580 1742 232 232 581 1743 637 637 581 1744 231 231 581 1745 636 636 582 1746 206 206 582 1747 475 475 582 1748 636 636 583 1749 475 475 583 1750 474 474 583 1751 490 490 584 1752 651 651 584 1753 636 636 584 1754 636 636 585 1755 474 474 585 1756 490 490 585 1757 497 497 586 1758 231 231 586 1759 637 637 586 1760 495 495 587 1761 497 497 587 1762 637 637 587 1763 637 637 588 1764 650 650 588 1765 491 491 588 1766 637 637 589 1767 491 491 589 1768 495 495 589 1769 450 450 590 1770 648 648 590 1771 647 647 590 1772 450 450 591 1773 647 647 591 1774 449 449 591 1775 490 490 592 1776 491 491 592 1777 650 650 592 1778 490 490 593 1779 650 650 593 1780 651 651 593 1781 575 575 594 1782 654 654 594 1783 653 653 594 1784 575 575 595 1785 653 653 595 1786 574 574 595 1787 655 655 596 1788 577 577 596 1789 576 576 596 1790 655 655 597 1791 576 576 597 1792 652 652 597 1793 667 667 598 1794 669 669 598 1795 668 668 598 1796 667 667 599 1797 668 668 599 1798 666 666 599 1799 677 677 600 1800 665 665 600 1801 664 664 600 1802 677 677 601 1803 664 664 601 1804 676 676 601 1805 660 660 602 1806 673 673 602 1807 672 672 602 1808 660 660 603 1809 672 672 603 1810 661 661 603 1811 662 662 604 1812 675 675 604 1813 674 674 604 1814 662 662 605 1815 674 674 605 1816 663 663 605 1817 679 679 606 1818 680 680 606 1819 681 681 606 1820 679 679 607 1821 681 681 607 1822 678 678 607 1823 680 680 608 1824 657 657 608 1825 656 656 608 1826 680 680 609 1827 656 656 609 1828 681 681 609 1829 658 658 610 1830 679 679 610 1831 678 678 610 1832 658 658 611 1833 678 678 611 1834 659 659 611 1835 398 398 612 1836 657 657 612 1837 680 680 612 1838 398 398 613 1839 680 680 613 1840 471 471 613 1841 656 656 614 1842 62 62 614 1843 435 435 614 1844 656 656 615 1845 435 435 615 1846 681 681 615 1847 659 659 616 1848 84 84 616 1849 97 97 616 1850 659 659 617 1851 97 97 617 1852 660 660 617 1853 472 472 618 1854 679 679 618 1855 658 658 618 1856 472 472 619 1857 658 658 619 1858 397 397 619 1859 678 678 620 1860 436 436 620 1861 84 84 620 1862 678 678 621 1863 84 84 621 1864 659 659 621 1865 397 397 622 1866 658 658 622 1867 661 661 622 1868 397 397 623 1869 661 661 623 1870 396 396 623 1871 660 660 624 1872 97 97 624 1873 353 353 624 1874 660 660 625 1875 353 353 625 1876 673 673 625 1877 396 396 626 1878 661 661 626 1879 672 672 626 1880 396 396 627 1881 672 672 627 1882 399 399 627 1883 662 662 628 1884 105 105 628 1885 370 370 628 1886 662 662 629 1887 370 370 629 1888 675 675 629 1889 673 673 630 1890 353 353 630 1891 105 105 630 1892 673 673 631 1893 105 105 631 1894 662 662 631 1895 395 395 632 1896 663 663 632 1897 674 674 632 1898 395 395 633 1899 674 674 633 1900 400 400 633 1901 399 399 634 1902 672 672 634 1903 663 663 634 1904 399 399 635 1905 663 663 635 1906 395 395 635 1907 665 665 636 1908 121 121 636 1909 134 134 636 1910 665 665 637 1911 134 134 637 1912 667 667 637 1913 677 677 638 1914 416 416 638 1915 121 121 638 1916 677 677 639 1917 121 121 639 1918 665 665 639 1919 424 424 640 1920 676 676 640 1921 664 664 640 1922 424 424 641 1923 664 664 641 1924 394 394 641 1925 394 394 642 1926 664 664 642 1927 666 666 642 1928 394 394 643 1929 666 666 643 1930 393 393 643 1931 667 667 644 1932 134 134 644 1933 139 139 644 1934 667 667 645 1935 139 139 645 1936 669 669 645 1937 393 393 646 1938 666 666 646 1939 668 668 646 1940 393 393 647 1941 668 668 647 1942 392 392 647 1943 317 317 648 1944 671 671 648 1945 669 669 648 1946 669 669 649 1947 139 139 649 1948 329 329 649 1949 669 669 650 1950 329 329 650 1951 317 317 650 1952 315 315 651 1953 328 328 651 1954 140 140 651 1955 392 392 652 1956 668 668 652 1957 670 670 652 1958 315 315 653 1959 140 140 653 1960 392 392 653 1961 392 392 654 1962 670 670 654 1963 315 315 654 1964 436 436 655 1965 678 678 655 1966 681 681 655 1967 436 436 656 1968 681 681 656 1969 435 435 656 1970 679 679 657 1971 472 472 657 1972 471 471 657 1973 679 679 658 1974 471 471 658 1975 680 680 658 1976 687 687 659 1977 688 688 659 1978 689 689 659 1979 687 687 660 1980 689 689 660 1981 686 686 660 1982 682 682 661 1983 690 690 661 1984 691 691 661 1985 682 682 662 1986 691 691 662 1987 683 683 662 1988 694 694 663 1989 700 700 663 1990 701 701 663 1991 694 694 664 1992 701 701 664 1993 695 695 664 1994 696 696 665 1995 704 704 665 1996 705 705 665 1997 696 696 666 1998 705 705 666 1999 697 697 666 2000 706 706 667 2001 717 717 667 2002 716 716 667 2003 706 706 668 2004 716 716 668 2005 707 707 668 2006 712 712 669 2007 719 719 669 2008 718 718 669 2009 712 712 670 2010 718 718 670 2011 713 713 670 2012 684 684 671 2013 721 721 671 2014 720 720 671 2015 684 684 672 2016 720 720 672 2017 685 685 672 2018 692 692 673 2019 725 725 673 2020 724 724 673 2021 692 692 674 2022 724 724 674 2023 693 693 674 2024 722 722 675 2025 699 699 675 2026 698 698 675 2027 722 722 676 2028 698 698 676 2029 723 723 676 2030 690 690 677 2031 682 682 677 2032 245 245 677 2033 690 690 678 2034 245 245 678 2035 246 246 678 2036 682 682 679 2037 685 685 679 2038 244 244 679 2039 682 682 680 2040 244 244 680 2041 245 245 680 2042 40 40 681 2043 39 39 681 2044 683 683 681 2045 40 40 682 2046 683 683 682 2047 691 691 682 2048 39 39 683 2049 38 38 683 2050 684 684 683 2051 39 39 684 2052 684 684 684 2053 683 683 684 2054 38 38 685 2055 402 402 685 2056 721 721 685 2057 38 38 686 2058 721 721 686 2059 684 684 686 2060 685 685 687 2061 720 720 687 2062 419 419 687 2063 685 685 688 2064 419 419 688 2065 244 244 688 2066 694 694 689 2067 686 686 689 2068 252 252 689 2069 694 694 690 2070 252 252 690 2071 253 253 690 2072 686 686 691 2073 689 689 691 2074 251 251 691 2075 686 686 692 2076 251 251 692 2077 252 252 692 2078 47 47 693 2079 46 46 693 2080 687 687 693 2081 47 47 694 2082 687 687 694 2083 695 695 694 2084 46 46 695 2085 45 45 695 2086 688 688 695 2087 46 46 696 2088 688 688 696 2089 687 687 696 2090 689 689 697 2091 714 714 697 2092 250 250 697 2093 689 689 698 2094 250 250 698 2095 251 251 698 2096 45 45 699 2097 44 44 699 2098 715 715 699 2099 45 45 700 2100 715 715 700 2101 688 688 700 2102 696 696 701 2103 690 690 701 2104 246 246 701 2105 696 696 702 2106 246 246 702 2107 247 247 702 2108 41 41 703 2109 40 40 703 2110 691 691 703 2111 41 41 704 2112 691 691 704 2113 697 697 704 2114 725 725 705 2115 692 692 705 2116 239 239 705 2117 725 725 706 2118 239 239 706 2119 462 462 706 2120 427 427 707 2121 13 13 707 2122 693 693 707 2123 427 427 708 2124 693 693 708 2125 724 724 708 2126 700 700 709 2127 694 694 709 2128 253 253 709 2129 700 700 710 2130 253 253 710 2131 254 254 710 2132 48 48 711 2133 47 47 711 2134 695 695 711 2135 48 48 712 2136 695 695 712 2137 701 701 712 2138 704 704 713 2139 696 696 713 2140 247 247 713 2141 704 704 714 2142 247 247 714 2143 248 248 714 2144 42 42 715 2145 41 41 715 2146 697 697 715 2147 42 42 716 2148 697 697 716 2149 705 705 716 2150 699 699 717 2151 722 722 717 2152 461 461 717 2153 699 699 718 2154 461 461 718 2155 241 241 718 2156 706 706 719 2157 699 699 719 2158 241 241 719 2159 706 706 720 2160 241 241 720 2161 242 242 720 2162 35 35 721 2163 34 34 721 2164 698 698 721 2165 35 35 722 2166 698 698 722 2167 707 707 722 2168 34 34 723 2169 428 428 723 2170 723 723 723 2171 34 34 724 2172 723 723 724 2173 698 698 724 2174 708 708 725 2175 700 700 725 2176 254 254 725 2177 708 708 726 2178 254 254 726 2179 255 255 726 2180 49 49 727 2181 48 48 727 2182 701 701 727 2183 49 49 728 2184 701 701 728 2185 709 709 728 2186 710 710 729 2187 704 704 729 2188 248 248 729 2189 710 710 730 2190 248 248 730 2191 249 249 730 2192 43 43 731 2193 42 42 731 2194 705 705 731 2195 43 43 732 2196 705 705 732 2197 711 711 732 2198 717 717 733 2199 706 706 733 2200 242 242 733 2201 717 717 734 2202 242 242 734 2203 354 354 734 2204 347 347 735 2205 35 35 735 2206 707 707 735 2207 347 347 736 2208 707 707 736 2209 716 716 736 2210 712 712 737 2211 717 717 737 2212 354 354 737 2213 712 712 738 2214 354 354 738 2215 243 243 738 2216 36 36 739 2217 347 347 739 2218 716 716 739 2219 36 36 740 2220 716 716 740 2221 713 713 740 2222 356 356 741 2223 36 36 741 2224 713 713 741 2225 356 356 742 2226 713 713 742 2227 718 718 742 2228 719 719 743 2229 712 712 743 2230 243 243 743 2231 719 719 744 2232 243 243 744 2233 373 373 744 2234 461 461 745 2235 722 722 745 2236 725 725 745 2237 461 461 746 2238 725 725 746 2239 462 462 746 2240 728 728 747 2241 732 732 747 2242 734 734 747 2243 728 728 748 2244 734 734 748 2245 729 729 748 2246 733 733 749 2247 741 741 749 2248 738 738 749 2249 733 733 750 2250 738 738 750 2251 735 735 750 2252 743 743 751 2253 744 744 751 2254 745 745 751 2255 743 743 752 2256 745 745 752 2257 742 742 752 2258 730 730 753 2259 743 743 753 2260 742 742 753 2261 730 730 754 2262 742 742 754 2263 731 731 754 2264 744 744 755 2265 727 727 755 2266 726 726 755 2267 744 744 756 2268 726 726 756 2269 745 745 756 2270 726 726 757 2271 43 43 757 2272 711 711 757 2273 726 726 758 2274 711 711 758 2275 745 745 758 2276 150 150 759 2277 43 43 759 2278 726 726 759 2279 150 150 760 2280 726 726 760 2281 729 729 760 2282 728 728 761 2283 727 727 761 2284 44 44 761 2285 728 728 762 2286 44 44 762 2287 162 162 762 2288 44 44 763 2289 727 727 763 2290 744 744 763 2291 44 44 764 2292 744 744 764 2293 715 715 764 2294 326 326 765 2295 150 150 765 2296 729 729 765 2297 734 734 766 2298 297 297 766 2299 295 295 766 2300 295 295 767 2301 326 326 767 2302 729 729 767 2303 729 729 768 2304 734 734 768 2305 295 295 768 2306 290 290 769 2307 732 732 769 2308 728 728 769 2309 728 728 770 2310 162 162 770 2311 324 324 770 2312 290 290 771 2313 728 728 771 2314 324 324 771 2315 742 742 772 2316 710 710 772 2317 249 249 772 2318 742 742 773 2319 249 249 773 2320 731 731 773 2321 714 714 774 2322 743 743 774 2323 730 730 774 2324 714 714 775 2325 730 730 775 2326 250 250 775 2327 740 740 776 2328 732 732 776 2329 290 290 776 2330 296 296 777 2331 734 734 777 2332 736 736 777 2333 710 710 778 2334 742 742 778 2335 745 745 778 2336 710 710 779 2337 745 745 779 2338 711 711 779 2339 743 743 780 2340 714 714 780 2341 715 715 780 2342 743 743 781 2343 715 715 781 2344 744 744 781 2345 779 779 782 2346 780 780 782 2347 781 781 782 2348 779 779 783 2349 781 781 783 2350 778 778 783 2351 775 775 784 2352 777 777 784 2353 776 776 784 2354 775 775 785 2355 776 776 785 2356 774 774 785 2357 791 791 786 2358 769 769 786 2359 768 768 786 2360 791 791 787 2361 768 768 787 2362 790 790 787 2363 763 763 788 2364 764 764 788 2365 765 765 788 2366 763 763 789 2367 765 765 789 2368 762 762 789 2369 787 787 790 2370 760 760 790 2371 761 761 790 2372 787 787 791 2373 761 761 791 2374 786 786 791 2375 793 793 792 2376 758 758 792 2377 759 759 792 2378 793 793 793 2379 759 759 793 2380 792 792 793 2381 755 755 794 2382 756 756 794 2383 757 757 794 2384 755 755 795 2385 757 757 795 2386 754 754 795 2387 750 750 796 2388 753 753 796 2389 752 752 796 2390 750 750 797 2391 752 752 797 2392 751 751 797 2393 758 758 798 2394 787 787 798 2395 786 786 798 2396 758 758 799 2397 786 786 799 2398 759 759 799 2399 766 766 800 2400 791 791 800 2401 790 790 800 2402 766 766 801 2403 790 790 801 2404 767 767 801 2405 746 746 802 2406 797 797 802 2407 796 796 802 2408 746 746 803 2409 796 796 803 2410 747 747 803 2411 794 794 804 2412 781 781 804 2413 780 780 804 2414 794 794 805 2415 780 780 805 2416 795 795 805 2417 799 799 806 2418 800 800 806 2419 801 801 806 2420 799 799 807 2421 801 801 807 2422 798 798 807 2423 772 772 808 2424 801 801 808 2425 800 800 808 2426 772 772 809 2427 800 800 809 2428 773 773 809 2429 798 798 810 2430 771 771 810 2431 770 770 810 2432 798 798 811 2433 770 770 811 2434 799 799 811 2435 803 803 812 2436 804 804 812 2437 805 805 812 2438 803 803 813 2439 805 805 813 2440 802 802 813 2441 802 802 814 2442 757 757 814 2443 756 756 814 2444 802 802 815 2445 756 756 815 2446 803 803 815 2447 804 804 816 2448 793 793 816 2449 792 792 816 2450 804 804 817 2451 792 792 817 2452 805 805 817 2453 807 807 818 2454 808 808 818 2455 809 809 818 2456 807 807 819 2457 809 809 819 2458 806 806 819 2459 782 782 820 2460 807 807 820 2461 806 806 820 2462 782 782 821 2463 806 806 821 2464 783 783 821 2465 748 748 822 2466 809 809 822 2467 808 808 822 2468 748 748 823 2469 808 808 823 2470 749 749 823 2471 747 747 824 2472 796 796 824 2473 560 560 824 2474 747 747 825 2475 560 560 825 2476 403 403 825 2477 357 357 826 2478 558 558 826 2479 797 797 826 2480 357 357 827 2481 797 797 827 2482 746 746 827 2483 748 748 828 2484 356 356 828 2485 718 718 828 2486 748 748 829 2487 718 718 829 2488 809 809 829 2489 355 355 830 2490 356 356 830 2491 748 748 830 2492 355 355 831 2493 748 748 831 2494 751 751 831 2495 750 750 832 2496 749 749 832 2497 402 402 832 2498 750 750 833 2499 402 402 833 2500 401 401 833 2501 402 402 834 2502 749 749 834 2503 808 808 834 2504 402 402 835 2505 808 808 835 2506 721 721 835 2507 372 372 836 2508 355 355 836 2509 751 751 836 2510 372 372 837 2511 751 751 837 2512 752 752 837 2513 753 753 838 2514 750 750 838 2515 401 401 838 2516 753 753 839 2517 401 401 839 2518 418 418 839 2519 755 755 840 2520 753 753 840 2521 418 418 840 2522 755 755 841 2523 418 418 841 2524 417 417 841 2525 371 371 842 2526 372 372 842 2527 752 752 842 2528 371 371 843 2529 752 752 843 2530 754 754 843 2531 756 756 844 2532 755 755 844 2533 417 417 844 2534 756 756 845 2535 417 417 845 2536 416 416 845 2537 370 370 846 2538 371 371 846 2539 754 754 846 2540 370 370 847 2541 754 754 847 2542 757 757 847 2543 803 803 848 2544 756 756 848 2545 416 416 848 2546 803 803 849 2547 416 416 849 2548 677 677 849 2549 675 675 850 2550 370 370 850 2551 757 757 850 2552 675 675 851 2553 757 757 851 2554 802 802 851 2555 758 758 852 2556 793 793 852 2557 424 424 852 2558 758 758 853 2559 424 424 853 2560 415 415 853 2561 369 369 854 2562 400 400 854 2563 792 792 854 2564 369 369 855 2565 792 792 855 2566 759 759 855 2567 375 375 856 2568 369 369 856 2569 759 759 856 2570 375 375 857 2571 759 759 857 2572 786 786 857 2573 787 787 858 2574 758 758 858 2575 415 415 858 2576 787 787 859 2577 415 415 859 2578 421 421 859 2579 760 760 860 2580 787 787 860 2581 421 421 860 2582 760 760 861 2583 421 421 861 2584 414 414 861 2585 368 368 862 2586 375 375 862 2587 786 786 862 2588 368 368 863 2589 786 786 863 2590 761 761 863 2591 376 376 864 2592 368 368 864 2593 761 761 864 2594 376 376 865 2595 761 761 865 2596 788 788 865 2597 789 789 866 2598 760 760 866 2599 414 414 866 2600 789 789 867 2601 414 414 867 2602 422 422 867 2603 764 764 868 2604 763 763 868 2605 413 413 868 2606 764 764 869 2607 413 413 869 2608 412 412 869 2609 366 366 870 2610 367 367 870 2611 762 762 870 2612 366 366 871 2613 762 762 871 2614 765 765 871 2615 763 763 872 2616 789 789 872 2617 422 422 872 2618 763 763 873 2619 422 422 873 2620 413 413 873 2621 367 367 874 2622 376 376 874 2623 788 788 874 2624 367 367 875 2625 788 788 875 2626 762 762 875 2627 374 374 876 2628 366 366 876 2629 765 765 876 2630 374 374 877 2631 765 765 877 2632 784 784 877 2633 785 785 878 2634 764 764 878 2635 412 412 878 2636 785 785 879 2637 412 412 879 2638 420 420 879 2639 766 766 880 2640 785 785 880 2641 420 420 880 2642 766 766 881 2643 420 420 881 2644 411 411 881 2645 365 365 882 2646 374 374 882 2647 784 784 882 2648 365 365 883 2649 784 784 883 2650 767 767 883 2651 391 391 884 2652 365 365 884 2653 767 767 884 2654 391 391 885 2655 767 767 885 2656 790 790 885 2657 791 791 886 2658 766 766 886 2659 411 411 886 2660 791 791 887 2661 411 411 887 2662 423 423 887 2663 770 770 888 2664 769 769 888 2665 410 410 888 2666 770 770 889 2667 410 410 889 2668 409 409 889 2669 363 363 890 2670 364 364 890 2671 768 768 890 2672 363 363 891 2673 768 768 891 2674 771 771 891 2675 769 769 892 2676 791 791 892 2677 423 423 892 2678 769 769 893 2679 423 423 893 2680 410 410 893 2681 364 364 894 2682 391 391 894 2683 790 790 894 2684 364 364 895 2685 790 790 895 2686 768 768 895 2687 799 799 896 2688 770 770 896 2689 409 409 896 2690 799 799 897 2691 409 409 897 2692 645 645 897 2693 643 643 898 2694 363 363 898 2695 771 771 898 2696 643 643 899 2697 771 771 899 2698 798 798 899 2699 775 775 900 2700 773 773 900 2701 408 408 900 2702 775 775 901 2703 408 408 901 2704 407 407 901 2705 773 773 902 2706 800 800 902 2707 644 644 902 2708 773 773 903 2709 644 644 903 2710 408 408 903 2711 361 361 904 2712 362 362 904 2713 772 772 904 2714 361 361 905 2715 772 772 905 2716 774 774 905 2717 362 362 906 2718 642 642 906 2719 801 801 906 2720 362 362 907 2721 801 801 907 2722 772 772 907 2723 777 777 908 2724 775 775 908 2725 407 407 908 2726 777 777 909 2727 407 407 909 2728 406 406 909 2729 360 360 910 2730 361 361 910 2731 774 774 910 2732 360 360 911 2733 774 774 911 2734 776 776 911 2735 779 779 912 2736 777 777 912 2737 406 406 912 2738 779 779 913 2739 406 406 913 2740 405 405 913 2741 359 359 914 2742 360 360 914 2743 776 776 914 2744 359 359 915 2745 776 776 915 2746 778 778 915 2747 780 780 916 2748 779 779 916 2749 405 405 916 2750 780 780 917 2751 405 405 917 2752 404 404 917 2753 358 358 918 2754 359 359 918 2755 778 778 918 2756 358 358 919 2757 778 778 919 2758 781 781 919 2759 795 795 920 2760 780 780 920 2761 404 404 920 2762 795 795 921 2763 404 404 921 2764 561 561 921 2765 559 559 922 2766 358 358 922 2767 781 781 922 2768 559 559 923 2769 781 781 923 2770 794 794 923 2771 806 806 924 2772 719 719 924 2773 373 373 924 2774 806 806 925 2775 373 373 925 2776 783 783 925 2777 720 720 926 2778 807 807 926 2779 782 782 926 2780 720 720 927 2781 782 782 927 2782 419 419 927 2783 793 793 928 2784 804 804 928 2785 676 676 928 2786 793 793 929 2787 676 676 929 2788 424 424 929 2789 400 400 930 2790 674 674 930 2791 805 805 930 2792 400 400 931 2793 805 805 931 2794 792 792 931 2795 559 559 932 2796 794 794 932 2797 797 797 932 2798 559 559 933 2799 797 797 933 2800 558 558 933 2801 643 643 934 2802 798 798 934 2803 801 801 934 2804 643 643 935 2805 801 801 935 2806 642 642 935 2807 799 799 936 2808 645 645 936 2809 644 644 936 2810 799 799 937 2811 644 644 937 2812 800 800 937 2813 675 675 938 2814 802 802 938 2815 805 805 938 2816 675 675 939 2817 805 805 939 2818 674 674 939 2819 803 803 940 2820 677 677 940 2821 676 676 940 2822 803 803 941 2823 676 676 941 2824 804 804 941 2825 719 719 942 2826 806 806 942 2827 809 809 942 2828 719 719 943 2829 809 809 943 2830 718 718 943 2831 721 721 944 2832 808 808 944 2833 807 807 944 2834 721 721 945 2835 807 807 945 2836 720 720 945 2837 843 843 946 2838 844 844 946 2839 845 845 946 2840 843 843 947 2841 845 845 947 2842 842 842 947 2843 839 839 948 2844 841 841 948 2845 840 840 948 2846 839 839 949 2847 840 840 949 2848 838 838 949 2849 851 851 950 2850 833 833 950 2851 832 832 950 2852 851 851 951 2853 832 832 951 2854 850 850 951 2855 827 827 952 2856 828 828 952 2857 829 829 952 2858 827 827 953 2859 829 829 953 2860 826 826 953 2861 823 823 954 2862 825 825 954 2863 824 824 954 2864 823 823 955 2865 824 824 955 2866 822 822 955 2867 819 819 956 2868 821 821 956 2869 820 820 956 2870 819 819 957 2871 820 820 957 2872 818 818 957 2873 814 814 958 2874 817 817 958 2875 816 816 958 2876 814 814 959 2877 816 816 959 2878 815 815 959 2879 853 853 960 2880 851 851 960 2881 850 850 960 2882 853 853 961 2883 850 850 961 2884 852 852 961 2885 854 854 962 2886 845 845 962 2887 844 844 962 2888 854 854 963 2889 844 844 963 2890 855 855 963 2891 810 810 964 2892 857 857 964 2893 856 856 964 2894 810 810 965 2895 856 856 965 2896 811 811 965 2897 859 859 966 2898 860 860 966 2899 861 861 966 2900 859 859 967 2901 861 861 967 2902 858 858 967 2903 858 858 968 2904 835 835 968 2905 834 834 968 2906 858 858 969 2907 834 834 969 2908 859 859 969 2909 836 836 970 2910 861 861 970 2911 860 860 970 2912 836 836 971 2913 860 860 971 2914 837 837 971 2915 863 863 972 2916 864 864 972 2917 865 865 972 2918 863 863 973 2919 865 865 973 2920 862 862 973 2921 864 864 974 2922 847 847 974 2923 846 846 974 2924 864 864 975 2925 846 846 975 2926 865 865 975 2927 812 812 976 2928 863 863 976 2929 862 862 976 2930 812 812 977 2931 862 862 977 2932 813 813 977 2933 17 17 978 2934 538 538 978 2935 857 857 978 2936 17 17 979 2937 857 857 979 2938 810 810 979 2939 811 811 980 2940 856 856 980 2941 509 509 980 2942 811 811 981 2943 509 509 981 2944 14 14 981 2945 190 190 982 2946 49 49 982 2947 812 812 982 2948 190 190 983 2949 812 812 983 2950 815 815 983 2951 814 814 984 2952 813 813 984 2953 15 15 984 2954 814 814 985 2955 15 15 985 2956 66 66 985 2957 812 812 986 2958 49 49 986 2959 709 709 986 2960 812 812 987 2961 709 709 987 2962 863 863 987 2963 15 15 988 2964 813 813 988 2965 862 862 988 2966 15 15 989 2967 862 862 989 2968 702 702 989 2969 817 817 990 2970 814 814 990 2971 66 66 990 2972 817 817 991 2973 66 66 991 2974 67 67 991 2975 191 191 992 2976 190 190 992 2977 815 815 992 2978 191 191 993 2979 815 815 993 2980 816 816 993 2981 192 192 994 2982 191 191 994 2983 816 816 994 2984 192 192 995 2985 816 816 995 2986 818 818 995 2987 819 819 996 2988 817 817 996 2989 67 67 996 2990 819 819 997 2991 67 67 997 2992 68 68 997 2993 193 193 998 2994 192 192 998 2995 818 818 998 2996 193 193 999 2997 818 818 999 2998 820 820 999 2999 821 821 1000 3000 819 819 1000 3001 68 68 1000 3002 821 821 1001 3003 68 68 1001 3004 69 69 1001 3005 195 195 1002 3006 194 194 1002 3007 822 822 1002 3008 195 195 1003 3009 822 822 1003 3010 824 824 1003 3011 825 825 1004 3012 823 823 1004 3013 70 70 1004 3014 825 825 1005 3015 70 70 1005 3016 71 71 1005 3017 196 196 1006 3018 195 195 1006 3019 824 824 1006 3020 196 196 1007 3021 824 824 1007 3022 826 826 1007 3023 827 827 1008 3024 825 825 1008 3025 71 71 1008 3026 827 827 1009 3027 71 71 1009 3028 72 72 1009 3029 197 197 1010 3030 196 196 1010 3031 826 826 1010 3032 197 197 1011 3033 826 826 1011 3034 829 829 1011 3035 828 828 1012 3036 827 827 1012 3037 72 72 1012 3038 828 828 1013 3039 72 72 1013 3040 73 73 1013 3041 849 849 1014 3042 828 828 1014 3043 73 73 1014 3044 849 849 1015 3045 73 73 1015 3046 338 338 1015 3047 331 331 1016 3048 197 197 1016 3049 829 829 1016 3050 331 331 1017 3051 829 829 1017 3052 848 848 1017 3053 198 198 1018 3054 331 331 1018 3055 848 848 1018 3056 198 198 1019 3057 848 848 1019 3058 831 831 1019 3059 830 830 1020 3060 849 849 1020 3061 338 338 1020 3062 830 830 1021 3063 338 338 1021 3064 74 74 1021 3065 853 853 1022 3066 830 830 1022 3067 74 74 1022 3068 853 853 1023 3069 74 74 1023 3070 505 505 1023 3071 504 504 1024 3072 198 198 1024 3073 831 831 1024 3074 504 504 1025 3075 831 831 1025 3076 852 852 1025 3077 199 199 1026 3078 377 377 1026 3079 850 850 1026 3080 199 199 1027 3081 850 850 1027 3082 832 832 1027 3083 200 200 1028 3084 199 199 1028 3085 832 832 1028 3086 200 200 1029 3087 832 832 1029 3088 835 835 1029 3089 635 635 1030 3090 200 200 1030 3091 835 835 1030 3092 635 635 1031 3093 835 835 1031 3094 858 858 1031 3095 859 859 1032 3096 834 834 1032 3097 75 75 1032 3098 859 859 1033 3099 75 75 1033 3100 604 604 1033 3101 201 201 1034 3102 634 634 1034 3103 861 861 1034 3104 201 201 1035 3105 861 861 1035 3106 836 836 1035 3107 202 202 1036 3108 201 201 1036 3109 836 836 1036 3110 202 202 1037 3111 836 836 1037 3112 838 838 1037 3113 839 839 1038 3114 837 837 1038 3115 76 76 1038 3116 839 839 1039 3117 76 76 1039 3118 77 77 1039 3119 837 837 1040 3120 860 860 1040 3121 605 605 1040 3122 837 837 1041 3123 605 605 1041 3124 76 76 1041 3125 203 203 1042 3126 202 202 1042 3127 838 838 1042 3128 203 203 1043 3129 838 838 1043 3130 840 840 1043 3131 841 841 1044 3132 839 839 1044 3133 77 77 1044 3134 841 841 1045 3135 77 77 1045 3136 78 78 1045 3137 204 204 1046 3138 203 203 1046 3139 840 840 1046 3140 204 204 1047 3141 840 840 1047 3142 842 842 1047 3143 843 843 1048 3144 841 841 1048 3145 78 78 1048 3146 843 843 1049 3147 78 78 1049 3148 79 79 1049 3149 205 205 1050 3150 204 204 1050 3151 842 842 1050 3152 205 205 1051 3153 842 842 1051 3154 845 845 1051 3155 844 844 1052 3156 843 843 1052 3157 79 79 1052 3158 844 844 1053 3159 79 79 1053 3160 80 80 1053 3161 539 539 1054 3162 205 205 1054 3163 845 845 1054 3164 539 539 1055 3165 845 845 1055 3166 854 854 1055 3167 855 855 1056 3168 844 844 1056 3169 80 80 1056 3170 855 855 1057 3171 80 80 1057 3172 508 508 1057 3173 703 703 1058 3174 865 865 1058 3175 846 846 1058 3176 703 703 1059 3177 846 846 1059 3178 240 240 1059 3179 864 864 1060 3180 708 708 1060 3181 255 255 1060 3182 864 864 1061 3183 255 255 1061 3184 847 847 1061 3185 851 851 1062 3186 853 853 1062 3187 505 505 1062 3188 851 851 1063 3189 505 505 1063 3190 384 384 1063 3191 377 377 1064 3192 504 504 1064 3193 852 852 1064 3194 377 377 1065 3195 852 852 1065 3196 850 850 1065 3197 539 539 1066 3198 854 854 1066 3199 857 857 1066 3200 539 539 1067 3201 857 857 1067 3202 538 538 1067 3203 635 635 1068 3204 858 858 1068 3205 861 861 1068 3206 635 635 1069 3207 861 861 1069 3208 634 634 1069 3209 605 605 1070 3210 860 860 1070 3211 859 859 1070 3212 605 605 1071 3213 859 859 1071 3214 604 604 1071 3215 702 702 1072 3216 862 862 1072 3217 865 865 1072 3218 702 702 1073 3219 865 865 1073 3220 703 703 1073 3221 863 863 1074 3222 709 709 1074 3223 708 708 1074 3224 863 863 1075 3225 708 708 1075 3226 864 864 1075 3227 869 869 1076 3228 871 871 1076 3229 870 870 1076 3230 869 869 1077 3231 870 870 1077 3232 868 868 1077 3233 877 877 1078 3234 878 878 1078 3235 879 879 1078 3236 877 877 1079 3237 879 879 1079 3238 876 876 1079 3239 876 876 1080 3240 873 873 1080 3241 872 872 1080 3242 876 876 1081 3243 872 872 1081 3244 877 877 1081 3245 866 866 1082 3246 879 879 1082 3247 878 878 1082 3248 866 866 1083 3249 878 878 1083 3250 867 867 1083 3251 823 823 1084 3252 879 879 1084 3253 866 866 1084 3254 823 823 1085 3255 866 866 1085 3256 70 70 1085 3257 878 878 1086 3258 821 821 1086 3259 69 69 1086 3260 878 878 1087 3261 69 69 1087 3262 867 867 1087 3263 268 268 1088 3264 875 875 1088 3265 868 868 1088 3266 868 868 1089 3267 181 181 1089 3268 319 319 1089 3269 868 868 1090 3270 319 319 1090 3271 268 268 1090 3272 181 181 1091 3273 868 868 1091 3274 870 870 1091 3275 181 181 1092 3276 870 870 1092 3277 186 186 1092 3278 869 869 1093 3279 180 180 1093 3280 185 185 1093 3281 869 869 1094 3282 185 185 1094 3283 871 871 1094 3284 270 270 1095 3285 321 321 1095 3286 180 180 1095 3287 180 180 1096 3288 869 869 1096 3289 874 874 1096 3290 180 180 1097 3291 874 874 1097 3292 270 270 1097 3293 186 186 1098 3294 870 870 1098 3295 873 873 1098 3296 186 186 1099 3297 873 873 1099 3298 194 194 1099 3299 871 871 1100 3300 185 185 1100 3301 193 193 1100 3302 871 871 1101 3303 193 193 1101 3304 872 872 1101 3305 194 194 1102 3306 873 873 1102 3307 876 876 1102 3308 194 194 1103 3309 876 876 1103 3310 822 822 1103 3311 872 872 1104 3312 193 193 1104 3313 820 820 1104 3314 872 872 1105 3315 820 820 1105 3316 877 877 1105 3317 268 268 1106 3318 266 266 1106 3319 267 267 1106 3320 320 320 1107 3321 275 275 1107 3322 274 274 1107 3323 268 268 1108 3324 267 267 1108 3325 320 320 1108 3326 874 874 1109 3327 875 875 1109 3328 268 268 1109 3329 269 269 1110 3330 270 270 1110 3331 874 874 1110 3332 322 322 1111 3333 271 271 1111 3334 269 269 1111 3335 276 276 1112 3336 277 277 1112 3337 322 322 1112 3338 278 278 1113 3339 279 279 1113 3340 276 276 1113 3341 284 284 1114 3342 285 285 1114 3343 278 278 1114 3344 286 286 1115 3345 287 287 1115 3346 284 284 1115 3347 303 303 1116 3348 304 304 1116 3349 294 294 1116 3350 301 301 1117 3351 302 302 1117 3352 303 303 1117 3353 311 311 1118 3354 312 312 1118 3355 301 301 1118 3356 310 310 1119 3357 309 309 1119 3358 311 311 1119 3359 316 316 1120 3360 318 318 1120 3361 310 310 1120 3362 671 671 1121 3363 317 317 1121 3364 316 316 1121 3365 315 315 1122 3366 670 670 1122 3367 671 671 1122 3368 314 314 1123 3369 313 313 1123 3370 315 315 1123 3371 308 308 1124 3372 307 307 1124 3373 314 314 1124 3374 306 306 1125 3375 305 305 1125 3376 308 308 1125 3377 299 299 1126 3378 300 300 1126 3379 327 327 1126 3380 327 327 1127 3381 306 306 1127 3382 308 308 1127 3383 308 308 1128 3384 314 314 1128 3385 315 315 1128 3386 315 315 1129 3387 671 671 1129 3388 316 316 1129 3389 316 316 1130 3390 310 310 1130 3391 311 311 1130 3392 311 311 1131 3393 301 301 1131 3394 303 303 1131 3395 303 303 1132 3396 294 294 1132 3397 295 295 1132 3398 311 311 1133 3399 303 303 1133 3400 295 295 1133 3401 315 315 1134 3402 316 316 1134 3403 311 311 1134 3404 327 327 1135 3405 308 308 1135 3406 315 315 1135 3407 298 298 1136 3408 299 299 1136 3409 327 327 1136 3410 291 291 1137 3411 293 293 1137 3412 298 298 1137 3413 291 291 1138 3414 298 298 1138 3415 327 327 1138 3416 327 327 1139 3417 315 315 1139 3418 311 311 1139 3419 290 290 1140 3420 286 286 1140 3421 284 284 1140 3422 284 284 1141 3423 278 278 1141 3424 276 276 1141 3425 276 276 1142 3426 322 322 1142 3427 269 269 1142 3428 269 269 1143 3429 874 874 1143 3430 268 268 1143 3431 268 268 1144 3432 320 320 1144 3433 274 274 1144 3434 274 274 1145 3435 273 273 1145 3436 272 272 1145 3437 272 272 1146 3438 283 283 1146 3439 282 282 1146 3440 282 282 1147 3441 281 281 1147 3442 323 323 1147 3443 291 291 1148 3444 327 327 1148 3445 311 311 1148 3446 290 290 1149 3447 284 284 1149 3448 276 276 1149 3449 276 276 1150 3450 269 269 1150 3451 268 268 1150 3452 268 268 1151 3453 274 274 1151 3454 272 272 1151 3455 272 272 1152 3456 282 282 1152 3457 323 323 1152 3458 291 291 1153 3459 311 311 1153 3460 295 295 1153 3461 272 272 1154 3462 323 323 1154 3463 289 289 1154 3464 276 276 1155 3465 268 268 1155 3466 272 272 1155 3467 272 272 1156 3468 289 289 1156 3469 288 288 1156 3470 290 290 1157 3471 276 276 1157 3472 272 272 1157 3473 290 290 1158 3474 272 272 1158 3475 288 288 1158 3476 739 739 1159 3477 290 290 1159 3478 288 288 1159 3479 737 737 1160 3480 739 739 1160 3481 288 288 1160 3482 590 590 1161 3483 592 592 1161 3484 291 291 1161 3485 737 737 1162 3486 288 288 1162 3487 590 590 1162 3488 590 590 1163 3489 291 291 1163 3490 295 295 1163 3491 296 296 1164 3492 737 737 1164 3493 590 590 1164 3494 590 590 1165 3495 295 295 1165 3496 296 296 1165 3497 821 821 1166 3498 878 878 1166 3499 877 877 1166 3500 821 821 1167 3501 877 877 1167 3502 820 820 1167 3503 879 879 1168 3504 823 823 1168 3505 822 822 1168 3506 879 879 1169 3507 822 822 1169 3508 876 876 1169 3509 880 880 1170 3510 881 881 1170 3511 882 882 1170 3512 889 889 1171 3513 890 890 1171 3514 891 891 1171 3515 880 880 1172 3516 883 883 1172 3517 884 884 1172 3518 880 880 1173 3519 884 884 1173 3520 881 881 1173 3521 885 885 1174 3522 887 887 1174 3523 888 888 1174 3524 885 885 1175 3525 888 888 1175 3526 886 886 1175 3527 75 75 1176 3528 834 834 1176 3529 833 833 1176 3530 833 833 1177 3531 882 882 1177 3532 881 881 1177 3533 833 833 1178 3534 881 881 1178 3535 75 75 1178 3536 880 880 1179 3537 384 384 1179 3538 385 385 1179 3539 880 880 1180 3540 385 385 1180 3541 883 883 1180 3542 75 75 1181 3543 881 881 1181 3544 884 884 1181 3545 75 75 1182 3546 884 884 1182 3547 210 210 1182 3548 882 882 1183 3549 833 833 1183 3550 851 851 1183 3551 851 851 1184 3552 384 384 1184 3553 880 880 1184 3554 851 851 1185 3555 880 880 1185 3556 882 882 1185 3557 210 210 1186 3558 884 884 1186 3559 886 886 1186 3560 210 210 1187 3561 886 886 1187 3562 209 209 1187 3563 883 883 1188 3564 385 385 1188 3565 386 386 1188 3566 883 883 1189 3567 386 386 1189 3568 885 885 1189 3569 209 209 1190 3570 886 886 1190 3571 888 888 1190 3572 209 209 1191 3573 888 888 1191 3574 208 208 1191 3575 885 885 1192 3576 386 386 1192 3577 387 387 1192 3578 885 885 1193 3579 387 387 1193 3580 887 887 1193 3581 208 208 1194 3582 888 888 1194 3583 889 889 1194 3584 208 208 1195 3585 889 889 1195 3586 207 207 1195 3587 887 887 1196 3588 387 387 1196 3589 388 388 1196 3590 887 887 1197 3591 388 388 1197 3592 890 890 1197 3593 206 206 1198 3594 207 207 1198 3595 889 889 1198 3596 889 889 1199 3597 891 891 1199 3598 211 211 1199 3599 889 889 1200 3600 211 211 1200 3601 206 206 1200 3602 211 211 1201 3603 891 891 1201 3604 890 890 1201 3605 890 890 1202 3606 388 388 1202 3607 389 389 1202 3608 890 890 1203 3609 389 389 1203 3610 211 211 1203 3611</p>
                </triangles>
            </mesh>
        </geometry>
    </library_geometries>
    <library_visual_scenes>
        <visual_scene id="VisualSceneNode" name="VisualScene">
            <node id="node" name="node">
                <instance_geometry url="#shape0-lib">
                    <bind_material>
                        <technique_common>
                            <instance_material symbol="material0" target="#material0">
                                <bind_vertex_input semantic="UVSET0" input_semantic="TEXCOORD"/>
                            </instance_material>
                        </technique_common>
                    </bind_material>
                </instance_geometry>
            </node>
        </visual_scene>
    </library_visual_scenes>
    <scene>
        <instance_visual_scene url="#VisualSceneNode"/>
    </scene>
</COLLADA>
