<?xml version="1.0" encoding="UTF-8"?>
<COLLADA xmlns="http://www.collada.org/2005/11/COLLADASchema" version="1.4.1">
    <asset>
        <contributor>
            <author>VCGLab</author>
            <authoring_tool>VCGLib | MeshLab</authoring_tool>
        </contributor>
        <created>Mon May 4 17:15:03 2026 GMT</created>
        <modified>Mon May 4 17:15:03 2026 GMT</modified>
        <up_axis>Y_UP</up_axis>
    </asset>
    <library_images>
        <image id="texture0" name="texture0">
            <init_from>notexture.png</init_from>
        </image>
    </library_images>
    <library_materials>
        <material id="material0" name="material0">
            <instance_effect url="#material0-fx"/>
        </material>
    </library_materials>
    <library_effects>
        <effect id="material0-fx">
            <profile_COMMON>
                <newparam sid="texture0-surface">
                    <surface type="2D">
                        <init_from>texture0</init_from>
                        <format>R8G8B8</format>
                    </surface>
                </newparam>
                <newparam sid="texture0-sampler">
                    <sampler2D>
                        <source>texture0-surface</source>
                        <minfilter>LINEAR</minfilter>
                        <magfilter>LINEAR</magfilter>
                    </sampler2D>
                </newparam>
                <technique sid="common">
                    <blinn>
                        <diffuse>
                            <texture texture="texture0-sampler" texcoord="UVSET0"/>
                        </diffuse>
                    </blinn>
                </technique>
            </profile_COMMON>
        </effect>
    </library_effects>
    <library_geometries>
        <geometry id="shape0-lib" name="shape0">
            <mesh>
                <source id="shape0-lib-positions" name="position">
                    <float_array id="shape0-lib-positions-array" count="4122">-200 200 0 200 -200 0 -200 160 0 -200 140 0 -200 120 0 -200 100 0 -200 80 0 -200 40 0 -200 20 0 -200 -3.17865e-06 0 -200 -20 0 -200 -40 0 -200 -120 0 -200 -140 0 200 -180 0 200 -160 0 200 -140 0 200 -120 0 200 -80 0 200 -60 0 200 -40 0 200 -20 0 200 3.17865e-06 0 202.5 3.17865e-06 0 202.5 -20 0 202.5 -40 0 202.5 -60 0 202.5 -80 0 202.5 -120 0 200 -240 0 -60 -240 0 -40 -240 0 -20 -240 0 -4.3245e-07 -240 0 20 -240 0 60 -240 0 80 -240 0 100 -240 0 120 -240 0 140 -240 0 160 -240 0 -200 -10 0 200 -10 0 -200 -50 0 -200 10 0 220 0.500003 0 240 0.500002 0 260 0.500001 0 280 0.5 0 300 0.499999 0 320 0.499998 0 200 0.500003 0 -200 176.337 0 -200 183.663 0 -200 56 0 -200 64 0 200 -214.951 0 200 -222.951 0 44.0522 -240 0 35.9462 -240 0 184 -240 0 176 -240 0 200 -96 0 200 -104 0 -60 -240 0 -100 -260 0 -80 -260 0 -130 -240 0 -110 -260 0 -120 -250 0 -90 -260 0 320 0.499998 0 340 0.499997 0 -160 -200 0 -140 -200 0 -120 -200 0 -80 -200 0 -60 -200 0 -40 -200 0 -20 -200 0 3.17865e-06 -200 0 20 -200 0 60 -200 0 80 -200 0 100 -200 0 120 -200 0 140 -200 0 160 -200 0 200 40 0 200 80 0 200 100 0 200 120 0 200 140 0 200 160 0 -160 -180 0 -160 -160 0 -160 -140 0 -160 -120 0 -160 -80 0 -160 -60 0 -160 -40 0 -160 -20 0 -160 1.89148e-05 0 -160 20 0 -160 40 0 -160 80 0 -160 100 0 -160 120 0 -160 140 0 -160 160 0 -140 -180 0 -140 -160 0 -140 -140 0 -140 -120 0 -140 -80 0 -140 -60 0 -140 -40 0 -140 -20 0 -140 1.80405e-05 0 -140 20 0 -140 40 0 -140 80 0 -140 100 0 -140 120 0 -140 140 0 -140 160 0 -120 -180 0 -120 -160 0 -120 -140 0 -120 -120 0 -120 -80 0 -120 -60 0 -120 -40 0 -120 -20 0 -120 1.71663e-05 0 -120 20 0 -120 40 0 -120 80 0 -120 100 0 -120 120 0 -120 140 0 -120 160 0 -80 -180 0 -80 -160 0 -80 -140 0 -80 -120 0 -80 -80 0 -80 -60 0 -80 -40 0 -80 -20 0 -80 1.54178e-05 0 -80 20 0 -80 40 0 -80 80 0 -80 100 0 -80 120 0 -80 140 0 -80 160 0 -60 -180 0 -60 -160 0 -60 -140 0 -60 -120 0 -60 -80 0 -60 -60 0 -60 -40 0 -60 -20 0 -60 1.45436e-05 0 -60 20 0 -60 40 0 -60 80 0 -60 100 0 -60 120 0 -60 140 0 -60 160 0 -40 -180 0 -40 -160 0 -40 -140 0 -40 -120 0 -40 -80 0 -40 -60 0 -40 -40 0 -40 -20 0 -40 1.36694e-05 0 -40 20 0 -40 40 0 -40 80 0 -40 100 0 -40 120 0 -40 140 0 -40 160 0 -20 -180 0 -20 -160 0 -20 -140 0 -20 -60 0 -20 -40 0 -20 -20 0 -20 1.27952e-05 0 -20 20 0 -20 40 0 -20 80 0 -20 100 0 -20 120 0 -20 140 0 -20 160 0 2.86079e-06 -180 0 2.54292e-06 -160 0 6.3573e-07 -40 0 3.17865e-07 -20 0 -1.89462e-13 1.19209e-05 0 -3.17865e-07 20 0 -6.3573e-07 40 0 -1.27146e-06 80 0 -1.58933e-06 100 0 -1.90719e-06 120 0 -2.22506e-06 140 0 -2.54292e-06 160 0 20 -180 0 20 -20 0 20 1.10467e-05 0 20 20 0 20 40 0 20 80 0 20 100 0 20 120 0 20 140 0 20 160 0 60 -180 0 60 40 0 60 80 0 60 100 0 60 120 0 60 140 0 60 160 0 80 -180 0 80 -160 0 80 -40 0 80 -20 0 80 8.42402e-06 0 80 20 0 80 40 0 80 80 0 80 100 0 80 120 0 80 140 0 80 160 0 100 -180 0 100 -160 0 100 -140 0 100 -60 0 100 -40 0 100 -20 0 100 7.54979e-06 0 100 20 0 100 40 0 100 80 0 100 100 0 100 120 0 100 140 0 100 160 0 120 -180 0 120 -160 0 120 -140 0 120 -120 0 120 -80 0 120 -60 0 120 -40 0 120 -20 0 120 6.67556e-06 0 120 20 0 120 40 0 120 80 0 120 100 0 120 120 0 120 140 0 120 160 0 140 -180 0 140 -160 0 140 -140 0 140 -120 0 140 -80 0 140 -60 0 140 -40 0 140 -20 0 140 5.80133e-06 0 140 20 0 140 40 0 140 80 0 140 100 0 140 120 0 140 140 0 140 160 0 160 -180 0 160 -160 0 160 -140 0 160 -120 0 160 -80 0 160 -60 0 160 -40 0 160 -20 0 160 4.92711e-06 0 160 20 0 160 40 0 160 80 0 160 100 0 160 120 0 160 140 0 160 160 0 280 40 0 260 40 0 240 40 0 220 40 0 220 160 0 240 160 0 260 160 0 280 160 0 280 120 0 260 120 0 240 120 0 220 120 0 220 100 0 240 100 0 260 100 0 280 100 0 280 140 0 260 140 0 240 140 0 220 140 0 280 80 0 260 80 0 240 80 0 220 80 0 202.5 -140 0 202.5 -160 0 100 -64.4723 0 106.731 -80 0 104.672 -73.2122 0 106.731 -120 0 104.672 -126.788 0 100 -135.528 0 80 -42.7081 0 89.4975 -50.5025 0 97.2919 -60 0 98.2029 -61.1101 0 97.2918 -140 0 98.2029 -138.89 0 80 -157.292 0 89.4975 -149.497 0 60 -33.2694 0 66.7878 -35.3284 0 75.5277 -40 0 78.8899 -41.7971 0 75.5277 -160 0 78.8899 -158.203 0 60 -166.731 0 66.7878 -164.672 0 20 -33.2694 0 20 -166.731 0 13.2122 -35.3284 0 4.47228 -40 0 1.11009 -41.7971 0 6.78771e-07 -42.7081 0 2.49988e-06 -157.292 0 1.11008 -158.203 0 4.4723 -160 0 13.2122 -164.672 0 -17.2918 -60 0 -9.49747 -50.5025 0 -20 -64.4723 0 -18.2029 -61.1101 0 -18.2029 -138.89 0 -20 -135.528 0 -17.2918 -140 0 -9.49747 -149.497 0 -26.7306 -80 0 -24.6716 -73.2121 0 -26.7306 -120 0 -24.6716 -126.788 0 106.731 -80 0 100 -64.4723 0 106.731 -120 0 100 -135.528 0 97.2919 -60 0 80 -42.7081 0 97.2918 -140 0 80 -157.292 0 75.5277 -40 0 60 -33.2694 0 75.5277 -160 0 60 -166.731 0 20 -33.2694 0 20 -166.731 0 4.47228 -40 0 6.78771e-07 -42.7081 0 2.49988e-06 -157.292 0 4.4723 -160 0 -17.2918 -60 0 -20 -64.4723 0 -20 -135.528 0 -17.2918 -140 0 -26.7306 -80 0 -26.7306 -120 0 60 -29.9853 0 160 -9.99999 0 140 -9.99999 0 120 -9.99999 0 100 -9.99999 0 80 -9.99999 0 20 -9.99999 0 1.58932e-07 -9.99999 0 -20 -9.99999 0 -40 -9.99999 0 -60 -9.99998 0 -80 -9.99998 0 -120 -9.99998 0 -140 -9.99998 0 -160 -9.99998 0 69.9927 -20 0 -40 -70 0 -60 -70 0 -80 -70 0 -120 -70 0 -140 -70 0 -160 -70 0 -20 -50 0 -40 -50 0 -60 -50 0 -80 -50 0 -120 -50 0 -140 -50 0 -160 -50 0 -130 -180 0 -130 -200 0 -130 160 0 -130 140 0 -130 120 0 -130 100 0 -130 80 0 -130 40 0 -130 20 0 -130 1.76034e-05 0 -130 -20 0 -130 -40 0 -130 -60 0 -130 -80 0 -130 -120 0 -130 -140 0 -130 -160 0 -130 -9.99998 0 -130 -70 0 -130 -50 0 160 10 0 140 10 0 120 10 0 100 10 0 80 10 0 20 10 0 -1.58933e-07 10 0 -20 10 0 -40 10 0 -60 10 0 -80 10 0 -120 10 0 -140 10 0 -160 10 0 -130 10 0 -90 -244.37 0 -90 -253.811 0 -100 -256.205 0 -100 -242.099 0 -101.184 -242.099 0 -101.184 -256.205 0 -95.0911 -243.968 0 -94.2365 -244.11 0 -93.4691 -244.338 0 -92.7877 -244.646 0 -92.191 -245.027 0 -91.6778 -245.473 0 -91.2469 -245.978 0 -90.8971 -246.536 0 -90.6271 -247.139 0 -90.4358 -247.781 0 -90.3219 -248.454 0 -90.2842 -249.152 0 -90.3076 -249.62 0 -90.3836 -250.143 0 -90.5208 -250.703 0 -90.7277 -251.281 0 -91.0131 -251.859 0 -91.3856 -252.42 0 -91.8537 -252.944 0 -92.4261 -253.414 0 -93.1114 -253.812 0 -93.9182 -254.118 0 -94.8551 -254.315 0 -95.9308 -254.385 0 -99.1573 -254.385 0 -99.1573 -243.919 0 -96.0342 -243.919 0 -95.6825 -256.205 0 -94.5576 -256.135 0 -93.512 -255.934 0 -92.5494 -255.612 0 -91.6731 -255.181 0 -90.8867 -254.652 0 -90.1937 -254.036 0 -90.662 -243.74 0 -91.4402 -243.188 0 -92.3312 -242.733 0 -93.3373 -242.39 0 -94.4606 -242.174 0 -95.7032 -242.099 0 -89.5977 -253.345 0 -89.1022 -252.589 0 -88.7107 -251.781 0 -88.4267 -250.931 0 -88.2537 -250.051 0 -88.1952 -249.152 0 -88.2434 -248.314 0 -88.3894 -247.473 0 -88.6354 -246.645 0 -88.9835 -245.843 0 -89.4359 -245.083 0 -204.539 -90 0 -213.98 -90 0 -202.268 -80 0 -216.374 -80 0 -204.137 -84.9089 0 -204.279 -85.7635 0 -204.508 -86.5309 0 -204.815 -87.2123 0 -205.196 -87.8091 0 -205.642 -88.3223 0 -206.148 -88.7531 0 -206.705 -89.103 0 -207.308 -89.3729 0 -207.95 -89.5642 0 -208.623 -89.6781 0 -209.321 -89.7158 0 -209.789 -89.6924 0 -210.312 -89.6164 0 -210.872 -89.4792 0 -211.45 -89.2723 0 -212.029 -88.9868 0 -212.589 -88.6144 0 -213.114 -88.1463 0 -213.584 -87.5739 0 -213.981 -86.8886 0 -214.287 -86.0819 0 -214.484 -85.1449 0 -214.554 -84.0693 0 -214.554 -80.8427 0 -204.088 -80.8427 0 -204.088 -83.9658 0 -216.374 -84.3175 0 -216.305 -85.4424 0 -216.103 -86.488 0 -215.781 -87.4506 0 -215.35 -88.327 0 -214.821 -89.1133 0 -214.205 -89.8063 0 -203.91 -89.338 0 -203.357 -88.5598 0 -202.902 -87.6688 0 -202.559 -86.6627 0 -202.343 -85.5394 0 -202.268 -84.2968 0 -213.514 -90.4023 0 -212.759 -90.8978 0 -211.95 -91.2893 0 -211.101 -91.5734 0 -210.22 -91.7464 0 -209.321 -91.8048 0 -208.483 -91.7566 0 -207.643 -91.6106 0 -206.814 -91.3646 0 -206.013 -91.0165 0 -205.252 -90.5642 0 -202.268 -78.8157 0 -216.374 -78.8157 0 63.795 10 0 77.901 10 0 66.1888 9.02772e-06 0 75.63 8.61504e-06 0 76.032 5.09115 0 75.89 4.23654 0 75.6617 3.46912 0 75.3539 2.78766 0 74.9734 2.19094 0 74.527 1.67775 0 74.0217 1.24686 0 73.4641 0.897055 0 72.8611 0.627106 0 72.2195 0.435795 0 71.5462 0.321904 0 70.848 0.284214 0 70.3801 0.307631 0 69.8571 0.383614 0 69.2974 0.520784 0 68.7192 0.72776 0 68.1406 1.01316 0 67.58 1.3856 0 67.0557 1.85371 0 66.5857 2.42609 0 66.1884 3.11137 0 65.8821 3.91816 0 65.6849 4.85508 0 65.6151 5.93076 0 65.6151 9.15735 0 76.0809 9.15735 0 76.0809 6.03417 0 63.795 5.68256 0 63.8646 4.55763 0 64.0661 3.51206 0 64.388 2.54936 0 64.8192 1.67306 0 65.3483 0.886678 0 65.9642 0.193727 0 76.2597 0.662049 0 76.8125 1.44019 0 77.2673 2.33122 0 77.6098 3.3373 0 77.8258 4.46059 0 77.901 5.70324 0 77.901 11.1843 0 63.795 11.1843 0 66.6554 -0.402271 0 67.4107 -0.897793 0 68.219 -1.28933 0 69.0688 -1.57335 0 69.9489 -1.74635 0 70.848 -1.80479 0 71.6863 -1.75661 0 72.5267 -1.6106 0 73.3549 -1.36463 0 74.1566 -1.01653 0 74.9174 -0.564159 0 340 39 0 340 41 0 320 39 0 320 41 0 320 19 0 320 21 0 340 19 0 340 21 0 320 159 0 320 161 0 340 159 0 340 161 0 340 119 0 340 121 0 320 119 0 320 121 0 320 99 0 320 101 0 340 99 0 340 101 0 202.5 -104 0 340 59 0 340 61 0 320 59 0 320 61 0 202.5 -96 0 202.5 -222.951 0 340 139 0 340 141 0 320 139 0 320 141 0 202.5 -214.951 0 202.5 -10 0 340 79 0 340 81 0 320 79 0 320 81 0 202.5 -180 0 202.5 -200 0 202.5 -240 0 160 0.500005 0 140 0.500006 0 120 0.500007 0 100 0.500008 0 80 0.500009 0 200 56 0 200 64 0 280 56 0 280 64 0 260 56 0 260 64 0 240 56 0 240 64 0 220 56 0 220 64 0 -180.667 -200 0 -180 -200 0 -179.333 -200 0 -179.333 -214.951 0 -180 -214.951 0 -180.667 -214.951 0 -180.667 -222.951 0 -180 -222.951 0 -179.333 -222.951 0 -160 -218.284 0 -160 -218.951 0 -160 -219.617 0 -140 -219.617 0 -140 -218.951 0 -140 -218.284 0 -130 -218.284 0 -130 -218.951 0 -130 -219.617 0 -120 -219.617 0 -120 -218.951 0 -120 -218.284 0 -60 -219.617 0 -60 -218.951 0 -60 -218.284 0 -80 -218.284 0 -80 -218.951 0 -80 -219.617 0 -40 -219.617 0 -40 -218.951 0 -40 -218.284 0 -20 -219.617 0 -20 -218.951 0 -20 -218.284 0 1.27157e-06 -219.617 0 1.43051e-06 -218.951 0 1.58946e-06 -218.284 0 20 -219.617 0 20 -218.951 0 20 -218.284 0 80 -218.284 0 80 -218.951 0 80 -219.617 0 60 -219.617 0 60 -218.951 0 60 -218.284 0 100 -219.617 0 100 -218.951 0 100 -218.284 0 120 -219.617 0 120 -218.951 0 120 -218.284 0 140 -219.617 0 140 -218.951 0 140 -218.284 0 160 -219.617 0 160 -218.951 0 160 -218.284 0 179.333 -200 0 180 -200 0 180.667 -200 0 180.667 -180 0 180 -180 0 179.333 -180 0 179.333 -140 0 180 -140 0 180.667 -140 0 179.333 -160 0 180 -160 0 180.667 -160 0 179.333 -40 0 180 -40 0 180.667 -40 0 179.333 -60 0 180 -60 0 180.667 -60 0 179.333 -10 0 180 -10 0 180.667 -10 0 180.667 3.8147e-06 0 180 3.8147e-06 0 179.333 3.8147e-06 0 180.667 -20 0 180 -20 0 179.333 -20 0 179.333 0.500004 0 180 0.500004 0 180.667 0.500004 0 179.333 20 0 180 20 0 180.667 20 0 180.667 40 0 180 40 0 179.333 40 0 220 19.3333 0 220 20 0 220 20.6667 0 240 19.3333 0 240 20 0 240 20.6667 0 280 20.6667 0 280 20 0 280 19.3333 0 260 19.3333 0 260 20 0 260 20.6667 0 179.333 100 0 180 100 0 180.667 100 0 179.333 80 0 180 80 0 180.667 80 0 179.333 140 0 180 140 0 180.667 140 0 179.333 120 0 180 120 0 180.667 120 0 200 179.391 0 200 180.002 0 200 180.612 0 184 179.391 0 184 180.002 0 184 180.612 0 220 179.391 0 220 180.002 0 220 180.612 0 240 179.391 0 240 180.002 0 240 180.612 0 260 179.391 0 260 180.002 0 260 180.612 0 280 179.391 0 280 180.002 0 280 180.612 0 300 179.391 0 300 180.002 0 300 180.612 0 320 179.452 0 320 180.047 0 320 180.643 0 160 180.612 0 160 180.002 0 160 179.391 0 140 180.612 0 140 180.002 0 140 179.391 0 120 180.612 0 120 180.002 0 120 179.391 0 100 180.612 0 100 180.002 0 100 179.391 0 80 180.612 0 80 180.002 0 80 179.391 0 60 180.612 0 60 180.002 0 60 179.391 0 20 180.612 0 20 180.002 0 20 179.391 0 35.9968 180.612 0 35.9967 180.002 0 35.9966 179.391 0 -3.8147e-06 180.612 0 -3.8147e-06 180.002 0 -3.8147e-06 179.391 0 -20 180.612 0 -20 180.002 0 -20 179.391 0 -40 180.612 0 -40 180.002 0 -40 179.391 0 -60 180.612 0 -60 180.002 0 -60 179.391 0 -80 180.612 0 -80 180.002 0 -80 179.391 0 -90 180.612 0 -90 180.002 0 -90 179.391 0 -96 179.391 0 -96 180.002 0 -96 180.612 0 -100.667 140 0 -100 140 0 -99.3333 140 0 -100.667 120 0 -100 120 0 -99.3333 120 0 -100.667 100 0 -100 100 0 -99.3333 100 0 -100.667 80 0 -100 80 0 -99.3333 80 0 -110 180.612 0 -110 180.002 0 -110 179.391 0 -130 180.612 0 -130 180.002 0 -130 179.391 0 -120 179.391 0 -120 180.002 0 -120 180.612 0 -160 180.612 0 -160 180.002 0 -160 179.391 0 -140 179.391 0 -140 180.002 0 -140 180.612 0 -180.667 160 0 -180 160 0 -179.333 160 0 -180.667 140 0 -180 140 0 -179.333 140 0 -180.667 120 0 -180 120 0 -179.333 120 0 -180.667 100 0 -180 100 0 -179.333 100 0 -180.667 80 0 -180 80 0 -179.333 80 0 -179.333 64 0 -180 64 0 -180.667 64 0 -160 60.6667 0 -160 60 0 -160 59.3333 0 -140 59.3333 0 -140 60 0 -140 60.6667 0 -130 60.6667 0 -130 60 0 -130 59.3333 0 -120 59.3333 0 -120 60 0 -120 60.6667 0 -60 60.6667 0 -60 60 0 -60 59.3333 0 -80 60.6667 0 -80 60 0 -80 59.3333 0 -20 60.6667 0 -20 60 0 -20 59.3333 0 -40 60.6667 0 -40 60 0 -40 59.3333 0 -9.53674e-07 60.6667 0 -9.53674e-07 60 0 -9.53674e-07 59.3333 0 20 59.3333 0 20 60 0 20 60.6667 0 80 60.6667 0 80 60 0 80 59.3333 0 60 60.6667 0 60 60 0 60 59.3333 0 120 60.6667 0 120 60 0 120 59.3333 0 100 60.6667 0 100 60 0 100 59.3333 0 160 60.6667 0 160 60 0 160 59.3333 0 140 60.6667 0 140 60 0 140 59.3333 0 39.3325 120 0 40.0003 120 0 40.6681 120 0 39.3322 100 0 40.0003 100 0 40.6684 100 0 39.3328 140 0 40.0003 140 0 40.6678 140 0 40.6676 160 0 40.0003 160 0 39.3329 160 0 39.3305 40 0 40.0004 40 0 40.6703 40 0 39.3295 20 0 40.0004 20 0 40.6714 20 0 39.3282 10 0 40.0005 10 0 40.6728 10 0 39.3241 -9.99999 0 40.0007 -9.99999 0 40.6772 -9.99999 0 40.6747 1.14441e-05 0 40.0006 1.14441e-05 0 39.3264 1.14441e-05 0 40.6806 -20 0 40.0008 -20 0 39.321 -20 0 39.317 -30.2694 0 40.001 -30.202 0 40.685 -30.1347 0 -180.667 40 0 -180 40 0 -179.333 40 0 -180.667 20 0 -180 20 0 -179.333 20 0 -180.667 -9.99998 0 -180 -9.99998 0 -179.333 -9.99998 0 -179.333 1.78019e-05 0 -180 1.71661e-05 0 -180.667 1.65304e-05 0 -179.333 -20 0 -180 -20 0 -180.667 -20 0 -180.67 -40 0 -180.003 -40 0 -179.337 -40 0 -180.67 -50 0 -180.003 -50 0 -179.337 -50 0 -179.337 -60 0 -180.003 -60 0 -180.67 -60 0 -160 -99.3333 0 -160 -100 0 -160 -100.667 0 -140 -100.667 0 -140 -100 0 -140 -99.3333 0 -130 -99.3333 0 -130 -100 0 -130 -100.667 0 -120 -100.667 0 -120 -100 0 -120 -99.3333 0 -60 -99.3333 0 -60 -100 0 -60 -100.667 0 -80 -99.3333 0 -80 -100 0 -80 -100.667 0 -40 -99.3333 0 -40 -100 0 -40 -100.667 0 -29.606 -100.667 0 -29.606 -100 0 -29.606 -99.3333 0 -100.667 -140 0 -100 -140 0 -99.3333 -140 0 -100.667 -160 0 -100 -160 0 -99.3333 -160 0 -100.667 -200 0 -100 -200 0 -99.3333 -200 0 -99.3333 -180 0 -100 -180 0 -100.667 -180 0 -179.333 -180 0 -180 -180 0 -180.667 -180 0 -180.667 -160 0 -180 -160 0 -179.333 -160 0 -180.667 -120 0 -180 -120 0 -179.333 -120 0 -180.667 -140 0 -180 -140 0 -179.333 -140 0 39.32 -200 0 39.9989 -200 0 40.6777 -200 0 40.6805 -180 0 39.9988 -180 0 39.317 -180 0 140 -99.3333 0 140 -100 0 140 -100.667 0 160 -100.667 0 160 -100 0 160 -99.3333 0 120 -99.3333 0 120 -100 0 120 -100.667 0 109.606 -99.3333 0 109.606 -100 0 109.606 -100.667 0 -100.667 -40 0 -100 -40 0 -99.3333 -40 0 -100.667 -50 0 -100 -50 0 -99.3333 -50 0 -99.3333 -60 0 -100 -60 0 -100.667 -60 0 -100.667 -9.99998 0 -100 -9.99998 0 -99.3333 -9.99998 0 -99.3333 1.62125e-05 0 -100 1.62125e-05 0 -100.667 1.62125e-05 0 -99.3333 -20 0 -100 -20 0 -100.667 -20 0 -100.667 20 0 -100 20 0 -99.3333 20 0 -99.3333 40 0 -100 40 0 -100.667 40 0 220 -2 0 240 -2 0 260 -2 0 280 -2 0 300 -2 0 320 -2 0 200 -2 0 320 -2 0 340 -2 0 -200 200 0 200 200 0 160 200 0 140 200 0 120 200 0 100 200 0 80 200 0 60 200 0 20 200 0 -3.17865e-06 200 0 -20 200 0 -40 200 0 -60 200 0 -80 200 0 -120 200 0 -140 200 0 -160 200 0 340 200 0 320 200 0 300 200 0 280 200 0 260 200 0 240 200 0 220 200 0 -130 200 0 -110 200 0 -90 200 0 -184 200 0 -176 200 0 35.997 200 0 44.0031 200 0 -104 200 0 -96 200 0 176 200 0 184 200 0 -200 202.5 0 200 202.5 0 160 202.5 0 140 202.5 0 120 202.5 0 100 202.5 0 80 202.5 0 60 202.5 0 20 202.5 0 -3.17865e-06 202.5 0 -20 202.5 0 -40 202.5 0 -60 202.5 0 -80 202.5 0 -120 202.5 0 -140 202.5 0 -160 202.5 0 340 202.5 0 320 202.5 0 300 202.5 0 280 202.5 0 260 202.5 0 240 202.5 0 220 202.5 0 -130 202.5 0 -110 202.5 0 -90 202.5 0 -184 202.5 0 -176 202.5 0 35.997 202.5 0 44.0031 202.5 0 -104 202.5 0 -96 202.5 0 176 202.5 0 184 202.5 0 -202.5 200 0 -202.5 160 0 -202.5 140 0 -202.5 120 0 -202.5 100 0 -202.5 80 0 -202.5 40 0 -202.5 20 0 -202.5 -3.17865e-06 0 -202.5 -20 0 -202.5 -40 0 -202.5 -10 0 -202.5 -50 0 -202.5 10 0 -202.5 176.337 0 -202.5 183.663 0 -202.5 56 0 -202.5 64 0 -202.5 200 0 -202.5 202.5 0 -200 -120 0 -220.339 -100 0 -220.339 -80 0 -220.339 -70 0 -200 -50 0 -210.169 -60 0 -220.339 -90 0 -202.5 -120 0 -222.839 -100 0 -222.839 -80 0 -222.839 -70 0 -202.5 -50 0 -212.669 -60 0 -222.839 -90 0 -200 -200 0 -200 -120 0 -200 -140 0 -200 -160 0 -200 -180 0 -200 -240 0 -200 -222.951 0 -200 -214.951 0 -202.5 -200 0 -202.5 -120 0 -202.5 -140 0 -202.5 -160 0 -202.5 -180 0 -202.5 -240 0 -202.5 -222.951 0 -202.5 -214.951 0 -200 -240 0 -160 -240 0 -140 -240 0 -130 -240 0 -176 -240 0 -184 -240 0 -200 -240 0 -202.5 -240 0 -200 -242.5 0 -160 -242.5 0 -140 -242.5 0 -130 -242.5 0 -176 -242.5 0 -184 -242.5 0 -200 -242.5 0 -202.5 -242.5 0 -60 -242.5 0 -100 -262.5 0 -80 -262.5 0 -130 -242.5 0 -110 -262.5 0 -120 -252.5 0 -90 -262.5 0 200 -242.5 0 -60 -242.5 0 -40 -242.5 0 -20 -242.5 0 -4.3245e-07 -242.5 0 20 -242.5 0 60 -242.5 0 80 -242.5 0 100 -242.5 0 120 -242.5 0 140 -242.5 0 160 -242.5 0 44.0522 -242.5 0 35.9462 -242.5 0 184 -242.5 0 176 -242.5 0 202.5 -242.5 0 340 200 0 340 161 0 340 176.52 0 340 183.663 0 340 10 0 340 39 0 340 41 0 340 19 0 340 21 0 340 159 0 340 119 0 340 121 0 340 99 0 340 101 0 340 59 0 340 61 0 340 139 0 340 141 0 340 79 0 340 81 0 340 0.499997 0 340 39 0 340 41 0 340 19 0 340 21 0 340 159 0 340 161 0 340 119 0 340 121 0 340 99 0 340 101 0 340 59 0 340 61 0 340 139 0 340 141 0 340 79 0 340 81 0 340 -2 0 340 200 0 340 202.5 0 342.5 200 0 342.5 161 0 342.5 176.52 0 342.5 183.663 0 342.5 10 0 342.5 39 0 342.5 41 0 342.5 19 0 342.5 21 0 342.5 159 0 342.5 119 0 342.5 121 0 342.5 99 0 342.5 101 0 342.5 59 0 342.5 61 0 342.5 139 0 342.5 141 0 342.5 79 0 342.5 81 0 342.5 0.499997 0 342.5 39 0 342.5 41 0 342.5 19 0 342.5 21 0 342.5 159 0 342.5 161 0 342.5 119 0 342.5 121 0 342.5 99 0 342.5 101 0 342.5 59 0 342.5 61 0 342.5 139 0 342.5 141 0 342.5 79 0 342.5 81 0 342.5 -2 0 342.5 200 0 342.5 202.5 0 200 200 0 200 202.5 0 200 200 0 200 202.5 0 200 200 0 220 200 0 200 202.5 0 220 202.5 0</float_array>
                    <technique_common>
                        <accessor count="1374" source="#shape0-lib-positions-array" stride="3">
                            <param name="X" type="float"/>
                            <param name="Y" type="float"/>
                            <param name="Z" type="float"/>
                        </accessor>
                    </technique_common>
                </source>
                <source id="shape0-lib-normals" name="normal">
                    <float_array id="shape0-lib-normals-array" count="4044">0 0 1 0 0 1 0 0 1 0 0 1 0 0 1 0 0 1 0 0 1 0 0 1 0 0 1 0 0 1 0 0 1 0 0 1 0 0 1 0 0 1 0 0 1 0 0 1 0 0 1 0 0 1 0 0 1 0 0 1 0 0 1 0 0 1 0 0 1 0 0 1 0 0 1 0 0 1 0 0 1 0 0 1 0 0 1 0 0 1 0 0 1 0 0 1 0 0 1 0 0 1 0 0 1 0 0 1 0 0 1 0 0 1 0 0 1 0 0 1 0 0 1 0 0 1 0 0 1 0 0 1 0 0 1 0 0 1 0 0 1 0 0 1 0 0 1 0 0 1 0 0 1 0 0 1 0 0 1 0 0 1 0 0 1 0 0 1 0 0 1 0 0 1 0 0 1 0 0 1 0 0 1 0 0 1 0 0 1 0 0 1 0 0 1 0 0 1 0 0 1 0 0 1 0 0 1 0 0 1 0 0 1 0 0 1 0 0 1 0 0 1 0 0 1 0 0 1 0 0 1 0 0 1 0 0 1 0 0 1 0 0 1 0 0 1 0 0 1 0 0 1 0 0 1 0 0 1 0 0 1 0 0 1 0 0 1 0 0 1 0 0 1 0 0 1 0 0 1 0 0 1 0 0 1 0 0 1 0 0 1 0 0 1 0 0 1 0 0 1 0 0 1 0 0 1 0 0 1 0 0 1 0 0 1 0 0 1 0 0 1 0 0 1 0 0 1 0 0 1 0 0 0 0 0 0 0 0 1 0 0 1 0 0 1 0 0 1 0 0 0 0 0 0 0 0 1 0 0 1 0 0 1 0 0 1 0 0 1 0 0 1 0 0 1 0 0 1 0 0 1 0 0 1 0 0 1 0 0 1 0 0 1 0 0 1 0 0 1 0 0 1 0 0 1 0 0 1 0 0 1 0 0 1 0 0 1 0 0 1 0 0 1 0 0 1 0 0 0 0 0 0 0 0 1 0 0 1 0 0 0 0 0 0 0 0 1 0 0 1 0 0 0 0 0 0 0 0 1 0 0 1 0 0 1 0 0 1 0 0 0 0 0 0 0 0 1 0 0 1 0 0 1 0 0 1 0 0 1 0 0 1 0 0 1 0 0 1 0 0 1 0 0 1 0 0 1 0 0 0 0 0 0 0 0 1 0 0 1 0 0 0 0 0 0 0 0 1 0 0 1 0 0 0 0 0 0 0 0 1 0 0 1 0 0 1 0 0 1 0 0 0 0 0 0 0 0 1 0 0 1 0 0 1 0 0 1 0 0 1 0 0 1 0 0 1 0 0 1 0 0 1 0 0 1 0 0 1 0 0 1 0 0 1 0 0 1 0 0 1 0 0 1 0 0 1 0 0 1 0 0 0 0 0 0 0 0 1 0 0 1 0 0 0 0 0 0 0 0 1 0 0 1 0 0 0 0 0 0 0 0 1 0 0 1 0 0 1 0 0 1 0 0 0 0 0 0 0 0 1 0 0 1 0 0 1 0 0 1 0 0 1 0 0 1 0 0 1 0 0 1 0 0 1 0 0 1 0 0 1 0 0 1 0 0 1 0 0 1 0 0 1 0 0 1 0 0 1 0 0 1 0 0 1 0 0 1 0 0 1 0 0 0 0 0 0 0 0 1 0 0 1 0 0 0 0 0 0 0 0 1 0 0 1 0 0 0 0 0 0 0 0 1 0 0 1 0 0 1 0 0 1 0 0 0 0 0 0 0 0 1 0 0 1 0 0 1 0 0 1 0 0 1 0 0 1 0 0 1 0 0 1 0 0 1 0 0 1 0 0 1 0 0 1 0 0 1 0 0 1 0 0 1 0 0 1 0 0 1 0 0 1 0 0 1 0 0 1 0 0 1 0 0 1 0 0 1 0 0 1 0 0 1 0 0 0 0 0 0 0 0 1 0 0 1 0 0 1 0 0 1 0 0 0 0 0 0 0 0 1 0 0 1 0 0 1 0 0 1 0 0 1 0 0 1 0 0 1 0 0 1 0 0 1 0 0 1 0 0 1 0 0 1 0 0 1 0 0 1 0 0 1 0 0 1 0 0 1 0 0 1 0 0 1 0 0 1 0 0 1 0 0 1 0 0 1 0 0 1 0 0 1 0 0 1 0 0 1 0 0 1 0 0 1 0 0 1 0 0 1 0 0 1 0 0 1 0 0 1 0 0 1 0 0 1 0 0 1 0 0 1 0 0 1 0 0 1 0 0 1 0 0 1 0 0 1 0 0 1 0 0 1 0 0 1 0 0 1 0 0 1 0 0 1 0 0 1 0 0 1 0 0 1 0 0 1 0 0 1 0 0 1 0 0 1 0 0 1 0 0 1 0 0 1 0 0 1 0 0 1 0 0 1 0 0 1 0 0 1 0 0 1 0 0 1 0 0 1 0 0 1 0 0 1 0 0 1 0 0 1 0 0 1 0 0 1 0 0 1 0 0 1 0 0 1 0 0 1 0 0 1 0 0 1 0 0 1 0 0 1 0 0 1 0 0 1 0 0 1 0 0 1 0 0 1 0 0 1 0 0 1 0 0 1 0 0 1 0 0 1 0 0 1 0 0 1 0 0 1 0 0 1 0 0 1 0 0 1 0 0 1 0 0 1 0 0 1 0 0 1 0 0 1 0 0 1 0 0 1 0 0 1 0 0 1 0 0 1 0 0 1 0 0 1 0 0 1 0 0 1 0 0 1 0 0 1 0 0 1 0 0 1 0 0 1 0 0 1 0 0 1 0 0 1 0 0 1 0 0 1 0 0 1 0 0 1 0 0 1 0 0 1 0 0 1 0 0 1 0 0 1 0 0 1 0 0 1 0 0 1 0 0 1 0 0 1 0 0 1 0 0 1 0 0 1 0 0 1 0 0 1 0 0 1 0 0 1 0 0 1 0 0 1 0 0 1 0 0 1 0 0 1 0 0 1 0 0 1 0 0 1 0 0 1 0 0 1 0 0 1 0 0 1 0 0 1 0 0 1 0 0 1 0 0 1 0 0 1 0 0 1 0 0 1 0 0 1 0 0 1 0 0 1 0 0 1 0 0 1 0 0 1 0 0 1 0 0 1 0 0 1 0 0 1 0 0 1 0 0 1 0 0 1 0 0 1 0 0 1 0 0 1 0 0 1 0 0 1 0 0 1 0 0 1 0 0 1 0 0 1 0 0 1 0 0 1 0 0 1 0 0 1 0 0 1 0 0 1 0 0 1 0 0 1 0 0 1 0 0 1 0 0 1 0 0 1 0 0 1 0 0 1 0 0 1 0 0 1 0 0 1 0 0 1 0 0 1 0 0 1 0 0 1 0 0 1 0 0 1 0 0 1 0 0 1 0 0 1 0 0 1 0 0 1 0 0 1 0 0 1 0 0 1 0 0 1 0 0 1 0 0 1 0 0 1 0 0 1 0 0 1 0 0 1 0 0 1 0 0 1 0 0 1 0 0 1 0 0 1 0 0 1 0 0 1 0 0 1 0 0 1 0 0 1 0 0 1 0 0 1 0 0 1 0 0 1 0 0 1 0 0 1 0 0 1 0 0 1 0 0 1 0 0 1 0 0 1 0 0 1 0 0 1 0 0 1 0 0 1 0 0 1 0 0 1 0 0 1 0 0 1 0 0 1 0 0 1 0 0 1 0 0 1 0 0 1 0 0 1 0 0 1 0 0 1 0 0 1 0 0 1 0 0 1 0 0 1 0 0 1 0 0 1 0 0 1 0 0 1 0 0 1 0 0 1 0 0 1 0 0 1 0 0 1 0 0 1 0 0 1 0 0 1 0 0 1 0 0 1 0 0 1 0 0 1 0 0 1 0 0 1 0 0 1 0 0 1 0 0 1 0 0 1 0 0 1 0 0 1 0 0 1 0 0 1 0 0 1 0 0 1 0 0 1 0 0 1 0 0 1 0 0 1 0 0 1 0 0 1 0 0 1 0 0 1 0 0 1 0 0 1 0 0 1 0 0 1 0 0 1 0 0 1 0 0 1 0 0 1 0 0 1 0 0 1 0 0 1 0 0 1 0 0 1 0 0 1 0 0 1 0 0 1 0 0 1 0 0 1 0 0 1 0 0 1 0 0 1 0 0 1 0 0 1 0 0 1 0 0 1 0 0 1 0 0 1 0 0 1 0 0 1 0 0 1 0 0 1 0 0 1 0 0 1 0 0 1 0 0 1 0 0 1 0 0 1 0 0 1 0 0 1 0 0 1 0 0 1 0 0 1 0 0 1 0 0 1 0 0 1 0 0 1 0 0 1 0 0 1 0 0 1 0 0 1 0 0 1 0 0 1 0 0 1 0 0 1 0 0 1 0 0 1 0 0 1 0 0 1 0 0 1 0 0 1 0 0 1 0 0 1 0 0 1 0 0 1 0 0 1 0 0 1 0 0 1 0 0 1 0 0 1 0 0 1 0 0 1 0 0 1 0 0 1 0 0 1 0 0 1 0 0 1 0 0 1 0 0 1 0 0 1 0 0 1 0 0 1 0 0 1 0 0 1 0 0 1 0 0 1 0 0 1 0 0 1 0 0 1 0 0 1 0 0 1 0 0 1 0 0 1 0 0 1 0 0 1 0 0 1 0 0 1 0 0 1 0 0 1 0 0 1 0 0 1 0 0 1 0 0 1 0 0 1 0 0 1 0 0 1 0 0 1 0 0 1 0 0 1 0 0 1 0 0 1 0 0 1 0 0 1 0 0 1 0 0 1 0 0 1 0 0 1 0 0 1 0 0 1 0 0 1 0 0 1 0 0 1 0 0 1 0 0 1 0 0 1 0 0 1 0 0 1 0 0 1 0 0 1 0 0 1 0 0 1 0 0 1 0 0 1 0 0 1 0 0 1 0 0 1 0 0 1 0 0 1 0 0 1 0 0 1 0 0 1 0 0 1 0 0 1 0 0 1 0 0 1 0 0 1 0 0 1 0 0 1 0 0 1 0 0 1 0 0 1 0 0 1 0 0 1 0 0 1 0 0 1 0 0 1 0 0 1 0 0 1 0 0 1 0 0 1 0 0 1 0 0 1 0 0 1 0 0 1 0 0 1 0 0 1 0 0 1 0 0 1 0 0 1 0 0 1 0 0 1 0 0 1 0 0 1 0 0 1 0 0 1 0 0 1 0 0 1 0 0 1 0 0 1 0 0 1 0 0 1 0 0 1 0 0 1 0 0 1 0 0 1 0 0 1 0 0 1 0 0 1 0 0 1 0 0 1 0 0 1 0 0 1 0 0 1 0 0 1 0 0 1 0 0 1 0 0 1 0 0 1 0 0 1 0 0 1 0 0 1 0 0 1 0 0 1 0 0 1 0 0 1 0 0 1 0 0 1 0 0 1 0 0 1 0 0 1 0 0 1 0 0 1 0 0 1 0 0 1 0 0 1 0 0 1 0 0 1 0 0 1 0 0 1 0 0 1 0 0 1 0 0 1 0 0 1 0 0 1 0 0 1 0 0 1 0 0 1 0 0 1 0 0 1 0 0 1 0 0 1 0 0 1 0 0 1 0 0 1 0 0 1 0 0 1 0 0 1 0 0 1 0 0 1 0 0 1 0 0 1 0 0 1 0 0 1 0 0 1 0 0 1 0 0 1 0 0 1 0 0 1 0 0 1 0 0 1 0 0 1 0 0 1 0 0 1 0 0 1 0 0 1 0 0 1 0 0 1 0 0 1 0 0 1 0 0 1 0 0 1 0 0 1 0 0 1 0 0 1 0 0 1 0 0 1 0 0 1 0 0 1 0 0 1 0 0 1 0 0 1 0 0 1 0 0 1 0 0 1 0 0 1 0 0 1 0 0 1 0 0 1 0 0 1 0 0 1 0 0 1 0 0 1 0 0 1 0 0 1 0 0 1 0 0 1 0 0 1 0 0 1 0 0 1 0 0 1 0 0 1 0 0 1 0 0 1 0 0 1 0 0 1 0 0 1 0 0 1 0 0 1 0 0 1 0 0 1 0 0 1 0 0 1 0 0 1 0 0 1 0 0 1 0 0 1 0 0 1 0 0 1 0 0 1 0 0 1 0 0 1 0 0 1 0 0 1 0 0 1 0 0 1 0 0 1 0 0 1 0 0 1 0 0 1 0 0 1 0 0 1 0 0 1 0 0 1 0 0 1 0 0 1 0 0 1 0 0 1 0 0 1 0 0 1 0 0 1 0 0 1 0 0 1 0 0 1 0 0 1 0 0 1 0 0 1 0 0 1 0 0 1 0 0 1 0 0 1 0 0 1 0 0 1 0 0 1 0 0 1 0 0 1 0 0 1 0 0 1 0 0 1 0 0 1 0 0 1 0 0 1 0 0 1 0 0 1 0 0 1 0 0 1 0 0 1 0 0 1 0 0 1 0 0 1 0 0 1 0 0 1 0 0 1 0 0 1 0 0 1 0 0 1 0 0 1 0 0 1 0 0 1 0 0 1 0 0 1 0 0 1 0 0 1 0 0 1 0 0 1 0 0 1 0 0 1 0 0 1 0 0 1 0 0 1 0 0 1 0 0 1 0 0 1 0 0 1 0 0 1 0 0 1 0 0 1 0 0 1 0 0 1 0 0 1 0 0 1 0 0 1 0 0 1 0 0 1 0 0 1 0 0 1 0 0 1 0 0 1 0 0 1 0 0 1 0 0 1 0 0 1 0 0 1 0 0 1 0 0 1 0 0 1 0 0 1 0 0 1 0 0 1 0 0 1 0 0 1 0 0 1 0 0 1 0 0 1 0 0 1 0 0 1 0 0 1 0 0 1 0 0 1 0 0 1 0 0 1 0 0 1 0 0 1 0 0 1 0 0 1 0 0 1 0 0 1 0 0 1 0 0 1 0 0 1 0 0 1 0 0 1 0 0 1 0 0 1 0 0 1 0 0 1 0 0 1 0 0 1 0 0 1 0 0 1 0 0 1 0 0 1 0 0 1 0 0 1 0 0 1 0 0 1 0 0 1 0 0 1 0 0 1 0 0 1 0 0 1 0 0 1 0 0 1 0 0 1 0 0 1 0 0 1 0 0 1 0 0 1 0 0 1 0 0 1 0 0 1 0 0 1 0 0 1 0 0 1 0 0 1 0 0 1 0 0 1 0 0 1 0 0 1 0 0 1 0 0 1 0 0 1 0 0 1 0 0 1 0 0 1 0 0 1 0 0 1 0 0 1 0 0 1 0 0 1 0 0 1 0 0 1 0 0 1 0 0 1 0 0 1 0 0 1 0 0 1 0 0 1 0 0 1 0 0 1 0 0 1 0 0 1 0 0 1 0 0 1 0 0 1 0 0 1 0 0 1 0 0 1 0 0 1 0 0 1 0 0 1 0 0 1 0 0 1 0 0 1 0 0 1 0 0 0 0 0 0 0 0 1 0 0 1 0 0 1 0 0 1 0 0 1 0 0 1 0 0 1 0 0 1 0 0 1 0 0 1 0 0 1 0 0 1 0 0 1 0 0 1 0 0 1 0 0 1 0 0 1 0 0 1 0 0 1 0 0 1 0 0 1 0 0 1 0 0 1 0 0 1 0 0 1 0 0 1 0 0 1 0 0 1 0 0 1 0 0 1 0 0 1 0 0 1 0 0 1 0 0 1 0 0 1 0 0 1 0 0 1 0 0 1 0 0 1 0 0 1 0 0 1 0 0 1 0 0 1 0 0 1 0 0 1 0 0 1 0 0 1 0 0 1 0 0 1 0 0 1 0 0 1 0 0 1 0 0 1 0 0 1 0 0 1 0 0 1 0 0 1 0 0 1 0 0 1 0 0 1 0 0 1 0 0 1 0 0 1 0 0 1 0 0 1 0 0 1 0 0 1 0 0 1 0 0 1 0 0 1 0 0 1 0 0 1 0 0 1 0 0 1 0 0 1 0 0 1 0 0 1 0 0 1 0 0 1 0 0 1 0 0 1 0 0 1 0 0 1 0 0 1 0 0 1 0 0 1 0 0 1 0 0 1 0 0 1 0 0 1 0 0 1 0 0 1 0 0 1 0 0 1 0 0 1 0 0 1 0 0 1 0 0 1 0 0 1 0 0 1 0 0 1 0 0 1 0 0 1 0 0 1 0 0 1 0 0 1 0 0 1 0 0 1 0 0 1 0 0 1 0 0 1 0 0 1 0 0 1 0 0 1 0 0 0 0 0 0 0 0 1 0 0 1 0 0 1 0 0 1 0 0 1 0 0 1 0 0 1 0 0 1 0 0 1 0 0 1 0 0 1 0 0 1 0 0 1 0 0 1 0 0 0 0 0 0 0 0 0 0 0 0 0 0 1 0 0 1 0 0 1 0 0 1 0 0 1 0 0 1 0 0 1 0 0 1 0 0 1 0 0 1 0 0 1 0 0 1 0 0 1 0 0 1 0 0 1 0 0 1 0 0 1 0 0 1 0 0 1 0 0 1 0 0 1 0 0 1 0 0 1 0 0 1 0 0 1 0 0 1 0 0 1 0 0 1 0 0 1 0 0 1 0 0 1 0 0 1 0 0 1 0 0 1 0 0 1 0 0 1 0 0 1 0 0 1 0 0 1 0 0 1 0 0 1 0 0 1 0 0 1 0 0 1 0 0 1 0 0 1 0 0 1 0 0 1 0 0 1 0 0 1 0 0 1 0 0 1 0 0 1 0 0 1 0 0 1 0 0 1 0 0 0 0 0 0 0 0 0 0 0 0 0 0 0 0 0 0 0 0 0 0 0 0 0 0 0 0 0 0 0 0 0 0 0 0 0 0 0 0 0 0 0 0 0 0 0 0 0 0 0 0 0 0 0 0 0 0 0 0 0 0 1 0 0 1 0 0 1 0 0 1 0 0 1 0 0 1 0 0 1 0 0 1 0 0 1 0 0 1 0 0 1 0 0 1 0 0 1 0 0 1 0 0 1 0 0 1 0 0 1 0 0 1 0 0 1 0 0 1 0 0 1 0 0 1 0 0 1 0 0 1 0 0 1 0 0 1 0 0 1 0 0 1 0 0 1 0 0 1 0 0 1 0 0 1 0 0 1 0 0 1 0 0 1 0 0 1 0 0 1 0 0 1 0 0 1 0 0 1 0 0 1 0 0 1 0 0 1 0 0 1 0 0 0 0 0 0 0 0 1 0 0 1</float_array>
                    <technique_common>
                        <accessor count="1348" source="#shape0-lib-normals-array" stride="3">
                            <param name="X" type="float"/>
                            <param name="Y" type="float"/>
                            <param name="Z" type="float"/>
                        </accessor>
                    </technique_common>
                </source>
                <source id="shape0-lib-vcolor" name="vcolor">
                    <float_array id="shape0-lib-vcolor-array" count="5496">0.8 0.8 0.8 1 0.8 0.8 0.8 1 0.8 0.8 0.8 1 0.8 0.8 0.8 1 0.8 0.8 0.8 1 0.8 0.8 0.8 1 0.8 0.8 0.8 1 0.8 0.8 0.8 1 0.8 0.8 0.8 1 0.8 0.8 0.8 1 0.8 0.8 0.8 1 0.8 0.8 0.8 1 0.8 0.8 0.8 1 0.8 0.8 0.8 1 0.8 0.8 0.8 1 0.8 0.8 0.8 1 0.8 0.8 0.8 1 0.8 0.8 0.8 1 0.8 0.8 0.8 1 0.8 0.8 0.8 1 0.8 0.8 0.8 1 0.8 0.8 0.8 1 0.8 0.8 0.8 1 0.8 0.8 0.8 1 0.8 0.8 0.8 1 0.8 0.8 0.8 1 0.8 0.8 0.8 1 0.8 0.8 0.8 1 0.8 0.8 0.8 1 0.8 0.8 0.8 1 0.8 0.8 0.8 1 0.8 0.8 0.8 1 0.8 0.8 0.8 1 0.8 0.8 0.8 1 0.8 0.8 0.8 1 0.8 0.8 0.8 1 0.8 0.8 0.8 1 0.8 0.8 0.8 1 0.8 0.8 0.8 1 0.8 0.8 0.8 1 0.8 0.8 0.8 1 0.8 0.8 0.8 1 0.8 0.8 0.8 1 0.8 0.8 0.8 1 0.8 0.8 0.8 1 0.8 0.8 0.8 1 0.8 0.8 0.8 1 0.8 0.8 0.8 1 0.8 0.8 0.8 1 0.8 0.8 0.8 1 0.8 0.8 0.8 1 0.8 0.8 0.8 1 0.8 0.8 0.8 1 0.8 0.8 0.8 1 0.8 0.8 0.8 1 0.8 0.8 0.8 1 0.8 0.8 0.8 1 0.8 0.8 0.8 1 0.8 0.8 0.8 1 0.8 0.8 0.8 1 0.8 0.8 0.8 1 0.8 0.8 0.8 1 0.8 0.8 0.8 1 0.8 0.8 0.8 1 0.8 0.8 0.8 1 0.8 0.8 0.8 1 0.8 0.8 0.8 1 0.8 0.8 0.8 1 0.8 0.8 0.8 1 0.8 0.8 0.8 1 0.8 0.8 0.8 1 0.8 0.8 0.8 1 0.8 0.8 0.8 1 0.8 0.8 0.8 1 0.8 0.8 0.8 1 0.8 0.8 0.8 1 0.8 0.8 0.8 1 0.8 0.8 0.8 1 0.8 0.8 0.8 1 0.8 0.8 0.8 1 0.8 0.8 0.8 1 0.8 0.8 0.8 1 0.8 0.8 0.8 1 0.8 0.8 0.8 1 0.8 0.8 0.8 1 0.8 0.8 0.8 1 0.8 0.8 0.8 1 0.8 0.8 0.8 1 0.8 0.8 0.8 1 0.8 0.8 0.8 1 0.8 0.8 0.8 1 0.8 0.8 0.8 1 0.8 0.8 0.8 1 0.8 0.8 0.8 1 0.8 0.8 0.8 1 0.8 0.8 0.8 1 0.8 0.8 0.8 1 0.8 0.8 0.8 1 0.8 0.8 0.8 1 0.8 0.8 0.8 1 0.8 0.8 0.8 1 0.8 0.8 0.8 1 0.8 0.8 0.8 1 0.8 0.8 0.8 1 0.8 0.8 0.8 1 0.8 0.8 0.8 1 0.8 0.8 0.8 1 0.8 0.8 0.8 1 0.8 0.8 0.8 1 0.8 0.8 0.8 1 0.8 0.8 0.8 1 0.8 0.8 0.8 1 0.8 0.8 0.8 1 0.8 0.8 0.8 1 0.8 0.8 0.8 1 0.8 0.8 0.8 1 0.8 0.8 0.8 1 0.8 0.8 0.8 1 0.8 0.8 0.8 1 0.8 0.8 0.8 1 0.8 0.8 0.8 1 0.8 0.8 0.8 1 0.8 0.8 0.8 1 0.8 0.8 0.8 1 0.8 0.8 0.8 1 0.8 0.8 0.8 1 0.8 0.8 0.8 1 0.8 0.8 0.8 1 0.8 0.8 0.8 1 0.8 0.8 0.8 1 0.8 0.8 0.8 1 0.8 0.8 0.8 1 0.8 0.8 0.8 1 0.8 0.8 0.8 1 0.8 0.8 0.8 1 0.8 0.8 0.8 1 0.8 0.8 0.8 1 0.8 0.8 0.8 1 0.8 0.8 0.8 1 0.8 0.8 0.8 1 0.8 0.8 0.8 1 0.8 0.8 0.8 1 0.8 0.8 0.8 1 0.8 0.8 0.8 1 0.8 0.8 0.8 1 0.8 0.8 0.8 1 0.8 0.8 0.8 1 0.8 0.8 0.8 1 0.8 0.8 0.8 1 0.8 0.8 0.8 1 0.8 0.8 0.8 1 0.8 0.8 0.8 1 0.8 0.8 0.8 1 0.8 0.8 0.8 1 0.8 0.8 0.8 1 0.8 0.8 0.8 1 0.8 0.8 0.8 1 0.8 0.8 0.8 1 0.8 0.8 0.8 1 0.8 0.8 0.8 1 0.8 0.8 0.8 1 0.8 0.8 0.8 1 0.8 0.8 0.8 1 0.8 0.8 0.8 1 0.8 0.8 0.8 1 0.8 0.8 0.8 1 0.8 0.8 0.8 1 0.8 0.8 0.8 1 0.8 0.8 0.8 1 0.8 0.8 0.8 1 0.8 0.8 0.8 1 0.8 0.8 0.8 1 0.8 0.8 0.8 1 0.8 0.8 0.8 1 0.8 0.8 0.8 1 0.8 0.8 0.8 1 0.8 0.8 0.8 1 0.8 0.8 0.8 1 0.8 0.8 0.8 1 0.8 0.8 0.8 1 0.8 0.8 0.8 1 0.8 0.8 0.8 1 0.8 0.8 0.8 1 0.8 0.8 0.8 1 0.8 0.8 0.8 1 0.8 0.8 0.8 1 0.8 0.8 0.8 1 0.8 0.8 0.8 1 0.8 0.8 0.8 1 0.8 0.8 0.8 1 0.8 0.8 0.8 1 0.8 0.8 0.8 1 0.8 0.8 0.8 1 0.8 0.8 0.8 1 0.8 0.8 0.8 1 0.8 0.8 0.8 1 0.8 0.8 0.8 1 0.8 0.8 0.8 1 0.8 0.8 0.8 1 0.8 0.8 0.8 1 0.8 0.8 0.8 1 0.8 0.8 0.8 1 0.8 0.8 0.8 1 0.8 0.8 0.8 1 0.8 0.8 0.8 1 0.8 0.8 0.8 1 0.8 0.8 0.8 1 0.8 0.8 0.8 1 0.8 0.8 0.8 1 0.8 0.8 0.8 1 0.8 0.8 0.8 1 0.8 0.8 0.8 1 0.8 0.8 0.8 1 0.8 0.8 0.8 1 0.8 0.8 0.8 1 0.8 0.8 0.8 1 0.8 0.8 0.8 1 0.8 0.8 0.8 1 0.8 0.8 0.8 1 0.8 0.8 0.8 1 0.8 0.8 0.8 1 0.8 0.8 0.8 1 0.8 0.8 0.8 1 0.8 0.8 0.8 1 0.8 0.8 0.8 1 0.8 0.8 0.8 1 0.8 0.8 0.8 1 0.8 0.8 0.8 1 0.8 0.8 0.8 1 0.8 0.8 0.8 1 0.8 0.8 0.8 1 0.8 0.8 0.8 1 0.8 0.8 0.8 1 0.8 0.8 0.8 1 0.8 0.8 0.8 1 0.8 0.8 0.8 1 0.8 0.8 0.8 1 0.8 0.8 0.8 1 0.8 0.8 0.8 1 0.8 0.8 0.8 1 0.8 0.8 0.8 1 0.8 0.8 0.8 1 0.8 0.8 0.8 1 0.8 0.8 0.8 1 0.8 0.8 0.8 1 0.8 0.8 0.8 1 0.8 0.8 0.8 1 0.8 0.8 0.8 1 0.8 0.8 0.8 1 0.8 0.8 0.8 1 0.8 0.8 0.8 1 0.8 0.8 0.8 1 0.8 0.8 0.8 1 0.8 0.8 0.8 1 0.8 0.8 0.8 1 0.8 0.8 0.8 1 0.8 0.8 0.8 1 0.8 0.8 0.8 1 0.8 0.8 0.8 1 0.8 0.8 0.8 1 0.8 0.8 0.8 1 0.8 0.8 0.8 1 0.8 0.8 0.8 1 0.8 0.8 0.8 1 0.8 0.8 0.8 1 0.8 0.8 0.8 1 0.8 0.8 0.8 1 0.8 0.8 0.8 1 0.8 0.8 0.8 1 0.8 0.8 0.8 1 0.8 0.8 0.8 1 0.8 0.8 0.8 1 0.8 0.8 0.8 1 0.8 0.8 0.8 1 0.8 0.8 0.8 1 0.8 0.8 0.8 1 0.8 0.8 0.8 1 0.8 0.8 0.8 1 0.8 0.8 0.8 1 0.8 0.8 0.8 1 0.8 0.8 0.8 1 0.8 0.8 0.8 1 0.8 0.8 0.8 1 0.8 0.8 0.8 1 0.8 0.8 0.8 1 0.8 0.8 0.8 1 0.8 0.8 0.8 1 0.8 0.8 0.8 1 0.8 0.8 0.8 1 0.8 0.8 0.8 1 0.8 0.8 0.8 1 0.8 0.8 0.8 1 0.8 0.8 0.8 1 0.8 0.8 0.8 1 0.8 0.8 0.8 1 0.8 0.8 0.8 1 0.8 0.8 0.8 1 0.8 0.8 0.8 1 0.8 0.8 0.8 1 0.8 0.8 0.8 1 0.8 0.8 0.8 1 0.8 0.8 0.8 1 0.8 0.8 0.8 1 0.8 0.8 0.8 1 0.8 0.8 0.8 1 0.8 0.8 0.8 1 0.8 0.8 0.8 1 0.8 0.8 0.8 1 0.8 0.8 0.8 1 0.8 0.8 0.8 1 0.8 0.8 0.8 1 0.8 0.8 0.8 1 0.8 0.8 0.8 1 0.8 0.8 0.8 1 0.8 0.8 0.8 1 0.8 0.8 0.8 1 0.8 0.8 0.8 1 0.8 0.8 0.8 1 0.8 0.8 0.8 1 0.8 0.8 0.8 1 0.8 0.8 0.8 1 0.8 0.8 0.8 1 0.8 0.8 0.8 1 0.8 0.8 0.8 1 0.8 0.8 0.8 1 0.8 0.8 0.8 1 0.8 0.8 0.8 1 0.8 0.8 0.8 1 0.8 0.8 0.8 1 0.8 0.8 0.8 1 0.8 0.8 0.8 1 0.8 0.8 0.8 1 0.8 0.8 0.8 1 0.8 0.8 0.8 1 0.8 0.8 0.8 1 0.8 0.8 0.8 1 0.8 0.8 0.8 1 0.8 0.8 0.8 1 0.8 0.8 0.8 1 0.8 0.8 0.8 1 0.8 0.8 0.8 1 0.8 0.8 0.8 1 0.8 0.8 0.8 1 0.8 0.8 0.8 1 0.8 0.8 0.8 1 0.8 0.8 0.8 1 0.8 0.8 0.8 1 0.8 0.8 0.8 1 0.8 0.8 0.8 1 0.8 0.8 0.8 1 0.8 0.8 0.8 1 0.8 0.8 0.8 1 0.8 0.8 0.8 1 0.8 0.8 0.8 1 0.8 0.8 0.8 1 0.8 0.8 0.8 1 0.8 0.8 0.8 1 0.8 0.8 0.8 1 0.8 0.8 0.8 1 0.8 0.8 0.8 1 0.8 0.8 0.8 1 0.8 0.8 0.8 1 0.8 0.8 0.8 1 0.8 0.8 0.8 1 0.8 0.8 0.8 1 0.8 0.8 0.8 1 0.8 0.8 0.8 1 0.8 0.8 0.8 1 0.8 0.8 0.8 1 0.8 0.8 0.8 1 0.8 0.8 0.8 1 0.8 0.8 0.8 1 0.8 0.8 0.8 1 0.8 0.8 0.8 1 0.8 0.8 0.8 1 0.8 0.8 0.8 1 0.8 0.8 0.8 1 0.8 0.8 0.8 1 0.8 0.8 0.8 1 0.8 0.8 0.8 1 0.8 0.8 0.8 1 0.8 0.8 0.8 1 0.8 0.8 0.8 1 0.8 0.8 0.8 1 0.8 0.8 0.8 1 0.8 0.8 0.8 1 0.8 0.8 0.8 1 0.8 0.8 0.8 1 0.8 0.8 0.8 1 0.8 0.8 0.8 1 0.8 0.8 0.8 1 0.8 0.8 0.8 1 0.8 0.8 0.8 1 0.8 0.8 0.8 1 0.8 0.8 0.8 1 0.8 0.8 0.8 1 0.8 0.8 0.8 1 0.8 0.8 0.8 1 0.8 0.8 0.8 1 0.8 0.8 0.8 1 0.8 0.8 0.8 1 0.8 0.8 0.8 1 0.8 0.8 0.8 1 0.8 0.8 0.8 1 0.8 0.8 0.8 1 0.8 0.8 0.8 1 0.8 0.8 0.8 1 0.8 0.8 0.8 1 0.8 0.8 0.8 1 0.8 0.8 0.8 1 0.8 0.8 0.8 1 0.8 0.8 0.8 1 0.8 0.8 0.8 1 0.8 0.8 0.8 1 0.8 0.8 0.8 1 0.8 0.8 0.8 1 0.8 0.8 0.8 1 0.8 0.8 0.8 1 0.8 0.8 0.8 1 0.8 0.8 0.8 1 0.8 0.8 0.8 1 0.8 0.8 0.8 1 0.8 0.8 0.8 1 0.8 0.8 0.8 1 0.8 0.8 0.8 1 0.8 0.8 0.8 1 0.8 0.8 0.8 1 0.8 0.8 0.8 1 0.8 0.8 0.8 1 0.8 0.8 0.8 1 0.8 0.8 0.8 1 0.8 0.8 0.8 1 0.8 0.8 0.8 1 0.8 0.8 0.8 1 0.8 0.8 0.8 1 0.8 0.8 0.8 1 0.8 0.8 0.8 1 0.8 0.8 0.8 1 0.8 0.8 0.8 1 0.8 0.8 0.8 1 0.8 0.8 0.8 1 0.8 0.8 0.8 1 0.8 0.8 0.8 1 0.8 0.8 0.8 1 0.8 0.8 0.8 1 0.8 0.8 0.8 1 0.8 0.8 0.8 1 0.8 0.8 0.8 1 0.8 0.8 0.8 1 0.8 0.8 0.8 1 0.8 0.8 0.8 1 0.8 0.8 0.8 1 0.8 0.8 0.8 1 0.8 0.8 0.8 1 0.8 0.8 0.8 1 0.8 0.8 0.8 1 0.8 0.8 0.8 1 0.8 0.8 0.8 1 0.8 0.8 0.8 1 0.8 0.8 0.8 1 0.8 0.8 0.8 1 0.8 0.8 0.8 1 0.8 0.8 0.8 1 0.8 0.8 0.8 1 0.8 0.8 0.8 1 0.8 0.8 0.8 1 0.8 0.8 0.8 1 0.8 0.8 0.8 1 0.8 0.8 0.8 1 0.8 0.8 0.8 1 0.8 0.8 0.8 1 0.8 0.8 0.8 1 0.8 0.8 0.8 1 0.8 0.8 0.8 1 0.8 0.8 0.8 1 0.8 0.8 0.8 1 0.8 0.8 0.8 1 0.8 0.8 0.8 1 0.8 0.8 0.8 1 0.8 0.8 0.8 1 0.8 0.8 0.8 1 0.8 0.8 0.8 1 0.8 0.8 0.8 1 0.8 0.8 0.8 1 0.8 0.8 0.8 1 0.8 0.8 0.8 1 0.8 0.8 0.8 1 0.8 0.8 0.8 1 0.8 0.8 0.8 1 0.8 0.8 0.8 1 0.8 0.8 0.8 1 0.8 0.8 0.8 1 0.8 0.8 0.8 1 0.8 0.8 0.8 1 0.8 0.8 0.8 1 0.8 0.8 0.8 1 0.8 0.8 0.8 1 0.8 0.8 0.8 1 0.8 0.8 0.8 1 0.8 0.8 0.8 1 0.8 0.8 0.8 1 0.8 0.8 0.8 1 0.8 0.8 0.8 1 0.8 0.8 0.8 1 0.8 0.8 0.8 1 0.8 0.8 0.8 1 0.8 0.8 0.8 1 0.8 0.8 0.8 1 0.8 0.8 0.8 1 0.8 0.8 0.8 1 0.8 0.8 0.8 1 0.8 0.8 0.8 1 0.8 0.8 0.8 1 0.8 0.8 0.8 1 0.8 0.8 0.8 1 0.8 0.8 0.8 1 0.8 0.8 0.8 1 0.8 0.8 0.8 1 0.8 0.8 0.8 1 0.8 0.8 0.8 1 0.8 0.8 0.8 1 0.8 0.8 0.8 1 0.8 0.8 0.8 1 0.8 0.8 0.8 1 0.8 0.8 0.8 1 0.8 0.8 0.8 1 0.8 0.8 0.8 1 0.8 0.8 0.8 1 0.8 0.8 0.8 1 0.8 0.8 0.8 1 0.8 0.8 0.8 1 0.8 0.8 0.8 1 0.8 0.8 0.8 1 0.8 0.8 0.8 1 0.8 0.8 0.8 1 0.8 0.8 0.8 1 0.8 0.8 0.8 1 0.8 0.8 0.8 1 0.8 0.8 0.8 1 0.8 0.8 0.8 1 0.8 0.8 0.8 1 0.8 0.8 0.8 1 0.8 0.8 0.8 1 0.8 0.8 0.8 1 0.8 0.8 0.8 1 0.8 0.8 0.8 1 0.8 0.8 0.8 1 0.8 0.8 0.8 1 0.8 0.8 0.8 1 0.8 0.8 0.8 1 0.8 0.8 0.8 1 0.8 0.8 0.8 1 0.8 0.8 0.8 1 0.8 0.8 0.8 1 0.8 0.8 0.8 1 0.8 0.8 0.8 1 0.8 0.8 0.8 1 0.8 0.8 0.8 1 0.8 0.8 0.8 1 0.8 0.8 0.8 1 0.8 0.8 0.8 1 0.8 0.8 0.8 1 0.8 0.8 0.8 1 0.8 0.8 0.8 1 0.8 0.8 0.8 1 0.8 0.8 0.8 1 0.8 0.8 0.8 1 0.8 0.8 0.8 1 0.8 0.8 0.8 1 0.8 0.8 0.8 1 0.8 0.8 0.8 1 0.8 0.8 0.8 1 0.8 0.8 0.8 1 0.8 0.8 0.8 1 0.8 0.8 0.8 1 0.8 0.8 0.8 1 0.8 0.8 0.8 1 0.8 0.8 0.8 1 0.8 0.8 0.8 1 0.8 0.8 0.8 1 0.8 0.8 0.8 1 0.8 0.8 0.8 1 0.8 0.8 0.8 1 0.8 0.8 0.8 1 0.8 0.8 0.8 1 0.8 0.8 0.8 1 0.8 0.8 0.8 1 0.8 0.8 0.8 1 0.8 0.8 0.8 1 0.8 0.8 0.8 1 0.8 0.8 0.8 1 0.8 0.8 0.8 1 0.8 0.8 0.8 1 0.8 0.8 0.8 1 0.8 0.8 0.8 1 0.8 0.8 0.8 1 0.8 0.8 0.8 1 0.8 0.8 0.8 1 0.8 0.8 0.8 1 0.8 0.8 0.8 1 0.8 0.8 0.8 1 0.8 0.8 0.8 1 0.8 0.8 0.8 1 0.8 0.8 0.8 1 0.8 0.8 0.8 1 0.8 0.8 0.8 1 0.8 0.8 0.8 1 0.8 0.8 0.8 1 0.8 0.8 0.8 1 0.8 0.8 0.8 1 0.8 0.8 0.8 1 0.8 0.8 0.8 1 0.8 0.8 0.8 1 0.8 0.8 0.8 1 0.8 0.8 0.8 1 0.8 0.8 0.8 1 0.8 0.8 0.8 1 0.8 0.8 0.8 1 0.8 0.8 0.8 1 0.8 0.8 0.8 1 0.8 0.8 0.8 1 0.8 0.8 0.8 1 0.8 0.8 0.8 1 0.8 0.8 0.8 1 0.8 0.8 0.8 1 0.8 0.8 0.8 1 0.8 0.8 0.8 1 0.8 0.8 0.8 1 0.8 0.8 0.8 1 0.8 0.8 0.8 1 0.8 0.8 0.8 1 0.8 0.8 0.8 1 0.8 0.8 0.8 1 0.8 0.8 0.8 1 0.8 0.8 0.8 1 0.8 0.8 0.8 1 0.8 0.8 0.8 1 0.8 0.8 0.8 1 0.8 0.8 0.8 1 0.8 0.8 0.8 1 0.8 0.8 0.8 1 0.8 0.8 0.8 1 0.8 0.8 0.8 1 0.8 0.8 0.8 1 0.8 0.8 0.8 1 0.8 0.8 0.8 1 0.8 0.8 0.8 1 0.8 0.8 0.8 1 0.8 0.8 0.8 1 0.8 0.8 0.8 1 0.8 0.8 0.8 1 0.8 0.8 0.8 1 0.8 0.8 0.8 1 0.8 0.8 0.8 1 0.8 0.8 0.8 1 0.8 0.8 0.8 1 0.8 0.8 0.8 1 0.8 0.8 0.8 1 0.8 0.8 0.8 1 0.8 0.8 0.8 1 0.8 0.8 0.8 1 0.8 0.8 0.8 1 0.8 0.8 0.8 1 0.8 0.8 0.8 1 0.8 0.8 0.8 1 0.8 0.8 0.8 1 0.8 0.8 0.8 1 0.8 0.8 0.8 1 0.8 0.8 0.8 1 0.8 0.8 0.8 1 0.8 0.8 0.8 1 0.8 0.8 0.8 1 0.8 0.8 0.8 1 0.8 0.8 0.8 1 0.8 0.8 0.8 1 0.8 0.8 0.8 1 0.8 0.8 0.8 1 0.8 0.8 0.8 1 0.8 0.8 0.8 1 0.8 0.8 0.8 1 0.8 0.8 0.8 1 0.8 0.8 0.8 1 0.8 0.8 0.8 1 0.8 0.8 0.8 1 0.8 0.8 0.8 1 0.8 0.8 0.8 1 0.8 0.8 0.8 1 0.8 0.8 0.8 1 0.8 0.8 0.8 1 0.8 0.8 0.8 1 0.8 0.8 0.8 1 0.8 0.8 0.8 1 0.8 0.8 0.8 1 0.8 0.8 0.8 1 0.8 0.8 0.8 1 0.8 0.8 0.8 1 0.8 0.8 0.8 1 0.8 0.8 0.8 1 0.8 0.8 0.8 1 0.8 0.8 0.8 1 0.8 0.8 0.8 1 0.8 0.8 0.8 1 0.8 0.8 0.8 1 0.8 0.8 0.8 1 0.8 0.8 0.8 1 0.8 0.8 0.8 1 0.8 0.8 0.8 1 0.8 0.8 0.8 1 0.8 0.8 0.8 1 0.8 0.8 0.8 1 0.8 0.8 0.8 1 0.8 0.8 0.8 1 0.8 0.8 0.8 1 0.8 0.8 0.8 1 0.8 0.8 0.8 1 0.8 0.8 0.8 1 0.8 0.8 0.8 1 0.8 0.8 0.8 1 0.8 0.8 0.8 1 0.8 0.8 0.8 1 0.8 0.8 0.8 1 0.8 0.8 0.8 1 0.8 0.8 0.8 1 0.8 0.8 0.8 1 0.8 0.8 0.8 1 0.8 0.8 0.8 1 0.8 0.8 0.8 1 0.8 0.8 0.8 1 0.8 0.8 0.8 1 0.8 0.8 0.8 1 0.8 0.8 0.8 1 0.8 0.8 0.8 1 0.8 0.8 0.8 1 0.8 0.8 0.8 1 0.8 0.8 0.8 1 0.8 0.8 0.8 1 0.8 0.8 0.8 1 0.8 0.8 0.8 1 0.8 0.8 0.8 1 0.8 0.8 0.8 1 0.8 0.8 0.8 1 0.8 0.8 0.8 1 0.8 0.8 0.8 1 0.8 0.8 0.8 1 0.8 0.8 0.8 1 0.8 0.8 0.8 1 0.8 0.8 0.8 1 0.8 0.8 0.8 1 0.8 0.8 0.8 1 0.8 0.8 0.8 1 0.8 0.8 0.8 1 0.8 0.8 0.8 1 0.8 0.8 0.8 1 0.8 0.8 0.8 1 0.8 0.8 0.8 1 0.8 0.8 0.8 1 0.8 0.8 0.8 1 0.8 0.8 0.8 1 0.8 0.8 0.8 1 0.8 0.8 0.8 1 0.8 0.8 0.8 1 0.8 0.8 0.8 1 0.8 0.8 0.8 1 0.8 0.8 0.8 1 0.8 0.8 0.8 1 0.8 0.8 0.8 1 0.8 0.8 0.8 1 0.8 0.8 0.8 1 0.8 0.8 0.8 1 0.8 0.8 0.8 1 0.8 0.8 0.8 1 0.8 0.8 0.8 1 0.8 0.8 0.8 1 0.8 0.8 0.8 1 0.8 0.8 0.8 1 0.8 0.8 0.8 1 0.8 0.8 0.8 1 0.8 0.8 0.8 1 0.8 0.8 0.8 1 0.8 0.8 0.8 1 0.8 0.8 0.8 1 0.8 0.8 0.8 1 0.8 0.8 0.8 1 0.8 0.8 0.8 1 0.8 0.8 0.8 1 0.8 0.8 0.8 1 0.8 0.8 0.8 1 0.8 0.8 0.8 1 0.8 0.8 0.8 1 0.8 0.8 0.8 1 0.8 0.8 0.8 1 0.8 0.8 0.8 1 0.8 0.8 0.8 1 0.8 0.8 0.8 1 0.8 0.8 0.8 1 0.8 0.8 0.8 1 0.8 0.8 0.8 1 0.8 0.8 0.8 1 0.8 0.8 0.8 1 0.8 0.8 0.8 1 0.8 0.8 0.8 1 0.8 0.8 0.8 1 0.8 0.8 0.8 1 0.8 0.8 0.8 1 0.8 0.8 0.8 1 0.8 0.8 0.8 1 0.8 0.8 0.8 1 0.8 0.8 0.8 1 0.8 0.8 0.8 1 0.8 0.8 0.8 1 0.8 0.8 0.8 1 0.8 0.8 0.8 1 0.8 0.8 0.8 1 0.8 0.8 0.8 1 0.8 0.8 0.8 1 0.8 0.8 0.8 1 0.8 0.8 0.8 1 0.8 0.8 0.8 1 0.8 0.8 0.8 1 0.8 0.8 0.8 1 0.8 0.8 0.8 1 0.8 0.8 0.8 1 0.8 0.8 0.8 1 0.8 0.8 0.8 1 0.8 0.8 0.8 1 0.8 0.8 0.8 1 0.8 0.8 0.8 1 0.8 0.8 0.8 1 0.8 0.8 0.8 1 0.8 0.8 0.8 1 0.8 0.8 0.8 1 0.8 0.8 0.8 1 0.8 0.8 0.8 1 0.8 0.8 0.8 1 0.8 0.8 0.8 1 0.8 0.8 0.8 1 0.8 0.8 0.8 1 0.8 0.8 0.8 1 0.8 0.8 0.8 1 0.8 0.8 0.8 1 0.8 0.8 0.8 1 0.8 0.8 0.8 1 0.8 0.8 0.8 1 0.8 0.8 0.8 1 0.8 0.8 0.8 1 0.8 0.8 0.8 1 0.8 0.8 0.8 1 0.8 0.8 0.8 1 0.8 0.8 0.8 1 0.8 0.8 0.8 1 0.8 0.8 0.8 1 0.8 0.8 0.8 1 0.8 0.8 0.8 1 0.8 0.8 0.8 1 0.8 0.8 0.8 1 0.8 0.8 0.8 1 0.8 0.8 0.8 1 0.8 0.8 0.8 1 0.8 0.8 0.8 1 0.8 0.8 0.8 1 0.8 0.8 0.8 1 0.8 0.8 0.8 1 0.8 0.8 0.8 1 0.8 0.8 0.8 1 0.8 0.8 0.8 1 0.8 0.8 0.8 1 0.8 0.8 0.8 1 0.8 0.8 0.8 1 0.8 0.8 0.8 1 0.8 0.8 0.8 1 0.8 0.8 0.8 1 0.8 0.8 0.8 1 0.8 0.8 0.8 1 0.8 0.8 0.8 1 0.8 0.8 0.8 1 0.8 0.8 0.8 1 0.8 0.8 0.8 1 0.8 0.8 0.8 1 0.8 0.8 0.8 1 0.8 0.8 0.8 1 0.8 0.8 0.8 1 0.8 0.8 0.8 1 0.8 0.8 0.8 1 0.8 0.8 0.8 1 0.8 0.8 0.8 1 0.8 0.8 0.8 1 0.8 0.8 0.8 1 0.8 0.8 0.8 1 0.8 0.8 0.8 1 0.8 0.8 0.8 1 0.8 0.8 0.8 1 0.8 0.8 0.8 1 0.8 0.8 0.8 1 0.8 0.8 0.8 1 0.8 0.8 0.8 1 0.8 0.8 0.8 1 0.8 0.8 0.8 1 0.8 0.8 0.8 1 0.8 0.8 0.8 1 0.8 0.8 0.8 1 0.8 0.8 0.8 1 0.8 0.8 0.8 1 0.8 0.8 0.8 1 0.8 0.8 0.8 1 0.8 0.8 0.8 1 0.8 0.8 0.8 1 0.8 0.8 0.8 1 0.8 0.8 0.8 1 0.8 0.8 0.8 1 0.8 0.8 0.8 1 0.8 0.8 0.8 1 0.8 0.8 0.8 1 0.8 0.8 0.8 1 0.8 0.8 0.8 1 0.8 0.8 0.8 1 0.8 0.8 0.8 1 0.8 0.8 0.8 1 0.8 0.8 0.8 1 0.8 0.8 0.8 1 0.8 0.8 0.8 1 0.8 0.8 0.8 1 0.8 0.8 0.8 1 0.8 0.8 0.8 1 0.8 0.8 0.8 1 0.8 0.8 0.8 1 0.8 0.8 0.8 1 0.8 0.8 0.8 1 0.8 0.8 0.8 1 0.8 0.8 0.8 1 0.8 0.8 0.8 1 0.8 0.8 0.8 1 0.8 0.8 0.8 1 0.8 0.8 0.8 1 0.8 0.8 0.8 1 0.8 0.8 0.8 1 0.8 0.8 0.8 1 0.8 0.8 0.8 1 0.8 0.8 0.8 1 0.8 0.8 0.8 1 0.8 0.8 0.8 1 0.8 0.8 0.8 1 0.8 0.8 0.8 1 0.8 0.8 0.8 1 0.8 0.8 0.8 1 0.8 0.8 0.8 1 0.8 0.8 0.8 1 0.8 0.8 0.8 1 0.8 0.8 0.8 1 0.8 0.8 0.8 1 0.8 0.8 0.8 1 0.8 0.8 0.8 1 0.8 0.8 0.8 1 0.8 0.8 0.8 1 0.8 0.8 0.8 1 0.8 0.8 0.8 1 0.8 0.8 0.8 1 0.8 0.8 0.8 1 0.8 0.8 0.8 1 0.8 0.8 0.8 1 0.8 0.8 0.8 1 0.8 0.8 0.8 1 0.8 0.8 0.8 1 0.8 0.8 0.8 1 0.8 0.8 0.8 1 0.8 0.8 0.8 1 0.8 0.8 0.8 1 0.8 0.8 0.8 1 0.8 0.8 0.8 1 0.8 0.8 0.8 1 0.8 0.8 0.8 1 0.8 0.8 0.8 1 0.8 0.8 0.8 1 0.8 0.8 0.8 1 0.8 0.8 0.8 1 0.8 0.8 0.8 1 0.8 0.8 0.8 1 0.8 0.8 0.8 1 0.8 0.8 0.8 1 0.8 0.8 0.8 1 0.8 0.8 0.8 1 0.8 0.8 0.8 1 0.8 0.8 0.8 1 0.8 0.8 0.8 1 0.8 0.8 0.8 1 0.8 0.8 0.8 1 0.8 0.8 0.8 1 0.8 0.8 0.8 1 0.8 0.8 0.8 1 0.8 0.8 0.8 1 0.8 0.8 0.8 1 0.8 0.8 0.8 1 0.8 0.8 0.8 1 0.8 0.8 0.8 1 0.8 0.8 0.8 1 0.8 0.8 0.8 1 0.8 0.8 0.8 1 0.8 0.8 0.8 1 0.8 0.8 0.8 1 0.8 0.8 0.8 1 0.8 0.8 0.8 1 0.8 0.8 0.8 1 0.8 0.8 0.8 1 0.8 0.8 0.8 1 0.8 0.8 0.8 1 0.8 0.8 0.8 1 0.8 0.8 0.8 1 0.8 0.8 0.8 1 0.8 0.8 0.8 1 0.8 0.8 0.8 1 0.8 0.8 0.8 1 0.8 0.8 0.8 1 0.8 0.8 0.8 1 0.8 0.8 0.8 1 0.8 0.8 0.8 1 0.8 0.8 0.8 1 0.8 0.8 0.8 1 0.8 0.8 0.8 1 0.8 0.8 0.8 1 0.8 0.8 0.8 1 0.8 0.8 0.8 1 0.8 0.8 0.8 1 0.8 0.8 0.8 1 0.8 0.8 0.8 1 0.8 0.8 0.8 1 0.8 0.8 0.8 1 0.8 0.8 0.8 1 0.8 0.8 0.8 1 0.8 0.8 0.8 1 0.8 0.8 0.8 1 0.8 0.8 0.8 1 0.8 0.8 0.8 1 0.8 0.8 0.8 1 0.8 0.8 0.8 1 0.8 0.8 0.8 1 0.8 0.8 0.8 1 0.8 0.8 0.8 1 0.8 0.8 0.8 1 0.8 0.8 0.8 1 0.8 0.8 0.8 1 0.8 0.8 0.8 1 0.8 0.8 0.8 1 0.8 0.8 0.8 1 0.8 0.8 0.8 1 0.8 0.8 0.8 1 0.8 0.8 0.8 1 0.8 0.8 0.8 1 0.8 0.8 0.8 1 0.8 0.8 0.8 1 0.8 0.8 0.8 1 0.8 0.8 0.8 1 0.8 0.8 0.8 1 0.8 0.8 0.8 1 0.8 0.8 0.8 1 0.8 0.8 0.8 1 0.8 0.8 0.8 1 0.8 0.8 0.8 1 0.8 0.8 0.8 1 0.8 0.8 0.8 1 0.8 0.8 0.8 1 0.8 0.8 0.8 1 0.8 0.8 0.8 1 0.8 0.8 0.8 1 0.8 0.8 0.8 1 0.8 0.8 0.8 1 0.8 0.8 0.8 1 0.8 0.8 0.8 1 0.8 0.8 0.8 1 0.8 0.8 0.8 1 0.8 0.8 0.8 1 0.8 0.8 0.8 1 0.8 0.8 0.8 1 0.8 0.8 0.8 1 0.8 0.8 0.8 1 0.8 0.8 0.8 1 0.8 0.8 0.8 1 0.8 0.8 0.8 1 0.8 0.8 0.8 1 0.8 0.8 0.8 1 0.8 0.8 0.8 1 0.8 0.8 0.8 1 0.8 0.8 0.8 1 0.8 0.8 0.8 1 0.8 0.8 0.8 1 0.8 0.8 0.8 1 0.8 0.8 0.8 1 0.8 0.8 0.8 1 0.8 0.8 0.8 1 0.8 0.8 0.8 1 0.8 0.8 0.8 1 0.8 0.8 0.8 1 0.8 0.8 0.8 1 0.8 0.8 0.8 1 0.8 0.8 0.8 1 0.8 0.8 0.8 1 0.8 0.8 0.8 1 0.8 0.8 0.8 1 0.8 0.8 0.8 1 0.8 0.8 0.8 1 0.8 0.8 0.8 1 0.8 0.8 0.8 1 0.8 0.8 0.8 1 0.8 0.8 0.8 1 0.8 0.8 0.8 1 0.8 0.8 0.8 1 0.8 0.8 0.8 1 0.8 0.8 0.8 1 0.8 0.8 0.8 1 0.8 0.8 0.8 1 0.8 0.8 0.8 1 0.8 0.8 0.8 1 0.8 0.8 0.8 1 0.8 0.8 0.8 1 0.8 0.8 0.8 1 0.8 0.8 0.8 1 0.8 0.8 0.8 1 0.8 0.8 0.8 1 0.8 0.8 0.8 1 0.8 0.8 0.8 1 0.8 0.8 0.8 1 0.8 0.8 0.8 1 0.8 0.8 0.8 1 0.8 0.8 0.8 1 0.8 0.8 0.8 1 0.8 0.8 0.8 1 0.8 0.8 0.8 1 0.8 0.8 0.8 1 0.8 0.8 0.8 1 0.8 0.8 0.8 1 0.8 0.8 0.8 1 0.8 0.8 0.8 1 0.8 0.8 0.8 1 0.8 0.8 0.8 1 0.8 0.8 0.8 1 0.8 0.8 0.8 1 0.8 0.8 0.8 1 0.8 0.8 0.8 1 0.8 0.8 0.8 1 0.8 0.8 0.8 1 0.8 0.8 0.8 1 0.8 0.8 0.8 1 0.8 0.8 0.8 1 0.8 0.8 0.8 1 0.8 0.8 0.8 1 0.8 0.8 0.8 1 0.8 0.8 0.8 1 0.8 0.8 0.8 1 0.8 0.8 0.8 1 0.8 0.8 0.8 1 0.8 0.8 0.8 1 0.8 0.8 0.8 1 0.8 0.8 0.8 1 0.8 0.8 0.8 1 0.8 0.8 0.8 1 0.8 0.8 0.8 1 0.8 0.8 0.8 1 0.8 0.8 0.8 1 0.8 0.8 0.8 1 0.8 0.8 0.8 1 0.8 0.8 0.8 1 0.8 0.8 0.8 1 0.8 0.8 0.8 1 0.8 0.8 0.8 1 0.8 0.8 0.8 1 0.8 0.8 0.8 1 0.8 0.8 0.8 1 0.8 0.8 0.8 1 0.8 0.8 0.8 1 0.8 0.8 0.8 1 0.8 0.8 0.8 1 0.8 0.8 0.8 1 0.8 0.8 0.8 1 0.8 0.8 0.8 1 0.8 0.8 0.8 1 0.8 0.8 0.8 1 0.8 0.8 0.8 1 0.8 0.8 0.8 1 0.8 0.8 0.8 1 0.8 0.8 0.8 1 0.8 0.8 0.8 1 0.8 0.8 0.8 1 0.8 0.8 0.8 1 0.8 0.8 0.8 1 0.8 0.8 0.8 1 0.8 0.8 0.8 1 0.8 0.8 0.8 1 0.8 0.8 0.8 1 0.8 0.8 0.8 1 0.8 0.8 0.8 1 0.8 0.8 0.8 1 0.8 0.8 0.8 1 0.8 0.8 0.8 1 0.8 0.8 0.8 1 0.8 0.8 0.8 1 0.8 0.8 0.8 1 0.8 0.8 0.8 1 0.8 0.8 0.8 1 0.8 0.8 0.8 1 0.8 0.8 0.8 1 0.8 0.8 0.8 1 0.8 0.8 0.8 1 0.8 0.8 0.8 1 0.8 0.8 0.8 1 0.8 0.8 0.8 1 0.8 0.8 0.8 1 0.8 0.8 0.8 1 0.8 0.8 0.8 1 0.8 0.8 0.8 1 0.8 0.8 0.8 1 0.8 0.8 0.8 1 0.8 0.8 0.8 1 0.8 0.8 0.8 1 0.8 0.8 0.8 1 0.8 0.8 0.8 1 0.8 0.8 0.8 1 0.8 0.8 0.8 1 0.8 0.8 0.8 1 0.8 0.8 0.8 1 0.8 0.8 0.8 1 0.8 0.8 0.8 1 0.8 0.8 0.8 1 0.8 0.8 0.8 1 0.8 0.8 0.8 1 0.8 0.8 0.8 1 0.8 0.8 0.8 1 0.8 0.8 0.8 1 0.8 0.8 0.8 1 0.8 0.8 0.8 1 0.8 0.8 0.8 1 0.8 0.8 0.8 1 0.8 0.8 0.8 1 0.8 0.8 0.8 1 0.8 0.8 0.8 1 0.8 0.8 0.8 1 0.8 0.8 0.8 1 0.8 0.8 0.8 1 0.8 0.8 0.8 1 0.8 0.8 0.8 1 0.8 0.8 0.8 1 0.8 0.8 0.8 1 0.8 0.8 0.8 1 0.8 0.8 0.8 1 0.8 0.8 0.8 1 0.8 0.8 0.8 1 0.8 0.8 0.8 1 0.8 0.8 0.8 1 0.8 0.8 0.8 1 0.8 0.8 0.8 1 0.8 0.8 0.8 1 0.8 0.8 0.8 1 0.8 0.8 0.8 1 0.8 0.8 0.8 1 0.8 0.8 0.8 1 0.8 0.8 0.8 1 0.8 0.8 0.8 1 0.8 0.8 0.8 1 0.8 0.8 0.8 1 0.8 0.8 0.8 1 0.8 0.8 0.8 1 0.8 0.8 0.8 1 0.8 0.8 0.8 1 0.8 0.8 0.8 1 0.8 0.8 0.8 1 0.8 0.8 0.8 1 0.8 0.8 0.8 1 0.8 0.8 0.8 1 0.8 0.8 0.8 1 0.8 0.8 0.8 1 0.8 0.8 0.8 1 0.8 0.8 0.8 1 0.8 0.8 0.8 1 0.8 0.8 0.8 1 0.8 0.8 0.8 1 0.8 0.8 0.8 1 0.8 0.8 0.8 1 0.8 0.8 0.8 1 0.8 0.8 0.8 1 0.8 0.8 0.8 1 0.8 0.8 0.8 1 0.8 0.8 0.8 1 0.8 0.8 0.8 1 0.8 0.8 0.8 1 0.8 0.8 0.8 1 0.8 0.8 0.8 1 0.8 0.8 0.8 1 0.8 0.8 0.8 1 0.8 0.8 0.8 1 0.8 0.8 0.8 1 0.8 0.8 0.8 1 0.8 0.8 0.8 1 0.8 0.8 0.8 1 0.8 0.8 0.8 1 0.8 0.8 0.8 1 0.8 0.8 0.8 1 0.8 0.8 0.8 1 0.8 0.8 0.8 1 0.8 0.8 0.8 1 0.8 0.8 0.8 1 0.8 0.8 0.8 1 0.8 0.8 0.8 1 0.8 0.8 0.8 1 0.8 0.8 0.8 1 0.8 0.8 0.8 1 0.8 0.8 0.8 1 0.8 0.8 0.8 1 0.8 0.8 0.8 1 0.8 0.8 0.8 1 0.8 0.8 0.8 1 0.8 0.8 0.8 1 0.8 0.8 0.8 1 0.8 0.8 0.8 1 0.8 0.8 0.8 1 0.8 0.8 0.8 1 0.8 0.8 0.8 1 0.8 0.8 0.8 1 0.8 0.8 0.8 1 0.8 0.8 0.8 1 0.8 0.8 0.8 1 0.8 0.8 0.8 1 0.8 0.8 0.8 1 0.8 0.8 0.8 1 0.8 0.8 0.8 1 0.8 0.8 0.8 1 0.8 0.8 0.8 1 0.8 0.8 0.8 1 0.8 0.8 0.8 1 0.8 0.8 0.8 1 0.8 0.8 0.8 1 0.8 0.8 0.8 1 0.8 0.8 0.8 1 0.8 0.8 0.8 1 0.8 0.8 0.8 1 0.8 0.8 0.8 1 0.8 0.8 0.8 1 0.8 0.8 0.8 1 0.8 0.8 0.8 1 0.8 0.8 0.8 1 0.8 0.8 0.8 1 0.8 0.8 0.8 1 0.8 0.8 0.8 1 0.8 0.8 0.8 1 0.8 0.8 0.8 1 0.8 0.8 0.8 1 0.8 0.8 0.8 1 0.8 0.8 0.8 1 0.8 0.8 0.8 1 0.8 0.8 0.8 1 0.8 0.8 0.8 1 0.8 0.8 0.8 1 0.8 0.8 0.8 1 0.8 0.8 0.8 1 0.8 0.8 0.8 1 0.8 0.8 0.8 1 0.8 0.8 0.8 1 0.8 0.8 0.8 1 0.8 0.8 0.8 1 0.8 0.8 0.8 1 0.8 0.8 0.8 1 0.8 0.8 0.8 1 0.8 0.8 0.8 1 0.8 0.8 0.8 1 0.8 0.8 0.8 1 0.8 0.8 0.8 1 0.8 0.8 0.8 1 0.8 0.8 0.8 1 0.8 0.8 0.8 1 0.8 0.8 0.8 1 0.8 0.8 0.8 1 0.8 0.8 0.8 1 0.8 0.8 0.8 1 0.8 0.8 0.8 1 0.8 0.8 0.8 1 0.8 0.8 0.8 1 0.8 0.8 0.8 1 0.8 0.8 0.8 1</float_array>
                    <technique_common>
                        <accessor count="1374" source="#shape0-lib-vcolor-array" stride="4">
                            <param name="R" type="float"/>
                            <param name="G" type="float"/>
                            <param name="B" type="float"/>
                            <param name="A" type="float"/>
                        </accessor>
                    </technique_common>
                </source>
                <source id="shape0-lib-map" name="map">
                    <float_array id="shape0-lib-map-array" count="8088">0.55 1 0.6 1 0.6 1 0.55 1 0.6 1 0.55 1 0.74 1 0.76 1 0.76 1 0.74 1 0.76 1 0.74 1 0.5 1 0.525 1 0.525 1 0.5 1 0.525 1 0.5 1 0.76 1 0.8 1 0.8 1 0.76 1 0.8 1 0.76 1 0.9 1 0.95 1 0.95 1 0.9 1 0.95 1 0.9 1 1 1 1 1 1 1 1 1 1 1 1 1 0.95 0.1 1 0.1 1 0.15 0.95 0.1 1 0.15 0.95 0.15 0.95 0.175 1 0.175 1 0.2 0.95 0.175 1 0.2 0.95 0.2 0.95 0.3 1 0.3 1 0.35 0.95 0.3 1 0.35 0.95 0.35 0.95 0.35 1 0.35 1 0.4 0.95 0.35 1 0.4 0.95 0.4 0.95 0.4 1 0.4 1 0.45 0.95 0.4 1 0.45 0.95 0.45 0.95 0.45 1 0.45 1 0.5 0.95 0.45 1 0.5 0.95 0.5 0.95 0.5 1 0.5 1 0.55 0.95 0.5 1 0.55 0.95 0.55 0.95 0.65 1 0.65 1 0.7 0.95 0.65 1 0.7 0.95 0.7 0.95 0.7 1 0.7 1 0.75 0.95 0.7 1 0.75 0.95 0.75 0.95 0.75 1 0.75 1 0.8 0.95 0.75 1 0.8 0.95 0.8 0.95 0.8 1 0.8 1 0.85 0.95 0.8 1 0.85 0.95 0.85 0.95 0.85 1 0.85 1 0.9 0.95 0.85 1 0.9 0.95 0.9 0.1 0.85 0.15 0.85 0.15 0.9 0.1 0.85 0.15 0.9 0.1 0.9 0.15 0.85 0.2 0.85 0.2 0.9 0.15 0.85 0.2 0.9 0.15 0.9 0.2 0.85 0.25 0.85 0.25 0.9 0.2 0.85 0.25 0.9 0.2 0.9 0.25 0.85 0.3 0.85 0.3 0.9 0.25 0.85 0.3 0.9 0.25 0.9 0.4 0.85 0.45 0.85 0.45 0.9 0.4 0.85 0.45 0.9 0.4 0.9 0.49875 0.85 0.5 0.85 0.5 0.9 0.49875 0.85 0.5 0.9 0.49875 0.9 0.525 0.85 0.55 0.85 0.55 0.9 0.525 0.85 0.55 0.9 0.525 0.9 0.55 0.85 0.6 0.85 0.6 0.9 0.55 0.85 0.6 0.9 0.55 0.9 0.6 0.85 0.65 0.85 0.65 0.9 0.6 0.85 0.65 0.9 0.6 0.9 0.65 0.85 0.7 0.85 0.7 0.9 0.65 0.85 0.7 0.9 0.65 0.9 0.8 0.85 0.85 0.85 0.85 0.9 0.8 0.85 0.85 0.9 0.8 0.9 0.85 0.85 0.9 0.85 0.9 0.9 0.85 0.85 0.9 0.9 0.85 0.9 0.9 0.85 0.95 0.85 0.95 0.9 0.9 0.85 0.95 0.9 0.9 0.9 0.1 0.8 0.15 0.8 0.15 0.85 0.1 0.8 0.15 0.85 0.1 0.85 0.15 0.8 0.2 0.8 0.2 0.85 0.15 0.8 0.2 0.85 0.15 0.85 0.2 0.8 0.25 0.8 0.25 0.85 0.2 0.8 0.25 0.85 0.2 0.85 0.25 0.8 0.3 0.8 0.3 0.85 0.25 0.8 0.3 0.85 0.25 0.85 0.4 0.8 0.45 0.8 0.45 0.85 0.4 0.8 0.45 0.85 0.4 0.85 0.49875 0.8 0.5 0.8 0.5 0.85 0.49875 0.8 0.5 0.85 0.49875 0.85 0.525 0.8 0.55 0.8 0.55 0.85 0.525 0.8 0.55 0.85 0.525 0.85 0.55 0.8 0.6 0.8 0.6 0.85 0.55 0.8 0.6 0.85 0.55 0.85 0.6 0.8 0.65 0.8 0.65 0.85 0.6 0.8 0.65 0.85 0.6 0.85 0.65 0.8 0.7 0.8 0.7 0.85 0.65 0.8 0.7 0.85 0.65 0.85 0.8 0.8 0.85 0.8 0.85 0.85 0.8 0.8 0.85 0.85 0.8 0.85 0.85 0.8 0.9 0.8 0.9 0.85 0.85 0.8 0.9 0.85 0.85 0.85 0.9 0.8 0.95 0.8 0.95 0.85 0.9 0.8 0.95 0.85 0.9 0.85 0.1 0.75 0.15 0.75 0.15 0.8 0.1 0.75 0.15 0.8 0.1 0.8 0.15 0.75 0.2 0.75 0.2 0.8 0.15 0.75 0.2 0.8 0.15 0.8 0.2 0.75 0.25 0.75 0.25 0.8 0.2 0.75 0.25 0.8 0.2 0.8 0.25 0.75 0.3 0.75 0.3 0.8 0.25 0.75 0.3 0.8 0.25 0.8 0.4 0.75 0.45 0.75 0.45 0.8 0.4 0.75 0.45 0.8 0.4 0.8 0.49875 0.75 0.5 0.75 0.5 0.8 0.49875 0.75 0.5 0.8 0.49875 0.8 0.525 0.75 0.55 0.75 0.55 0.8 0.525 0.75 0.55 0.8 0.525 0.8 0.55 0.75 0.6 0.75 0.6 0.8 0.55 0.75 0.6 0.8 0.55 0.8 0.6 0.75 0.65 0.75 0.65 0.8 0.6 0.75 0.65 0.8 0.6 0.8 0.68303 0.761679 0.7 0.766827 0.7 0.8 0.7 0.8 0.65 0.8 0.65 0.75 0.65 0.75 0.661181 0.75 0.68303 0.761679 0.7 0.8 0.65 0.75 0.68303 0.761679 0.68303 0.761679 0.7 0.766827 0.7 0.766827 0.68303 0.761679 0.661181 0.75 0.661181 0.75 0.81697 0.761679 0.838819 0.75 0.85 0.75 0.85 0.75 0.85 0.8 0.8 0.8 0.8 0.8 0.8 0.766827 0.81697 0.761679 0.81697 0.761679 0.85 0.75 0.8 0.8 0.8 0.766827 0.8 0.766827 0.81697 0.761679 0.838819 0.75 0.838819 0.75 0.81697 0.761679 0.85 0.75 0.9 0.75 0.9 0.8 0.85 0.75 0.9 0.8 0.85 0.8 0.9 0.75 0.95 0.75 0.95 0.8 0.9 0.75 0.95 0.8 0.9 0.8 0.1 0.7 0.15 0.7 0.15 0.75 0.1 0.7 0.15 0.75 0.1 0.75 0.15 0.7 0.2 0.7 0.2 0.75 0.15 0.7 0.2 0.75 0.15 0.75 0.2 0.7 0.25 0.7 0.25 0.75 0.2 0.7 0.25 0.75 0.2 0.75 0.25 0.7 0.3 0.7 0.3 0.75 0.25 0.7 0.3 0.75 0.25 0.75 0.4 0.7 0.45 0.7 0.45 0.75 0.4 0.7 0.45 0.75 0.4 0.75 0.49875 0.7 0.5 0.7 0.5 0.75 0.49875 0.7 0.5 0.75 0.49875 0.75 0.525 0.7 0.55 0.7 0.55 0.75 0.525 0.7 0.55 0.75 0.525 0.75 0.55 0.7 0.6 0.7 0.6 0.75 0.55 0.7 0.6 0.75 0.55 0.75 0.626256 0.723744 0.65 0.74323 0.65 0.75 0.65 0.75 0.6 0.75 0.6 0.7 0.6 0.7 0.60677 0.7 0.626256 0.723744 0.65 0.75 0.6 0.7 0.626256 0.723744 0.626256 0.723744 0.65 0.74323 0.65 0.74323 0.60677 0.7 0.626256 0.723744 0.60677 0.7 0.65 0.75 0.65 0.74323 0.652775 0.745507 0.65 0.75 0.652775 0.745507 0.661181 0.75 0.65 0.74323 0.65 0.74323 0.652775 0.745507 0.661181 0.75 0.652775 0.745507 0.661181 0.75 0.85 0.74323 0.85 0.75 0.847225 0.745507 0.85 0.75 0.838819 0.75 0.847225 0.745507 0.847225 0.745507 0.85 0.74323 0.85 0.74323 0.838819 0.75 0.838819 0.75 0.847225 0.745507 0.873744 0.723744 0.89323 0.7 0.9 0.7 0.9 0.7 0.9 0.75 0.85 0.75 0.85 0.75 0.85 0.74323 0.873744 0.723744 0.9 0.7 0.85 0.75 0.873744 0.723744 0.873744 0.723744 0.89323 0.7 0.89323 0.7 0.85 0.74323 0.85 0.74323 0.873744 0.723744 0.9 0.7 0.95 0.7 0.95 0.75 0.9 0.7 0.95 0.75 0.9 0.75 0.1 0.65 0.15 0.65 0.15 0.7 0.1 0.65 0.15 0.7 0.1 0.7 0.15 0.65 0.2 0.65 0.2 0.7 0.15 0.65 0.2 0.7 0.15 0.7 0.2 0.65 0.25 0.65 0.25 0.7 0.2 0.65 0.25 0.7 0.2 0.7 0.25 0.65 0.3 0.65 0.3 0.7 0.25 0.65 0.3 0.7 0.25 0.7 0.525 0.7 0.55 0.674982 0.55 0.7 0.588321 0.66697 0.6 0.688819 0.6 0.688819 0.588321 0.66697 0.583173 0.65 0.583173 0.65 0.6 0.7 0.6 0.688819 0.604493 0.697225 0.6 0.7 0.604493 0.697225 0.60677 0.7 0.6 0.688819 0.6 0.688819 0.604493 0.697225 0.60677 0.7 0.60677 0.7 0.604493 0.697225 0.9 0.688819 0.9 0.7 0.895507 0.697225 0.9 0.7 0.89323 0.7 0.895507 0.697225 0.89323 0.7 0.89323 0.7 0.895507 0.697225 0.895507 0.697225 0.9 0.688819 0.9 0.688819 0.911679 0.66697 0.916827 0.65 0.95 0.65 0.95 0.65 0.95 0.7 0.9 0.7 0.9 0.7 0.9 0.688819 0.911679 0.66697 0.95 0.65 0.9 0.7 0.911679 0.66697 0.9 0.688819 0.9 0.688819 0.911679 0.66697 0.911679 0.66697 0.916827 0.65 0.916827 0.65 0.1 0.5 0.15 0.5 0.15 0.55 0.1 0.5 0.15 0.55 0.1 0.55 0.15 0.5 0.2 0.5 0.2 0.55 0.15 0.5 0.2 0.55 0.15 0.55 0.2 0.5 0.25 0.5 0.25 0.55 0.2 0.5 0.25 0.55 0.2 0.55 0.25 0.5 0.3 0.5 0.3 0.55 0.25 0.5 0.3 0.55 0.25 0.55 0.4 0.5 0.45 0.5 0.45 0.55 0.4 0.5 0.45 0.55 0.4 0.55 0.475 0.5 0.5 0.5 0.5 0.55 0.475 0.5 0.5 0.55 0.475 0.55 0.525 0.5 0.55 0.5 0.55 0.55 0.525 0.5 0.55 0.55 0.525 0.55 0.588321 0.53303 0.583173 0.55 0.55 0.55 0.55 0.55 0.55 0.5 0.6 0.5 0.6 0.5 0.6 0.511181 0.588321 0.53303 0.55 0.55 0.6 0.5 0.588321 0.53303 0.6 0.511181 0.6 0.511181 0.588321 0.53303 0.588321 0.53303 0.583173 0.55 0.583173 0.55 0.6 0.511181 0.6 0.5 0.604493 0.502775 0.6 0.5 0.60677 0.5 0.604493 0.502775 0.604493 0.502775 0.6 0.511181 0.6 0.511181 0.604493 0.502775 0.60677 0.5 0.60677 0.5 0.9 0.5 0.9 0.511181 0.895507 0.502775 0.9 0.5 0.895507 0.502775 0.89323 0.5 0.89323 0.5 0.89323 0.5 0.895507 0.502775 0.9 0.511181 0.9 0.511181 0.895507 0.502775 0.911679 0.53303 0.9 0.511181 0.9 0.5 0.9 0.5 0.95 0.5 0.95 0.55 0.95 0.55 0.916827 0.55 0.911679 0.53303 0.9 0.5 0.95 0.55 0.911679 0.53303 0.916827 0.55 0.911679 0.53303 0.916827 0.55 0.9 0.511181 0.9 0.511181 0.911679 0.53303 0.1 0.45 0.15 0.45 0.15 0.5 0.1 0.45 0.15 0.5 0.1 0.5 0.15 0.45 0.2 0.45 0.2 0.5 0.15 0.45 0.2 0.5 0.15 0.5 0.2 0.45 0.25 0.45 0.25 0.5 0.2 0.45 0.25 0.5 0.2 0.5 0.25 0.45 0.3 0.45 0.3 0.5 0.25 0.45 0.3 0.5 0.25 0.5 0.4 0.45 0.45 0.45 0.45 0.5 0.4 0.45 0.45 0.5 0.4 0.5 0.475 0.45 0.5 0.45 0.5 0.5 0.475 0.45 0.5 0.5 0.475 0.5 0.525 0.45 0.55 0.45 0.55 0.5 0.525 0.45 0.55 0.5 0.525 0.5 0.55 0.45 0.6 0.45 0.6 0.5 0.55 0.45 0.6 0.5 0.55 0.5 0.626256 0.476256 0.60677 0.5 0.6 0.5 0.6 0.5 0.6 0.45 0.625 0.45 0.625 0.45 0.65 0.45 0.65 0.45677 0.626256 0.476256 0.6 0.5 0.625 0.45 0.625 0.45 0.65 0.45677 0.626256 0.476256 0.65 0.45677 0.65 0.45677 0.626256 0.476256 0.60677 0.5 0.60677 0.5 0.626256 0.476256 0.65 0.45677 0.65 0.45 0.652775 0.454493 0.65 0.45 0.661181 0.45 0.652775 0.454493 0.661181 0.45 0.661181 0.45 0.652775 0.454493 0.652775 0.454493 0.65 0.45677 0.65 0.45677 0.85 0.45 0.85 0.45677 0.847225 0.454493 0.85 0.45 0.847225 0.454493 0.838819 0.45 0.85 0.45677 0.85 0.45677 0.847225 0.454493 0.838819 0.45 0.838819 0.45 0.847225 0.454493 0.873744 0.476256 0.85 0.45677 0.85 0.45 0.85 0.45 0.9 0.45 0.9 0.5 0.9 0.5 0.89323 0.5 0.873744 0.476256 0.85 0.45 0.9 0.5 0.873744 0.476256 0.89323 0.5 0.89323 0.5 0.873744 0.476256 0.85 0.45677 0.85 0.45677 0.873744 0.476256 0.9 0.45 0.95 0.45 0.95 0.5 0.9 0.45 0.95 0.5 0.9 0.5 0.1 0.4 0.15 0.4 0.15 0.45 0.1 0.4 0.15 0.45 0.1 0.45 0.15 0.4 0.2 0.4 0.2 0.45 0.15 0.4 0.2 0.45 0.15 0.45 0.2 0.4 0.25 0.4 0.25 0.45 0.2 0.4 0.25 0.45 0.2 0.45 0.25 0.4 0.3 0.4 0.3 0.45 0.25 0.4 0.3 0.45 0.25 0.45 0.4 0.4 0.45 0.4 0.45 0.45 0.4 0.4 0.45 0.45 0.4 0.45 0.475 0.4 0.5 0.4 0.5 0.45 0.475 0.4 0.5 0.45 0.475 0.45 0.525 0.4 0.55 0.4 0.55 0.45 0.525 0.4 0.55 0.45 0.525 0.45 0.55 0.4 0.6 0.4 0.6 0.45 0.55 0.4 0.6 0.45 0.55 0.45 0.625 0.4 0.65 0.4 0.65 0.45 0.625 0.4 0.65 0.45 0.625 0.45 0.68303 0.438321 0.661181 0.45 0.65 0.45 0.65 0.45 0.65 0.4 0.675 0.4 0.675 0.4 0.7 0.4 0.7 0.433173 0.68303 0.438321 0.65 0.45 0.675 0.4 0.675 0.4 0.7 0.433173 0.68303 0.438321 0.7 0.433173 0.7 0.433173 0.68303 0.438321 0.661181 0.45 0.661181 0.45 0.68303 0.438321 0.81697 0.438321 0.8 0.433173 0.8 0.4 0.8 0.4 0.85 0.4 0.85 0.45 0.85 0.45 0.838819 0.45 0.81697 0.438321 0.8 0.4 0.85 0.45 0.81697 0.438321 0.838819 0.45 0.838819 0.45 0.81697 0.438321 0.8 0.433173 0.8 0.433173 0.81697 0.438321 0.85 0.4 0.9 0.4 0.9 0.45 0.85 0.4 0.9 0.45 0.85 0.45 0.9 0.4 0.95 0.4 0.95 0.45 0.9 0.4 0.95 0.45 0.9 0.45 0.1 0.35 0.15 0.35 0.15 0.4 0.1 0.35 0.15 0.4 0.1 0.4 0.15 0.35 0.2 0.35 0.2 0.4 0.15 0.35 0.2 0.4 0.15 0.4 0.2 0.35 0.25 0.35 0.25 0.4 0.2 0.35 0.25 0.4 0.2 0.4 0.25 0.35 0.3 0.35 0.3 0.4 0.25 0.35 0.3 0.4 0.25 0.4 0.4 0.35 0.45 0.35 0.45 0.4 0.4 0.35 0.45 0.4 0.4 0.4 0.475 0.35 0.5 0.35 0.5 0.4 0.475 0.35 0.5 0.4 0.475 0.4 0.525 0.35 0.55 0.35 0.55 0.4 0.525 0.35 0.55 0.4 0.525 0.4 0.55 0.35 0.6 0.35 0.6 0.4 0.55 0.35 0.6 0.4 0.55 0.4 0.625 0.35 0.65 0.35 0.65 0.4 0.625 0.35 0.65 0.4 0.625 0.4 0.675 0.35 0.7 0.35 0.7 0.4 0.675 0.35 0.7 0.4 0.675 0.4 0.8 0.35 0.85 0.35 0.85 0.4 0.8 0.35 0.85 0.4 0.8 0.4 0.85 0.35 0.9 0.35 0.9 0.4 0.85 0.35 0.9 0.4 0.85 0.4 0.9 0.35 0.95 0.35 0.95 0.4 0.9 0.35 0.95 0.4 0.9 0.4 0.1 0.3 0.15 0.3 0.15 0.35 0.1 0.3 0.15 0.35 0.1 0.35 0.15 0.3 0.2 0.3 0.2 0.35 0.15 0.3 0.2 0.35 0.15 0.35 0.2 0.3 0.25 0.3 0.25 0.35 0.2 0.3 0.25 0.35 0.2 0.35 0.25 0.3 0.3 0.3 0.3 0.35 0.25 0.3 0.3 0.35 0.25 0.35 0.4 0.3 0.45 0.3 0.45 0.35 0.4 0.3 0.45 0.35 0.4 0.35 0.475 0.3 0.5 0.3 0.5 0.35 0.475 0.3 0.5 0.35 0.475 0.35 0.525 0.3 0.55 0.3 0.55 0.35 0.525 0.3 0.55 0.35 0.525 0.35 0.55 0.3 0.6 0.3 0.6 0.35 0.55 0.3 0.6 0.35 0.55 0.35 0.625 0.3 0.65 0.3 0.65 0.35 0.625 0.3 0.65 0.35 0.625 0.35 0.675 0.3 0.7 0.3 0.7 0.35 0.675 0.3 0.7 0.35 0.675 0.35 0.8 0.3 0.85 0.3 0.85 0.35 0.8 0.3 0.85 0.35 0.8 0.35 0.85 0.3 0.9 0.3 0.9 0.35 0.85 0.3 0.9 0.35 0.85 0.35 0.9 0.3 0.95 0.3 0.95 0.35 0.9 0.3 0.95 0.35 0.9 0.35 0.1 0.175 0.15 0.175 0.15 0.2 0.1 0.175 0.15 0.2 0.1 0.2 0.15 0.175 0.2 0.175 0.2 0.2 0.15 0.175 0.2 0.2 0.15 0.2 0.2 0.175 0.25 0.175 0.25 0.2 0.2 0.175 0.25 0.2 0.2 0.2 0.25 0.175 0.3 0.175 0.3 0.2 0.25 0.175 0.3 0.2 0.25 0.2 0.4 0.175 0.45 0.175 0.45 0.2 0.4 0.175 0.45 0.2 0.4 0.2 0.475 0.175 0.5 0.175 0.5 0.2 0.475 0.175 0.5 0.2 0.475 0.2 0.525 0.175 0.55 0.175 0.55 0.2 0.525 0.175 0.55 0.2 0.525 0.2 0.55 0.175 0.6 0.175 0.6 0.2 0.55 0.175 0.6 0.2 0.55 0.2 0.625 0.175 0.65 0.175 0.65 0.2 0.625 0.175 0.65 0.2 0.625 0.2 0.675 0.175 0.7 0.175 0.7 0.2 0.675 0.175 0.7 0.2 0.675 0.2 0.8 0.175 0.85 0.175 0.85 0.2 0.8 0.175 0.85 0.2 0.8 0.2 0.85 0.175 0.9 0.175 0.9 0.2 0.85 0.175 0.9 0.2 0.85 0.2 0.9 0.175 0.95 0.175 0.95 0.2 0.9 0.175 0.95 0.2 0.9 0.2 0.1 0.1 0.15 0.1 0.15 0.15 0.1 0.1 0.15 0.15 0.1 0.15 0.15 0.1 0.2 0.1 0.2 0.15 0.15 0.1 0.2 0.15 0.15 0.15 0.2 0.1 0.25 0.1 0.25 0.15 0.2 0.1 0.25 0.15 0.2 0.15 0.25 0.1 0.3 0.1 0.3 0.15 0.25 0.1 0.3 0.15 0.25 0.15 0.4 0.1 0.45 0.1 0.45 0.15 0.4 0.1 0.45 0.15 0.4 0.15 0.475 0.1 0.5 0.1 0.5 0.15 0.475 0.1 0.5 0.15 0.475 0.15 0.525 0.1 0.55 0.1 0.55 0.15 0.525 0.1 0.55 0.15 0.525 0.15 0.55 0.1 0.6 0.1 0.6 0.15 0.55 0.1 0.6 0.15 0.55 0.15 0.625 0.1 0.65 0.1 0.65 0.15 0.625 0.1 0.65 0.15 0.625 0.15 0.675 0.1 0.7 0.1 0.7 0.15 0.675 0.1 0.7 0.15 0.675 0.15 0.8 0.1 0.85 0.1 0.85 0.15 0.8 0.1 0.85 0.15 0.8 0.15 0.85 0.1 0.9 0.1 0.9 0.15 0.85 0.1 0.9 0.15 0.85 0.15 0.9 0.1 0.95 0.1 0.95 0.15 0.9 0.1 0.95 0.15 0.9 0.15 0.25 1 0.3 1 0.3 1 0.25 1 0.3 1 0.25 1 0.25 1 0.3 1 0.3 1 0.25 1 0.3 1 0.25 1 0.25 1 0.3 1 0.3 1 0.25 1 0.3 1 0.25 1 0.25 1 0.3 1 0.3 1 0.25 1 0.3 1 0.25 1 0.1 1 0.15 1 0.15 1 0.1 1 0.15 1 0.1 1 0.1 1 0.15 1 0.15 1 0.1 1 0.15 1 0.1 1 0.1 1 0.15 1 0.15 1 0.1 1 0.15 1 0.1 1 0.1 1 0.15 1 0.15 1 0.1 1 0.15 1 0.1 1 0.85 1 0.9 1 0.9 1 0.85 1 0.9 1 0.85 1 0.15 1 0.2 1 0.2 1 0.15 1 0.2 1 0.15 1 0.15 1 0.2 1 0.2 1 0.15 1 0.2 1 0.15 1 0.15 1 0.2 1 0.2 1 0.15 1 0.2 1 0.15 1 0.15 1 0.2 1 0.2 1 0.15 1 0.2 1 0.15 1 0.2 1 0.25 1 0.25 1 0.2 1 0.25 1 0.2 1 0.2 1 0.25 1 0.25 1 0.2 1 0.25 1 0.2 1 0.2 1 0.25 1 0.25 1 0.2 1 0.25 1 0.2 1 0.2 1 0.25 1 0.25 1 0.2 1 0.25 1 0.2 1 0.4 0.7 0.4 0.65 0.45 0.7 0.5 0.1 0.525 0.1 0.525 0.15 0.5 0.1 0.525 0.15 0.5 0.15 0.5 0.175 0.525 0.175 0.525 0.2 0.5 0.175 0.525 0.2 0.5 0.2 0.5 0.3 0.525 0.3 0.525 0.35 0.5 0.3 0.525 0.35 0.5 0.35 0.5 0.35 0.525 0.35 0.525 0.4 0.5 0.35 0.525 0.4 0.5 0.4 0.5 0.4 0.525 0.4 0.525 0.45 0.5 0.4 0.525 0.45 0.5 0.45 0.5 0.45 0.525 0.45 0.525 0.5 0.5 0.45 0.525 0.5 0.5 0.5 0.5 0.5 0.525 0.5 0.525 0.55 0.5 0.5 0.525 0.55 0.5 0.55 0.5 0.7 0.525 0.7 0.525 0.75 0.5 0.7 0.525 0.75 0.5 0.75 0.5 0.75 0.525 0.75 0.525 0.8 0.5 0.75 0.525 0.8 0.5 0.8 0.5 0.8 0.525 0.8 0.525 0.85 0.5 0.8 0.525 0.85 0.5 0.85 0.5 0.85 0.525 0.85 0.525 0.9 0.5 0.85 0.525 0.9 0.5 0.9 0.588321 0.66697 0.6 0.688819 0.6 0.7 0.6 0.7 0.55 0.7 0.55 0.674982 0.55 0.674982 0.566587 0.65 0.583173 0.65 0.588321 0.66697 0.6 0.7 0.55 0.674982 0.55 0.674982 0.583173 0.65 0.588321 0.66697 0.65 0.1 0.675 0.1 0.675 0.15 0.65 0.1 0.675 0.15 0.65 0.15 0.65 0.175 0.675 0.175 0.675 0.2 0.65 0.175 0.675 0.2 0.65 0.2 0.65 0.3 0.675 0.3 0.675 0.35 0.65 0.3 0.675 0.35 0.65 0.35 0.65 0.35 0.675 0.35 0.675 0.4 0.65 0.35 0.675 0.4 0.65 0.4 0.6 0.1 0.625 0.1 0.625 0.15 0.6 0.1 0.625 0.15 0.6 0.15 0.6 0.175 0.625 0.175 0.625 0.2 0.6 0.175 0.625 0.2 0.6 0.2 0.6 0.3 0.625 0.3 0.625 0.35 0.6 0.3 0.625 0.35 0.6 0.35 0.6 0.35 0.625 0.35 0.625 0.4 0.6 0.35 0.625 0.4 0.6 0.4 0.6 0.4 0.625 0.4 0.625 0.45 0.6 0.4 0.625 0.45 0.6 0.45 0.6 0.15 0.625 0.15 0.625 0.175 0.6 0.15 0.625 0.175 0.6 0.175 0.65 0.15 0.675 0.15 0.675 0.175 0.65 0.15 0.675 0.175 0.65 0.175 0.5 0.15 0.525 0.15 0.525 0.175 0.5 0.15 0.525 0.175 0.5 0.175 0.9 0.15 0.95 0.15 0.95 0.175 0.9 0.15 0.95 0.175 0.9 0.175 0.85 0.15 0.9 0.15 0.9 0.175 0.85 0.15 0.9 0.175 0.85 0.175 0.8 0.15 0.85 0.15 0.85 0.175 0.8 0.15 0.85 0.175 0.8 0.175 0.675 0.15 0.7 0.15 0.7 0.175 0.675 0.15 0.7 0.175 0.675 0.175 0.625 0.15 0.65 0.15 0.65 0.175 0.625 0.15 0.65 0.175 0.625 0.175 0.55 0.15 0.6 0.15 0.6 0.175 0.55 0.15 0.6 0.175 0.55 0.175 0.525 0.15 0.55 0.15 0.55 0.175 0.525 0.15 0.55 0.175 0.525 0.175 0.475 0.15 0.5 0.15 0.5 0.175 0.475 0.15 0.5 0.175 0.475 0.175 0.4 0.15 0.45 0.15 0.45 0.175 0.4 0.15 0.45 0.175 0.4 0.175 0.25 0.15 0.3 0.15 0.3 0.175 0.25 0.15 0.3 0.175 0.25 0.175 0.2 0.15 0.25 0.15 0.25 0.175 0.2 0.15 0.25 0.175 0.2 0.175 0.15 0.15 0.2 0.15 0.2 0.175 0.15 0.15 0.2 0.175 0.15 0.175 0.1 0.15 0.15 0.15 0.15 0.175 0.1 0.15 0.15 0.175 0.1 0.175 0.95 0.15 1 0.15 1 0.175 0.95 0.15 1 0.175 0.95 0.175 0.45 0.15 0.475 0.15 0.475 0.175 0.45 0.15 0.475 0.175 0.45 0.175 0.45 0.1 0.475 0.1 0.475 0.15 0.45 0.1 0.475 0.15 0.45 0.15 0.45 0.175 0.475 0.175 0.475 0.2 0.45 0.175 0.475 0.2 0.45 0.2 0.45 0.3 0.475 0.3 0.475 0.35 0.45 0.3 0.475 0.35 0.45 0.35 0.45 0.35 0.475 0.35 0.475 0.4 0.45 0.35 0.475 0.4 0.45 0.4 0.45 0.4 0.475 0.4 0.475 0.45 0.45 0.4 0.475 0.45 0.45 0.45 0.45 0.45 0.475 0.45 0.475 0.5 0.45 0.45 0.475 0.5 0.45 0.5 0.45 0.5 0.475 0.5 0.475 0.55 0.45 0.5 0.475 0.55 0.45 0.55 0.45 0.7 0.475 0.7 0.475 0.75 0.45 0.7 0.475 0.75 0.45 0.75 0.45 0.75 0.475 0.75 0.475 0.8 0.45 0.75 0.475 0.8 0.45 0.8 0.45 0.8 0.475 0.8 0.475 0.85 0.45 0.8 0.475 0.85 0.45 0.85 0.45 0.85 0.475 0.85 0.475 0.9 0.45 0.85 0.475 0.9 0.45 0.9 1 0.25 1 0.247039 1 0.247039 1 0.25 1 0.247039 1 0.25 1 0.275 1 0.273345 1 0.2714 1 0.2714 1 0.269172 1 0.266657 1 0.266657 1 0.263849 1 0.260742 1 0.260742 1 0.25 1 0.252107 1 0.260742 1 0.252107 1 0.259915 1 0.2714 1 0.266657 1 0.260742 1 0.274516 1 0.275 1 0.275 1 0.270817 1 0.272783 1 0.274516 1 0.26622 1 0.268627 1 0.270817 1 0.260794 1 0.263606 1 0.26622 1 0.262862 1 0.260173 1 0.260794 1 0.265205 1 0.262862 1 0.260794 1 0.260794 1 0.26622 1 0.270817 1 0.275 1 0.2714 1 0.260742 1 0.260742 1 0.259915 1 0.262272 1 0.260742 1 0.262272 1 0.264409 1 0.260794 1 0.270817 1 0.274516 1 0.267222 1 0.265205 1 0.260794 1 0.268935 1 0.267222 1 0.260794 1 0.275 1 0.260742 1 0.264409 1 0.275 1 0.264409 1 0.266327 1 0.268935 1 0.260794 1 0.274516 1 0.270366 1 0.268935 1 0.274516 1 0.275 1 0.266327 1 0.268031 1 0.275 1 0.268031 1 0.269523 1 0.271536 1 0.270366 1 0.274516 1 0.272467 1 0.271536 1 0.274516 1 0.275 1 0.269523 1 0.270806 1 0.275 1 0.270806 1 0.271883 1 0.273181 1 0.272467 1 0.274516 1 0.273698 1 0.273181 1 0.274516 1 0.275 1 0.271883 1 0.272757 1 0.275 1 0.272757 1 0.273432 1 0.274041 1 0.273698 1 0.274516 1 0.274231 1 0.274041 1 0.274516 1 0.275 1 0.273432 1 0.273911 1 0.275 1 0.273911 1 0.274195 1 0.274231 1 0.274516 1 0.275 1 0.275 1 0.274195 1 0.274289 1 0.275 1 0.274289 1 0.274231 1 0.25 1 0.260794 1 0.260173 1 0.252107 1 0.252107 1 0.25 1 0.25 1 0.260173 1 0.252107 1 0.25 1 0.252107 1 0.25 1 0.275 1 0.275 1 0.276006 1 0.276006 1 0.277244 1 0.278223 1 0.278223 1 0.278933 1 0.279366 1 0.279366 1 0.279512 1 0.279391 1 0.279391 1 0.279027 1 0.278412 1 0.278412 1 0.277541 1 0.27641 1 0.27641 1 0.275 1 0.276006 1 0.276006 1 0.278223 1 0.279366 1 0.279366 1 0.279391 1 0.278412 1 0.278412 1 0.27641 1 0.276006 1 0.276006 1 0.279366 1 0.278412 0.725 0 0.723345 0 0.7214 0 0.7214 0 0.719172 0 0.716657 0 0.716657 0 0.713848 0 0.710742 0 0.7 0 0.7 0 0.702107 0 0.7 0 0.702107 0 0.702107 0 0.716657 0 0.710742 0 0.7 0 0.725 0 0.7214 0 0.716657 0 0.72429 0 0.725 0 0.725 0 0.724195 0 0.72429 0 0.725 0 0.725 0 0.716657 0 0.7 0 0.7 0 0.702107 0 0.709915 0 0.7 0 0.709915 0 0.712272 0 0.723911 0 0.724195 0 0.725 0 0.723432 0 0.723911 0 0.725 0 0.725 0 0.7 0 0.712272 0 0.725 0 0.712272 0 0.714409 0 0.722757 0 0.723432 0 0.725 0 0.721883 0 0.722757 0 0.725 0 0.725 0 0.714409 0 0.716327 0 0.725 0 0.716327 0 0.718031 0 0.720806 0 0.721883 0 0.725 0 0.725 0 0.718031 0 0.719523 0 0.725 0 0.719523 0 0.720806 0 0.7 0 0.710794 0 0.713606 0 0.713606 0 0.71622 0 0.718627 0 0.718627 0 0.720817 0 0.722783 0 0.722783 0 0.724516 0 0.725 0 0.725 0 0.72429 0 0.724231 0 0.725 0 0.724231 0 0.724041 0 0.718627 0 0.722783 0 0.725 0 0.7 0 0.713606 0 0.718627 0 0.710173 0 0.702107 0 0.7 0 0.712862 0 0.710173 0 0.7 0 0.7 0 0.718627 0 0.725 0 0.725 0 0.724041 0 0.723698 0 0.725 0 0.723698 0 0.723181 0 0.712862 0 0.7 0 0.725 0 0.715205 0 0.712862 0 0.725 0 0.725 0 0.723181 0 0.722467 0 0.725 0 0.722467 0 0.721536 0 0.717222 0 0.715205 0 0.725 0 0.718935 0 0.717222 0 0.725 0 0.725 0 0.721536 0 0.720366 0 0.725 0 0.720366 0 0.718935 0 0.725 0 0.725 0 0.726006 0 0.726006 0 0.727245 0 0.728223 0 0.728223 0 0.728933 0 0.729366 0 0.729366 0 0.729512 0 0.729392 0 0.729392 0 0.729027 0 0.728412 0 0.728412 0 0.727541 0 0.72641 0 0.72641 0 0.725 0 0.726006 0 0.726006 0 0.728223 0 0.729366 0 0.729366 0 0.729392 0 0.728412 0 0.728412 0 0.72641 0 0.726006 0 0.726006 0 0.729366 0 0.728412 0 0.7 0 0.697039 0 0.697039 0 0.7 0 0.697039 0 0.7 0 0.475 0.659487 0.485794 0.659487 0.488606 0.659662 0.488606 0.659662 0.49122 0.660165 0.493627 0.66097 0.493627 0.66097 0.495817 0.662048 0.497783 0.663371 0.497783 0.663371 0.499516 0.66491 0.5 0.665472 0.5 0.665472 0.499289 0.67712 0.499231 0.67595 0.5 0.665472 0.499231 0.67595 0.499041 0.674643 0.493627 0.66097 0.497783 0.663371 0.5 0.665472 0.475 0.659487 0.488606 0.659662 0.493627 0.66097 0.477107 0.690202 0.475 0.694753 0.475 0.659487 0.477107 0.664038 0.477107 0.690202 0.475 0.659487 0.475 0.659487 0.493627 0.66097 0.5 0.665472 0.5 0.665472 0.499041 0.674643 0.498698 0.673243 0.5 0.665472 0.498698 0.673243 0.498181 0.671798 0.485173 0.664038 0.477107 0.664038 0.475 0.659487 0.487862 0.664212 0.485173 0.664038 0.475 0.659487 0.5 0.665472 0.498181 0.671798 0.497467 0.670351 0.5 0.665472 0.497467 0.670351 0.496536 0.66895 0.487862 0.664212 0.475 0.659487 0.5 0.665472 0.490205 0.664705 0.487862 0.664212 0.5 0.665472 0.5 0.665472 0.496536 0.66895 0.495366 0.667639 0.5 0.665472 0.495366 0.667639 0.493935 0.666464 0.492222 0.665471 0.490205 0.664705 0.5 0.665472 0.5 0.665472 0.493935 0.666464 0.492222 0.665471 0.5 0.689075 0.498345 0.690649 0.4964 0.692031 0.4964 0.692031 0.494172 0.693168 0.491657 0.694025 0.491657 0.694025 0.488849 0.694565 0.485742 0.694753 0.485742 0.694753 0.475 0.694753 0.477107 0.690202 0.485742 0.694753 0.477107 0.690202 0.484915 0.690202 0.4964 0.692031 0.491657 0.694025 0.485742 0.694753 0.499289 0.67712 0.5 0.665472 0.5 0.689075 0.499195 0.678866 0.499289 0.67712 0.5 0.689075 0.5 0.689075 0.4964 0.692031 0.485742 0.694753 0.485742 0.694753 0.484915 0.690202 0.487272 0.69008 0.485742 0.694753 0.487272 0.69008 0.489409 0.689725 0.49891 0.680549 0.499195 0.678866 0.5 0.689075 0.498432 0.682153 0.49891 0.680549 0.5 0.689075 0.5 0.689075 0.485742 0.694753 0.489409 0.689725 0.5 0.689075 0.489409 0.689725 0.491327 0.689154 0.497757 0.68366 0.498432 0.682153 0.5 0.689075 0.496883 0.685054 0.497757 0.68366 0.5 0.689075 0.5 0.689075 0.491327 0.689154 0.493031 0.688385 0.5 0.689075 0.493031 0.688385 0.494523 0.687434 0.495806 0.686318 0.496883 0.685054 0.5 0.689075 0.5 0.689075 0.494523 0.687434 0.495806 0.686318 0.475 0.694753 0.472039 0.694753 0.472039 0.659487 0.475 0.694753 0.472039 0.659487 0.475 0.659487 0.5 0.689075 0.5 0.665472 0.501006 0.666638 0.501006 0.666638 0.502244 0.668527 0.503223 0.670547 0.503223 0.670547 0.503933 0.672672 0.504366 0.674872 0.504366 0.674872 0.504512 0.67712 0.504391 0.679216 0.504391 0.679216 0.504026 0.681317 0.503412 0.683387 0.503412 0.683387 0.502541 0.685391 0.50141 0.687294 0.50141 0.687294 0.5 0.689075 0.501006 0.666638 0.501006 0.666638 0.503223 0.670547 0.504366 0.674872 0.504366 0.674872 0.504391 0.679216 0.503412 0.683387 0.503412 0.683387 0.50141 0.687294 0.501006 0.666638 0.501006 0.666638 0.504366 0.674872 0.503412 0.683387 0.2525 1 0.2525 1 0.2475 1 0.2525 1 0.2475 1 0.2475 1 0.2975 1 0.2975 1 0.3025 1 0.2975 1 0.3025 1 0.3025 1 0.525 1 0.55 1 0.55 1 0.525 1 0.55 1 0.525 1 0.7 1 0.74 1 0.74 1 0.7 1 0.74 1 0.7 1 0.1025 1 0.1025 1 0.0975 1 0.1025 1 0.0975 1 0.0975 1 0.1475 1 0.1475 1 0.1525 1 0.1475 1 0.1525 1 0.1525 1 0.8 1 0.85 1 0.85 1 0.8 1 0.85 1 0.8 1 1 1 1 1 1 1 1 1 1 1 1 1 0.4525 1 0.4525 1 0.4475 1 0.4525 1 0.4475 1 0.4475 1 0.65 1 0.7 1 0.7 1 0.65 1 0.7 1 0.65 1 0.3475 1 0.3475 1 0.3525 1 0.3475 1 0.3525 1 0.3525 1 1 1 1 1 1 1 1 1 1 1 1 1 0.1975 1 0.1975 1 0.2025 1 0.1975 1 0.2025 1 0.2025 1 0.6 1 0.65 1 0.65 1 0.6 1 0.65 1 0.6 1 0.3975 1 0.3975 1 0.4025 1 0.3975 1 0.4025 1 0.4025 1 0.95 1 1 1 1 1 0.95 1 1 1 0.95 1 0.475 0.7 0.49875 0.7 0.49875 0.75 0.475 0.7 0.49875 0.75 0.475 0.75 0.475 0.75 0.49875 0.75 0.49875 0.8 0.475 0.75 0.49875 0.8 0.475 0.8 0.475 0.8 0.49875 0.8 0.49875 0.85 0.475 0.8 0.49875 0.85 0.475 0.85 0.475 0.85 0.49875 0.85 0.49875 0.9 0.475 0.85 0.49875 0.9 0.475 0.9 0.36 1 0.36 1 0.34 1 0.36 1 0.34 1 0.34 1 0.34 1 0.34 1 0.36 1 0.34 1 0.36 1 0.36 1 0.34 1 0.34 1 0.36 1 0.34 1 0.36 1 0.36 1 0.34 1 0.34 1 0.36 1 0.34 1 0.36 1 0.36 1 0.36 1 0.4 1 0.4 1 0.36 1 0.4 1 0.36 1 0.3 1 0.34 1 0.34 1 0.3 1 0.34 1 0.3 1 0.36 1 0.4 1 0.4 1 0.36 1 0.4 1 0.36 1 0.3 1 0.34 1 0.34 1 0.3 1 0.34 1 0.3 1 0.36 1 0.4 1 0.4 1 0.36 1 0.4 1 0.36 1 0.3 1 0.34 1 0.34 1 0.3 1 0.34 1 0.3 1 0.36 1 0.4 1 0.4 1 0.36 1 0.4 1 0.36 1 0.3 1 0.34 1 0.34 1 0.3 1 0.34 1 0.3 1 1 0.0466667 1 0.0466667 1 0.05 1 0.0466667 1 0.05 1 0.05 1 0.05 1 0.05 1 0.0533333 1 0.05 1 0.0533333 1 0.0533333 1 0.0533333 1 0.05 1 0.05 1 0.0533333 1 0.05 1 0.0533333 1 0.05 1 0.0466667 1 0.0466667 1 0.05 1 0.0466667 1 0.05 1 0.1 1 0.15 1 0.15 1 0.1 1 0.15 1 0.1 1 0.1 1 0.15 1 0.15 1 0.1 1 0.15 1 0.1 1 0.175 1 0.2 1 0.2 1 0.175 1 0.2 1 0.175 1 0.175 1 0.2 1 0.2 1 0.175 1 0.2 1 0.175 1 0.35 1 0.3 1 0.3 1 0.35 1 0.3 1 0.35 1 0.35 1 0.3 1 0.3 1 0.35 1 0.3 1 0.35 1 0.4 1 0.45 1 0.45 1 0.4 1 0.45 1 0.4 1 0.4 1 0.45 1 0.45 1 0.4 1 0.45 1 0.4 1 0.5 1 0.55 1 0.55 1 0.5 1 0.55 1 0.5 1 0.5 1 0.55 1 0.55 1 0.5 1 0.55 1 0.5 1 0.7 1 0.65 1 0.65 1 0.7 1 0.65 1 0.7 1 0.7 1 0.65 1 0.65 1 0.7 1 0.65 1 0.7 1 0.75 1 0.8 1 0.8 1 0.75 1 0.8 1 0.75 1 0.75 1 0.8 1 0.8 1 0.75 1 0.8 1 0.75 1 0.85 1 0.9 1 0.9 1 0.85 1 0.9 1 0.85 1 0.85 1 0.9 1 0.9 1 0.85 1 0.9 1 0.85 1 0.953333 0.95 0.953333 0.95 0.95 1 0.953333 0.95 0.95 1 0.95 1 0.95 0.95 0.95 0.95 0.946667 1 0.95 0.95 0.946667 1 0.946667 0.9 0.953333 0.85 0.953333 0.85 0.95 0.9 0.953333 0.85 0.95 0.9 0.95 0.9 0.95 0.85 0.95 0.85 0.946667 0.9 0.95 0.85 0.946667 0.9 0.946667 0.65 0.953333 0.6 0.953333 0.6 0.95 0.65 0.953333 0.6 0.95 0.65 0.95 0.65 0.95 0.6 0.95 0.6 0.946667 0.65 0.95 0.6 0.946667 0.65 0.946667 0.5 0.953333 0.49875 0.953333 0.49875 0.95 0.5 0.953333 0.49875 0.95 0.5 0.95 0.5 0.95 0.49875 0.95 0.49875 0.946667 0.5 0.95 0.49875 0.946667 0.5 0.946667 0.55 0.953333 0.525 0.953333 0.525 0.95 0.55 0.953333 0.525 0.95 0.55 0.95 0.55 0.95 0.525 0.95 0.525 0.946667 0.55 0.95 0.525 0.946667 0.55 0.946667 0.525 0.953333 0.5 0.953333 0.5 0.95 0.525 0.953333 0.5 0.95 0.525 0.95 0.525 0.95 0.5 0.95 0.5 0.946667 0.525 0.95 0.5 0.946667 0.525 0.946667 0.45 0.953333 0.4 0.953333 0.4 0.95 0.45 0.953333 0.4 0.95 0.45 0.95 0.45 0.95 0.4 0.95 0.4 0.946667 0.45 0.95 0.4 0.946667 0.45 0.946667 0.453333 1 0.453333 1 0.45 1 0.453333 1 0.45 1 0.45 1 0.45 1 0.45 1 0.446667 1 0.45 1 0.446667 1 0.446667 1 0.453333 1 0.453333 1 0.45 1 0.453333 1 0.45 1 0.45 1 0.45 1 0.45 1 0.446667 1 0.45 1 0.446667 1 0.446667 1 0.3 0.953333 0.25 0.953333 0.25 0.95 0.3 0.953333 0.25 0.95 0.3 0.95 0.3 0.95 0.25 0.95 0.25 0.946667 0.3 0.95 0.25 0.946667 0.3 0.946667 0.2 0.953333 0.15 0.953333 0.15 0.95 0.2 0.953333 0.15 0.95 0.2 0.95 0.2 0.95 0.15 0.95 0.15 0.946667 0.2 0.95 0.15 0.946667 0.2 0.946667 0.0469476 1 0.0469476 0.96 0.05 0.96 0.0469476 1 0.05 0.96 0.05 1 0.05 1 0.05 0.96 0.0530524 0.96 0.05 1 0.0530524 0.96 0.0530524 1 0.0469476 1 0.0469476 1 0.05 1 0.0469476 1 0.05 1 0.05 1 0.05 1 0.05 1 0.0530524 1 0.05 1 0.0530524 1 0.0530524 1 0.0469476 1 0.0469476 1 0.05 1 0.0469476 1 0.05 1 0.05 1 0.05 1 0.05 1 0.0530524 1 0.05 1 0.0530524 1 0.0530524 1 0.046795 1 0.0469476 1 0.05 1 0.046795 1 0.05 1 0.0497711 1 0.0497711 1 0.05 1 0.0530524 1 0.0497711 1 0.0530524 1 0.0527472 1 0.0530524 0.85 0.0530524 0.9 0.05 0.9 0.0530524 0.85 0.05 0.9 0.05 0.85 0.05 0.85 0.05 0.9 0.0469476 0.9 0.05 0.85 0.0469476 0.9 0.0469476 0.85 0.0530524 0.75 0.0530524 0.8 0.05 0.8 0.0530524 0.75 0.05 0.8 0.05 0.75 0.05 0.75 0.05 0.8 0.0469476 0.8 0.05 0.75 0.0469476 0.8 0.0469476 0.75 0.0530524 0.65 0.0530524 0.7 0.05 0.7 0.0530524 0.65 0.05 0.7 0.05 0.65 0.05 0.65 0.05 0.7 0.0469476 0.7 0.05 0.65 0.0469476 0.7 0.0469476 0.65 0.0530524 0.55 0.0530524 0.589992 0.05 0.589992 0.0530524 0.55 0.05 0.589992 0.05 0.55 0.05 0.55 0.05 0.589992 0.0469476 0.589992 0.05 0.55 0.0469476 0.589992 0.0469476 0.55 0.0530524 0.45 0.0530524 0.5 0.05 0.5 0.0530524 0.45 0.05 0.5 0.05 0.45 0.05 0.45 0.05 0.5 0.0469476 0.5 0.05 0.45 0.0469476 0.5 0.0469476 0.45 0.0530524 0.35 0.0530524 0.4 0.05 0.4 0.0530524 0.35 0.05 0.4 0.05 0.35 0.05 0.35 0.05 0.4 0.0469476 0.4 0.05 0.35 0.0469476 0.4 0.0469476 0.35 0.0530524 0.26 0.0530524 0.275 0.05 0.275 0.0530524 0.26 0.05 0.275 0.05 0.26 0.05 0.26 0.05 0.275 0.0469476 0.275 0.05 0.26 0.0469476 0.275 0.0469476 0.26 0.0530524 0.275 0.0530524 0.3 0.05 0.3 0.0530524 0.275 0.05 0.3 0.05 0.275 0.05 0.275 0.05 0.3 0.0469476 0.3 0.05 0.275 0.0469476 0.3 0.0469476 0.275 0.2 0.253333 0.15 0.253333 0.15 0.25 0.2 0.253333 0.15 0.25 0.2 0.25 0.2 0.25 0.15 0.25 0.15 0.246667 0.2 0.25 0.15 0.246667 0.2 0.246667 0.3 0.253333 0.25 0.253333 0.25 0.25 0.3 0.253333 0.25 0.25 0.3 0.25 0.3 0.25 0.25 0.25 0.25 0.246667 0.3 0.25 0.25 0.246667 0.3 0.246667 0.0530524 0.2 0.0530524 0.225 0.05 0.225 0.0530524 0.2 0.05 0.225 0.05 0.2 0.05 0.2 0.05 0.225 0.0469476 0.225 0.05 0.2 0.0469476 0.225 0.0469476 0.2 0.0530524 0.175 0.0530524 0.2 0.05 0.2 0.0530524 0.175 0.05 0.2 0.05 0.175 0.05 0.175 0.05 0.2 0.0469476 0.2 0.05 0.175 0.0469476 0.2 0.0469476 0.175 0.0530524 0.1 0.0530524 0.15 0.05 0.15 0.0530524 0.1 0.05 0.15 0.05 0.1 0.05 0.1 0.05 0.15 0.0469476 0.15 0.05 0.1 0.0469476 0.15 0.0469476 0.1 0.15 0.0533333 0.1 0.0533333 0.1 0.05 0.15 0.0533333 0.1 0.05 0.15 0.05 0.15 0.05 0.1 0.05 0.1 0.0466667 0.15 0.05 0.1 0.0466667 0.15 0.0466667 0.25 0.0533333 0.2 0.0533333 0.2 0.05 0.25 0.0533333 0.2 0.05 0.25 0.05 0.25 0.05 0.2 0.05 0.2 0.0466667 0.25 0.05 0.2 0.0466667 0.25 0.0466667 0.34 0.0533333 0.3 0.0533333 0.3 0.05 0.34 0.0533333 0.3 0.05 0.34 0.05 0.34 0.05 0.3 0.05 0.3 0.0466667 0.34 0.05 0.3 0.0466667 0.34 0.0466667 0.353333 0.1 0.353333 0.15 0.35 0.15 0.353333 0.1 0.35 0.15 0.35 0.1 0.35 0.1 0.35 0.15 0.346667 0.15 0.35 0.1 0.346667 0.15 0.346667 0.1 0.353333 0.175 0.353333 0.2 0.35 0.2 0.353333 0.175 0.35 0.2 0.35 0.175 0.35 0.175 0.35 0.2 0.346667 0.2 0.35 0.175 0.346667 0.2 0.346667 0.175 0.353333 0.3 0.353333 0.35 0.35 0.35 0.353333 0.3 0.35 0.35 0.35 0.3 0.35 0.3 0.35 0.35 0.346667 0.35 0.35 0.3 0.346667 0.35 0.346667 0.3 0.353333 0.4 0.353333 0.45 0.35 0.45 0.353333 0.4 0.35 0.45 0.35 0.4 0.35 0.4 0.35 0.45 0.346667 0.45 0.35 0.4 0.346667 0.45 0.346667 0.4 0.353333 0.5 0.353333 0.55 0.35 0.55 0.353333 0.5 0.35 0.55 0.35 0.5 0.35 0.5 0.35 0.55 0.346667 0.55 0.35 0.5 0.346667 0.55 0.346667 0.5 0.353333 0.65 0.353333 0.7 0.35 0.7 0.353333 0.65 0.35 0.7 0.35 0.65 0.35 0.65 0.35 0.7 0.346667 0.7 0.35 0.65 0.346667 0.7 0.346667 0.65 0.353333 0.75 0.353333 0.8 0.35 0.8 0.353333 0.75 0.35 0.8 0.35 0.75 0.35 0.75 0.35 0.8 0.346667 0.8 0.35 0.75 0.346667 0.8 0.346667 0.75 0.353333 0.85 0.353333 0.9 0.35 0.9 0.353333 0.85 0.35 0.9 0.35 0.85 0.35 0.85 0.35 0.9 0.346667 0.9 0.35 0.85 0.346667 0.9 0.346667 0.85 0.25 0.603341 0.2 0.603339 0.2 0.6 0.25 0.603341 0.2 0.6 0.25 0.6 0.25 0.6 0.2 0.6 0.2 0.596661 0.25 0.6 0.2 0.596661 0.25 0.59666 0.15 0.603338 0.1 0.603337 0.1 0.6 0.15 0.603338 0.1 0.6 0.15 0.6 0.15 0.6 0.1 0.6 0.1 0.596663 0.15 0.6 0.1 0.596663 0.15 0.596663 0.45 0.603355 0.4 0.60335 0.4 0.600001 0.45 0.603355 0.4 0.600001 0.45 0.600001 0.45 0.600001 0.4 0.600001 0.4 0.596651 0.45 0.600001 0.4 0.596651 0.45 0.596646 0.5 0.603372 0.475 0.603363 0.475 0.600001 0.5 0.603372 0.475 0.600001 0.5 0.600001 0.5 0.600001 0.475 0.600001 0.475 0.59664 0.5 0.600001 0.475 0.59664 0.5 0.596631 0.525 0.603385 0.5 0.603372 0.5 0.600001 0.525 0.603385 0.5 0.600001 0.525 0.600002 0.525 0.600002 0.5 0.600001 0.5 0.596631 0.525 0.600002 0.5 0.596631 0.525 0.596619 0.55 0.596604 0.479834 0.494873 0.431745 0.447438 0.55 0.596604 0.431745 0.447438 0.55 0.600003 0.55 0.600003 0.431745 0.447438 0.383657 0.400002 0.55 0.600003 0.383657 0.400002 0.55 0.603402 0.45 0.0533333 0.4 0.0533333 0.4 0.05 0.45 0.0533333 0.4 0.05 0.45 0.05 0.45 0.05 0.4 0.05 0.4 0.0466667 0.45 0.05 0.4 0.0466667 0.45 0.0466667 0.55 0.0533333 0.525 0.0533333 0.525 0.05 0.55 0.0533333 0.525 0.05 0.55 0.05 0.55 0.05 0.525 0.05 0.525 0.0466667 0.55 0.05 0.525 0.0466667 0.55 0.0466667 0.525 0.0533333 0.5 0.0533333 0.5 0.05 0.525 0.0533333 0.5 0.05 0.525 0.05 0.525 0.05 0.5 0.05 0.5 0.0466667 0.525 0.05 0.5 0.0466667 0.525 0.0466667 0.65 0.0533164 0.625 0.0533164 0.625 0.0499831 0.65 0.0533164 0.625 0.0499831 0.65 0.0499831 0.65 0.0499831 0.625 0.0499831 0.625 0.0466498 0.65 0.0499831 0.625 0.0466498 0.65 0.0466498 0.625 0.0533164 0.6 0.0533164 0.6 0.0499831 0.625 0.0533164 0.6 0.0499831 0.625 0.0499831 0.625 0.0499831 0.6 0.0499831 0.6 0.0466498 0.625 0.0499831 0.6 0.0466498 0.625 0.0466498 0.753333 0.1 0.753333 0.15 0.75 0.15 0.753333 0.1 0.75 0.15 0.75 0.1 0.75 0.1 0.75 0.15 0.746667 0.15 0.75 0.1 0.746667 0.15 0.746667 0.1 0.753333 0.175 0.753333 0.2 0.75 0.2 0.753333 0.175 0.75 0.2 0.75 0.175 0.75 0.175 0.75 0.2 0.746667 0.2 0.75 0.175 0.746667 0.2 0.746667 0.175 0.753333 0.3 0.753333 0.35 0.75 0.35 0.753333 0.3 0.75 0.35 0.75 0.3 0.75 0.3 0.75 0.35 0.746667 0.35 0.75 0.3 0.746667 0.35 0.746667 0.3 0.753333 0.4 0.753333 0.425985 0.75 0.425985 0.753333 0.4 0.75 0.425985 0.75 0.4 0.75 0.4 0.75 0.425985 0.746667 0.425985 0.75 0.4 0.746667 0.425985 0.746667 0.4 0.9 0.253333 0.85 0.253333 0.85 0.25 0.9 0.253333 0.85 0.25 0.9 0.25 0.9 0.25 0.85 0.25 0.85 0.246667 0.9 0.25 0.85 0.246667 0.9 0.246667 1 0.253333 0.95 0.253333 0.95 0.25 1 0.253333 0.95 0.25 1 0.25 1 0.25 0.95 0.25 0.95 0.246667 1 0.25 0.95 0.246667 1 0.246667 0.95 0.0533333 0.9 0.0533333 0.9 0.05 0.95 0.0533333 0.9 0.05 0.95 0.05 0.95 0.05 0.9 0.05 0.9 0.0466667 0.95 0.05 0.9 0.0466667 0.95 0.0466667 0.85 0.0533333 0.8 0.0533333 0.8 0.05 0.85 0.0533333 0.8 0.05 0.85 0.05 0.85 0.05 0.8 0.05 0.8 0.0466667 0.85 0.05 0.8 0.0466667 0.85 0.0466667 1 0.603392 0.95 0.603405 0.95 0.599997 1 0.603392 0.95 0.599997 1 0.599997 1 0.599997 0.95 0.599997 0.95 0.596588 1 0.599997 0.95 0.596588 1 0.596603 0.753333 0.85 0.753333 0.9 0.75 0.9 0.753333 0.85 0.75 0.9 0.75 0.85 0.75 0.85 0.75 0.9 0.746667 0.9 0.75 0.85 0.746667 0.9 0.746667 0.85 0.746667 0.8 0.746667 0.774015 0.75 0.774015 0.746667 0.8 0.75 0.774015 0.75 0.8 0.75 0.8 0.75 0.774015 0.753333 0.774015 0.75 0.8 0.753333 0.774015 0.753333 0.8 0.65 0.253333 0.625 0.253333 0.625 0.25 0.65 0.253333 0.625 0.25 0.65 0.25 0.65 0.25 0.625 0.25 0.625 0.246667 0.65 0.25 0.625 0.246667 0.65 0.246667 0.625 0.253333 0.6 0.253333 0.6 0.25 0.625 0.253333 0.6 0.25 0.625 0.25 0.625 0.25 0.6 0.25 0.6 0.246667 0.625 0.25 0.6 0.246667 0.625 0.246667 0.55 0.253333 0.525 0.253333 0.525 0.25 0.55 0.253333 0.525 0.25 0.55 0.25 0.55 0.25 0.525 0.25 0.525 0.246667 0.55 0.25 0.525 0.246667 0.55 0.246667 0.525 0.253333 0.5 0.253333 0.5 0.25 0.525 0.253333 0.5 0.25 0.525 0.25 0.525 0.25 0.5 0.25 0.5 0.246667 0.525 0.25 0.5 0.246667 0.525 0.246667 0.45 0.253333 0.4 0.253333 0.4 0.25 0.45 0.253333 0.4 0.25 0.45 0.25 0.45 0.25 0.4 0.25 0.4 0.246667 0.45 0.25 0.4 0.246667 0.45 0.246667 0.49875 1 0.49875 1 0.49875 1 0.49875 1 0.49875 1 0.49875 1 0.49875 1 0.49875 1 0.49875 1 0.49875 1 0.49875 1 0.49875 1 0.49875 1 0.49875 1 0.49875 1 0.49875 1 0.49875 1 0.49875 1 0.49875 1 0.49875 1 0.49875 1 0.49875 1 0.49875 1 0.49875 1 0.49875 1 0.49875 1 0.49875 1 0.49875 1 0.49875 1 0.49875 1 0.49875 1 0.49875 1 0.49875 1 0.49875 1 0.49875 1 0.49875 1 0.49875 1 0.49875 1 0.49875 1 0.49875 1 0.49875 1 0.49875 1 0 0 0 0 0 0 0 0 0 0 0 0 0 0 0 0 0 0 0 0 0 0 0 0 0 0 0 0 0 0 0 0 0 0 0 0 0 0 0 0 0 0 0 0 0 0 0 0 0 0 0 0 0 0 0 0 0 0 0 0 0 0 0 0 0 0 0 0 0 0 0 0 0 0 0 0 0 0 0 0 0 0 0 0 0 0 0 0 0 0 0 0 0 0 0 0 0 0 0 0 0 0 0 0 0 0 0 0 0 0 0 0 0 0 0 0 0 0 0 0 0 0 0 0 0 0 0 0 0 0 0 0 0 0 0 0 0 0 0 0 0 0 0 0 0 0 0 0 0 0 0 0 0 0 0 0 0 0 0 0 0 0 0 0 0 0 0 0 0 0 0 0 0 0 0 0 0 0 0 0 0 0 0 0 0 0 0 0 0 0 0 0 0 0 0 0 0 0 0 0 0 0 0 0 0 0 0 0 0 0 0 0 0 0 0 0 0 0 0 0 0 0 0 0 0 0 0 0 0 0 0 0 0 0 0 0 0 0 0 0 0 0 0 0 0 0 0 0 0 0 0 0 0 0 0 0 0 0 0 0 0 0 0 0 0 0 0 0 0 0 0 0 0 0 0 0 0 0 0 0 0 0 0 0 0 0 0 0 0 0 0 0 0 0 0 0 0 0 0 0 0 0 0 0 0 0 0 0 0 0 0 0 0 0 0 0 0 0 0 0 0 0 0 0 0 0 0 0 0 0 0 0 0 0 0 0 0 0 0 0 0 0 0 0 0 0 0 0 0 0 0 0 0 0 0 0 0 0 0 0 0 0 0 0 0 0 0 0 0 0 0 0 0 0 0 0 0 0 0 0 0 0 0 0 0 0 0 0 0 0 0 0 0 0 0 0 0 0 0 0 0 0 0 0 0 0 0 0 0.15 0 0.1 0 0.1 0 0.15 0 0.1 0 0.15 0 0.4 0 0.36 0 0.36 0 0.4 0 0.36 0 0.4 0 0.625 0 0.6 0 0.6 0 0.625 0 0.6 0 0.625 0 0.0408429 0 0 0 0 0 0.0408429 0 0 0 0.0408429 0 0.2 0 0.15 0 0.15 0 0.2 0 0.15 0 0.2 0 0.25 0 0.2 0 0.2 0 0.25 0 0.2 0 0.25 0 0.1 0 0.0591571 0 0.0591571 0 0.1 0 0.0591571 0 0.1 0 0.3 0 0.25 0 0.25 0 0.3 0 0.25 0 0.3 0 0.45 0 0.4 0 0.4 0 0.45 0 0.4 0 0.45 0 0.525 0 0.5 0 0.5 0 0.525 0 0.5 0 0.525 0 0.475 0 0.45 0 0.45 0 0.475 0 0.45 0 0.475 0 0.5 0 0.475 0 0.475 0 0.5 0 0.475 0 0.5 0 0.0591571 0 0.0408429 0 0.0408429 0 0.0591571 0 0.0408429 0 0.0591571 0 0 0 0 0 0 0 0 0 0 0 0 0 0.36 0 0.34 0 0.34 0 0.36 0 0.34 0 0.36 0 0.34 0 0.3 0 0.3 0 0.34 0 0.3 0 0.34 0 0.55 0 0.525 0 0.525 0 0.55 0 0.525 0 0.55 0 0.6 0 0.55 0 0.55 0 0.6 0 0.55 0 0.6 0 0.675 0 0.65 0 0.65 0 0.675 0 0.65 0 0.675 0 0.8 0 0.75 0 0.75 0 0.8 0 0.75 0 0.8 0 0.725 0 0.7 0 0.7 0 0.725 0 0.7 0 0.725 0 0.75 0 0.725 0 0.725 0 0.75 0 0.725 0 0.75 0 0.65 0 0.625 0 0.625 0 0.65 0 0.625 0 0.65 0 0.7 0 0.675 0 0.675 0 0.7 0 0.675 0 0.7 0 0.85 0 0.8 0 0.8 0 0.85 0 0.8 0 0.85 0 1 0 1 0 1 0 1 0 1 0 1 0 0.9 0 0.85 0 0.85 0 0.9 0 0.85 0 0.9 0 1 0 0.95 0 0.95 0 1 0 0.95 0 1 0 1 0 1 0 1 0 1 0 1 0 1 0 0.95 0 0.9 0 0.9 0 0.95 0 0.9 0 0.95 0 0.85 0 0.8 0 0.8 0 0.85 0 0.8 0 0.85 0 1 0 1 0 1 0 1 0 1 0 1 0 1 0 1 0 1 0 1 0 1 0 1 0 1 0 1 0 1 0 1 0 1 0 1 0 1 0.1 1 0.06 1 0.06 1 0.1 1 0.06 1 0.1 1 0.175 1 0.15 1 0.15 1 0.175 1 0.15 1 0.175 1 0 1 0 1 0 1 0 1 0 1 0 1 0.04 1 0 1 0 1 0.04 1 0 1 0.04 1 0.06 1 0.04 1 0.04 1 0.06 1 0.04 1 0.06 1 0.15 1 0.1 1 0.1 1 0.15 1 0.1 1 0.15 1 0.275 1 0.25 1 0.25 1 0.275 1 0.25 1 0.275 1 0.3 1 0.275 1 0.275 1 0.3 1 0.275 1 0.3 1 0.35 1 0.3 1 0.3 1 0.35 1 0.3 1 0.35 1 0.225 1 0.2 1 0.2 1 0.225 1 0.2 1 0.225 1 0.25 1 0.225 1 0.225 1 0.25 1 0.225 1 0.25 1 0.2 1 0.175 1 0.175 1 0.2 1 0.175 1 0.2 1 0.8 1 0.75 1 0.75 1 0.8 1 0.75 1 0.8 1 0.45 1 0.4 1 0.4 1 0.45 1 0.4 1 0.45 1 0.7 1 0.65 1 0.65 1 0.7 1 0.65 1 0.7 1 0.85 1 0.8 1 0.8 1 0.85 1 0.8 1 0.85 1 1 1 1 1 1 1 1 1 1 1 1 1 0.5 1 0.45 1 0.45 1 0.5 1 0.45 1 0.5 1 0.589866 1 0.55 1 0.55 1 0.589866 1 0.55 1 0.589866 1 1 1 0.96 1 0.96 1 1 1 0.96 1 1 1 0.610131 1 0.589866 1 0.589866 1 0.610131 1 0.589866 1 0.610131 1 0.9 1 0.85 1 0.85 1 0.9 1 0.85 1 0.9 1 0.65 1 0.610131 1 0.610131 1 0.65 1 0.610131 1 0.65 1 0.75 1 0.7 1 0.7 1 0.75 1 0.7 1 0.75 1 0.94 1 0.9 1 0.9 1 0.94 1 0.9 1 0.94 1 0.55 1 0.5 1 0.5 1 0.55 1 0.5 1 0.55 1 0.4 1 0.35 1 0.35 1 0.4 1 0.35 1 0.4 1 0.96 1 0.94 1 0.94 1 0.96 1 0.94 1 0.96 0.0975 1 0.1025 1 0.1025 1 0.0975 1 0.1025 1 0.0975 1 0.4475 1 0.4525 1 0.4525 1 0.4475 1 0.4525 1 0.4475 1 0.2475 1 0.2525 1 0.2525 1 0.2475 1 0.2525 1 0.2475 1 0 0 0 0 0 0 0 0 0 0 0 0 0.1475 1 0.1525 1 0.1525 1 0.1475 1 0.1525 1 0.1475 1 0.3975 1 0.4025 1 0.4025 1 0.3975 1 0.4025 1 0.3975 1 0.49875 1 0.49875 1 0.49875 1 0.49875 1 0.49875 1 0.49875 1 0.2975 1 0.3025 1 0.3025 1 0.2975 1 0.3025 1 0.2975 1 0.1975 1 0.2025 1 0.2025 1 0.1975 1 0.2025 1 0.1975 1 0.3475 1 0.3525 1 0.3525 1 0.3475 1 0.3525 1 0.3475 1 0.0975 1 0.1025 1 0.1025 1 0.0975 1 0.1025 1 0.0975 1 0.2025 1 0.2475 1 0.2475 1 0.2025 1 0.2475 1 0.2025 1 0.0408429 1 0.0586994 1 0.0586994 1 0.0408429 1 0.0586994 1 0.0408429 1 0.1475 1 0.1525 1 0.1525 1 0.1475 1 0.1525 1 0.1475 1 0.1525 1 0.1975 1 0.1975 1 0.1525 1 0.1975 1 0.1525 1 0.0586994 1 0.0975 1 0.0975 1 0.0586994 1 0.0975 1 0.0586994 1 0.4475 1 0.4525 1 0.4525 1 0.4475 1 0.4525 1 0.4475 1 0.2525 1 0.2975 1 0.2975 1 0.2525 1 0.2975 1 0.2525 1 0 1 0.0408429 1 0.0408429 1 0 1 0.0408429 1 0 1 0.3475 1 0.3525 1 0.3525 1 0.3475 1 0.3525 1 0.3475 1 0.3025 1 0.3475 1 0.3475 1 0.3025 1 0.3475 1 0.3025 1 0.4025 1 0.4475 1 0.4475 1 0.4025 1 0.4475 1 0.4025 1 0.1975 1 0.2025 1 0.2025 1 0.1975 1 0.2025 1 0.1975 1 0.475 1 0.49875 1 0.49875 1 0.475 1 0.49875 1 0.475 1 0.3525 1 0.3975 1 0.3975 1 0.3525 1 0.3975 1 0.3525 1 0.3975 1 0.4025 1 0.4025 1 0.3975 1 0.4025 1 0.3975 1 0.2475 1 0.2525 1 0.2525 1 0.2475 1 0.2525 1 0.2475 1 0.4525 1 0.475 1 0.475 1 0.4525 1 0.475 1 0.4525 1 0.49875 1 0.49875 1 0.49875 1 0.49875 1 0.49875 1 0.49875 1 0.2975 1 0.3025 1 0.3025 1 0.2975 1 0.3025 1 0.2975 1 0.1025 1 0.1475 1 0.1475 1 0.1025 1 0.1475 1 0.1025 1 0 0 0 0 0 0 0 0 0 0 0 0 0 0 0 0 0 0 0 0 0 0 0 0 0 1 0 1 0 1 0 1 0 1 0 1</float_array>
                    <technique_common>
                        <accessor count="4044" source="#shape0-lib-map-array" stride="2">
                            <param name="U" type="float"/>
                            <param name="V" type="float"/>
                        </accessor>
                    </technique_common>
                </source>
                <vertices id="shape0-lib-vertices">
                    <input semantic="POSITION" source="#shape0-lib-positions"/>
                </vertices>
                <triangles count="1348" material="material0">
                    <input offset="0" semantic="VERTEX" source="#shape0-lib-vertices"/>
                    <input offset="1" semantic="COLOR" source="#shape0-lib-vcolor"/>
                    <input offset="2" semantic="NORMAL" source="#shape0-lib-normals"/>
                    <input offset="3" semantic="TEXCOORD" source="#shape0-lib-map"/>
                    <p>21 21 0 0 20 20 0 1 25 25 0 2 21 21 1 3 25 25 1 4 24 24 1 5 62 62 2 6 63 63 2 7 656 656 2 8 62 62 3 9 656 656 3 10 661 661 3 11 22 22 4 12 42 42 4 13 668 668 4 14 22 22 5 15 668 668 5 16 23 23 5 17 63 63 6 18 17 17 6 19 28 28 6 20 63 63 7 21 28 28 7 22 656 656 7 23 15 15 8 24 14 14 8 25 673 673 8 26 15 15 9 27 673 673 9 28 332 332 9 29 56 56 10 30 57 57 10 31 662 662 10 32 56 56 11 33 662 662 11 34 667 667 11 35 94 94 12 36 73 73 12 37 74 74 12 38 94 94 13 39 74 74 13 40 110 110 13 41 430 430 14 42 431 431 14 43 75 75 14 44 430 430 15 45 75 75 15 46 126 126 15 47 142 142 16 48 76 76 16 49 77 77 16 50 142 142 17 51 77 77 17 52 158 158 17 53 158 158 18 54 77 77 18 55 78 78 18 56 158 158 19 57 78 78 19 58 174 174 19 59 174 174 20 60 78 78 20 61 79 79 20 62 174 174 21 63 79 79 21 64 190 190 21 65 190 190 22 66 79 79 22 67 80 80 22 68 190 190 23 69 80 80 23 70 204 204 23 71 204 204 24 72 80 80 24 73 81 81 24 74 204 204 25 75 81 81 25 76 216 216 25 77 226 226 26 78 82 82 26 79 83 83 26 80 226 226 27 81 83 83 27 82 233 233 27 83 233 233 28 84 83 83 28 85 84 84 28 86 233 233 29 87 84 84 29 88 245 245 29 89 245 245 30 90 84 84 30 91 85 85 30 92 245 245 31 93 85 85 31 94 259 259 31 95 259 259 32 96 85 85 32 97 86 86 32 98 259 259 33 99 86 86 33 100 275 275 33 101 275 275 34 102 86 86 34 103 87 87 34 104 275 275 35 105 87 87 35 106 291 291 35 107 290 290 36 108 289 289 36 109 305 305 36 110 290 290 37 111 305 305 37 112 306 306 37 113 289 289 38 114 288 288 38 115 304 304 38 116 289 289 39 117 304 304 39 118 305 305 39 119 288 288 40 120 287 287 40 121 303 303 40 122 288 288 41 123 303 303 41 124 304 304 41 125 287 287 42 126 286 286 42 127 302 302 42 128 287 287 43 129 302 302 43 130 303 303 43 131 285 285 44 132 284 284 44 133 300 300 44 134 285 285 45 135 300 300 45 136 301 301 45 137 677 677 46 138 283 283 46 139 299 299 46 140 677 677 47 141 299 299 47 142 676 676 47 143 403 403 48 144 282 282 48 145 298 298 48 146 403 403 49 147 298 298 49 148 402 402 49 149 282 282 50 150 281 281 50 151 297 297 50 152 282 282 51 153 297 297 51 154 298 298 51 155 281 281 52 156 280 280 52 157 296 296 52 158 281 281 53 159 296 296 53 160 297 297 53 161 280 280 54 162 279 279 54 163 295 295 54 164 280 280 55 165 295 295 55 166 296 296 55 167 278 278 56 168 277 277 56 169 293 293 56 170 278 278 57 171 293 293 57 172 294 294 57 173 277 277 58 174 276 276 58 175 292 292 58 176 277 277 59 177 292 292 59 178 293 293 59 179 276 276 60 180 275 275 60 181 291 291 60 182 276 276 61 183 291 291 61 184 292 292 61 185 274 274 62 186 273 273 62 187 289 289 62 188 274 274 63 189 289 289 63 190 290 290 63 191 273 273 64 192 272 272 64 193 288 288 64 194 273 273 65 195 288 288 65 196 289 289 65 197 272 272 66 198 271 271 66 199 287 287 66 200 272 272 67 201 287 287 67 202 288 288 67 203 271 271 68 204 270 270 68 205 286 286 68 206 271 271 69 207 286 286 69 208 287 287 69 209 269 269 70 210 268 268 70 211 284 284 70 212 269 269 71 213 284 284 71 214 285 285 71 215 678 678 72 216 267 267 72 217 283 283 72 218 678 678 73 219 283 283 73 220 677 677 73 221 404 404 74 222 266 266 74 223 282 282 74 224 404 404 75 225 282 282 75 226 403 403 75 227 266 266 76 228 265 265 76 229 281 281 76 230 266 266 77 231 281 281 77 232 282 282 77 233 265 265 78 234 264 264 78 235 280 280 78 236 265 265 79 237 280 280 79 238 281 281 79 239 264 264 80 240 263 263 80 241 279 279 80 242 264 264 81 243 279 279 81 244 280 280 81 245 262 262 82 246 261 261 82 247 277 277 82 248 262 262 83 249 277 277 83 250 278 278 83 251 261 261 84 252 260 260 84 253 276 276 84 254 261 261 85 255 276 276 85 256 277 277 85 257 260 260 86 258 259 259 86 259 275 275 86 260 260 260 87 261 275 275 87 262 276 276 87 263 258 258 88 264 257 257 88 265 273 273 88 266 258 258 89 267 273 273 89 268 274 274 89 269 257 257 90 270 256 256 90 271 272 272 90 272 257 257 91 273 272 272 91 274 273 273 91 275 256 256 92 276 255 255 92 277 271 271 92 278 256 256 93 279 271 271 93 280 272 272 93 281 255 255 94 282 254 254 94 283 270 270 94 284 255 255 95 285 270 270 95 286 271 271 95 287 253 253 96 288 252 252 96 289 268 268 96 290 253 253 97 291 268 268 97 292 269 269 97 293 679 679 98 294 251 251 98 295 267 267 98 296 679 679 99 297 267 267 99 298 678 678 99 299 405 405 100 300 250 250 100 301 266 266 100 302 405 405 101 303 266 266 101 304 404 404 101 305 250 250 102 306 249 249 102 307 265 265 102 308 250 250 103 309 265 265 103 310 266 266 103 311 249 249 104 312 248 248 104 313 264 264 104 314 249 249 105 315 264 264 105 316 265 265 105 317 335 335 106 318 377 377 106 319 263 263 106 320 263 263 107 321 264 264 107 322 248 248 107 323 248 248 108 324 333 333 108 325 335 335 108 326 263 263 109 327 248 248 109 328 335 335 109 329 335 335 110 330 334 334 110 331 377 377 110 332 335 335 111 333 333 333 111 334 378 378 111 335 337 337 112 336 338 338 112 337 247 247 112 338 247 247 113 339 261 261 113 340 262 262 113 341 262 262 114 342 379 379 114 343 337 337 114 344 337 337 115 345 247 247 115 346 262 262 115 347 379 379 116 348 336 336 116 349 337 337 116 350 380 380 117 351 338 338 117 352 337 337 117 353 247 247 118 354 246 246 118 355 260 260 118 356 247 247 119 357 260 260 119 358 261 261 119 359 246 246 120 360 245 245 120 361 259 259 120 362 246 246 121 363 259 259 121 364 260 260 121 365 244 244 122 366 243 243 122 367 257 257 122 368 244 244 123 369 257 257 123 370 258 258 123 371 243 243 124 372 242 242 124 373 256 256 124 374 243 243 125 375 256 256 125 376 257 257 125 377 242 242 126 378 241 241 126 379 255 255 126 380 242 242 127 381 255 255 127 382 256 256 127 383 241 241 128 384 240 240 128 385 254 254 128 386 241 241 129 387 254 254 129 388 255 255 129 389 239 239 130 390 238 238 130 391 252 252 130 392 239 239 131 393 252 252 131 394 253 253 131 395 680 680 132 396 237 237 132 397 251 251 132 398 680 680 133 399 251 251 133 400 679 679 133 401 406 406 134 402 236 236 134 403 250 250 134 404 406 406 135 405 250 250 135 406 405 405 135 407 236 236 136 408 235 235 136 409 249 249 136 410 236 236 137 411 249 249 137 412 250 250 137 413 340 340 138 414 381 381 138 415 248 248 138 416 248 248 139 417 249 249 139 418 235 235 139 419 235 235 140 420 382 382 140 421 340 340 140 422 248 248 141 423 235 235 141 424 340 340 141 425 340 340 142 426 341 341 142 427 381 381 142 428 339 339 143 429 340 340 143 430 382 382 143 431 248 248 144 432 381 381 144 433 342 342 144 434 248 248 145 435 342 342 145 436 333 333 145 437 381 381 146 438 341 341 146 439 342 342 146 440 333 333 147 441 342 342 147 442 378 378 147 443 383 383 148 444 247 247 148 445 344 344 148 446 247 247 149 447 338 338 149 448 344 344 149 449 344 344 150 450 343 343 150 451 383 383 150 452 338 338 151 453 380 380 151 454 344 344 151 455 346 346 152 456 384 384 152 457 234 234 152 458 234 234 153 459 246 246 153 460 247 247 153 461 247 247 154 462 383 383 154 463 346 346 154 464 234 234 155 465 247 247 155 466 346 346 155 467 346 346 156 468 345 345 156 469 384 384 156 470 383 383 157 471 343 343 157 472 346 346 157 473 234 234 158 474 233 233 158 475 245 245 158 476 234 234 159 477 245 245 159 478 246 246 159 479 232 232 160 480 231 231 160 481 243 243 160 482 232 232 161 483 243 243 161 484 244 244 161 485 231 231 162 486 230 230 162 487 242 242 162 488 231 231 163 489 242 242 163 490 243 243 163 491 230 230 164 492 229 229 164 493 241 241 164 494 230 230 165 495 241 241 165 496 242 242 165 497 229 229 166 498 228 228 166 499 240 240 166 500 229 229 167 501 240 240 167 502 241 241 167 503 406 406 168 504 416 416 168 505 236 236 168 506 348 348 169 507 349 349 169 508 385 385 169 509 348 348 170 510 347 347 170 511 386 386 170 512 235 235 171 513 385 385 171 514 350 350 171 515 235 235 172 516 350 350 172 517 382 382 172 518 385 385 173 519 349 349 173 520 350 350 173 521 339 339 174 522 382 382 174 523 350 350 174 524 387 387 175 525 234 234 175 526 352 352 175 527 234 234 176 528 384 384 176 529 352 352 176 530 384 384 177 531 345 345 177 532 352 352 177 533 352 352 178 534 351 351 178 535 387 387 178 536 354 354 179 537 388 388 179 538 226 226 179 539 226 226 180 540 233 233 180 541 234 234 180 542 234 234 181 543 387 387 181 544 354 354 181 545 226 226 182 546 234 234 182 547 354 354 182 548 387 387 183 549 351 351 183 550 354 354 183 551 354 354 184 552 353 353 184 553 388 388 184 554 215 215 185 555 214 214 185 556 224 224 185 557 215 215 186 558 224 224 186 559 225 225 186 560 214 214 187 561 213 213 187 562 223 223 187 563 214 214 188 564 223 223 188 565 224 224 188 566 213 213 189 567 212 212 189 568 222 222 189 569 213 213 190 570 222 222 190 571 223 223 190 572 212 212 191 573 211 211 191 574 221 221 191 575 212 212 192 576 221 221 192 577 222 222 192 578 210 210 193 579 209 209 193 580 219 219 193 581 210 210 194 582 219 219 194 583 220 220 194 584 456 456 195 585 208 208 195 586 218 218 195 587 456 456 196 588 218 218 196 589 455 455 196 590 408 408 197 591 207 207 197 592 217 217 197 593 408 408 198 594 217 217 198 595 407 407 198 596 357 357 199 597 389 389 199 598 217 217 199 599 217 217 200 600 207 207 200 601 206 206 200 602 206 206 201 603 391 391 201 604 357 357 201 605 217 217 202 606 206 206 202 607 357 357 202 608 391 391 203 609 358 358 203 610 357 357 203 611 357 357 204 612 355 355 204 613 389 389 204 614 391 391 205 615 206 206 205 616 359 359 205 617 206 206 206 618 360 360 206 619 359 359 206 620 359 359 207 621 358 358 207 622 391 391 207 623 359 359 208 624 360 360 208 625 392 392 208 626 205 205 209 627 394 394 209 628 362 362 209 629 205 205 210 630 362 362 210 631 393 393 210 632 361 361 211 633 393 393 211 634 362 362 211 635 394 394 212 636 363 363 212 637 362 362 212 638 364 364 213 639 394 394 213 640 205 205 213 641 205 205 214 642 204 204 214 643 216 216 214 644 216 216 215 645 390 390 215 646 364 364 215 647 205 205 216 648 216 216 216 649 364 364 216 650 356 356 217 651 364 364 217 652 390 390 217 653 363 363 218 654 394 394 218 655 364 364 218 656 203 203 219 657 202 202 219 658 214 214 219 659 203 203 220 660 214 214 220 661 215 215 220 662 202 202 221 663 201 201 221 664 213 213 221 665 202 202 222 666 213 213 222 667 214 214 222 668 201 201 223 669 200 200 223 670 212 212 223 671 201 201 224 672 212 212 224 673 213 213 224 674 200 200 225 675 199 199 225 676 211 211 225 677 200 200 226 678 211 211 226 679 212 212 226 680 198 198 227 681 197 197 227 682 209 209 227 683 198 198 228 684 209 209 228 685 210 210 228 686 457 457 229 687 196 196 229 688 208 208 229 689 457 457 230 690 208 208 230 691 456 456 230 692 409 409 231 693 195 195 231 694 207 207 231 695 409 409 232 696 207 207 232 697 408 408 232 698 195 195 233 699 194 194 233 700 206 206 233 701 195 195 234 702 206 206 234 703 207 207 234 704 366 366 235 705 360 360 235 706 206 206 235 707 206 206 236 708 194 194 236 709 423 423 236 710 423 423 237 711 193 193 237 712 395 395 237 713 366 366 238 714 206 206 238 715 423 423 238 716 423 423 239 717 395 395 239 718 366 366 239 719 395 395 240 720 365 365 240 721 366 366 240 722 392 392 241 723 360 360 241 724 366 366 241 725 395 395 242 726 193 193 242 727 368 368 242 728 193 193 243 729 396 396 243 730 368 368 243 731 396 396 244 732 367 367 244 733 368 368 244 734 368 368 245 735 365 365 245 736 395 395 245 737 192 192 246 738 398 398 246 739 369 369 246 740 192 192 247 741 369 369 247 742 397 397 247 743 398 398 248 744 371 371 248 745 369 369 248 746 370 370 249 747 397 397 249 748 369 369 249 749 372 372 250 750 398 398 250 751 192 192 250 752 192 192 251 753 191 191 251 754 205 205 251 755 205 205 252 756 393 393 252 757 372 372 252 758 192 192 253 759 205 205 253 760 372 372 253 761 393 393 254 762 361 361 254 763 372 372 254 764 371 371 255 765 398 398 255 766 372 372 255 767 191 191 256 768 190 190 256 769 204 204 256 770 191 191 257 771 204 204 257 772 205 205 257 773 189 189 258 774 188 188 258 775 202 202 258 776 189 189 259 777 202 202 259 778 203 203 259 779 188 188 260 780 187 187 260 781 201 201 260 782 188 188 261 783 201 201 261 784 202 202 261 785 187 187 262 786 186 186 262 787 200 200 262 788 187 187 263 789 200 200 263 790 201 201 263 791 186 186 264 792 185 185 264 793 199 199 264 794 186 186 265 795 199 199 265 796 200 200 265 797 184 184 266 798 183 183 266 799 197 197 266 800 184 184 267 801 197 197 267 802 198 198 267 803 458 458 268 804 182 182 268 805 196 196 268 806 458 458 269 807 196 196 269 808 457 457 269 809 410 410 270 810 181 181 270 811 195 195 270 812 410 410 271 813 195 195 271 814 409 409 271 815 181 181 272 816 180 180 272 817 194 194 272 818 181 181 273 819 194 194 273 820 195 195 273 821 424 424 274 822 179 179 274 823 193 193 274 824 424 424 275 825 193 193 275 826 423 423 275 827 374 374 276 828 396 396 276 829 193 193 276 830 193 193 277 831 179 179 277 832 417 417 277 833 417 417 278 834 178 178 278 835 399 399 278 836 374 374 279 837 193 193 279 838 417 417 279 839 417 417 280 840 399 399 280 841 374 374 280 842 399 399 281 843 373 373 281 844 374 374 281 845 367 367 282 846 396 396 282 847 374 374 282 848 376 376 283 849 400 400 283 850 177 177 283 851 177 177 284 852 176 176 284 853 192 192 284 854 192 192 285 855 397 397 285 856 376 376 285 857 177 177 286 858 192 192 286 859 376 376 286 860 397 397 287 861 370 370 287 862 376 376 287 863 375 375 288 864 400 400 288 865 376 376 288 866 176 176 289 867 175 175 289 868 191 191 289 869 176 176 290 870 191 191 290 871 192 192 290 872 175 175 291 873 174 174 291 874 190 190 291 875 175 175 292 876 190 190 292 877 191 191 292 878 173 173 293 879 172 172 293 880 188 188 293 881 173 173 294 882 188 188 294 883 189 189 294 884 172 172 295 885 171 171 295 886 187 187 295 887 172 172 296 888 187 187 296 889 188 188 296 890 171 171 297 891 170 170 297 892 186 186 297 893 171 171 298 894 186 186 298 895 187 187 298 896 170 170 299 897 169 169 299 898 185 185 299 899 170 170 300 900 185 185 300 901 186 186 300 902 168 168 301 903 167 167 301 904 183 183 301 905 168 168 302 906 183 183 302 907 184 184 302 908 459 459 303 909 166 166 303 910 182 182 303 911 459 459 304 912 182 182 304 913 458 458 304 914 411 411 305 915 165 165 305 916 181 181 305 917 411 411 306 918 181 181 306 919 410 410 306 920 165 165 307 921 164 164 307 922 180 180 307 923 165 165 308 924 180 180 308 925 181 181 308 926 425 425 309 927 163 163 309 928 179 179 309 929 425 425 310 930 179 179 310 931 424 424 310 932 418 418 311 933 162 162 311 934 178 178 311 935 418 418 312 936 178 178 312 937 417 417 312 938 161 161 313 939 160 160 313 940 176 176 313 941 161 161 314 942 176 176 314 943 177 177 314 944 160 160 315 945 159 159 315 946 175 175 315 947 160 160 316 948 175 175 316 949 176 176 316 950 159 159 317 951 158 158 317 952 174 174 317 953 159 159 318 954 174 174 318 955 175 175 318 956 157 157 319 957 156 156 319 958 172 172 319 959 157 157 320 960 172 172 320 961 173 173 320 962 156 156 321 963 155 155 321 964 171 171 321 965 156 156 322 966 171 171 322 967 172 172 322 968 155 155 323 969 154 154 323 970 170 170 323 971 155 155 324 972 170 170 324 973 171 171 324 974 154 154 325 975 153 153 325 976 169 169 325 977 154 154 326 978 169 169 326 979 170 170 326 980 152 152 327 981 151 151 327 982 167 167 327 983 152 152 328 984 167 167 328 985 168 168 328 986 460 460 329 987 150 150 329 988 166 166 329 989 460 460 330 990 166 166 330 991 459 459 330 992 412 412 331 993 149 149 331 994 165 165 331 995 412 412 332 996 165 165 332 997 411 411 332 998 149 149 333 999 148 148 333 1000 164 164 333 1001 149 149 334 1002 164 164 334 1003 165 165 334 1004 426 426 335 1005 147 147 335 1006 163 163 335 1007 426 426 336 1008 163 163 336 1009 425 425 336 1010 419 419 337 1011 146 146 337 1012 162 162 337 1013 419 419 338 1014 162 162 338 1015 418 418 338 1016 145 145 339 1017 144 144 339 1018 160 160 339 1019 145 145 340 1020 160 160 340 1021 161 161 340 1022 144 144 341 1023 143 143 341 1024 159 159 341 1025 144 144 342 1026 159 159 342 1027 160 160 342 1028 143 143 343 1029 142 142 343 1030 158 158 343 1031 143 143 344 1032 158 158 344 1033 159 159 344 1034 432 432 345 1035 433 433 345 1036 140 140 345 1037 432 432 346 1038 140 140 346 1039 141 141 346 1040 433 433 347 1041 434 434 347 1042 139 139 347 1043 433 433 348 1044 139 139 348 1045 140 140 348 1046 434 434 349 1047 435 435 349 1048 138 138 349 1049 434 434 350 1050 138 138 350 1051 139 139 350 1052 435 435 351 1053 436 436 351 1054 137 137 351 1055 435 435 352 1056 137 137 352 1057 138 138 352 1058 437 437 353 1059 438 438 353 1060 135 135 353 1061 437 437 354 1062 135 135 354 1063 136 136 354 1064 464 464 355 1065 439 439 355 1066 134 134 355 1067 464 464 356 1068 134 134 356 1069 461 461 356 1070 447 447 357 1071 440 440 357 1072 133 133 357 1073 447 447 358 1074 133 133 358 1075 413 413 358 1076 440 440 359 1077 441 441 359 1078 132 132 359 1079 440 440 360 1080 132 132 360 1081 133 133 360 1082 449 449 361 1083 442 442 361 1084 131 131 361 1085 449 449 362 1086 131 131 362 1087 427 427 362 1088 448 448 363 1089 443 443 363 1090 130 130 363 1091 448 448 364 1092 130 130 364 1093 420 420 364 1094 444 444 365 1095 445 445 365 1096 128 128 365 1097 444 444 366 1098 128 128 366 1099 129 129 366 1100 445 445 367 1101 446 446 367 1102 127 127 367 1103 445 445 368 1104 127 127 368 1105 128 128 368 1106 446 446 369 1107 430 430 369 1108 126 126 369 1109 446 446 370 1110 126 126 370 1111 127 127 370 1112 109 109 371 1113 108 108 371 1114 124 124 371 1115 109 109 372 1116 124 124 372 1117 125 125 372 1118 108 108 373 1119 107 107 373 1120 123 123 373 1121 108 108 374 1122 123 123 374 1123 124 124 374 1124 107 107 375 1125 106 106 375 1126 122 122 375 1127 107 107 376 1128 122 122 376 1129 123 123 376 1130 106 106 377 1131 105 105 377 1132 121 121 377 1133 106 106 378 1134 121 121 378 1135 122 122 378 1136 104 104 379 1137 103 103 379 1138 119 119 379 1139 104 104 380 1140 119 119 380 1141 120 120 380 1142 463 463 381 1143 102 102 381 1144 118 118 381 1145 463 463 382 1146 118 118 382 1147 462 462 382 1148 415 415 383 1149 101 101 383 1150 117 117 383 1151 415 415 384 1152 117 117 384 1153 414 414 384 1154 101 101 385 1155 100 100 385 1156 116 116 385 1157 101 101 386 1158 116 116 386 1159 117 117 386 1160 429 429 387 1161 99 99 387 1162 115 115 387 1163 429 429 388 1164 115 115 388 1165 428 428 388 1166 422 422 389 1167 98 98 389 1168 114 114 389 1169 422 422 390 1170 114 114 390 1171 421 421 390 1172 97 97 391 1173 96 96 391 1174 112 112 391 1175 97 97 392 1176 112 112 392 1177 113 113 392 1178 96 96 393 1179 95 95 393 1180 111 111 393 1181 96 96 394 1182 111 111 394 1183 112 112 394 1184 95 95 395 1185 94 94 395 1186 110 110 395 1187 95 95 396 1188 110 110 396 1189 111 111 396 1190 90 90 397 1191 89 89 397 1192 330 330 397 1193 90 90 398 1194 330 330 398 1195 319 319 398 1196 319 319 399 1197 330 330 399 1198 329 329 399 1199 319 319 400 1200 329 329 400 1201 320 320 400 1202 320 320 401 1203 329 329 401 1204 328 328 401 1205 320 320 402 1206 328 328 402 1207 321 321 402 1208 321 321 403 1209 328 328 403 1210 327 327 403 1211 321 321 404 1212 327 327 404 1213 322 322 404 1214 93 93 405 1215 92 92 405 1216 326 326 405 1217 93 93 406 1218 326 326 406 1219 311 311 406 1220 311 311 407 1221 326 326 407 1222 325 325 407 1223 311 311 408 1224 325 325 408 1225 312 312 408 1226 312 312 409 1227 325 325 409 1228 324 324 409 1229 312 312 410 1230 324 324 410 1231 313 313 410 1232 313 313 411 1233 324 324 411 1234 323 323 411 1235 313 313 412 1236 323 323 412 1237 314 314 412 1238 16 16 413 1239 15 15 413 1240 332 332 413 1241 16 16 414 1242 332 332 414 1243 331 331 414 1244 92 92 415 1245 91 91 415 1246 318 318 415 1247 92 92 416 1248 318 318 416 1249 326 326 416 1250 326 326 417 1251 318 318 417 1252 317 317 417 1253 326 326 418 1254 317 317 418 1255 325 325 418 1256 325 325 419 1257 317 317 419 1258 316 316 419 1259 325 325 420 1260 316 316 420 1261 324 324 420 1262 324 324 421 1263 316 316 421 1264 315 315 421 1265 324 324 422 1266 315 315 422 1267 323 323 422 1268 91 91 423 1269 90 90 423 1270 319 319 423 1271 91 91 424 1272 319 319 424 1273 318 318 424 1274 318 318 425 1275 319 319 425 1276 320 320 425 1277 318 318 426 1278 320 320 426 1279 317 317 426 1280 317 317 427 1281 320 320 427 1282 321 321 427 1283 317 317 428 1284 321 321 428 1285 316 316 428 1286 316 316 429 1287 321 321 429 1288 322 322 429 1289 316 316 430 1290 322 322 430 1291 315 315 430 1292 239 239 431 1293 227 227 431 1294 238 238 431 1295 102 102 432 1296 415 415 432 1297 414 414 432 1298 102 102 433 1299 414 414 433 1300 118 118 433 1301 439 439 434 1302 447 447 434 1303 413 413 434 1304 439 439 435 1305 413 413 435 1306 134 134 435 1307 150 150 436 1308 412 412 436 1309 411 411 436 1310 150 150 437 1311 411 411 437 1312 166 166 437 1313 166 166 438 1314 411 411 438 1315 410 410 438 1316 166 166 439 1317 410 410 439 1318 182 182 439 1319 182 182 440 1320 410 410 440 1321 409 409 440 1322 182 182 441 1323 409 409 441 1324 196 196 441 1325 196 196 442 1326 409 409 442 1327 408 408 442 1328 196 196 443 1329 408 408 443 1330 208 208 443 1331 208 208 444 1332 408 408 444 1333 407 407 444 1334 208 208 445 1335 407 407 445 1336 218 218 445 1337 237 237 446 1338 406 406 446 1339 405 405 446 1340 237 237 447 1341 405 405 447 1342 251 251 447 1343 251 251 448 1344 405 405 448 1345 404 404 448 1346 251 251 449 1347 404 404 449 1348 267 267 449 1349 267 267 450 1350 404 404 450 1351 403 403 450 1352 267 267 451 1353 403 403 451 1354 283 283 451 1355 283 283 452 1356 403 403 452 1357 402 402 452 1358 283 283 453 1359 402 402 453 1360 299 299 453 1361 348 348 454 1362 385 385 454 1363 235 235 454 1364 235 235 455 1365 236 236 455 1366 416 416 455 1367 416 416 456 1368 401 401 456 1369 347 347 456 1370 348 348 457 1371 235 235 457 1372 416 416 457 1373 416 416 458 1374 347 347 458 1375 348 348 458 1376 99 99 459 1377 422 422 459 1378 421 421 459 1379 99 99 460 1380 421 421 460 1381 115 115 460 1382 442 442 461 1383 448 448 461 1384 420 420 461 1385 442 442 462 1386 420 420 462 1387 131 131 462 1388 147 147 463 1389 419 419 463 1390 418 418 463 1391 147 147 464 1392 418 418 464 1393 163 163 464 1394 163 163 465 1395 418 418 465 1396 417 417 465 1397 163 163 466 1398 417 417 466 1399 179 179 466 1400 100 100 467 1401 429 429 467 1402 428 428 467 1403 100 100 468 1404 428 428 468 1405 116 116 468 1406 441 441 469 1407 449 449 469 1408 427 427 469 1409 441 441 470 1410 427 427 470 1411 132 132 470 1412 148 148 471 1413 426 426 471 1414 425 425 471 1415 148 148 472 1416 425 425 472 1417 164 164 472 1418 164 164 473 1419 425 425 473 1420 424 424 473 1421 164 164 474 1422 424 424 474 1423 180 180 474 1424 180 180 475 1425 424 424 475 1426 423 423 475 1427 180 180 476 1428 423 423 476 1429 194 194 476 1430 116 116 477 1431 428 428 477 1432 449 449 477 1433 116 116 478 1434 449 449 478 1435 441 441 478 1436 115 115 479 1437 421 421 479 1438 448 448 479 1439 115 115 480 1440 448 448 480 1441 442 442 480 1442 118 118 481 1443 414 414 481 1444 447 447 481 1445 118 118 482 1446 447 447 482 1447 439 439 482 1448 111 111 483 1449 110 110 483 1450 430 430 483 1451 111 111 484 1452 430 430 484 1453 446 446 484 1454 112 112 485 1455 111 111 485 1456 446 446 485 1457 112 112 486 1458 446 446 486 1459 445 445 486 1460 113 113 487 1461 112 112 487 1462 445 445 487 1463 113 113 488 1464 445 445 488 1465 444 444 488 1466 421 421 489 1467 114 114 489 1468 443 443 489 1469 421 421 490 1470 443 443 490 1471 448 448 490 1472 428 428 491 1473 115 115 491 1474 442 442 491 1475 428 428 492 1476 442 442 492 1477 449 449 492 1478 117 117 493 1479 116 116 493 1480 441 441 493 1481 117 117 494 1482 441 441 494 1483 440 440 494 1484 414 414 495 1485 117 117 495 1486 440 440 495 1487 414 414 496 1488 440 440 496 1489 447 447 496 1490 462 462 497 1491 118 118 497 1492 439 439 497 1493 462 462 498 1494 439 439 498 1495 464 464 498 1496 120 120 499 1497 119 119 499 1498 438 438 499 1499 120 120 500 1500 438 438 500 1501 437 437 500 1502 122 122 501 1503 121 121 501 1504 436 436 501 1505 122 122 502 1506 436 436 502 1507 435 435 502 1508 123 123 503 1509 122 122 503 1510 435 435 503 1511 123 123 504 1512 435 435 504 1513 434 434 504 1514 124 124 505 1515 123 123 505 1516 434 434 505 1517 124 124 506 1518 434 434 506 1519 433 433 506 1520 125 125 507 1521 124 124 507 1522 433 433 507 1523 125 125 508 1524 433 433 508 1525 432 432 508 1526 110 110 509 1527 74 74 509 1528 431 431 509 1529 110 110 510 1530 431 431 510 1531 430 430 510 1532 119 119 511 1533 462 462 511 1534 464 464 511 1535 119 119 512 1536 464 464 512 1537 438 438 512 1538 103 103 513 1539 463 463 513 1540 462 462 513 1541 103 103 514 1542 462 462 514 1543 119 119 514 1544 438 438 515 1545 464 464 515 1546 461 461 515 1547 438 438 516 1548 461 461 516 1549 135 135 516 1550 151 151 517 1551 460 460 517 1552 459 459 517 1553 151 151 518 1554 459 459 518 1555 167 167 518 1556 167 167 519 1557 459 459 519 1558 458 458 519 1559 167 167 520 1560 458 458 520 1561 183 183 520 1562 183 183 521 1563 458 458 521 1564 457 457 521 1565 183 183 522 1566 457 457 522 1567 197 197 522 1568 197 197 523 1569 457 457 523 1570 456 456 523 1571 197 197 524 1572 456 456 524 1573 209 209 524 1574 209 209 525 1575 456 456 525 1576 455 455 525 1577 209 209 526 1578 455 455 526 1579 219 219 526 1580 238 238 527 1581 454 454 527 1582 453 453 527 1583 238 238 528 1584 453 453 528 1585 252 252 528 1586 252 252 529 1587 453 453 529 1588 452 452 529 1589 252 252 530 1590 452 452 530 1591 268 268 530 1592 268 268 531 1593 452 452 531 1594 451 451 531 1595 268 268 532 1596 451 451 532 1597 284 284 532 1598 284 284 533 1599 451 451 533 1600 450 450 533 1601 284 284 534 1602 450 450 534 1603 300 300 534 1604 468 468 535 1605 469 469 535 1606 470 470 535 1607 468 468 536 1608 470 470 536 1609 467 467 536 1610 465 465 537 1611 505 505 537 1612 506 506 537 1613 506 506 538 1614 507 507 538 1615 508 508 538 1616 508 508 539 1617 509 509 539 1618 510 510 539 1619 510 510 540 1620 468 468 540 1621 496 496 540 1622 510 510 541 1623 496 496 541 1624 497 497 541 1625 506 506 542 1626 508 508 542 1627 510 510 542 1628 504 504 543 1629 466 466 543 1630 465 465 543 1631 502 502 544 1632 503 503 544 1633 504 504 544 1634 500 500 545 1635 501 501 545 1636 502 502 545 1637 498 498 546 1638 499 499 546 1639 500 500 546 1640 493 493 547 1641 494 494 547 1642 498 498 547 1643 492 492 548 1644 493 493 548 1645 498 498 548 1646 498 498 549 1647 500 500 549 1648 502 502 549 1649 465 465 550 1650 506 506 550 1651 510 510 550 1652 510 510 551 1653 497 497 551 1654 471 471 551 1655 510 510 552 1656 471 471 552 1657 472 472 552 1658 498 498 553 1659 502 502 553 1660 504 504 553 1661 491 491 554 1662 492 492 554 1663 498 498 554 1664 490 490 555 1665 491 491 555 1666 498 498 555 1667 465 465 556 1668 510 510 556 1669 472 472 556 1670 465 465 557 1671 472 472 557 1672 473 473 557 1673 490 490 558 1674 498 498 558 1675 504 504 558 1676 489 489 559 1677 490 490 559 1678 504 504 559 1679 465 465 560 1680 473 473 560 1681 474 474 560 1682 465 465 561 1683 474 474 561 1684 475 475 561 1685 488 488 562 1686 489 489 562 1687 504 504 562 1688 487 487 563 1689 488 488 563 1690 504 504 563 1691 465 465 564 1692 475 475 564 1693 476 476 564 1694 465 465 565 1695 476 476 565 1696 477 477 565 1697 486 486 566 1698 487 487 566 1699 504 504 566 1700 485 485 567 1701 486 486 567 1702 504 504 567 1703 465 465 568 1704 477 477 568 1705 478 478 568 1706 465 465 569 1707 478 478 569 1708 479 479 569 1709 484 484 570 1710 485 485 570 1711 504 504 570 1712 483 483 571 1713 484 484 571 1714 504 504 571 1715 465 465 572 1716 479 479 572 1717 480 480 572 1718 465 465 573 1719 480 480 573 1720 481 481 573 1721 483 483 574 1722 504 504 574 1723 465 465 574 1724 465 465 575 1725 481 481 575 1726 482 482 575 1727 465 465 576 1728 482 482 576 1729 483 483 576 1730 467 467 577 1731 498 498 577 1732 494 494 577 1733 495 495 578 1734 496 496 578 1735 468 468 578 1736 467 467 579 1737 494 494 579 1738 495 495 579 1739 467 467 580 1740 495 495 580 1741 468 468 580 1742 465 465 581 1743 466 466 581 1744 511 511 581 1745 511 511 582 1746 512 512 582 1747 513 513 582 1748 513 513 583 1749 514 514 583 1750 515 515 583 1751 515 515 584 1752 516 516 584 1753 517 517 584 1754 517 517 585 1755 518 518 585 1756 519 519 585 1757 519 519 586 1758 520 520 586 1759 521 521 586 1760 521 521 587 1761 465 465 587 1762 511 511 587 1763 511 511 588 1764 513 513 588 1765 515 515 588 1766 515 515 589 1767 517 517 589 1768 519 519 589 1769 519 519 590 1770 521 521 590 1771 511 511 590 1772 511 511 591 1773 515 515 591 1774 519 519 591 1775 522 522 592 1776 560 560 592 1777 561 561 592 1778 561 561 593 1779 562 562 593 1780 563 563 593 1781 563 563 594 1782 564 564 594 1783 565 565 594 1784 524 524 595 1785 525 525 595 1786 550 550 595 1787 524 524 596 1788 550 550 596 1789 551 551 596 1790 563 563 597 1791 565 565 597 1792 524 524 597 1793 522 522 598 1794 561 561 598 1795 563 563 598 1796 537 537 599 1797 523 523 599 1798 522 522 599 1799 536 536 600 1800 537 537 600 1801 522 522 600 1802 522 522 601 1803 563 563 601 1804 524 524 601 1805 524 524 602 1806 551 551 602 1807 552 552 602 1808 524 524 603 1809 552 552 603 1810 526 526 603 1811 535 535 604 1812 536 536 604 1813 522 522 604 1814 534 534 605 1815 535 535 605 1816 522 522 605 1817 522 522 606 1818 524 524 606 1819 526 526 606 1820 522 522 607 1821 526 526 607 1822 527 527 607 1823 533 533 608 1824 534 534 608 1825 522 522 608 1826 532 532 609 1827 533 533 609 1828 522 522 609 1829 522 522 610 1830 527 527 610 1831 528 528 610 1832 522 522 611 1833 528 528 611 1834 529 529 611 1835 531 531 612 1836 532 532 612 1837 522 522 612 1838 522 522 613 1839 529 529 613 1840 530 530 613 1841 522 522 614 1842 530 530 614 1843 531 531 614 1844 525 525 615 1845 553 553 615 1846 554 554 615 1847 554 554 616 1848 555 555 616 1849 556 556 616 1850 556 556 617 1851 557 557 617 1852 558 558 617 1853 558 558 618 1854 559 559 618 1855 523 523 618 1856 523 523 619 1857 537 537 619 1858 538 538 619 1859 523 523 620 1860 538 538 620 1861 539 539 620 1862 556 556 621 1863 558 558 621 1864 523 523 621 1865 525 525 622 1866 554 554 622 1867 556 556 622 1868 549 549 623 1869 550 550 623 1870 525 525 623 1871 548 548 624 1872 549 549 624 1873 525 525 624 1874 525 525 625 1875 556 556 625 1876 523 523 625 1877 523 523 626 1878 539 539 626 1879 540 540 626 1880 523 523 627 1881 540 540 627 1882 541 541 627 1883 548 548 628 1884 525 525 628 1885 523 523 628 1886 547 547 629 1887 548 548 629 1888 523 523 629 1889 523 523 630 1890 541 541 630 1891 542 542 630 1892 523 523 631 1893 542 542 631 1894 543 543 631 1895 546 546 632 1896 547 547 632 1897 523 523 632 1898 545 545 633 1899 546 546 633 1900 523 523 633 1901 523 523 634 1902 543 543 634 1903 544 544 634 1904 523 523 635 1905 544 544 635 1906 545 545 635 1907 522 522 636 1908 523 523 636 1909 566 566 636 1910 566 566 637 1911 567 567 637 1912 568 568 637 1913 568 568 638 1914 569 569 638 1915 570 570 638 1916 570 570 639 1917 571 571 639 1918 572 572 639 1919 572 572 640 1920 573 573 640 1921 574 574 640 1922 574 574 641 1923 575 575 641 1924 576 576 641 1925 576 576 642 1926 522 522 642 1927 566 566 642 1928 566 566 643 1929 568 568 643 1930 570 570 643 1931 570 570 644 1932 572 572 644 1933 574 574 644 1934 574 574 645 1935 576 576 645 1936 566 566 645 1937 566 566 646 1938 570 570 646 1939 574 574 646 1940 524 524 647 1941 577 577 647 1942 578 578 647 1943 524 524 648 1944 578 578 648 1945 525 525 648 1946 579 579 649 1947 610 610 649 1948 611 611 649 1949 611 611 650 1950 612 612 650 1951 613 613 650 1952 613 613 651 1953 614 614 651 1954 615 615 651 1955 615 615 652 1956 616 616 652 1957 581 581 652 1958 581 581 653 1959 594 594 653 1960 595 595 653 1961 581 581 654 1962 595 595 654 1963 596 596 654 1964 613 613 655 1965 615 615 655 1966 581 581 655 1967 579 579 656 1968 611 611 656 1969 613 613 656 1970 608 608 657 1971 580 580 657 1972 579 579 657 1973 607 607 658 1974 608 608 658 1975 579 579 658 1976 579 579 659 1977 613 613 659 1978 581 581 659 1979 581 581 660 1980 596 596 660 1981 597 597 660 1982 581 581 661 1983 597 597 661 1984 598 598 661 1985 606 606 662 1986 607 607 662 1987 579 579 662 1988 605 605 663 1989 606 606 663 1990 579 579 663 1991 581 581 664 1992 598 598 664 1993 599 599 664 1994 581 581 665 1995 599 599 665 1996 600 600 665 1997 605 605 666 1998 579 579 666 1999 581 581 666 2000 604 604 667 2001 605 605 667 2002 581 581 667 2003 581 581 668 2004 600 600 668 2005 601 601 668 2006 581 581 669 2007 601 601 669 2008 602 602 669 2009 603 603 670 2010 604 604 670 2011 581 581 670 2012 581 581 671 2013 602 602 671 2014 603 603 671 2015 582 582 672 2016 617 617 672 2017 618 618 672 2018 618 618 673 2019 619 619 673 2020 620 620 673 2021 620 620 674 2022 621 621 674 2023 622 622 674 2024 622 622 675 2025 580 580 675 2026 608 608 675 2027 622 622 676 2028 608 608 676 2029 609 609 676 2030 618 618 677 2031 620 620 677 2032 622 622 677 2033 594 594 678 2034 581 581 678 2035 582 582 678 2036 593 593 679 2037 594 594 679 2038 582 582 679 2039 582 582 680 2040 618 618 680 2041 622 622 680 2042 622 622 681 2043 609 609 681 2044 583 583 681 2045 622 622 682 2046 583 583 682 2047 584 584 682 2048 592 592 683 2049 593 593 683 2050 582 582 683 2051 591 591 684 2052 592 592 684 2053 582 582 684 2054 582 582 685 2055 622 622 685 2056 584 584 685 2057 582 582 686 2058 584 584 686 2059 585 585 686 2060 590 590 687 2061 591 591 687 2062 582 582 687 2063 589 589 688 2064 590 590 688 2065 582 582 688 2066 582 582 689 2067 585 585 689 2068 586 586 689 2069 582 582 690 2070 586 586 690 2071 587 587 690 2072 588 588 691 2073 589 589 691 2074 582 582 691 2075 582 582 692 2076 587 587 692 2077 588 588 692 2078 580 580 693 2079 623 623 693 2080 624 624 693 2081 580 580 694 2082 624 624 694 2083 579 579 694 2084 582 582 695 2085 581 581 695 2086 625 625 695 2087 625 625 696 2088 626 626 696 2089 627 627 696 2090 627 627 697 2091 628 628 697 2092 629 629 697 2093 629 629 698 2094 630 630 698 2095 631 631 698 2096 631 631 699 2097 632 632 699 2098 633 633 699 2099 633 633 700 2100 634 634 700 2101 635 635 700 2102 635 635 701 2103 582 582 701 2104 625 625 701 2105 625 625 702 2106 627 627 702 2107 629 629 702 2108 629 629 703 2109 631 631 703 2110 633 633 703 2111 633 633 704 2112 635 635 704 2113 625 625 704 2114 625 625 705 2115 629 629 705 2116 633 633 705 2117 652 652 706 2118 654 654 706 2119 655 655 706 2120 652 652 707 2121 655 655 707 2122 653 653 707 2123 670 670 708 2124 672 672 708 2125 671 671 708 2126 670 670 709 2127 671 671 709 2128 669 669 709 2129 42 42 710 2130 21 21 710 2131 24 24 710 2132 42 42 711 2133 24 24 711 2134 668 668 711 2135 18 18 712 2136 62 62 712 2137 661 661 712 2138 18 18 713 2139 661 661 713 2140 27 27 713 2141 644 644 714 2142 646 646 714 2143 647 647 714 2144 644 644 715 2145 647 647 715 2146 645 645 715 2147 664 664 716 2148 666 666 716 2149 665 665 716 2150 664 664 717 2151 665 665 717 2152 663 663 717 2153 17 17 718 2154 16 16 718 2155 331 331 718 2156 17 17 719 2157 331 331 719 2158 28 28 719 2159 1 1 720 2160 56 56 720 2161 667 667 720 2162 1 1 721 2163 667 667 721 2164 674 674 721 2165 640 640 722 2166 642 642 722 2167 643 643 722 2168 640 640 723 2169 643 643 723 2170 641 641 723 2171 19 19 724 2172 18 18 724 2173 27 27 724 2174 19 19 725 2175 27 27 725 2176 26 26 725 2177 658 658 726 2178 660 660 726 2179 659 659 726 2180 658 658 727 2181 659 659 727 2182 657 657 727 2183 57 57 728 2184 29 29 728 2185 675 675 728 2186 57 57 729 2187 675 675 729 2188 662 662 729 2189 649 649 730 2190 651 651 730 2191 650 650 730 2192 649 649 731 2193 650 650 731 2194 648 648 731 2195 20 20 732 2196 19 19 732 2197 26 26 732 2198 20 20 733 2199 26 26 733 2200 25 25 733 2201 637 637 734 2202 639 639 734 2203 638 638 734 2204 637 637 735 2205 638 638 735 2206 636 636 735 2207 14 14 736 2208 1 1 736 2209 674 674 736 2210 14 14 737 2211 674 674 737 2212 673 673 737 2213 454 454 738 2214 680 680 738 2215 679 679 738 2216 454 454 739 2217 679 679 739 2218 453 453 739 2219 453 453 740 2220 679 679 740 2221 678 678 740 2222 453 453 741 2223 678 678 741 2224 452 452 741 2225 452 452 742 2226 678 678 742 2227 677 677 742 2228 452 452 743 2229 677 677 743 2230 451 451 743 2231 451 451 744 2232 677 677 744 2233 676 676 744 2234 451 451 745 2235 676 676 745 2236 450 450 745 2237 681 681 746 2238 689 689 746 2239 690 690 746 2240 681 681 747 2241 690 690 747 2242 682 682 747 2243 688 688 748 2244 690 690 748 2245 689 689 748 2246 688 688 749 2247 689 689 749 2248 687 687 749 2249 686 686 750 2250 688 688 750 2251 687 687 750 2252 686 686 751 2253 687 687 751 2254 685 685 751 2255 684 684 752 2256 686 686 752 2257 685 685 752 2258 684 684 753 2259 685 685 753 2260 683 683 753 2261 681 681 754 2262 88 88 754 2263 310 310 754 2264 681 681 755 2265 310 310 755 2266 689 689 755 2267 89 89 756 2268 682 682 756 2269 690 690 756 2270 89 89 757 2271 690 690 757 2272 330 330 757 2273 685 685 758 2274 308 308 758 2275 307 307 758 2276 685 685 759 2277 307 307 759 2278 683 683 759 2279 328 328 760 2280 686 686 760 2281 684 684 760 2282 328 328 761 2283 684 684 761 2284 327 327 761 2285 687 687 762 2286 309 309 762 2287 308 308 762 2288 687 687 763 2289 308 308 763 2290 685 685 763 2291 329 329 764 2292 688 688 764 2293 686 686 764 2294 329 329 765 2295 686 686 765 2296 328 328 765 2297 689 689 766 2298 310 310 766 2299 309 309 766 2300 689 689 767 2301 309 309 767 2302 687 687 767 2303 330 330 768 2304 690 690 768 2305 688 688 768 2306 330 330 769 2307 688 688 769 2308 329 329 769 2309 691 691 770 2310 696 696 770 2311 695 695 770 2312 691 691 771 2313 695 695 771 2314 692 692 771 2315 692 692 772 2316 695 695 772 2317 694 694 772 2318 692 692 773 2319 694 694 773 2320 693 693 773 2321 694 694 774 2322 695 695 774 2323 698 698 774 2324 694 694 775 2325 698 698 775 2326 699 699 775 2327 695 695 776 2328 696 696 776 2329 697 697 776 2330 695 695 777 2331 697 697 777 2332 698 698 777 2333 702 702 778 2334 703 703 778 2335 704 704 778 2336 702 702 779 2337 704 704 779 2338 701 701 779 2339 701 701 780 2340 704 704 780 2341 705 705 780 2342 701 701 781 2343 705 705 781 2344 700 700 781 2345 708 708 782 2346 709 709 782 2347 710 710 782 2348 708 708 783 2349 710 710 783 2350 707 707 783 2351 707 707 784 2352 710 710 784 2353 711 711 784 2354 707 707 785 2355 711 711 785 2356 706 706 785 2357 714 714 786 2358 715 715 786 2359 716 716 786 2360 714 714 787 2361 716 716 787 2362 713 713 787 2363 713 713 788 2364 716 716 788 2365 717 717 788 2366 713 713 789 2367 717 717 789 2368 712 712 789 2369 718 718 790 2370 721 721 790 2371 722 722 790 2372 718 718 791 2373 722 722 791 2374 719 719 791 2375 719 719 792 2376 722 722 792 2377 723 723 792 2378 719 719 793 2379 723 723 793 2380 720 720 793 2381 724 724 794 2382 727 727 794 2383 728 728 794 2384 724 724 795 2385 728 728 795 2386 725 725 795 2387 725 725 796 2388 728 728 796 2389 729 729 796 2390 725 725 797 2391 729 729 797 2392 726 726 797 2393 730 730 798 2394 735 735 798 2395 734 734 798 2396 730 730 799 2397 734 734 799 2398 731 731 799 2399 731 731 800 2400 734 734 800 2401 733 733 800 2402 731 731 801 2403 733 733 801 2404 732 732 801 2405 736 736 802 2406 739 739 802 2407 740 740 802 2408 736 736 803 2409 740 740 803 2410 737 737 803 2411 737 737 804 2412 740 740 804 2413 741 741 804 2414 737 737 805 2415 741 741 805 2416 738 738 805 2417 742 742 806 2418 745 745 806 2419 746 746 806 2420 742 742 807 2421 746 746 807 2422 743 743 807 2423 743 743 808 2424 746 746 808 2425 747 747 808 2426 743 743 809 2427 747 747 809 2428 744 744 809 2429 750 750 810 2430 751 751 810 2431 752 752 810 2432 750 750 811 2433 752 752 811 2434 749 749 811 2435 749 749 812 2436 752 752 812 2437 753 753 812 2438 749 749 813 2439 753 753 813 2440 748 748 813 2441 759 759 814 2442 756 756 814 2443 755 755 814 2444 759 759 815 2445 755 755 815 2446 758 758 815 2447 758 758 816 2448 755 755 816 2449 754 754 816 2450 758 758 817 2451 754 754 817 2452 757 757 817 2453 765 765 818 2454 762 762 818 2455 761 761 818 2456 765 765 819 2457 761 761 819 2458 764 764 819 2459 764 764 820 2460 761 761 820 2461 760 760 820 2462 764 764 821 2463 760 760 821 2464 763 763 821 2465 769 769 822 2466 777 777 822 2467 776 776 822 2468 769 769 823 2469 776 776 823 2470 770 770 823 2471 770 770 824 2472 776 776 824 2473 775 775 824 2474 770 770 825 2475 775 775 825 2476 771 771 825 2477 772 772 826 2478 768 768 826 2479 767 767 826 2480 772 772 827 2481 767 767 827 2482 773 773 827 2483 773 773 828 2484 767 767 828 2485 766 766 828 2486 773 773 829 2487 766 766 829 2488 774 774 829 2489 768 768 830 2490 769 769 830 2491 770 770 830 2492 768 768 831 2493 770 770 831 2494 767 767 831 2495 767 767 832 2496 770 770 832 2497 771 771 832 2498 767 767 833 2499 771 771 833 2500 766 766 833 2501 780 780 834 2502 781 781 834 2503 782 782 834 2504 780 780 835 2505 782 782 835 2506 779 779 835 2507 779 779 836 2508 782 782 836 2509 783 783 836 2510 779 779 837 2511 783 783 837 2512 778 778 837 2513 784 784 838 2514 787 787 838 2515 788 788 838 2516 784 784 839 2517 788 788 839 2518 785 785 839 2519 785 785 840 2520 788 788 840 2521 789 789 840 2522 785 785 841 2523 789 789 841 2524 786 786 841 2525 793 793 842 2526 792 792 842 2527 791 791 842 2528 793 793 843 2529 791 791 843 2530 794 794 843 2531 794 794 844 2532 791 791 844 2533 790 790 844 2534 794 794 845 2535 790 790 845 2536 795 795 845 2537 801 801 846 2538 798 798 846 2539 797 797 846 2540 801 801 847 2541 797 797 847 2542 800 800 847 2543 800 800 848 2544 797 797 848 2545 796 796 848 2546 800 800 849 2547 796 796 849 2548 799 799 849 2549 807 807 850 2550 804 804 850 2551 803 803 850 2552 807 807 851 2553 803 803 851 2554 806 806 851 2555 806 806 852 2556 803 803 852 2557 802 802 852 2558 806 806 853 2559 802 802 853 2560 805 805 853 2561 810 810 854 2562 813 813 854 2563 812 812 854 2564 810 810 855 2565 812 812 855 2566 809 809 855 2567 809 809 856 2568 812 812 856 2569 811 811 856 2570 809 809 857 2571 811 811 857 2572 808 808 857 2573 819 819 858 2574 816 816 858 2575 815 815 858 2576 819 819 859 2577 815 815 859 2578 818 818 859 2579 818 818 860 2580 815 815 860 2581 814 814 860 2582 818 818 861 2583 814 814 861 2584 817 817 861 2585 825 825 862 2586 822 822 862 2587 821 821 862 2588 825 825 863 2589 821 821 863 2590 824 824 863 2591 824 824 864 2592 821 821 864 2593 820 820 864 2594 824 824 865 2595 820 820 865 2596 823 823 865 2597 831 831 866 2598 828 828 866 2599 827 827 866 2600 831 831 867 2601 827 827 867 2602 830 830 867 2603 830 830 868 2604 827 827 868 2605 826 826 868 2606 830 830 869 2607 826 826 869 2608 829 829 869 2609 837 837 870 2610 834 834 870 2611 833 833 870 2612 837 837 871 2613 833 833 871 2614 836 836 871 2615 836 836 872 2616 833 833 872 2617 832 832 872 2618 836 836 873 2619 832 832 873 2620 835 835 873 2621 843 843 874 2622 840 840 874 2623 839 839 874 2624 843 843 875 2625 839 839 875 2626 842 842 875 2627 842 842 876 2628 839 839 876 2629 838 838 876 2630 842 842 877 2631 838 838 877 2632 841 841 877 2633 849 849 878 2634 846 846 878 2635 845 845 878 2636 849 849 879 2637 845 845 879 2638 848 848 879 2639 848 848 880 2640 845 845 880 2641 844 844 880 2642 848 848 881 2643 844 844 881 2644 847 847 881 2645 852 852 882 2646 855 855 882 2647 854 854 882 2648 852 852 883 2649 854 854 883 2650 851 851 883 2651 851 851 884 2652 854 854 884 2653 853 853 884 2654 851 851 885 2655 853 853 885 2656 850 850 885 2657 861 861 886 2658 858 858 886 2659 857 857 886 2660 861 861 887 2661 857 857 887 2662 860 860 887 2663 860 860 888 2664 857 857 888 2665 856 856 888 2666 860 860 889 2667 856 856 889 2668 859 859 889 2669 867 867 890 2670 864 864 890 2671 863 863 890 2672 867 867 891 2673 863 863 891 2674 866 866 891 2675 866 866 892 2676 863 863 892 2677 862 862 892 2678 866 866 893 2679 862 862 893 2680 865 865 893 2681 874 874 894 2682 873 873 894 2683 872 872 894 2684 874 874 895 2685 872 872 895 2686 875 875 895 2687 875 875 896 2688 872 872 896 2689 871 871 896 2690 875 875 897 2691 871 871 897 2692 876 876 897 2693 873 873 898 2694 870 870 898 2695 869 869 898 2696 873 873 899 2697 869 869 899 2698 872 872 899 2699 872 872 900 2700 869 869 900 2701 868 868 900 2702 872 872 901 2703 868 868 901 2704 871 871 901 2705 882 882 902 2706 879 879 902 2707 878 878 902 2708 882 882 903 2709 878 878 903 2710 881 881 903 2711 881 881 904 2712 878 878 904 2713 877 877 904 2714 881 881 905 2715 877 877 905 2716 880 880 905 2717 888 888 906 2718 885 885 906 2719 884 884 906 2720 888 888 907 2721 884 884 907 2722 887 887 907 2723 887 887 908 2724 884 884 908 2725 883 883 908 2726 887 887 909 2727 883 883 909 2728 886 886 909 2729 895 895 910 2730 891 891 910 2731 890 890 910 2732 895 895 911 2733 890 890 911 2734 896 896 911 2735 896 896 912 2736 890 890 912 2737 889 889 912 2738 896 896 913 2739 889 889 913 2740 897 897 913 2741 894 894 914 2742 895 895 914 2743 896 896 914 2744 894 894 915 2745 896 896 915 2746 893 893 915 2747 893 893 916 2748 896 896 916 2749 897 897 916 2750 893 893 917 2751 897 897 917 2752 892 892 917 2753 900 900 918 2754 901 901 918 2755 902 902 918 2756 900 900 919 2757 902 902 919 2758 899 899 919 2759 899 899 920 2760 902 902 920 2761 903 903 920 2762 899 899 921 2763 903 903 921 2764 898 898 921 2765 909 909 922 2766 906 906 922 2767 905 905 922 2768 909 909 923 2769 905 905 923 2770 908 908 923 2771 908 908 924 2772 905 905 924 2773 904 904 924 2774 908 908 925 2775 904 904 925 2776 907 907 925 2777 915 915 926 2778 912 912 926 2779 911 911 926 2780 915 915 927 2781 911 911 927 2782 914 914 927 2783 914 914 928 2784 911 911 928 2785 910 910 928 2786 914 914 929 2787 910 910 929 2788 913 913 929 2789 919 919 930 2790 918 918 930 2791 917 917 930 2792 919 919 931 2793 917 917 931 2794 920 920 931 2795 920 920 932 2796 917 917 932 2797 916 916 932 2798 920 920 933 2799 916 916 933 2800 921 921 933 2801 924 924 934 2802 925 925 934 2803 926 926 934 2804 924 924 935 2805 926 926 935 2806 923 923 935 2807 923 923 936 2808 926 926 936 2809 927 927 936 2810 923 923 937 2811 927 927 937 2812 922 922 937 2813 930 930 938 2814 931 931 938 2815 932 932 938 2816 930 930 939 2817 932 932 939 2818 929 929 939 2819 929 929 940 2820 932 932 940 2821 933 933 940 2822 929 929 941 2823 933 933 941 2824 928 928 941 2825 939 939 942 2826 936 936 942 2827 935 935 942 2828 939 939 943 2829 935 935 943 2830 938 938 943 2831 938 938 944 2832 935 935 944 2833 934 934 944 2834 938 938 945 2835 934 934 945 2836 937 937 945 2837 945 945 946 2838 942 942 946 2839 941 941 946 2840 945 945 947 2841 941 941 947 2842 944 944 947 2843 944 944 948 2844 941 941 948 2845 940 940 948 2846 944 944 949 2847 940 940 949 2848 943 943 949 2849 948 948 950 2850 949 949 950 2851 950 950 950 2852 948 948 951 2853 950 950 951 2854 947 947 951 2855 947 947 952 2856 950 950 952 2857 951 951 952 2858 947 947 953 2859 951 951 953 2860 946 946 953 2861 957 957 954 2862 954 954 954 2863 953 953 954 2864 957 957 955 2865 953 953 955 2866 956 956 955 2867 956 956 956 2868 953 953 956 2869 952 952 956 2870 956 956 957 2871 952 952 957 2872 955 955 957 2873 963 963 958 2874 960 960 958 2875 959 959 958 2876 963 963 959 2877 959 959 959 2878 962 962 959 2879 962 962 960 2880 959 959 960 2881 958 958 960 2882 962 962 961 2883 958 958 961 2884 961 961 961 2885 969 969 962 2886 966 966 962 2887 965 965 962 2888 969 969 963 2889 965 965 963 2890 968 968 963 2891 968 968 964 2892 965 965 964 2893 964 964 964 2894 968 968 965 2895 964 964 965 2896 967 967 965 2897 975 975 966 2898 972 972 966 2899 971 971 966 2900 975 975 967 2901 971 971 967 2902 974 974 967 2903 974 974 968 2904 971 971 968 2905 970 970 968 2906 974 974 969 2907 970 970 969 2908 973 973 969 2909 978 978 970 2910 979 979 970 2911 980 980 970 2912 978 978 971 2913 980 980 971 2914 977 977 971 2915 977 977 972 2916 980 980 972 2917 981 981 972 2918 977 977 973 2919 981 981 973 2920 976 976 973 2921 987 987 974 2922 984 984 974 2923 983 983 974 2924 987 987 975 2925 983 983 975 2926 986 986 975 2927 986 986 976 2928 983 983 976 2929 982 982 976 2930 986 986 977 2931 982 982 977 2932 985 985 977 2933 994 994 978 2934 990 990 978 2935 989 989 978 2936 994 994 979 2937 989 989 979 2938 995 995 979 2939 995 995 980 2940 989 989 980 2941 988 988 980 2942 995 995 981 2943 988 988 981 2944 996 996 981 2945 993 993 982 2946 994 994 982 2947 995 995 982 2948 993 993 983 2949 995 995 983 2950 992 992 983 2951 992 992 984 2952 995 995 984 2953 996 996 984 2954 992 992 985 2955 996 996 985 2956 991 991 985 2957 999 999 986 2958 1000 1000 986 2959 1001 1001 986 2960 999 999 987 2961 1001 1001 987 2962 998 998 987 2963 998 998 988 2964 1001 1001 988 2965 1002 1002 988 2966 998 998 989 2967 1002 1002 989 2968 997 997 989 2969 1008 1008 990 2970 1005 1005 990 2971 1004 1004 990 2972 1008 1008 991 2973 1004 1004 991 2974 1007 1007 991 2975 1007 1007 992 2976 1004 1004 992 2977 1003 1003 992 2978 1007 1007 993 2979 1003 1003 993 2980 1006 1006 993 2981 1015 1015 994 2982 1011 1011 994 2983 1010 1010 994 2984 1015 1015 995 2985 1010 1010 995 2986 1016 1016 995 2987 1016 1016 996 2988 1010 1010 996 2989 1009 1009 996 2990 1016 1016 997 2991 1009 1009 997 2992 1017 1017 997 2993 1011 1011 998 2994 1012 1012 998 2995 1013 1013 998 2996 1011 1011 999 2997 1013 1013 999 2998 1010 1010 999 2999 1010 1010 1000 3000 1013 1013 1000 3001 1014 1014 1000 3002 1010 1010 1001 3003 1014 1014 1001 3004 1009 1009 1001 3005 1024 1024 1002 3006 1023 1023 1002 3007 1022 1022 1002 3008 1024 1024 1003 3009 1022 1022 1003 3010 1025 1025 1003 3011 1025 1025 1004 3012 1022 1022 1004 3013 1021 1021 1004 3014 1025 1025 1005 3015 1021 1021 1005 3016 1026 1026 1005 3017 1023 1023 1006 3018 1020 1020 1006 3019 1019 1019 1006 3020 1023 1023 1007 3021 1019 1019 1007 3022 1022 1022 1007 3023 1022 1022 1008 3024 1019 1019 1008 3025 1018 1018 1008 3026 1022 1022 1009 3027 1018 1018 1009 3028 1021 1021 1009 3029 1029 1029 1010 3030 1030 1030 1010 3031 1031 1031 1010 3032 1029 1029 1011 3033 1031 1031 1011 3034 1028 1028 1011 3035 1028 1028 1012 3036 1031 1031 1012 3037 1032 1032 1012 3038 1028 1028 1013 3039 1032 1032 1013 3040 1027 1027 1013 3041 1035 1035 1014 3042 1036 1036 1014 3043 1037 1037 1014 3044 1035 1035 1015 3045 1037 1037 1015 3046 1034 1034 1015 3047 1034 1034 1016 3048 1037 1037 1016 3049 1038 1038 1016 3050 1034 1034 1017 3051 1038 1038 1017 3052 1033 1033 1017 3053 1044 1044 1018 3054 1041 1041 1018 3055 1040 1040 1018 3056 1044 1044 1019 3057 1040 1040 1019 3058 1043 1043 1019 3059 1043 1043 1020 3060 1040 1040 1020 3061 1039 1039 1020 3062 1043 1043 1021 3063 1039 1039 1021 3064 1042 1042 1021 3065 1047 1047 1022 3066 1048 1048 1022 3067 1049 1049 1022 3068 1047 1047 1023 3069 1049 1049 1023 3070 1046 1046 1023 3071 1046 1046 1024 3072 1049 1049 1024 3073 1050 1050 1024 3074 1046 1046 1025 3075 1050 1050 1025 3076 1045 1045 1025 3077 1056 1056 1026 3078 1053 1053 1026 3079 1052 1052 1026 3080 1056 1056 1027 3081 1052 1052 1027 3082 1055 1055 1027 3083 1055 1055 1028 3084 1052 1052 1028 3085 1051 1051 1028 3086 1055 1055 1029 3087 1051 1051 1029 3088 1054 1054 1029 3089 1059 1059 1030 3090 1060 1060 1030 3091 1061 1061 1030 3092 1059 1059 1031 3093 1061 1061 1031 3094 1058 1058 1031 3095 1058 1058 1032 3096 1061 1061 1032 3097 1062 1062 1032 3098 1058 1058 1033 3099 1062 1062 1033 3100 1057 1057 1033 3101 1063 1063 1034 3102 1068 1068 1034 3103 1067 1067 1034 3104 1063 1063 1035 3105 1067 1067 1035 3106 1064 1064 1035 3107 1064 1064 1036 3108 1067 1067 1036 3109 1066 1066 1036 3110 1064 1064 1037 3111 1066 1066 1037 3112 1065 1065 1037 3113 1074 1074 1038 3114 1071 1071 1038 3115 1070 1070 1038 3116 1074 1074 1039 3117 1070 1070 1039 3118 1073 1073 1039 3119 1073 1073 1040 3120 1070 1070 1040 3121 1069 1069 1040 3122 1073 1073 1041 3123 1069 1069 1041 3124 1072 1072 1041 3125 1077 1077 1042 3126 1078 1078 1042 3127 1079 1079 1042 3128 1077 1077 1043 3129 1079 1079 1043 3130 1076 1076 1043 3131 1076 1076 1044 3132 1079 1079 1044 3133 1080 1080 1044 3134 1076 1076 1045 3135 1080 1080 1045 3136 1075 1075 1045 3137 1083 1083 1046 3138 1084 1084 1046 3139 1085 1085 1046 3140 1083 1083 1047 3141 1085 1085 1047 3142 1082 1082 1047 3143 1082 1082 1048 3144 1085 1085 1048 3145 1086 1086 1048 3146 1082 1082 1049 3147 1086 1086 1049 3148 1081 1081 1049 3149 1087 1087 1050 3150 1090 1090 1050 3151 1091 1091 1050 3152 1087 1087 1051 3153 1091 1091 1051 3154 1088 1088 1051 3155 1088 1088 1052 3156 1091 1091 1052 3157 1092 1092 1052 3158 1088 1088 1053 3159 1092 1092 1053 3160 1089 1089 1053 3161 1099 1099 1054 3162 1098 1098 1054 3163 1097 1097 1054 3164 1099 1099 1055 3165 1097 1097 1055 3166 1100 1100 1055 3167 1100 1100 1056 3168 1097 1097 1056 3169 1096 1096 1056 3170 1100 1100 1057 3171 1096 1096 1057 3172 1101 1101 1057 3173 1098 1098 1058 3174 1095 1095 1058 3175 1094 1094 1058 3176 1098 1098 1059 3177 1094 1094 1059 3178 1097 1097 1059 3179 1097 1097 1060 3180 1094 1094 1060 3181 1093 1093 1060 3182 1097 1097 1061 3183 1093 1093 1061 3184 1096 1096 1061 3185 1108 1108 1062 3186 1104 1104 1062 3187 1103 1103 1062 3188 1108 1108 1063 3189 1103 1103 1063 3190 1109 1109 1063 3191 1109 1109 1064 3192 1103 1103 1064 3193 1102 1102 1064 3194 1109 1109 1065 3195 1102 1102 1065 3196 1110 1110 1065 3197 1104 1104 1066 3198 1105 1105 1066 3199 1106 1106 1066 3200 1104 1104 1067 3201 1106 1106 1067 3202 1103 1103 1067 3203 1103 1103 1068 3204 1106 1106 1068 3205 1107 1107 1068 3206 1103 1103 1069 3207 1107 1107 1069 3208 1102 1102 1069 3209 1113 1113 1070 3210 1114 1114 1070 3211 1115 1115 1070 3212 1113 1113 1071 3213 1115 1115 1071 3214 1112 1112 1071 3215 1112 1112 1072 3216 1115 1115 1072 3217 1116 1116 1072 3218 1112 1112 1073 3219 1116 1116 1073 3220 1111 1111 1073 3221 49 49 1074 3222 48 48 1074 3223 1120 1120 1074 3224 49 49 1075 3225 1120 1120 1075 3226 1121 1121 1075 3227 46 46 1076 3228 45 45 1076 3229 1117 1117 1076 3230 46 46 1077 3231 1117 1117 1077 3232 1118 1118 1077 3233 72 72 1078 3234 71 71 1078 3235 1124 1124 1078 3236 72 72 1079 3237 1124 1124 1079 3238 1125 1125 1079 3239 48 48 1080 3240 47 47 1080 3241 1119 1119 1080 3242 48 48 1081 3243 1119 1119 1081 3244 1120 1120 1081 3245 50 50 1082 3246 49 49 1082 3247 1121 1121 1082 3248 50 50 1083 3249 1121 1121 1083 3250 1122 1122 1083 3251 45 45 1084 3252 51 51 1084 3253 1123 1123 1084 3254 45 45 1085 3255 1123 1123 1085 3256 1117 1117 1085 3257 47 47 1086 3258 46 46 1086 3259 1118 1118 1086 3260 47 47 1087 3261 1118 1118 1087 3262 1119 1119 1087 3263 1162 1162 1088 3264 1127 1127 1088 3265 1366 1366 1088 3266 1162 1162 1089 3267 1366 1366 1089 3268 1367 1367 1089 3269 1129 1129 1090 3270 1128 1128 1090 3271 1163 1163 1090 3272 1129 1129 1091 3273 1163 1163 1091 3274 1164 1164 1091 3275 1134 1134 1092 3276 1155 1155 1092 3277 1190 1190 1092 3278 1134 1134 1093 3279 1190 1190 1093 3280 1169 1169 1093 3281 1149 1149 1094 3282 1148 1148 1094 3283 1183 1183 1094 3284 1149 1149 1095 3285 1183 1183 1095 3286 1184 1184 1095 3287 1130 1130 1096 3288 1129 1129 1096 3289 1164 1164 1096 3290 1130 1130 1097 3291 1164 1164 1097 3292 1165 1165 1097 3293 1157 1157 1098 3294 1158 1158 1098 3295 1193 1193 1098 3296 1157 1157 1099 3297 1193 1193 1099 3298 1192 1192 1099 3299 1148 1148 1100 3300 1147 1147 1100 3301 1182 1182 1100 3302 1148 1148 1101 3303 1182 1182 1101 3304 1183 1183 1101 3305 1131 1131 1102 3306 1130 1130 1102 3307 1165 1165 1102 3308 1131 1131 1103 3309 1165 1165 1103 3310 1166 1166 1103 3311 1158 1158 1104 3312 1152 1152 1104 3313 1187 1187 1104 3314 1158 1158 1105 3315 1187 1187 1105 3316 1193 1193 1105 3317 1147 1147 1106 3318 1146 1146 1106 3319 1181 1181 1106 3320 1147 1147 1107 3321 1181 1181 1107 3322 1182 1182 1107 3323 1132 1132 1108 3324 1131 1131 1108 3325 1166 1166 1108 3326 1132 1132 1109 3327 1166 1166 1109 3328 1167 1167 1109 3329 1151 1151 1110 3330 1157 1157 1110 3331 1192 1192 1110 3332 1151 1151 1111 3333 1192 1192 1111 3334 1186 1186 1111 3335 1146 1146 1112 3336 1145 1145 1112 3337 1180 1180 1112 3338 1146 1146 1113 3339 1180 1180 1113 3340 1181 1181 1113 3341 1133 1133 1114 3342 1132 1132 1114 3343 1167 1167 1114 3344 1133 1133 1115 3345 1167 1167 1115 3346 1168 1168 1115 3347 1159 1159 1116 3348 1160 1160 1116 3349 1195 1195 1116 3350 1159 1159 1117 3351 1195 1195 1117 3352 1194 1194 1117 3353 1145 1145 1118 3354 1144 1144 1118 3355 1179 1179 1118 3356 1145 1145 1119 3357 1179 1179 1119 3358 1180 1180 1119 3359 1135 1135 1120 3360 1134 1134 1120 3361 1169 1169 1120 3362 1135 1135 1121 3363 1169 1169 1121 3364 1170 1170 1121 3365 1128 1128 1122 3366 1159 1159 1122 3367 1194 1194 1122 3368 1128 1128 1123 3369 1194 1194 1123 3370 1163 1163 1123 3371 1144 1144 1124 3372 1143 1143 1124 3373 1178 1178 1124 3374 1144 1144 1125 3375 1178 1178 1125 3376 1179 1179 1125 3377 1136 1136 1126 3378 1135 1135 1126 3379 1170 1170 1126 3380 1136 1136 1127 3381 1170 1170 1127 3382 1171 1171 1127 3383 1160 1160 1128 3384 1127 1127 1128 3385 1162 1162 1128 3386 1160 1160 1129 3387 1162 1162 1129 3388 1195 1195 1129 3389 1150 1150 1130 3390 1140 1140 1130 3391 1175 1175 1130 3392 1150 1150 1131 3393 1175 1175 1131 3394 1185 1185 1131 3395 1137 1137 1132 3396 1136 1136 1132 3397 1171 1171 1132 3398 1137 1137 1133 3399 1171 1171 1133 3400 1172 1172 1133 3401 1152 1152 1134 3402 1139 1139 1134 3403 1174 1174 1134 3404 1152 1152 1135 3405 1174 1174 1135 3406 1187 1187 1135 3407 1138 1138 1136 3408 1137 1137 1136 3409 1172 1172 1136 3410 1138 1138 1137 3411 1172 1172 1137 3412 1173 1173 1137 3413 1153 1153 1138 3414 1154 1154 1138 3415 1189 1189 1138 3416 1153 1153 1139 3417 1189 1189 1139 3418 1188 1188 1139 3419 1139 1139 1140 3420 1138 1138 1140 3421 1173 1173 1140 3422 1139 1139 1141 3423 1173 1173 1141 3424 1174 1174 1141 3425 1154 1154 1142 3426 1142 1142 1142 3427 1177 1177 1142 3428 1154 1154 1143 3429 1177 1177 1143 3430 1189 1189 1143 3431 1140 1140 1144 3432 1151 1151 1144 3433 1186 1186 1144 3434 1140 1140 1145 3435 1186 1186 1145 3436 1175 1175 1145 3437 1126 1126 1146 3438 1153 1153 1146 3439 1188 1188 1146 3440 1126 1126 1147 3441 1188 1188 1147 3442 1161 1161 1147 3443 1141 1141 1148 3444 1150 1150 1148 3445 1185 1185 1148 3446 1141 1141 1149 3447 1185 1185 1149 3448 1176 1176 1149 3449 1155 1155 1150 3450 1156 1156 1150 3451 1191 1191 1150 3452 1155 1155 1151 3453 1191 1191 1151 3454 1190 1190 1151 3455 1142 1142 1152 3456 1141 1141 1152 3457 1176 1176 1152 3458 1142 1142 1153 3459 1176 1176 1153 3460 1177 1177 1153 3461 1156 1156 1154 3462 1133 1133 1154 3463 1168 1168 1154 3464 1156 1156 1155 3465 1168 1168 1155 3466 1191 1191 1155 3467 3 3 1156 3468 2 2 1156 3469 1197 1197 1156 3470 3 3 1157 3471 1197 1197 1157 3472 1198 1198 1157 3473 7 7 1158 3474 54 54 1158 3475 1212 1212 1158 3476 7 7 1159 3477 1212 1212 1159 3478 1202 1202 1159 3479 43 43 1160 3480 11 11 1160 3481 1206 1206 1160 3482 43 43 1161 3483 1206 1206 1161 3484 1208 1208 1161 3485 53 53 1162 3486 0 0 1162 3487 1196 1196 1162 3488 53 53 1163 3489 1196 1196 1163 3490 1211 1211 1163 3491 4 4 1164 3492 3 3 1164 3493 1198 1198 1164 3494 4 4 1165 3495 1198 1198 1165 3496 1199 1199 1165 3497 5 5 1166 3498 4 4 1166 3499 1199 1199 1166 3500 5 5 1167 3501 1199 1199 1167 3502 1200 1200 1167 3503 2 2 1168 3504 52 52 1168 3505 1210 1210 1168 3506 2 2 1169 3507 1210 1210 1169 3508 1197 1197 1169 3509 6 6 1170 3510 5 5 1170 3511 1200 1200 1170 3512 6 6 1171 3513 1200 1200 1171 3514 1201 1201 1171 3515 8 8 1172 3516 7 7 1172 3517 1202 1202 1172 3518 8 8 1173 3519 1202 1202 1173 3520 1203 1203 1173 3521 41 41 1174 3522 9 9 1174 3523 1204 1204 1174 3524 41 41 1175 3525 1204 1204 1175 3526 1207 1207 1175 3527 44 44 1176 3528 8 8 1176 3529 1203 1203 1176 3530 44 44 1177 3531 1203 1203 1177 3532 1209 1209 1177 3533 9 9 1178 3534 44 44 1178 3535 1209 1209 1178 3536 9 9 1179 3537 1209 1209 1179 3538 1204 1204 1179 3539 52 52 1180 3540 53 53 1180 3541 1211 1211 1180 3542 52 52 1181 3543 1211 1211 1181 3544 1210 1210 1181 3545 1126 1126 1182 3546 1161 1161 1182 3547 1215 1215 1182 3548 1126 1126 1183 3549 1215 1215 1183 3550 1214 1214 1183 3551 54 54 1184 3552 55 55 1184 3553 1213 1213 1184 3554 54 54 1185 3555 1213 1213 1185 3556 1212 1212 1185 3557 55 55 1186 3558 6 6 1186 3559 1201 1201 1186 3560 55 55 1187 3561 1201 1201 1187 3562 1213 1213 1187 3563 10 10 1188 3564 41 41 1188 3565 1207 1207 1188 3566 10 10 1189 3567 1207 1207 1189 3568 1205 1205 1189 3569 11 11 1190 3570 10 10 1190 3571 1205 1205 1190 3572 11 11 1191 3573 1205 1205 1191 3574 1206 1206 1191 3575 1219 1219 1192 3576 1221 1221 1192 3577 1228 1228 1192 3578 1219 1219 1193 3579 1228 1228 1193 3580 1226 1226 1193 3581 1216 1216 1194 3582 1217 1217 1194 3583 1224 1224 1194 3584 1216 1216 1195 3585 1224 1224 1195 3586 1223 1223 1195 3587 1222 1222 1196 3588 1218 1218 1196 3589 1225 1225 1196 3590 1222 1222 1197 3591 1225 1225 1197 3592 1229 1229 1197 3593 1217 1217 1198 3594 1222 1222 1198 3595 1229 1229 1198 3596 1217 1217 1199 3597 1229 1229 1199 3598 1224 1224 1199 3599 1221 1221 1200 3600 1220 1220 1200 3601 1227 1227 1200 3602 1221 1221 1201 3603 1227 1227 1201 3604 1228 1228 1201 3605 1218 1218 1202 3606 1219 1219 1202 3607 1226 1226 1202 3608 1218 1218 1203 3609 1226 1226 1203 3610 1225 1225 1203 3611 13 13 1204 3612 12 12 1204 3613 1231 1231 1204 3614 13 13 1205 3615 1231 1231 1205 3616 1232 1232 1205 3617 1236 1236 1206 3618 1237 1237 1206 3619 1245 1245 1206 3620 1236 1236 1207 3621 1245 1245 1207 3622 1244 1244 1207 3623 1233 1233 1208 3624 1232 1232 1208 3625 1240 1240 1208 3626 1233 1233 1209 3627 1240 1240 1209 3628 1241 1241 1209 3629 1230 1230 1210 3630 1234 1234 1210 3631 1242 1242 1210 3632 1230 1230 1211 3633 1242 1242 1211 3634 1238 1238 1211 3635 1235 1235 1212 3636 1236 1236 1212 3637 1244 1244 1212 3638 1235 1235 1213 3639 1244 1244 1213 3640 1243 1243 1213 3641 1234 1234 1214 3642 1233 1233 1214 3643 1241 1241 1214 3644 1234 1234 1215 3645 1241 1241 1215 3646 1242 1242 1215 3647 1232 1232 1216 3648 1231 1231 1216 3649 1239 1239 1216 3650 1232 1232 1217 3651 1239 1239 1217 3652 1240 1240 1217 3653 1237 1237 1218 3654 1230 1230 1218 3655 1238 1238 1218 3656 1237 1237 1219 3657 1238 1238 1219 3658 1245 1245 1219 3659 1235 1235 1220 3660 1243 1243 1220 3661 1253 1253 1220 3662 1235 1235 1221 3663 1253 1253 1221 3664 1252 1252 1221 3665 1246 1246 1222 3666 1252 1252 1222 3667 1260 1260 1222 3668 1246 1246 1223 3669 1260 1260 1223 3670 1254 1254 1223 3671 1247 1247 1224 3672 1250 1250 1224 3673 1258 1258 1224 3674 1247 1247 1225 3675 1258 1258 1225 3676 1255 1255 1225 3677 1249 1249 1226 3678 1248 1248 1226 3679 1256 1256 1226 3680 1249 1249 1227 3681 1256 1256 1227 3682 1257 1257 1227 3683 1252 1252 1228 3684 1253 1253 1228 3685 1261 1261 1228 3686 1252 1252 1229 3687 1261 1261 1229 3688 1260 1260 1229 3689 1251 1251 1230 3690 1246 1246 1230 3691 1254 1254 1230 3692 1251 1251 1231 3693 1254 1254 1231 3694 1259 1259 1231 3695 1250 1250 1232 3696 1251 1251 1232 3697 1259 1259 1232 3698 1250 1250 1233 3699 1259 1259 1233 3700 1258 1258 1233 3701 1248 1248 1234 3702 1247 1247 1234 3703 1255 1255 1234 3704 1248 1248 1235 3705 1255 1255 1235 3706 1256 1256 1235 3707 70 70 1236 3708 65 65 1236 3709 1263 1263 1236 3710 70 70 1237 3711 1263 1263 1237 3712 1268 1268 1237 3713 66 66 1238 3714 70 70 1238 3715 1268 1268 1238 3716 66 66 1239 3717 1268 1268 1239 3718 1264 1264 1239 3719 64 64 1240 3720 66 66 1240 3721 1264 1264 1240 3722 64 64 1241 3723 1264 1264 1241 3724 1262 1262 1241 3725 68 68 1242 3726 69 69 1242 3727 1267 1267 1242 3728 68 68 1243 3729 1267 1267 1243 3730 1266 1266 1243 3731 65 65 1244 3732 68 68 1244 3733 1266 1266 1244 3734 65 65 1245 3735 1266 1266 1245 3736 1263 1263 1245 3737 69 69 1246 3738 67 67 1246 3739 1265 1265 1246 3740 69 69 1247 3741 1265 1265 1247 3742 1267 1267 1247 3743 38 38 1248 3744 37 37 1248 3745 1277 1277 1248 3746 38 38 1249 3747 1277 1277 1249 3748 1278 1278 1249 3749 32 32 1250 3750 31 31 1250 3751 1271 1271 1250 3752 32 32 1251 3753 1271 1271 1251 3754 1272 1272 1251 3755 36 36 1252 3756 35 35 1252 3757 1275 1275 1252 3758 36 36 1253 3759 1275 1275 1253 3760 1276 1276 1253 3761 39 39 1254 3762 38 38 1254 3763 1278 1278 1254 3764 39 39 1255 3765 1278 1278 1255 3766 1279 1279 1255 3767 675 675 1256 3768 29 29 1256 3769 1269 1269 1256 3770 675 675 1257 3771 1269 1269 1257 3772 1285 1285 1257 3773 33 33 1258 3774 32 32 1258 3775 1272 1272 1258 3776 33 33 1259 3777 1272 1272 1259 3778 1273 1273 1259 3779 59 59 1260 3780 34 34 1260 3781 1274 1274 1260 3782 59 59 1261 3783 1274 1274 1261 3784 1282 1282 1261 3785 29 29 1262 3786 60 60 1262 3787 1283 1283 1262 3788 29 29 1263 3789 1283 1283 1263 3790 1269 1269 1263 3791 58 58 1264 3792 59 59 1264 3793 1282 1282 1264 3794 58 58 1265 3795 1282 1282 1265 3796 1281 1281 1265 3797 40 40 1266 3798 39 39 1266 3799 1279 1279 1266 3800 40 40 1267 3801 1279 1279 1267 3802 1280 1280 1267 3803 35 35 1268 3804 58 58 1268 3805 1281 1281 1268 3806 35 35 1269 3807 1281 1281 1269 3808 1275 1275 1269 3809 37 37 1270 3810 36 36 1270 3811 1276 1276 1270 3812 37 37 1271 3813 1276 1276 1271 3814 1277 1277 1271 3815 61 61 1272 3816 40 40 1272 3817 1280 1280 1272 3818 61 61 1273 3819 1280 1280 1273 3820 1284 1284 1273 3821 34 34 1274 3822 33 33 1274 3823 1273 1273 1274 3824 34 34 1275 3825 1273 1273 1275 3826 1274 1274 1275 3827 31 31 1276 3828 30 30 1276 3829 1270 1270 1276 3830 31 31 1277 3831 1270 1270 1277 3832 1271 1271 1277 3833 60 60 1278 3834 61 61 1278 3835 1284 1284 1278 3836 60 60 1279 3837 1284 1284 1279 3838 1283 1283 1279 3839 647 647 1280 3840 646 646 1280 3841 1311 1311 1280 3842 647 647 1281 3843 1311 1311 1281 3844 1312 1312 1281 3845 643 643 1282 3846 642 642 1282 3847 1309 1309 1282 3848 643 643 1283 3849 1309 1309 1283 3850 1310 1310 1283 3851 655 655 1284 3852 654 654 1284 3853 1315 1315 1284 3854 655 655 1285 3855 1315 1315 1285 3856 1316 1316 1285 3857 1178 1178 1286 3858 1143 1143 1286 3859 1324 1324 1286 3860 1178 1178 1287 3861 1324 1324 1287 3862 1325 1325 1287 3863 664 664 1288 3864 663 663 1288 3865 1319 1319 1288 3866 664 664 1289 3867 1319 1319 1289 3868 1320 1320 1289 3869 637 637 1290 3870 636 636 1290 3871 1307 1307 1290 3872 637 637 1291 3873 1307 1307 1291 3874 1308 1308 1291 3875 72 72 1292 3876 1125 1125 1292 3877 1323 1323 1292 3878 72 72 1293 3879 1323 1323 1293 3880 1306 1306 1293 3881 670 670 1294 3882 669 669 1294 3883 1321 1321 1294 3884 670 670 1295 3885 1321 1321 1295 3886 1322 1322 1295 3887 649 649 1296 3888 648 648 1296 3889 1313 1313 1296 3890 649 649 1297 3891 1313 1313 1297 3892 1314 1314 1297 3893 658 658 1298 3894 657 657 1298 3895 1317 1317 1298 3896 658 658 1299 3897 1317 1317 1299 3898 1318 1318 1299 3899 1312 1312 1300 3900 1311 1311 1300 3901 1351 1351 1300 3902 1312 1312 1301 3903 1351 1351 1301 3904 1352 1352 1301 3905 1296 1296 1302 3906 1299 1299 1302 3907 1339 1339 1302 3908 1296 1296 1303 3909 1339 1339 1303 3910 1336 1336 1303 3911 1289 1289 1304 3912 1288 1288 1304 3913 1328 1328 1304 3914 1289 1289 1305 3915 1328 1328 1305 3916 1329 1329 1305 3917 1320 1320 1306 3918 1319 1319 1306 3919 1359 1359 1306 3920 1320 1320 1307 3921 1359 1359 1307 3922 1360 1360 1307 3923 1302 1302 1308 3924 1297 1297 1308 3925 1337 1337 1308 3926 1302 1302 1309 3927 1337 1337 1309 3928 1342 1342 1309 3929 1288 1288 1310 3930 1287 1287 1310 3931 1327 1327 1310 3932 1288 1288 1311 3933 1327 1327 1311 3934 1328 1328 1311 3935 1310 1310 1312 3936 1309 1309 1312 3937 1349 1349 1312 3938 1310 1310 1313 3939 1349 1349 1313 3940 1350 1350 1313 3941 1298 1298 1314 3942 1305 1305 1314 3943 1345 1345 1314 3944 1298 1298 1315 3945 1345 1345 1315 3946 1338 1338 1315 3947 1286 1286 1316 3948 1289 1289 1316 3949 1329 1329 1316 3950 1286 1286 1317 3951 1329 1329 1317 3952 1326 1326 1317 3953 1318 1318 1318 3954 1317 1317 1318 3955 1357 1357 1318 3956 1318 1318 1319 3957 1357 1357 1319 3958 1358 1358 1319 3959 1304 1304 1320 3960 1301 1301 1320 3961 1341 1341 1320 3962 1304 1304 1321 3963 1341 1341 1321 3964 1344 1344 1321 3965 1291 1291 1322 3966 1294 1294 1322 3967 1334 1334 1322 3968 1291 1291 1323 3969 1334 1334 1323 3970 1331 1331 1323 3971 1314 1314 1324 3972 1313 1313 1324 3973 1353 1353 1324 3974 1314 1314 1325 3975 1353 1353 1325 3976 1354 1354 1325 3977 1290 1290 1326 3978 1306 1306 1326 3979 1346 1346 1326 3980 1290 1290 1327 3981 1346 1346 1327 3982 1330 1330 1327 3983 1300 1300 1328 3984 1292 1292 1328 3985 1332 1332 1328 3986 1300 1300 1329 3987 1332 1332 1329 3988 1340 1340 1329 3989 1308 1308 1330 3990 1307 1307 1330 3991 1347 1347 1330 3992 1308 1308 1331 3993 1347 1347 1331 3994 1348 1348 1331 3995 1316 1316 1332 3996 1315 1315 1332 3997 1355 1355 1332 3998 1316 1316 1333 3999 1355 1355 1333 4000 1356 1356 1333 4001 1293 1293 1334 4002 1290 1290 1334 4003 1330 1330 1334 4004 1293 1293 1335 4005 1330 1330 1335 4006 1333 1333 1335 4007 1306 1306 1336 4008 1323 1323 1336 4009 1363 1363 1336 4010 1306 1306 1337 4011 1363 1363 1337 4012 1346 1346 1337 4013 1322 1322 1338 4014 1321 1321 1338 4015 1361 1361 1338 4016 1322 1322 1339 4017 1361 1361 1339 4018 1362 1362 1339 4019 1295 1295 1340 4020 1303 1303 1340 4021 1343 1343 1340 4022 1295 1295 1341 4023 1343 1343 1341 4024 1335 1335 1341 4025 1325 1325 1342 4026 1324 1324 1342 4027 1364 1364 1342 4028 1325 1325 1343 4029 1364 1364 1343 4030 1365 1365 1343 4031 1367 1367 1344 4032 1366 1366 1344 4033 1368 1368 1344 4034 1367 1367 1345 4035 1368 1368 1345 4036 1369 1369 1345 4037 1370 1370 1346 4038 1371 1371 1346 4039 1373 1373 1346 4040 1370 1370 1347 4041 1373 1373 1347 4042 1372 1372 1347 4043</p>
                </triangles>
            </mesh>
        </geometry>
    </library_geometries>
    <library_visual_scenes>
        <visual_scene id="VisualSceneNode" name="VisualScene">
            <node id="node" name="node">
                <instance_geometry url="#shape0-lib">
                    <bind_material>
                        <technique_common>
                            <instance_material symbol="material0" target="#material0">
                                <bind_vertex_input semantic="UVSET0" input_semantic="TEXCOORD"/>
                            </instance_material>
                        </technique_common>
                    </bind_material>
                </instance_geometry>
            </node>
        </visual_scene>
    </library_visual_scenes>
    <scene>
        <instance_visual_scene url="#VisualSceneNode"/>
    </scene>
</COLLADA>
