<?xml version="1.0" encoding="UTF-8"?>
<COLLADA xmlns="http://www.collada.org/2005/11/COLLADASchema" version="1.4.1">
    <asset>
        <contributor>
            <author>VCGLab</author>
            <authoring_tool>VCGLib | MeshLab</authoring_tool>
        </contributor>
        <created>Tue May 5 19:26:45 2026 GMT</created>
        <modified>Tue May 5 19:26:45 2026 GMT</modified>
        <up_axis>Y_UP</up_axis>
    </asset>
    <library_images>
        <image id="texture0" name="texture0">
            <init_from>notexture.png</init_from>
        </image>
    </library_images>
    <library_materials>
        <material id="material0" name="material0">
            <instance_effect url="#material0-fx"/>
        </material>
    </library_materials>
    <library_effects>
        <effect id="material0-fx">
            <profile_COMMON>
                <newparam sid="texture0-surface">
                    <surface type="2D">
                        <init_from>texture0</init_from>
                        <format>R8G8B8</format>
                    </surface>
                </newparam>
                <newparam sid="texture0-sampler">
                    <sampler2D>
                        <source>texture0-surface</source>
                        <minfilter>LINEAR</minfilter>
                        <magfilter>LINEAR</magfilter>
                    </sampler2D>
                </newparam>
                <technique sid="common">
                    <blinn>
                        <diffuse>
                            <texture texture="texture0-sampler" texcoord="UVSET0"/>
                        </diffuse>
                    </blinn>
                </technique>
            </profile_COMMON>
        </effect>
    </library_effects>
    <library_geometries>
        <geometry id="shape0-lib" name="shape0">
            <mesh>
                <source id="shape0-lib-positions" name="position">
                    <float_array id="shape0-lib-positions-array" count="6600">-158.349 155.916 0.0719063 161.651 -164.084 0.0719063 -158.349 123.916 0.0719063 -158.349 107.916 0.0719063 -158.349 91.9159 0.0719063 -158.349 75.9159 0.0719063 -158.349 59.9159 0.0719063 -158.349 27.9159 0.0719063 -158.349 11.9159 0.0719063 -158.349 -4.08407 0.0719063 -158.349 -20.0841 0.0719063 -158.349 -36.0841 0.0719063 -158.349 -100.084 0.0719063 -158.349 -116.084 0.0719063 161.651 -148.084 0.0719063 161.651 -132.084 0.0719063 161.651 -116.084 0.0719063 161.651 -100.084 0.0719063 161.651 -68.0841 0.0719063 161.651 -52.0841 0.0719063 161.651 -36.0841 0.0719063 161.651 -20.0841 0.0719063 161.651 -4.08406 0.0719063 163.651 -4.08406 0.0719063 163.651 -20.0841 0.0719063 163.651 -36.0841 0.0719063 163.651 -52.0841 0.0719063 163.651 -68.0841 0.0719063 163.651 -100.084 0.0719063 161.651 -196.084 0.0719063 -46.3489 -196.084 0.0719063 -30.3489 -196.084 0.0719063 -14.3489 -196.084 0.0719063 1.65106 -196.084 0.0719063 17.6511 -196.084 0.0719063 49.6511 -196.084 0.0719063 65.6511 -196.084 0.0719063 81.6511 -196.084 0.0719063 97.6511 -196.084 0.0719063 113.651 -196.084 0.0719063 129.651 -196.084 0.0719063 -158.349 -12.0841 0.0719063 161.651 -12.0841 0.0719063 -158.349 -44.0841 0.0719063 -158.349 3.91594 0.0719063 177.651 -3.68406 0.0719063 193.651 -3.68406 0.0719063 209.651 -3.68406 0.0719063 225.651 -3.68406 0.0719063 241.651 -3.68406 0.0719063 257.651 -3.68406 0.0719063 161.651 -3.68406 0.0719063 -158.349 136.986 0.0719063 -158.349 142.846 0.0719063 -158.349 40.7159 0.0719063 -158.349 47.1159 0.0719063 161.651 -176.045 0.0719063 161.651 -182.445 0.0719063 36.8928 -196.084 0.0719063 30.4081 -196.084 0.0719063 148.851 -196.084 0.0719063 142.451 -196.084 0.0719063 161.651 -80.8841 0.0719063 161.651 -87.2841 0.0719063 -46.3489 -196.084 0.0719063 -46.3489 -196.084 0.0719063 -78.3489 -212.084 0.0719063 -62.3489 -212.084 0.0719063 -102.349 -196.084 0.0719063 -86.3489 -212.084 0.0719063 -94.3489 -204.084 0.0719063 -70.3489 -212.084 0.0719063 257.651 -3.68406 0.0719063 273.651 -3.68406 0.0719063 -126.349 -164.084 0.0719063 -110.349 -164.084 0.0719063 -94.3489 -164.084 0.0719063 -62.3489 -164.084 0.0719063 -46.3489 -164.084 0.0719063 -30.3489 -164.084 0.0719063 -14.3489 -164.084 0.0719063 1.65106 -164.084 0.0719063 17.6511 -164.084 0.0719063 49.6511 -164.084 0.0719063 65.6511 -164.084 0.0719063 81.6511 -164.084 0.0719063 97.6511 -164.084 0.0719063 113.651 -164.084 0.0719063 129.651 -164.084 0.0719063 161.651 27.9159 0.0719063 161.651 59.9159 0.0719063 161.651 75.9159 0.0719063 161.651 91.9159 0.0719063 161.651 107.916 0.0719063 161.651 123.916 0.0719063 -126.349 -148.084 0.0719063 -126.349 -132.084 0.0719063 -126.349 -116.084 0.0719063 -126.349 -100.084 0.0719063 -126.349 -68.0841 0.0719063 -126.349 -52.084 0.0719063 -126.349 -36.084 0.0719063 -126.349 -20.084 0.0719063 -126.349 -4.08405 0.0719063 -126.349 11.916 0.0719063 -126.349 27.916 0.0719063 -126.349 59.916 0.0719063 -126.349 75.916 0.0719063 -126.349 91.916 0.0719063 -126.349 107.916 0.0719063 -126.349 123.916 0.0719063 -110.349 -148.084 0.0719063 -110.349 -132.084 0.0719063 -110.349 -116.084 0.0719063 -110.349 -100.084 0.0719063 -110.349 -68.0841 0.0719063 -110.349 -52.084 0.0719063 -110.349 -36.084 0.0719063 -110.349 -20.084 0.0719063 -110.349 -4.08405 0.0719063 -110.349 11.916 0.0719063 -110.349 27.916 0.0719063 -110.349 59.916 0.0719063 -110.349 75.916 0.0719063 -110.349 91.916 0.0719063 -110.349 107.916 0.0719063 -110.349 123.916 0.0719063 -94.3489 -148.084 0.0719063 -94.3489 -132.084 0.0719063 -94.3489 -116.084 0.0719063 -94.3489 -100.084 0.0719063 -94.3489 -68.0841 0.0719063 -94.3489 -52.084 0.0719063 -94.3489 -36.084 0.0719063 -94.3489 -20.084 0.0719063 -94.3489 -4.08405 0.0719063 -94.3489 11.916 0.0719063 -94.3489 27.916 0.0719063 -94.3489 59.916 0.0719063 -94.3489 75.916 0.0719063 -94.3489 91.916 0.0719063 -94.3489 107.916 0.0719063 -94.3489 123.916 0.0719063 -62.3489 -148.084 0.0719063 -62.3489 -132.084 0.0719063 -62.3489 -116.084 0.0719063 -62.3489 -100.084 0.0719063 -62.3489 -68.0841 0.0719063 -62.3489 -52.084 0.0719063 -62.3489 -36.084 0.0719063 -62.3489 -20.0841 0.0719063 -62.3489 -4.08405 0.0719063 -62.3489 11.9159 0.0719063 -62.3489 27.916 0.0719063 -62.3489 59.9159 0.0719063 -62.3489 75.9159 0.0719063 -62.3489 91.916 0.0719063 -62.3489 107.916 0.0719063 -62.3489 123.916 0.0719063 -46.3489 -148.084 0.0719063 -46.3489 -132.084 0.0719063 -46.3489 -116.084 0.0719063 -46.3489 -100.084 0.0719063 -46.3489 -68.0841 0.0719063 -46.3489 -52.084 0.0719063 -46.3489 -36.084 0.0719063 -46.3489 -20.0841 0.0719063 -46.3489 -4.08405 0.0719063 -46.3489 11.9159 0.0719063 -46.3489 27.916 0.0719063 -46.3489 59.9159 0.0719063 -46.3489 75.9159 0.0719063 -46.3489 91.916 0.0719063 -46.3489 107.916 0.0719063 -46.3489 123.916 0.0719063 -30.3489 -148.084 0.0719063 -30.3489 -132.084 0.0719063 -30.3489 -116.084 0.0719063 -30.3489 -100.084 0.0719063 -30.3489 -68.0841 0.0719063 -30.3489 -52.0841 0.0719063 -30.3489 -36.0841 0.0719063 -30.3489 -20.0841 0.0719063 -30.3489 -4.08405 0.0719063 -30.3489 11.9159 0.0719063 -30.3489 27.9159 0.0719063 -30.3489 59.9159 0.0719063 -30.3489 75.9159 0.0719063 -30.3489 91.916 0.0719063 -30.3489 107.916 0.0719063 -30.3489 123.916 0.0719063 -14.3489 -148.084 0.0719063 -14.3489 -132.084 0.0719063 -14.3489 -116.084 0.0719063 -14.3489 -52.0841 0.0719063 -14.3489 -36.0841 0.0719063 -14.3489 -20.0841 0.0719063 -14.3489 -4.08405 0.0719063 -14.3489 11.9159 0.0719063 -14.3489 27.9159 0.0719063 -14.3489 59.9159 0.0719063 -14.3489 75.9159 0.0719063 -14.3489 91.916 0.0719063 -14.3489 107.916 0.0719063 -14.3489 123.916 0.0719063 1.65106 -148.084 0.0719063 1.65106 -132.084 0.0719063 1.65106 -36.0841 0.0719063 1.65106 -20.0841 0.0719063 1.65106 -4.08405 0.0719063 1.65106 11.9159 0.0719063 1.65106 27.9159 0.0719063 1.65106 59.9159 0.0719063 1.65106 75.9159 0.0719063 1.65106 91.916 0.0719063 1.65106 107.916 0.0719063 1.65105 123.916 0.0719063 17.6511 -148.084 0.0719063 17.6511 -20.0841 0.0719063 17.6511 -4.08405 0.0719063 17.6511 11.9159 0.0719063 17.6511 27.9159 0.0719063 17.6511 59.9159 0.0719063 17.6511 75.9159 0.0719063 17.6511 91.916 0.0719063 17.6511 107.916 0.0719063 17.6511 123.916 0.0719063 49.6511 -148.084 0.0719063 49.6511 27.9159 0.0719063 49.6511 59.9159 0.0719063 49.6511 75.9159 0.0719063 49.6511 91.916 0.0719063 49.6511 107.916 0.0719063 49.6511 123.916 0.0719063 65.6511 -148.084 0.0719063 65.6511 -132.084 0.0719063 65.6511 -36.0841 0.0719063 65.6511 -20.0841 0.0719063 65.6511 -4.08406 0.0719063 65.6511 11.9159 0.0719063 65.6511 27.9159 0.0719063 65.6511 59.9159 0.0719063 65.6511 75.9159 0.0719063 65.6511 91.916 0.0719063 65.6511 107.916 0.0719063 65.6511 123.916 0.0719063 81.6511 -148.084 0.0719063 81.6511 -132.084 0.0719063 81.6511 -116.084 0.0719063 81.6511 -52.0841 0.0719063 81.6511 -36.0841 0.0719063 81.6511 -20.0841 0.0719063 81.6511 -4.08406 0.0719063 81.6511 11.9159 0.0719063 81.6511 27.9159 0.0719063 81.6511 59.9159 0.0719063 81.6511 75.9159 0.0719063 81.6511 91.9159 0.0719063 81.6511 107.916 0.0719063 81.6511 123.916 0.0719063 97.6511 -148.084 0.0719063 97.6511 -132.084 0.0719063 97.6511 -116.084 0.0719063 97.6511 -100.084 0.0719063 97.6511 -68.0841 0.0719063 97.6511 -52.0841 0.0719063 97.6511 -36.0841 0.0719063 97.6511 -20.0841 0.0719063 97.6511 -4.08406 0.0719063 97.6511 11.9159 0.0719063 97.6511 27.9159 0.0719063 97.6511 59.9159 0.0719063 97.6511 75.9159 0.0719063 97.6511 91.9159 0.0719063 97.6511 107.916 0.0719063 97.6511 123.916 0.0719063 113.651 -148.084 0.0719063 113.651 -132.084 0.0719063 113.651 -116.084 0.0719063 113.651 -100.084 0.0719063 113.651 -68.0841 0.0719063 113.651 -52.0841 0.0719063 113.651 -36.0841 0.0719063 113.651 -20.0841 0.0719063 113.651 -4.08406 0.0719063 113.651 11.9159 0.0719063 113.651 27.9159 0.0719063 113.651 59.9159 0.0719063 113.651 75.9159 0.0719063 113.651 91.9159 0.0719063 113.651 107.916 0.0719063 113.651 123.916 0.0719063 129.651 -148.084 0.0719063 129.651 -132.084 0.0719063 129.651 -116.084 0.0719063 129.651 -100.084 0.0719063 129.651 -68.0841 0.0719063 129.651 -52.0841 0.0719063 129.651 -36.0841 0.0719063 129.651 -20.0841 0.0719063 129.651 -4.08406 0.0719063 129.651 11.9159 0.0719063 129.651 27.9159 0.0719063 129.651 59.9159 0.0719063 129.651 75.9159 0.0719063 129.651 91.9159 0.0719063 129.651 107.916 0.0719063 129.651 123.916 0.0719063 225.651 27.9159 0.0719063 209.651 27.9159 0.0719063 193.651 27.9159 0.0719063 177.651 27.9159 0.0719063 177.651 123.916 0.0719063 193.651 123.916 0.0719063 209.651 123.916 0.0719063 225.651 123.916 0.0719063 225.651 91.9159 0.0719063 209.651 91.9159 0.0719063 193.651 91.9159 0.0719063 177.651 91.9159 0.0719063 177.651 75.9159 0.0719063 193.651 75.9159 0.0719063 209.651 75.9159 0.0719063 225.651 75.9159 0.0719063 225.651 107.916 0.0719063 209.651 107.916 0.0719063 193.651 107.916 0.0719063 177.651 107.916 0.0719063 225.651 59.9159 0.0719063 209.651 59.9159 0.0719063 193.651 59.9159 0.0719063 177.651 59.9159 0.0719063 163.651 -116.084 0.0719063 163.651 -132.084 0.0719063 81.6511 -55.6619 0.0719063 87.0356 -68.0841 0.0719063 85.3883 -62.6538 0.0719063 87.0356 -100.084 0.0719063 85.3883 -105.514 0.0719063 81.6511 -112.506 0.0719063 65.6511 -38.2506 0.0719063 73.249 -44.4861 0.0719063 79.4846 -52.0841 0.0719063 80.2134 -52.9721 0.0719063 79.4845 -116.084 0.0719063 80.2134 -115.196 0.0719063 65.6511 -129.918 0.0719063 73.249 -123.682 0.0719063 49.6511 -30.6995 0.0719063 55.0813 -32.3468 0.0719063 62.0732 -36.0841 0.0719063 64.763 -37.5218 0.0719063 62.0732 -132.084 0.0719063 64.763 -130.646 0.0719063 49.6511 -137.469 0.0719063 55.0813 -135.821 0.0719063 17.6511 -30.6995 0.0719063 17.6511 -137.469 0.0719063 12.2208 -32.3468 0.0719063 5.22888 -36.0841 0.0719063 2.53913 -37.5218 0.0719063 1.65106 -38.2506 0.0719063 1.65106 -129.918 0.0719063 2.53912 -130.646 0.0719063 5.22889 -132.084 0.0719063 12.2208 -135.821 0.0719063 -12.1824 -52.0841 0.0719063 -5.94692 -44.4861 0.0719063 -14.3489 -55.6619 0.0719063 -12.9112 -52.9721 0.0719063 -12.9112 -115.196 0.0719063 -14.3489 -112.506 0.0719063 -12.1824 -116.084 0.0719063 -5.94692 -123.682 0.0719063 -19.7334 -68.0841 0.0719063 -18.0862 -62.6538 0.0719063 -19.7335 -100.084 0.0719063 -18.0862 -105.514 0.0719063 87.0356 -68.0841 0.0719063 81.6511 -55.6619 0.0719063 87.0356 -100.084 0.0719063 81.6511 -112.506 0.0719063 79.4846 -52.0841 0.0719063 65.6511 -38.2506 0.0719063 79.4845 -116.084 0.0719063 65.6511 -129.918 0.0719063 62.0732 -36.0841 0.0719063 49.6511 -30.6995 0.0719063 62.0732 -132.084 0.0719063 49.6511 -137.469 0.0719063 17.6511 -30.6995 0.0719063 17.6511 -137.469 0.0719063 5.22888 -36.0841 0.0719063 1.65106 -38.2506 0.0719063 1.65106 -129.918 0.0719063 5.22889 -132.084 0.0719063 -12.1824 -52.0841 0.0719063 -14.3489 -55.6619 0.0719063 -14.3489 -112.506 0.0719063 -12.1824 -116.084 0.0719063 -19.7334 -68.0841 0.0719063 -19.7335 -100.084 0.0719063 49.6511 -28.0723 0.0719063 129.651 -12.0841 0.0719063 113.651 -12.0841 0.0719063 97.6511 -12.0841 0.0719063 81.6511 -12.0841 0.0719063 65.6511 -12.0841 0.0719063 17.6511 -12.0841 0.0719063 1.65106 -12.0841 0.0719063 -14.3489 -12.0841 0.0719063 -30.3489 -12.0841 0.0719063 -46.3489 -12.0841 0.0719063 -62.3489 -12.0841 0.0719063 -94.3489 -12.084 0.0719063 -110.349 -12.084 0.0719063 -126.349 -12.084 0.0719063 57.6452 -20.0841 0.0719063 -30.3489 -60.0841 0.0719063 -46.3489 -60.0841 0.0719063 -62.3489 -60.0841 0.0719063 -94.3489 -60.0841 0.0719063 -110.349 -60.0841 0.0719063 -126.349 -60.0841 0.0719063 -14.3489 -44.0841 0.0719063 -30.3489 -44.0841 0.0719063 -46.3489 -44.0841 0.0719063 -62.3489 -44.0841 0.0719063 -94.3489 -44.0841 0.0719063 -110.349 -44.084 0.0719063 -126.349 -44.084 0.0719063 -102.349 -148.084 0.0719063 -102.349 -164.084 0.0719063 -102.349 123.916 0.0719063 -102.349 107.916 0.0719063 -102.349 91.916 0.0719063 -102.349 75.916 0.0719063 -102.349 59.916 0.0719063 -102.349 27.916 0.0719063 -102.349 11.916 0.0719063 -102.349 -4.08405 0.0719063 -102.349 -20.084 0.0719063 -102.349 -36.084 0.0719063 -102.349 -52.084 0.0719063 -102.349 -68.0841 0.0719063 -102.349 -100.084 0.0719063 -102.349 -116.084 0.0719063 -102.349 -132.084 0.0719063 -102.349 -12.084 0.0719063 -102.349 -60.0841 0.0719063 -102.349 -44.0841 0.0719063 129.651 3.91594 0.0719063 113.651 3.91594 0.0719063 97.6511 3.91594 0.0719063 81.6511 3.91594 0.0719063 65.6511 3.91595 0.0719063 17.6511 3.91595 0.0719063 1.65106 3.91595 0.0719063 -14.3489 3.91595 0.0719063 -30.3489 3.91595 0.0719063 -46.3489 3.91595 0.0719063 -62.3489 3.91595 0.0719063 -94.3489 3.91595 0.0719063 -110.349 3.91595 0.0719063 -126.349 3.91595 0.0719063 -102.349 3.91595 0.0719063 -70.3489 -199.58 0.0719063 -70.3489 -207.133 0.0719063 -78.3489 -209.048 0.0719063 -78.3489 -197.763 0.0719063 -79.2964 -197.763 0.0719063 -79.2964 -209.048 0.0719063 -74.4219 -199.258 0.0719063 -73.7382 -199.372 0.0719063 -73.1243 -199.555 0.0719063 -72.5791 -199.801 0.0719063 -72.1017 -200.105 0.0719063 -71.6912 -200.462 0.0719063 -71.3464 -200.867 0.0719063 -71.0666 -201.313 0.0719063 -70.8506 -201.795 0.0719063 -70.6976 -202.308 0.0719063 -70.6065 -202.847 0.0719063 -70.5763 -203.406 0.0719063 -70.595 -203.78 0.0719063 -70.6558 -204.198 0.0719063 -70.7656 -204.646 0.0719063 -70.9311 -205.109 0.0719063 -71.1595 -205.572 0.0719063 -71.4574 -206.02 0.0719063 -71.8319 -206.44 0.0719063 -72.2898 -206.816 0.0719063 -72.838 -207.133 0.0719063 -73.4835 -207.378 0.0719063 -74.233 -207.536 0.0719063 -75.0936 -207.592 0.0719063 -77.6748 -207.592 0.0719063 -77.6748 -199.219 0.0719063 -75.1763 -199.219 0.0719063 -74.895 -209.048 0.0719063 -73.9951 -208.992 0.0719063 -73.1586 -208.831 0.0719063 -72.3884 -208.574 0.0719063 -71.6874 -208.229 0.0719063 -71.0583 -207.805 0.0719063 -70.5039 -207.313 0.0719063 -70.8786 -199.076 0.0719063 -71.5011 -198.634 0.0719063 -72.2139 -198.27 0.0719063 -73.0188 -197.996 0.0719063 -73.9174 -197.823 0.0719063 -74.9115 -197.763 0.0719063 -70.0271 -206.76 0.0719063 -69.6307 -206.156 0.0719063 -69.3175 -205.509 0.0719063 -69.0903 -204.829 0.0719063 -68.9519 -204.125 0.0719063 -68.9051 -203.406 0.0719063 -68.9437 -202.735 0.0719063 -69.0605 -202.063 0.0719063 -69.2572 -201.4 0.0719063 -69.5357 -200.759 0.0719063 -69.8976 -200.15 0.0719063 -161.98 -76.0841 0.0719063 -169.533 -76.0841 0.0719063 -160.164 -68.0841 0.0719063 -171.448 -68.0841 0.0719063 -161.659 -72.0112 0.0719063 -161.772 -72.6948 0.0719063 -161.955 -73.3088 0.0719063 -162.201 -73.854 0.0719063 -162.506 -74.3313 0.0719063 -162.863 -74.7419 0.0719063 -163.267 -75.0866 0.0719063 -163.713 -75.3664 0.0719063 -164.195 -75.5824 0.0719063 -164.709 -75.7354 0.0719063 -165.247 -75.8266 0.0719063 -165.806 -75.8567 0.0719063 -166.18 -75.838 0.0719063 -166.599 -75.7772 0.0719063 -167.046 -75.6675 0.0719063 -167.509 -75.5019 0.0719063 -167.972 -75.2735 0.0719063 -168.42 -74.9756 0.0719063 -168.84 -74.6011 0.0719063 -169.216 -74.1432 0.0719063 -169.534 -73.595 0.0719063 -169.779 -72.9496 0.0719063 -169.936 -72.2 0.0719063 -169.992 -71.3395 0.0719063 -169.992 -68.7582 0.0719063 -161.62 -68.7582 0.0719063 -161.62 -71.2567 0.0719063 -171.448 -71.538 0.0719063 -171.393 -72.438 0.0719063 -171.232 -73.2744 0.0719063 -170.974 -74.0446 0.0719063 -170.629 -74.7456 0.0719063 -170.206 -75.3747 0.0719063 -169.713 -75.9291 0.0719063 -161.477 -75.5544 0.0719063 -161.034 -74.9319 0.0719063 -160.671 -74.2191 0.0719063 -160.397 -73.4142 0.0719063 -160.224 -72.5156 0.0719063 -160.164 -71.5215 0.0719063 -169.16 -76.4059 0.0719063 -168.556 -76.8023 0.0719063 -167.909 -77.1155 0.0719063 -167.229 -77.3428 0.0719063 -166.525 -77.4812 0.0719063 -165.806 -77.5279 0.0719063 -165.135 -77.4894 0.0719063 -164.463 -77.3726 0.0719063 -163.8 -77.1758 0.0719063 -163.159 -76.8973 0.0719063 -162.55 -76.5354 0.0719063 -160.164 -67.1366 0.0719063 -171.448 -67.1366 0.0719063 52.6871 3.91595 0.0719063 63.9719 3.91595 0.0719063 54.6021 -4.08405 0.0719063 62.1551 -4.08405 0.0719063 62.4767 -0.0111408 0.0719063 62.3631 -0.694828 0.0719063 62.1804 -1.30877 0.0719063 61.9342 -1.85394 0.0719063 61.6298 -2.33131 0.0719063 61.2727 -2.74186 0.0719063 60.8684 -3.08657 0.0719063 60.4223 -3.36642 0.0719063 59.9399 -3.58238 0.0719063 59.4267 -3.73543 0.0719063 58.888 -3.82654 0.0719063 58.3295 -3.85669 0.0719063 57.9551 -3.83796 0.0719063 57.5368 -3.77717 0.0719063 57.089 -3.66743 0.0719063 56.6264 -3.50185 0.0719063 56.1636 -3.27353 0.0719063 55.7151 -2.97558 0.0719063 55.2956 -2.6011 0.0719063 54.9196 -2.14319 0.0719063 54.6018 -1.59497 0.0719063 54.3567 -0.949537 0.0719063 54.199 -0.200001 0.0719063 54.1432 0.660542 0.0719063 54.1432 3.24182 0.0719063 62.5157 3.24182 0.0719063 62.5157 0.743273 0.0719063 52.6871 0.461987 0.0719063 52.7428 -0.43796 0.0719063 52.9039 -1.27442 0.0719063 53.1615 -2.04457 0.0719063 53.5064 -2.74561 0.0719063 53.9297 -3.37472 0.0719063 54.4224 -3.92908 0.0719063 62.6588 -3.55442 0.0719063 63.101 -2.93191 0.0719063 63.4649 -2.21909 0.0719063 63.7389 -1.41422 0.0719063 63.9117 -0.515591 0.0719063 63.9719 0.478529 0.0719063 63.9719 4.86339 0.0719063 52.6871 4.86339 0.0719063 54.9754 -4.40588 0.0719063 55.5797 -4.8023 0.0719063 56.2262 -5.11552 0.0719063 56.9061 -5.34274 0.0719063 57.6101 -5.48114 0.0719063 58.3295 -5.5279 0.0719063 59.0001 -5.48935 0.0719063 59.6724 -5.37255 0.0719063 60.335 -5.17577 0.0719063 60.9763 -4.89729 0.0719063 61.585 -4.53539 0.0719063 273.651 27.1159 0.0719063 273.651 28.7159 0.0719063 257.651 27.1159 0.0719063 257.651 28.7159 0.0719063 257.651 11.1159 0.0719063 257.651 12.7159 0.0719063 273.651 11.1159 0.0719063 273.651 12.7159 0.0719063 257.651 123.116 0.0719063 257.651 124.716 0.0719063 273.651 123.116 0.0719063 273.651 124.716 0.0719063 273.651 91.1159 0.0719063 273.651 92.7159 0.0719063 257.651 91.1159 0.0719063 257.651 92.7159 0.0719063 257.651 75.1159 0.0719063 257.651 76.7159 0.0719063 273.651 75.1159 0.0719063 273.651 76.7159 0.0719063 163.651 -87.2841 0.0719063 273.651 43.1159 0.0719063 273.651 44.7159 0.0719063 257.651 43.1159 0.0719063 257.651 44.7159 0.0719063 163.651 -80.8841 0.0719063 163.651 -182.445 0.0719063 273.651 107.116 0.0719063 273.651 108.716 0.0719063 257.651 107.116 0.0719063 257.651 108.716 0.0719063 163.651 -176.045 0.0719063 163.651 -12.0841 0.0719063 273.651 59.1159 0.0719063 273.651 60.7159 0.0719063 257.651 59.1159 0.0719063 257.651 60.7159 0.0719063 163.651 -148.084 0.0719063 163.651 -164.084 0.0719063 163.651 -196.084 0.0719063 129.651 -3.68406 0.0719063 113.651 -3.68406 0.0719063 97.6511 -3.68406 0.0719063 81.6511 -3.68406 0.0719063 65.6511 -3.68406 0.0719063 161.651 40.7159 0.0719063 161.651 47.1159 0.0719063 225.651 40.7159 0.0719063 225.651 47.1159 0.0719063 209.651 40.7159 0.0719063 209.651 47.1159 0.0719063 193.651 40.7159 0.0719063 193.651 47.1159 0.0719063 177.651 40.7159 0.0719063 177.651 47.1159 0.0719063 -142.882 -164.084 0.0719063 -142.349 -164.084 0.0719063 -141.816 -164.084 0.0719063 -141.816 -176.045 0.0719063 -142.349 -176.045 0.0719063 -142.882 -176.045 0.0719063 -142.882 -182.445 0.0719063 -142.349 -182.445 0.0719063 -141.816 -182.445 0.0719063 -126.349 -178.711 0.0719063 -126.349 -179.245 0.0719063 -126.349 -179.778 0.0719063 -110.349 -179.778 0.0719063 -110.349 -179.245 0.0719063 -110.349 -178.711 0.0719063 -102.349 -178.711 0.0719063 -102.349 -179.245 0.0719063 -102.349 -179.778 0.0719063 -94.3489 -179.778 0.0719063 -94.3489 -179.245 0.0719063 -94.3489 -178.711 0.0719063 -46.3489 -179.778 0.0719063 -46.3489 -179.245 0.0719063 -46.3489 -178.711 0.0719063 -62.3489 -178.711 0.0719063 -62.3489 -179.245 0.0719063 -62.3489 -179.778 0.0719063 -30.3489 -179.778 0.0719063 -30.3489 -179.245 0.0719063 -30.3489 -178.711 0.0719063 -14.3489 -179.778 0.0719063 -14.3489 -179.245 0.0719063 -14.3489 -178.711 0.0719063 1.65106 -179.778 0.0719063 1.65106 -179.245 0.0719063 1.65106 -178.711 0.0719063 17.6511 -179.778 0.0719063 17.6511 -179.245 0.0719063 17.6511 -178.711 0.0719063 65.6511 -178.711 0.0719063 65.6511 -179.245 0.0719063 65.6511 -179.778 0.0719063 49.6511 -179.778 0.0719063 49.6511 -179.245 0.0719063 49.6511 -178.711 0.0719063 81.6511 -179.778 0.0719063 81.6511 -179.245 0.0719063 81.6511 -178.711 0.0719063 97.6511 -179.778 0.0719063 97.6511 -179.245 0.0719063 97.6511 -178.711 0.0719063 113.651 -179.778 0.0719063 113.651 -179.245 0.0719063 113.651 -178.711 0.0719063 129.651 -179.778 0.0719063 129.651 -179.245 0.0719063 129.651 -178.711 0.0719063 145.118 -164.084 0.0719063 145.651 -164.084 0.0719063 146.184 -164.084 0.0719063 146.184 -148.084 0.0719063 145.651 -148.084 0.0719063 145.118 -148.084 0.0719063 145.118 -116.084 0.0719063 145.651 -116.084 0.0719063 146.184 -116.084 0.0719063 145.118 -132.084 0.0719063 145.651 -132.084 0.0719063 146.184 -132.084 0.0719063 145.118 -36.0841 0.0719063 145.651 -36.0841 0.0719063 146.184 -36.0841 0.0719063 145.118 -52.0841 0.0719063 145.651 -52.0841 0.0719063 146.184 -52.0841 0.0719063 145.118 -12.0841 0.0719063 145.651 -12.0841 0.0719063 146.184 -12.0841 0.0719063 146.184 -4.08406 0.0719063 145.651 -4.08406 0.0719063 145.118 -4.08406 0.0719063 146.184 -20.0841 0.0719063 145.651 -20.0841 0.0719063 145.118 -20.0841 0.0719063 145.118 -3.68406 0.0719063 145.651 -3.68406 0.0719063 146.184 -3.68406 0.0719063 145.118 11.9159 0.0719063 145.651 11.9159 0.0719063 146.184 11.9159 0.0719063 146.184 27.9159 0.0719063 145.651 27.9159 0.0719063 145.118 27.9159 0.0719063 177.651 11.3826 0.0719063 177.651 11.9159 0.0719063 177.651 12.4493 0.0719063 193.651 11.3826 0.0719063 193.651 11.9159 0.0719063 193.651 12.4493 0.0719063 225.651 12.4493 0.0719063 225.651 11.9159 0.0719063 225.651 11.3826 0.0719063 209.651 11.3826 0.0719063 209.651 11.9159 0.0719063 209.651 12.4493 0.0719063 145.118 75.9159 0.0719063 145.651 75.9159 0.0719063 146.184 75.9159 0.0719063 145.118 59.9159 0.0719063 145.651 59.9159 0.0719063 146.184 59.9159 0.0719063 145.118 107.916 0.0719063 145.651 107.916 0.0719063 146.184 107.916 0.0719063 145.118 91.9159 0.0719063 145.651 91.9159 0.0719063 146.184 91.9159 0.0719063 161.651 139.429 0.0719063 161.651 139.917 0.0719063 161.651 140.406 0.0719063 148.851 139.429 0.0719063 148.851 139.917 0.0719063 148.851 140.406 0.0719063 177.651 139.429 0.0719063 177.651 139.917 0.0719063 177.651 140.406 0.0719063 193.651 139.429 0.0719063 193.651 139.917 0.0719063 193.651 140.406 0.0719063 209.651 139.429 0.0719063 209.651 139.917 0.0719063 209.651 140.406 0.0719063 225.651 139.429 0.0719063 225.651 139.917 0.0719063 225.651 140.406 0.0719063 241.651 139.429 0.0719063 241.651 139.917 0.0719063 241.651 140.406 0.0719063 257.651 139.478 0.0719063 257.651 139.954 0.0719063 257.651 140.43 0.0719063 129.651 140.406 0.0719063 129.651 139.917 0.0719063 129.651 139.429 0.0719063 113.651 140.406 0.0719063 113.651 139.917 0.0719063 113.651 139.429 0.0719063 97.6511 140.406 0.0719063 97.6511 139.917 0.0719063 97.6511 139.429 0.0719063 81.6511 140.406 0.0719063 81.6511 139.917 0.0719063 81.6511 139.429 0.0719063 65.6511 140.406 0.0719063 65.6511 139.917 0.0719063 65.6511 139.429 0.0719063 49.6511 140.406 0.0719063 49.6511 139.917 0.0719063 49.6511 139.429 0.0719063 17.6511 140.406 0.0719063 17.6511 139.917 0.0719063 17.6511 139.429 0.0719063 30.4485 140.406 0.0719063 30.4484 139.917 0.0719063 30.4484 139.429 0.0719063 1.65105 140.406 0.0719063 1.65105 139.917 0.0719063 1.65105 139.429 0.0719063 -14.3489 140.406 0.0719063 -14.3489 139.917 0.0719063 -14.3489 139.429 0.0719063 -30.3489 140.406 0.0719063 -30.3489 139.917 0.0719063 -30.3489 139.429 0.0719063 -46.3489 140.406 0.0719063 -46.3489 139.917 0.0719063 -46.3489 139.429 0.0719063 -62.3489 140.406 0.0719063 -62.3489 139.917 0.0719063 -62.3489 139.429 0.0719063 -70.3489 140.406 0.0719063 -70.3489 139.917 0.0719063 -70.3489 139.429 0.0719063 -75.1489 139.429 0.0719063 -75.1489 139.917 0.0719063 -75.1489 140.406 0.0719063 -78.8823 107.916 0.0719063 -78.3489 107.916 0.0719063 -77.8156 107.916 0.0719063 -78.8823 91.916 0.0719063 -78.3489 91.916 0.0719063 -77.8156 91.916 0.0719063 -78.8823 75.916 0.0719063 -78.3489 75.916 0.0719063 -77.8156 75.916 0.0719063 -78.8823 59.916 0.0719063 -78.3489 59.916 0.0719063 -77.8156 59.916 0.0719063 -86.3489 140.406 0.0719063 -86.3489 139.917 0.0719063 -86.3489 139.429 0.0719063 -102.349 140.406 0.0719063 -102.349 139.917 0.0719063 -102.349 139.429 0.0719063 -94.3489 139.429 0.0719063 -94.3489 139.917 0.0719063 -94.3489 140.406 0.0719063 -126.349 140.406 0.0719063 -126.349 139.917 0.0719063 -126.349 139.429 0.0719063 -110.349 139.429 0.0719063 -110.349 139.917 0.0719063 -110.349 140.406 0.0719063 -142.882 123.916 0.0719063 -142.349 123.916 0.0719063 -141.816 123.916 0.0719063 -142.882 107.916 0.0719063 -142.349 107.916 0.0719063 -141.816 107.916 0.0719063 -142.882 91.916 0.0719063 -142.349 91.916 0.0719063 -141.816 91.916 0.0719063 -142.882 75.9159 0.0719063 -142.349 75.9159 0.0719063 -141.816 75.9159 0.0719063 -142.882 59.9159 0.0719063 -142.349 59.9159 0.0719063 -141.816 59.9159 0.0719063 -141.816 47.116 0.0719063 -142.349 47.116 0.0719063 -142.882 47.116 0.0719063 -126.349 44.4493 0.0719063 -126.349 43.9159 0.0719063 -126.349 43.3826 0.0719063 -110.349 43.3826 0.0719063 -110.349 43.9159 0.0719063 -110.349 44.4493 0.0719063 -102.349 44.4493 0.0719063 -102.349 43.9159 0.0719063 -102.349 43.3826 0.0719063 -94.3489 43.3826 0.0719063 -94.3489 43.9159 0.0719063 -94.3489 44.4493 0.0719063 -46.3489 44.4493 0.0719063 -46.3489 43.9159 0.0719063 -46.3489 43.3826 0.0719063 -62.3489 44.4493 0.0719063 -62.3489 43.9159 0.0719063 -62.3489 43.3826 0.0719063 -14.3489 44.4493 0.0719063 -14.3489 43.9159 0.0719063 -14.3489 43.3826 0.0719063 -30.3489 44.4493 0.0719063 -30.3489 43.9159 0.0719063 -30.3489 43.3826 0.0719063 1.65106 44.4493 0.0719063 1.65106 43.9159 0.0719063 1.65106 43.3826 0.0719063 17.6511 43.3826 0.0719063 17.6511 43.9159 0.0719063 17.6511 44.4493 0.0719063 65.6511 44.4493 0.0719063 65.6511 43.9159 0.0719063 65.6511 43.3826 0.0719063 49.6511 44.4493 0.0719063 49.6511 43.9159 0.0719063 49.6511 43.3826 0.0719063 97.6511 44.4493 0.0719063 97.6511 43.9159 0.0719063 97.6511 43.3826 0.0719063 81.6511 44.4493 0.0719063 81.6511 43.9159 0.0719063 81.6511 43.3826 0.0719063 129.651 44.4493 0.0719063 129.651 43.9159 0.0719063 129.651 43.3826 0.0719063 113.651 44.4493 0.0719063 113.651 43.9159 0.0719063 113.651 43.3826 0.0719063 33.1171 91.916 0.0719063 33.6513 91.916 0.0719063 34.1855 91.916 0.0719063 33.1168 75.9159 0.0719063 33.6513 75.9159 0.0719063 34.1858 75.9159 0.0719063 33.1173 107.916 0.0719063 33.6513 107.916 0.0719063 34.1853 107.916 0.0719063 34.1852 123.916 0.0719063 33.6513 123.916 0.0719063 33.1174 123.916 0.0719063 33.1155 27.9159 0.0719063 33.6514 27.9159 0.0719063 34.1873 27.9159 0.0719063 33.1147 11.9159 0.0719063 33.6514 11.9159 0.0719063 34.1881 11.9159 0.0719063 33.1136 3.91595 0.0719063 33.6515 3.91595 0.0719063 34.1893 3.91595 0.0719063 33.1104 -12.0841 0.0719063 33.6516 -12.0841 0.0719063 34.1928 -12.0841 0.0719063 34.1908 -4.08405 0.0719063 33.6515 -4.08405 0.0719063 33.1122 -4.08405 0.0719063 34.1955 -20.0841 0.0719063 33.6517 -20.0841 0.0719063 33.1079 -20.0841 0.0719063 33.1046 -28.2996 0.0719063 33.6519 -28.2457 0.0719063 34.1991 -28.1918 0.0719063 -142.882 27.916 0.0719063 -142.349 27.916 0.0719063 -141.816 27.916 0.0719063 -142.882 11.9159 0.0719063 -142.349 11.9159 0.0719063 -141.816 11.916 0.0719063 -142.882 -12.084 0.0719063 -142.349 -12.084 0.0719063 -141.816 -12.084 0.0719063 -141.816 -4.08405 0.0719063 -142.349 -4.08405 0.0719063 -142.882 -4.08405 0.0719063 -141.816 -20.084 0.0719063 -142.349 -20.084 0.0719063 -142.882 -20.084 0.0719063 -142.885 -36.0841 0.0719063 -142.352 -36.0841 0.0719063 -141.818 -36.084 0.0719063 -142.885 -44.0841 0.0719063 -142.352 -44.0841 0.0719063 -141.818 -44.0841 0.0719063 -141.818 -52.084 0.0719063 -142.352 -52.084 0.0719063 -142.885 -52.084 0.0719063 -126.349 -83.5507 0.0719063 -126.349 -84.0841 0.0719063 -126.349 -84.6174 0.0719063 -110.349 -84.6174 0.0719063 -110.349 -84.0841 0.0719063 -110.349 -83.5507 0.0719063 -102.349 -83.5507 0.0719063 -102.349 -84.0841 0.0719063 -102.349 -84.6174 0.0719063 -94.3489 -84.6174 0.0719063 -94.3489 -84.0841 0.0719063 -94.3489 -83.5507 0.0719063 -46.3489 -83.5507 0.0719063 -46.3489 -84.0841 0.0719063 -46.3489 -84.6174 0.0719063 -62.3489 -83.5507 0.0719063 -62.3489 -84.0841 0.0719063 -62.3489 -84.6174 0.0719063 -30.3489 -83.5507 0.0719063 -30.3489 -84.0841 0.0719063 -30.3489 -84.6174 0.0719063 -22.0338 -84.6174 0.0719063 -22.0338 -84.0841 0.0719063 -22.0338 -83.5507 0.0719063 -78.8823 -116.084 0.0719063 -78.3489 -116.084 0.0719063 -77.8156 -116.084 0.0719063 -78.8823 -132.084 0.0719063 -78.3489 -132.084 0.0719063 -77.8156 -132.084 0.0719063 -78.8823 -164.084 0.0719063 -78.3489 -164.084 0.0719063 -77.8156 -164.084 0.0719063 -77.8156 -148.084 0.0719063 -78.3489 -148.084 0.0719063 -78.8823 -148.084 0.0719063 -141.816 -148.084 0.0719063 -142.349 -148.084 0.0719063 -142.882 -148.084 0.0719063 -142.882 -132.084 0.0719063 -142.349 -132.084 0.0719063 -141.816 -132.084 0.0719063 -142.882 -100.084 0.0719063 -142.349 -100.084 0.0719063 -141.816 -100.084 0.0719063 -142.882 -116.084 0.0719063 -142.349 -116.084 0.0719063 -141.816 -116.084 0.0719063 33.1071 -164.084 0.0719063 33.6502 -164.084 0.0719063 34.1932 -164.084 0.0719063 34.1955 -148.084 0.0719063 33.6501 -148.084 0.0719063 33.1047 -148.084 0.0719063 113.651 -83.5507 0.0719063 113.651 -84.0841 0.0719063 113.651 -84.6174 0.0719063 129.651 -84.6174 0.0719063 129.651 -84.0841 0.0719063 129.651 -83.5507 0.0719063 97.6511 -83.5507 0.0719063 97.6511 -84.0841 0.0719063 97.6511 -84.6174 0.0719063 89.3359 -83.5507 0.0719063 89.3359 -84.0841 0.0719063 89.3359 -84.6174 0.0719063 -78.8823 -36.084 0.0719063 -78.3489 -36.084 0.0719063 -77.8156 -36.084 0.0719063 -78.8823 -44.0841 0.0719063 -78.3489 -44.0841 0.0719063 -77.8156 -44.0841 0.0719063 -77.8156 -52.084 0.0719063 -78.3489 -52.084 0.0719063 -78.8823 -52.084 0.0719063 -78.8823 -12.084 0.0719063 -78.3489 -12.084 0.0719063 -77.8156 -12.084 0.0719063 -77.8156 -4.08405 0.0719063 -78.3489 -4.08405 0.0719063 -78.8823 -4.08405 0.0719063 -77.8156 -20.0841 0.0719063 -78.3489 -20.0841 0.0719063 -78.8823 -20.0841 0.0719063 -78.8823 11.9159 0.0719063 -78.3489 11.9159 0.0719063 -77.8156 11.9159 0.0719063 -77.8156 27.916 0.0719063 -78.3489 27.916 0.0719063 -78.8823 27.916 0.0719063 177.651 -5.68406 0.0719063 193.651 -5.68406 0.0719063 209.651 -5.68406 0.0719063 225.651 -5.68406 0.0719063 241.651 -5.68406 0.0719063 257.651 -5.68406 0.0719063 161.651 -5.68406 0.0719063 257.651 -5.68406 0.0719063 273.651 -5.68406 0.0719063 -158.349 155.916 0.0719063 161.651 155.916 0.0719063 129.651 155.916 0.0719063 113.651 155.916 0.0719063 97.6511 155.916 0.0719063 81.6511 155.916 0.0719063 65.6511 155.916 0.0719063 49.6511 155.916 0.0719063 17.6511 155.916 0.0719063 1.65105 155.916 0.0719063 -14.3489 155.916 0.0719063 -30.3489 155.916 0.0719063 -46.3489 155.916 0.0719063 -62.3489 155.916 0.0719063 -94.3489 155.916 0.0719063 -110.349 155.916 0.0719063 -126.349 155.916 0.0719063 273.651 155.916 0.0719063 257.651 155.916 0.0719063 241.651 155.916 0.0719063 225.651 155.916 0.0719063 209.651 155.916 0.0719063 193.651 155.916 0.0719063 177.651 155.916 0.0719063 -102.349 155.916 0.0719063 -86.3489 155.916 0.0719063 -70.3489 155.916 0.0719063 -145.549 155.916 0.0719063 -139.149 155.916 0.0719063 30.4487 155.916 0.0719063 36.8535 155.916 0.0719063 -81.5489 155.916 0.0719063 -75.1489 155.916 0.0719063 142.451 155.916 0.0719063 148.851 155.916 0.0719063 -158.349 157.916 0.0719063 161.651 157.916 0.0719063 129.651 157.916 0.0719063 113.651 157.916 0.0719063 97.6511 157.916 0.0719063 81.6511 157.916 0.0719063 65.6511 157.916 0.0719063 49.6511 157.916 0.0719063 17.6511 157.916 0.0719063 1.65105 157.916 0.0719063 -14.3489 157.916 0.0719063 -30.3489 157.916 0.0719063 -46.3489 157.916 0.0719063 -62.3489 157.916 0.0719063 -94.3489 157.916 0.0719063 -110.349 157.916 0.0719063 -126.349 157.916 0.0719063 273.651 157.916 0.0719063 257.651 157.916 0.0719063 241.651 157.916 0.0719063 225.651 157.916 0.0719063 209.651 157.916 0.0719063 193.651 157.916 0.0719063 177.651 157.916 0.0719063 -102.349 157.916 0.0719063 -86.3489 157.916 0.0719063 -70.3489 157.916 0.0719063 -145.549 157.916 0.0719063 -139.149 157.916 0.0719063 30.4487 157.916 0.0719063 36.8535 157.916 0.0719063 -81.5489 157.916 0.0719063 -75.1489 157.916 0.0719063 142.451 157.916 0.0719063 148.851 157.916 0.0719063 -160.349 155.916 0.0719063 -160.349 123.916 0.0719063 -160.349 107.916 0.0719063 -160.349 91.9159 0.0719063 -160.349 75.9159 0.0719063 -160.349 59.9159 0.0719063 -160.349 27.9159 0.0719063 -160.349 11.9159 0.0719063 -160.349 -4.08407 0.0719063 -160.349 -20.0841 0.0719063 -160.349 -36.0841 0.0719063 -160.349 -12.0841 0.0719063 -160.349 -44.0841 0.0719063 -160.349 3.91594 0.0719063 -160.349 136.986 0.0719063 -160.349 142.846 0.0719063 -160.349 40.7159 0.0719063 -160.349 47.1159 0.0719063 -160.349 155.916 0.0719063 -160.349 157.916 0.0719063 -158.349 -100.084 0.0719063 -174.62 -84.0841 0.0719063 -174.62 -68.0841 0.0719063 -174.62 -60.0841 0.0719063 -158.349 -44.0841 0.0719063 -166.484 -52.0841 0.0719063 -174.62 -76.0841 0.0719063 -160.349 -100.084 0.0719063 -176.62 -84.0841 0.0719063 -176.62 -68.0841 0.0719063 -176.62 -60.0841 0.0719063 -160.349 -44.0841 0.0719063 -168.484 -52.0841 0.0719063 -176.62 -76.0841 0.0719063 -158.349 -164.084 0.0719063 -158.349 -100.084 0.0719063 -158.349 -116.084 0.0719063 -158.349 -132.084 0.0719063 -158.349 -148.084 0.0719063 -158.349 -196.084 0.0719063 -158.349 -182.445 0.0719063 -158.349 -176.045 0.0719063 -160.349 -164.084 0.0719063 -160.349 -100.084 0.0719063 -160.349 -116.084 0.0719063 -160.349 -132.084 0.0719063 -160.349 -148.084 0.0719063 -160.349 -196.084 0.0719063 -160.349 -182.445 0.0719063 -160.349 -176.045 0.0719063 -158.349 -196.084 0.0719063 -126.349 -196.084 0.0719063 -110.349 -196.084 0.0719063 -102.349 -196.084 0.0719063 -139.149 -196.084 0.0719063 -145.549 -196.084 0.0719063 -158.349 -196.084 0.0719063 -160.349 -196.084 0.0719063 -158.349 -198.084 0.0719063 -126.349 -198.084 0.0719063 -110.349 -198.084 0.0719063 -102.349 -198.084 0.0719063 -139.149 -198.084 0.0719063 -145.549 -198.084 0.0719063 -158.349 -198.084 0.0719063 -160.349 -198.084 0.0719063 -46.3489 -198.084 0.0719063 -78.3489 -214.084 0.0719063 -62.3489 -214.084 0.0719063 -102.349 -198.084 0.0719063 -86.3489 -214.084 0.0719063 -94.3489 -206.084 0.0719063 -70.3489 -214.084 0.0719063 161.651 -198.084 0.0719063 -46.3489 -198.084 0.0719063 -30.3489 -198.084 0.0719063 -14.3489 -198.084 0.0719063 1.65106 -198.084 0.0719063 17.6511 -198.084 0.0719063 49.6511 -198.084 0.0719063 65.6511 -198.084 0.0719063 81.6511 -198.084 0.0719063 97.6511 -198.084 0.0719063 113.651 -198.084 0.0719063 129.651 -198.084 0.0719063 36.8928 -198.084 0.0719063 30.4081 -198.084 0.0719063 148.851 -198.084 0.0719063 142.451 -198.084 0.0719063 163.651 -198.084 0.0719063 273.651 155.916 0.0719063 273.651 124.716 0.0719063 273.651 137.132 0.0719063 273.651 142.846 0.0719063 273.651 3.91594 0.0719063 273.651 27.1159 0.0719063 273.651 28.7159 0.0719063 273.651 11.1159 0.0719063 273.651 12.7159 0.0719063 273.651 123.116 0.0719063 273.651 91.1159 0.0719063 273.651 92.7159 0.0719063 273.651 75.1159 0.0719063 273.651 76.7159 0.0719063 273.651 43.1159 0.0719063 273.651 44.7159 0.0719063 273.651 107.116 0.0719063 273.651 108.716 0.0719063 273.651 59.1159 0.0719063 273.651 60.7159 0.0719063 273.651 -3.68406 0.0719063 273.651 27.1159 0.0719063 273.651 28.7159 0.0719063 273.651 11.1159 0.0719063 273.651 12.7159 0.0719063 273.651 123.116 0.0719063 273.651 124.716 0.0719063 273.651 91.1159 0.0719063 273.651 92.7159 0.0719063 273.651 75.1159 0.0719063 273.651 76.7159 0.0719063 273.651 43.1159 0.0719063 273.651 44.7159 0.0719063 273.651 107.116 0.0719063 273.651 108.716 0.0719063 273.651 59.1159 0.0719063 273.651 60.7159 0.0719063 273.651 -5.68406 0.0719063 273.651 155.916 0.0719063 273.651 157.916 0.0719063 275.651 155.916 0.0719063 275.651 124.716 0.0719063 275.651 137.132 0.0719063 275.651 142.846 0.0719063 275.651 3.91594 0.0719063 275.651 27.1159 0.0719063 275.651 28.7159 0.0719063 275.651 11.1159 0.0719063 275.651 12.7159 0.0719063 275.651 123.116 0.0719063 275.651 91.1159 0.0719063 275.651 92.7159 0.0719063 275.651 75.1159 0.0719063 275.651 76.7159 0.0719063 275.651 43.1159 0.0719063 275.651 44.7159 0.0719063 275.651 107.116 0.0719063 275.651 108.716 0.0719063 275.651 59.1159 0.0719063 275.651 60.7159 0.0719063 275.651 -3.68406 0.0719063 275.651 27.1159 0.0719063 275.651 28.7159 0.0719063 275.651 11.1159 0.0719063 275.651 12.7159 0.0719063 275.651 123.116 0.0719063 275.651 124.716 0.0719063 275.651 91.1159 0.0719063 275.651 92.7159 0.0719063 275.651 75.1159 0.0719063 275.651 76.7159 0.0719063 275.651 43.1159 0.0719063 275.651 44.7159 0.0719063 275.651 107.116 0.0719063 275.651 108.716 0.0719063 275.651 59.1159 0.0719063 275.651 60.7159 0.0719063 275.651 -5.68406 0.0719063 275.651 155.916 0.0719063 275.651 157.916 0.0719063 161.651 155.916 0.0719063 161.651 157.916 0.0719063 161.651 155.916 0.0719063 161.651 157.916 0.0719063 161.651 155.916 0.0719063 177.651 155.916 0.0719063 161.651 157.916 0.0719063 177.651 157.916 0.0719063 -101.349 -197.084 0.0719063 -100.349 -198.084 0.0719063 -99.3489 -199.084 0.0719063 -98.3489 -200.084 0.0719063 -97.3489 -201.084 0.0719063 -96.3489 -202.084 0.0719063 -95.3489 -203.084 0.0719063 -101.349 -199.084 0.0719063 -100.349 -200.084 0.0719063 -99.3489 -201.084 0.0719063 -98.3489 -202.084 0.0719063 -97.3489 -203.084 0.0719063 -96.3489 -204.084 0.0719063 -95.3489 -205.084 0.0719063 -47.4156 -197.151 0.0719063 -47.4156 -197.151 0.0719063 -48.4823 -198.217 0.0719063 -49.5489 -199.284 0.0719063 -50.6156 -200.351 0.0719063 -51.6823 -201.417 0.0719063 -52.7489 -202.484 0.0719063 -53.8156 -203.551 0.0719063 -54.8823 -204.617 0.0719063 -54.8823 -204.617 0.0719063 -55.949 -205.684 0.0719063 -55.949 -205.684 0.0719063 -57.0156 -206.751 0.0719063 -58.0823 -207.817 0.0719063 -59.1489 -208.884 0.0719063 -60.2156 -209.951 0.0719063 -61.2823 -211.017 0.0719063 -47.4156 -199.151 0.0719063 -48.4823 -200.217 0.0719063 -49.5489 -201.284 0.0719063 -50.6156 -202.351 0.0719063 -51.6823 -203.417 0.0719063 -52.7489 -204.484 0.0719063 -53.8156 -205.551 0.0719063 -54.8823 -206.617 0.0719063 -55.949 -207.684 0.0719063 -57.0156 -208.751 0.0719063 -58.0823 -209.817 0.0719063 -59.1489 -210.884 0.0719063 -60.2156 -211.951 0.0719063 -61.2823 -213.017 0.0719063 -126.349 59.916 0.0719063 -126.349 75.916 0.0719063 225.651 27.9159 0.0719063 225.651 5.27142 0.0719063 225.651 -3.68406 0.0719063 -140.749 47.116 0.0719063 225.651 13.5159 0.0719063 225.651 10.3159 0.0719063 -140.749 47.116 0.0719063 225.651 13.5159 0.0719063 225.651 10.3159 0.0719063 225.651 12.9826 0.0719063 225.651 12.4493 0.0719063 225.651 11.3826 0.0719063 225.651 10.8493 0.0719063 -141.282 47.116 0.0719063 -141.816 47.116 0.0719063 -158.349 -52.0841 0.0719063 -158.349 -68.0841 0.0719063 -158.349 -100.084 0.0719063 49.6511 -20.0841 0.0719063 49.6511 -4.08405 0.0719063 49.6511 11.9159 0.0719063 49.6511 27.9159 0.0719063 -94.3489 -196.084 0.0719063 -62.3489 -196.084 0.0719063 -46.3489 -196.084 0.0719063 49.6511 -28.0723 0.0719063 49.6511 -12.0841 0.0719063 -158.349 -60.0841 0.0719063 -158.349 -44.0841 0.0719063 -102.349 -196.084 0.0719063 -86.3489 -196.084 0.0719063 49.6511 3.91595 0.0719063 -158.349 -76.0841 0.0719063 -70.3489 -196.084 0.0719063 -158.349 -87.2841 0.0719063 -158.349 -80.8841 0.0719063 -75.1489 -196.084 0.0719063 -81.5489 -196.084 0.0719063 -94.3489 -197.085 0.0719063 -101.365 -197.068 0.0719063 -79.5783 -197.113 0.0719063 -62.3489 -197.136 0.0719063 -77.1258 -197.117 0.0719063 -86.3489 -197.104 0.0719063 -47.4211 -197.156 0.0719063 -70.3489 -197.126 0.0719063 -159.366 -45.0841 0.0719063 -160.383 -46.0841 0.0719063 -161.4 -47.0841 0.0719063 -162.417 -48.0841 0.0719063 -163.434 -49.0841 0.0719063 -164.451 -50.0841 0.0719063 -165.467 -51.0841 0.0719063 -161.366 -45.0841 0.0719063 -162.383 -46.0841 0.0719063 -163.4 -47.0841 0.0719063 -164.417 -48.0841 0.0719063 -165.434 -49.0841 0.0719063 -166.451 -50.0841 0.0719063 -167.467 -51.0841 0.0719063 -159.434 -99.0174 0.0719063 -160.518 -97.9507 0.0719063 -161.603 -96.8841 0.0719063 -162.688 -95.8174 0.0719063 -163.773 -94.7507 0.0719063 -164.857 -93.6841 0.0719063 -165.942 -92.6174 0.0719063 -167.027 -91.5507 0.0719063 -168.112 -90.4841 0.0719063 -169.196 -89.4174 0.0719063 -170.281 -88.3507 0.0719063 -171.366 -87.2841 0.0719063 -172.45 -86.2174 0.0719063 -173.535 -85.1507 0.0719063 -161.434 -99.0174 0.0719063 -162.518 -97.9507 0.0719063 -163.603 -96.8841 0.0719063 -164.688 -95.8174 0.0719063 -165.773 -94.7507 0.0719063 -166.857 -93.6841 0.0719063 -167.942 -92.6174 0.0719063 -169.027 -91.5507 0.0719063 -170.112 -90.4841 0.0719063 -171.196 -89.4174 0.0719063 -172.281 -88.3507 0.0719063 -173.366 -87.2841 0.0719063 -174.45 -86.2174 0.0719063 -175.535 -85.1507 0.0719063 50.7177 26.8493 0.0719063 -159.39 -76.0841 0.0719063 -159.425 -99.0263 0.0719063 -159.406 -86.2274 0.0719063 -159.379 -68.0841 0.0719063 -159.399 -81.9343 0.0719063 -159.367 -60.0841 0.0719063 -159.344 -45.0628 0.0719063 -159.355 -52.0841 0.0719063 -159.344 -45.0628 0.0719063 -159.344 -45.0628 0.0719063 50.6672 -4.08405 0.0719063 50.6541 -12.0841 0.0719063 50.6411 -20.0841 0.0719063 50.6933 11.9159 0.0719063 50.6296 -27.0945 0.0719063 50.6803 3.91595 0.0719063 -140.749 58.6969 0.0719063 -140.749 58.0874 0.0719063 -140.749 57.4779 0.0719063 -140.749 56.8683 0.0719063 -140.749 56.2588 0.0719063 -140.749 55.6493 0.0719063 -140.749 55.0398 0.0719063 -140.749 54.4302 0.0719063 -140.749 53.8207 0.0719063 -140.749 53.2112 0.0719063 -140.749 52.6017 0.0719063 -140.749 51.9921 0.0719063 -140.749 51.3826 0.0719063 -140.749 50.7731 0.0719063 -140.749 50.1636 0.0719063 -140.749 49.5541 0.0719063 -140.749 48.9445 0.0719063 -140.749 48.335 0.0719063 -140.749 47.7255 0.0719063 -140.749 58.6969 0.0719063 -140.749 58.0874 0.0719063 -140.749 57.4779 0.0719063 -140.749 56.8683 0.0719063 -140.749 56.2588 0.0719063 -140.749 55.6493 0.0719063 -140.749 55.0398 0.0719063 -140.749 54.4302 0.0719063 -140.749 53.8207 0.0719063 -140.749 53.2112 0.0719063 -140.749 52.6017 0.0719063 -140.749 51.9921 0.0719063 -140.749 51.3826 0.0719063 -140.749 50.7731 0.0719063 -140.749 50.1636 0.0719063 -140.749 49.5541 0.0719063 -140.749 48.9445 0.0719063 -140.749 48.335 0.0719063 -140.749 47.7255 0.0719063 -141.282 58.6969 0.0719063 -141.282 58.0874 0.0719063 -141.282 57.4779 0.0719063 -141.282 56.8683 0.0719063 -141.282 56.2588 0.0719063 -141.282 55.6493 0.0719063 -141.282 55.0398 0.0719063 -141.282 54.4302 0.0719063 -141.282 53.8207 0.0719063 -141.282 53.2112 0.0719063 -141.282 52.6017 0.0719063 -141.282 51.9921 0.0719063 -141.282 51.3826 0.0719063 -141.282 50.7731 0.0719063 -141.282 50.1636 0.0719063 -141.282 49.5541 0.0719063 -141.282 48.9445 0.0719063 -141.282 48.335 0.0719063 -141.282 47.7255 0.0719063 -141.816 58.0874 0.0719063 -141.816 57.4779 0.0719063 -141.816 56.8683 0.0719063 -141.816 56.2588 0.0719063 -141.816 55.6493 0.0719063 -141.816 55.0398 0.0719063 -141.816 54.4302 0.0719063 -141.816 53.8207 0.0719063 -141.816 53.2112 0.0719063 -141.816 52.6017 0.0719063 -141.816 51.9921 0.0719063 -141.816 51.3826 0.0719063 -141.816 50.7731 0.0719063 -141.816 50.1636 0.0719063 -141.816 49.554 0.0719063 -141.816 48.9445 0.0719063 -141.816 48.335 0.0719063 -141.816 47.7255 0.0719063 -126.349 60.6779 0.0719063 -126.349 61.4398 0.0719063 -126.349 62.2017 0.0719063 -126.349 62.9636 0.0719063 -126.349 63.7255 0.0719063 -126.349 64.4874 0.0719063 -126.349 65.2493 0.0719063 -126.349 66.0112 0.0719063 -126.349 66.7731 0.0719063 -126.349 67.535 0.0719063 -126.349 68.2969 0.0719063 -126.349 69.0588 0.0719063 -126.349 69.8207 0.0719063 -126.349 70.5826 0.0719063 -126.349 71.3445 0.0719063 -126.349 72.1064 0.0719063 -126.349 72.8683 0.0719063 -126.349 73.6302 0.0719063 -126.349 74.3921 0.0719063 -126.349 75.1541 0.0719063 -127.035 59.916 0.0719063 -127.72 59.916 0.0719063 -128.406 59.916 0.0719063 -129.092 59.916 0.0719063 -129.778 59.916 0.0719063 -130.463 59.916 0.0719063 -131.149 59.916 0.0719063 -131.835 59.916 0.0719063 -132.52 59.916 0.0719063 -133.206 59.916 0.0719063 -133.892 59.916 0.0719063 -134.578 59.916 0.0719063 -135.263 59.916 0.0719063 -135.949 59.916 0.0719063 -136.635 59.916 0.0719063 -137.32 59.916 0.0719063 -138.006 59.916 0.0719063 -138.692 59.916 0.0719063 -139.378 59.916 0.0719063 -140.063 47.0398 0.0719063 -140.063 59.3028 0.0719063 -139.378 59.2992 0.0719063 -138.692 59.2955 0.0719063 -138.006 59.2919 0.0719063 -137.32 59.2883 0.0719063 -136.635 59.2847 0.0719063 -135.949 59.281 0.0719063 -135.263 59.2774 0.0719063 -134.578 59.2738 0.0719063 -133.892 59.2702 0.0719063 -133.206 59.2665 0.0719063 -132.52 59.2629 0.0719063 -131.835 59.2593 0.0719063 -131.149 59.2556 0.0719063 -130.463 59.252 0.0719063 -129.778 59.2484 0.0719063 -129.092 59.2448 0.0719063 -128.406 59.2411 0.0719063 -127.72 59.2375 0.0719063 -127.035 59.2339 0.0719063 -140.063 58.6897 0.0719063 -139.378 58.6824 0.0719063 -138.692 58.6751 0.0719063 -138.006 58.6679 0.0719063 -137.32 58.6606 0.0719063 -136.635 58.6534 0.0719063 -135.949 58.6461 0.0719063 -135.263 58.6389 0.0719063 -134.578 58.6316 0.0719063 -133.892 58.6244 0.0719063 -133.206 58.6171 0.0719063 -132.52 58.6098 0.0719063 -131.835 58.6026 0.0719063 -131.149 58.5953 0.0719063 -130.463 58.5881 0.0719063 -129.778 58.5808 0.0719063 -129.092 58.5736 0.0719063 -128.406 58.5663 0.0719063 -140.063 58.0765 0.0719063 -139.378 58.0656 0.0719063 -138.692 58.0547 0.0719063 -138.006 58.0438 0.0719063 -137.32 58.033 0.0719063 -136.635 58.0221 0.0719063 -135.949 58.0112 0.0719063 -135.263 58.0003 0.0719063 -134.578 57.9894 0.0719063 -133.892 57.9785 0.0719063 -133.206 57.9677 0.0719063 -132.52 57.9568 0.0719063 -131.835 57.9459 0.0719063 -131.149 57.935 0.0719063 -130.463 57.9241 0.0719063 -129.778 57.9132 0.0719063 -140.063 57.4633 0.0719063 -139.378 57.4488 0.0719063 -138.692 57.4343 0.0719063 -138.006 57.4198 0.0719063 -137.32 57.4053 0.0719063 -136.635 57.3908 0.0719063 -135.949 57.3763 0.0719063 -135.263 57.3618 0.0719063 -134.578 57.3473 0.0719063 -133.892 57.3327 0.0719063 -133.206 57.3182 0.0719063 -132.52 57.3037 0.0719063 -131.835 57.2892 0.0719063 -131.149 57.2747 0.0719063 -140.063 56.8502 0.0719063 -139.378 56.8321 0.0719063 -138.692 56.8139 0.0719063 -138.006 56.7958 0.0719063 -137.32 56.7776 0.0719063 -136.635 56.7595 0.0719063 -135.949 56.7414 0.0719063 -135.263 56.7232 0.0719063 -134.578 56.7051 0.0719063 -133.892 56.6869 0.0719063 -133.206 56.6688 0.0719063 -132.52 56.6507 0.0719063 -131.835 56.6325 0.0719063 -140.063 56.237 0.0719063 -139.378 56.2153 0.0719063 -138.692 56.1935 0.0719063 -138.006 56.1717 0.0719063 -137.32 56.15 0.0719063 -136.635 56.1282 0.0719063 -135.949 56.1064 0.0719063 -135.263 56.0847 0.0719063 -134.578 56.0629 0.0719063 -133.892 56.0411 0.0719063 -133.206 56.0194 0.0719063 -132.52 55.9976 0.0719063 -140.063 55.6239 0.0719063 -139.378 55.5985 0.0719063 -138.692 55.5731 0.0719063 -138.006 55.5477 0.0719063 -137.32 55.5223 0.0719063 -136.635 55.4969 0.0719063 -135.949 55.4715 0.0719063 -135.263 55.4461 0.0719063 -134.578 55.4207 0.0719063 -133.892 55.3953 0.0719063 -133.206 55.3699 0.0719063 -140.063 55.0107 0.0719063 -139.378 54.9817 0.0719063 -138.692 54.9527 0.0719063 -138.006 54.9237 0.0719063 -137.32 54.8946 0.0719063 -136.635 54.8656 0.0719063 -135.949 54.8366 0.0719063 -135.263 54.8076 0.0719063 -134.578 54.7785 0.0719063 -133.892 54.7495 0.0719063 -140.063 54.3976 0.0719063 -139.378 54.3649 0.0719063 -138.692 54.3323 0.0719063 -138.006 54.2996 0.0719063 -137.32 54.267 0.0719063 -136.635 54.2343 0.0719063 -135.949 54.2017 0.0719063 -135.263 54.169 0.0719063 -134.578 54.1364 0.0719063 -140.063 53.7844 0.0719063 -139.378 53.7482 0.0719063 -138.692 53.7119 0.0719063 -138.006 53.6756 0.0719063 -137.32 53.6393 0.0719063 -136.635 53.603 0.0719063 -135.949 53.5667 0.0719063 -135.263 53.5305 0.0719063 -140.063 53.1713 0.0719063 -139.378 53.1314 0.0719063 -138.692 53.0915 0.0719063 -138.006 53.0516 0.0719063 -137.32 53.0116 0.0719063 -136.635 52.9717 0.0719063 -135.949 52.9318 0.0719063 -140.063 52.5581 0.0719063 -139.378 52.5146 0.0719063 -138.692 52.4711 0.0719063 -138.006 52.4275 0.0719063 -137.32 52.384 0.0719063 -136.635 52.3404 0.0719063 -135.949 52.2969 0.0719063 -140.063 51.945 0.0719063 -139.378 51.8978 0.0719063 -138.692 51.8507 0.0719063 -138.006 51.8035 0.0719063 -137.32 51.7563 0.0719063 -136.635 51.7092 0.0719063 -140.063 51.3318 0.0719063 -139.378 51.281 0.0719063 -138.692 51.2302 0.0719063 -138.006 51.1795 0.0719063 -137.32 51.1287 0.0719063 -140.063 50.7187 0.0719063 -139.378 50.6643 0.0719063 -138.692 50.6098 0.0719063 -138.006 50.5554 0.0719063 -137.32 50.501 0.0719063 -140.063 50.1055 0.0719063 -139.378 50.0475 0.0719063 -138.692 49.9894 0.0719063 -138.006 49.9314 0.0719063 -140.063 49.4924 0.0719063 -139.378 49.4307 0.0719063 -138.692 49.369 0.0719063 -140.063 48.8792 0.0719063 -139.378 48.8139 0.0719063 -140.063 48.2661 0.0719063 -139.378 48.1971 0.0719063 -140.063 47.6529 0.0719063 -127.035 75.1541 0.0719063 -127.72 74.3921 0.0719063 -127.035 74.3921 0.0719063 -127.72 73.6302 0.0719063 -127.035 73.6302 0.0719063 -128.406 72.8683 0.0719063 -127.72 72.8683 0.0719063 -127.035 72.8683 0.0719063 -129.092 72.1064 0.0719063 -128.406 72.1064 0.0719063 -127.72 72.1064 0.0719063 -127.035 72.1064 0.0719063 -129.092 71.3445 0.0719063 -128.406 71.3445 0.0719063 -127.72 71.3445 0.0719063 -127.035 71.3445 0.0719063 -129.778 70.5826 0.0719063 -129.092 70.5826 0.0719063 -128.406 70.5826 0.0719063 -127.72 70.5826 0.0719063 -127.035 70.5826 0.0719063 -130.463 69.8207 0.0719063 -129.778 69.8207 0.0719063 -129.092 69.8207 0.0719063 -128.406 69.8207 0.0719063 -127.72 69.8207 0.0719063 -127.035 69.8207 0.0719063 -130.463 69.0588 0.0719063 -129.778 69.0588 0.0719063 -129.092 69.0588 0.0719063 -128.406 69.0588 0.0719063 -127.72 69.0588 0.0719063 -127.035 69.0588 0.0719063 -131.149 68.2969 0.0719063 -130.463 68.2969 0.0719063 -129.778 68.2969 0.0719063 -129.092 68.2969 0.0719063 -128.406 68.2969 0.0719063 -127.72 68.2969 0.0719063 -127.035 68.2969 0.0719063 -131.835 67.535 0.0719063 -131.149 67.535 0.0719063 -130.463 67.535 0.0719063 -129.778 67.535 0.0719063 -129.092 67.535 0.0719063 -128.406 67.535 0.0719063 -127.72 67.535 0.0719063 -127.035 67.535 0.0719063 -132.52 66.7731 0.0719063 -131.835 66.7731 0.0719063 -131.149 66.7731 0.0719063 -130.463 66.7731 0.0719063 -129.778 66.7731 0.0719063 -129.092 66.7731 0.0719063 -128.406 66.7731 0.0719063 -127.72 66.7731 0.0719063 -127.035 66.7731 0.0719063 -133.206 66.0112 0.0719063 -132.52 66.0112 0.0719063 -131.835 66.0112 0.0719063 -131.149 66.0112 0.0719063 -130.463 66.0112 0.0719063 -129.778 66.0112 0.0719063 -129.092 66.0112 0.0719063 -128.406 66.0112 0.0719063 -127.72 66.0112 0.0719063 -127.035 66.0112 0.0719063 -133.892 65.2493 0.0719063 -133.206 65.2493 0.0719063 -132.52 65.2493 0.0719063 -131.835 65.2493 0.0719063 -131.149 65.2493 0.0719063 -130.463 65.2493 0.0719063 -129.778 65.2493 0.0719063 -129.092 65.2493 0.0719063 -128.406 65.2493 0.0719063 -127.72 65.2493 0.0719063 -127.035 65.2493 0.0719063 -134.578 64.4874 0.0719063 -133.892 64.4874 0.0719063 -133.206 64.4874 0.0719063 -132.52 64.4874 0.0719063 -131.835 64.4874 0.0719063 -131.149 64.4874 0.0719063 -130.463 64.4874 0.0719063 -129.778 64.4874 0.0719063 -129.092 64.4874 0.0719063 -128.406 64.4874 0.0719063 -127.72 64.4874 0.0719063 -127.035 64.4874 0.0719063 -135.263 63.7255 0.0719063 -134.578 63.7255 0.0719063 -133.892 63.7255 0.0719063 -133.206 63.7255 0.0719063 -132.52 63.7255 0.0719063 -131.835 63.7255 0.0719063 -131.149 63.7255 0.0719063 -130.463 63.7255 0.0719063 -129.778 63.7255 0.0719063 -129.092 63.7255 0.0719063 -128.406 63.7255 0.0719063 -127.72 63.7255 0.0719063 -127.035 63.7255 0.0719063 -135.949 62.9636 0.0719063 -135.263 62.9636 0.0719063 -134.578 62.9636 0.0719063 -133.892 62.9636 0.0719063 -133.206 62.9636 0.0719063 -132.52 62.9636 0.0719063 -131.835 62.9636 0.0719063 -131.149 62.9636 0.0719063 -130.463 62.9636 0.0719063 -129.778 62.9636 0.0719063 -129.092 62.9636 0.0719063 -128.406 62.9636 0.0719063 -127.72 62.9636 0.0719063 -127.035 62.9636 0.0719063 -136.635 62.2017 0.0719063 -135.949 62.2017 0.0719063 -135.263 62.2017 0.0719063 -134.578 62.2017 0.0719063 -133.892 62.2017 0.0719063 -133.206 62.2017 0.0719063 -132.52 62.2017 0.0719063 -131.835 62.2017 0.0719063 -131.149 62.2017 0.0719063 -130.463 62.2017 0.0719063 -129.778 62.2017 0.0719063 -129.092 62.2017 0.0719063 -128.406 62.2017 0.0719063 -127.72 62.2017 0.0719063 -127.035 62.2017 0.0719063 -137.32 61.4398 0.0719063 -136.635 61.4398 0.0719063 -135.949 61.4398 0.0719063 -135.263 61.4398 0.0719063 -134.578 61.4398 0.0719063 -133.892 61.4398 0.0719063 -133.206 61.4398 0.0719063 -132.52 61.4398 0.0719063 -131.835 61.4398 0.0719063 -131.149 61.4398 0.0719063 -130.463 61.4398 0.0719063 -129.778 61.4398 0.0719063 -129.092 61.4398 0.0719063 -128.406 61.4398 0.0719063 -127.72 61.4398 0.0719063 -127.035 61.4398 0.0719063 -138.006 60.6779 0.0719063 -137.32 60.6779 0.0719063 -136.635 60.6779 0.0719063 -135.949 60.6779 0.0719063 -135.263 60.6779 0.0719063 -134.578 60.6779 0.0719063 -133.892 60.6779 0.0719063 -133.206 60.6779 0.0719063 -132.52 60.6779 0.0719063 -131.835 60.6779 0.0719063 -131.149 60.6779 0.0719063 -130.463 60.6779 0.0719063 -129.778 60.6779 0.0719063 -129.092 60.6779 0.0719063 -128.406 60.6779 0.0719063 -127.72 60.6779 0.0719063 -127.035 60.6779 0.0719063 -137.095 51.7408 0.0719063 -138.924 49.3899 0.0719063 -138.467 49.9704 0.0719063 -140.295 47.6775 0.0719063 -139.838 48.2435 0.0719063 -128.406 58.9055 0.0719063 -140.063 47.9649 0.0719063 -138.692 49.6847 0.0719063 -127.035 59.5767 0.0719063 -137.32 51.4479 0.0719063 -129.778 58.2488 0.0719063 -137.552 51.1459 0.0719063 -131.378 67.535 0.0719063 -140.063 59.1033 0.0719063 -139.729 59.301 0.0719063 -127.035 74.7731 0.0719063 -137.663 60.6779 0.0719063 -127.263 74.3921 0.0719063 -138.006 60.4239 0.0719063 -128.178 72.8683 0.0719063 -128.406 72.4874 0.0719063 -130.92 68.2969 0.0719063 -129.778 70.2017 0.0719063 -131.149 67.9159 0.0719063 -139.378 59.5096 0.0719063 -126.806 75.1541 0.0719063 -137.32 60.9318 0.0719063 -128.635 72.1064 0.0719063 -130.006 69.8207 0.0719063 -129.549 70.5826 0.0719063 -140.063 59.5293 0.0719063 -140.749 59.0919 0.0719063 -141.787 58.0874 0.0719063 -140.749 59.0919 0.0719063 -138.006 60.9091 0.0719063 -127.035 75.3609 0.0719063 -128.178 73.6302 0.0719063 -130.006 70.5826 0.0719063 -130.92 69.0588 0.0719063 -128.406 73.2493 0.0719063 -129.778 70.9635 0.0719063 -140.461 59.3049 0.0719063 -127.181 75.1541 0.0719063 -126.642 75.916 0.0719063 -131.149 68.6778 0.0719063 -138.305 60.6779 0.0719063 -138.692 60.403 0.0719063 -128.635 72.8683 0.0719063 -129.549 71.3445 0.0719063 -131.378 68.2969 0.0719063 -135.263 52.921 0.0719063 -131.835 56.0411 0.0719063 -125.317 59.916 0.0719063 -134.63 53.497 0.0719063 -136.867 51.0951 0.0719063 -138.708 48.7501 0.0719063 -131.904 55.978 0.0719063 -138.006 49.6357 0.0719063 -128.325 58.5654 0.0719063 -126.349 59.4526 0.0719063 -132.52 55.4171 0.0719063 -127.72 58.8369 0.0719063 -138.692 48.7704 0.0719063 -133.96 54.1069 0.0719063 -136.41 51.6937 0.0719063 -138.249 49.3292 0.0719063 -128.406 58.529 0.0719063 -133.206 54.7931 0.0719063 -127.035 59.1448 0.0719063 -131.203 56.6158 0.0719063 -136.635 51.399 0.0719063 -129.092 58.2211 0.0719063 -133.282 54.7237 0.0719063 -133.892 54.169 0.0719063 -137.787 49.9128 0.0719063 -139.615 47.6055 0.0719063 -130.494 57.2608 0.0719063 -139.378 47.9051 0.0719063 -130.463 57.2892 0.0719063 -126.839 59.2328 0.0719063 -134.578 53.545 0.0719063 -135.293 52.8937 0.0719063 -132.597 55.3474 0.0719063 -139.163 48.1756 0.0719063 -131.149 56.6652 0.0719063 -101.359 -196.084 0.0719063 -95.1285 -197.083 0.0719063 -95.9081 -197.081 0.0719063 -96.6877 -197.079 0.0719063 -97.4673 -197.077 0.0719063 -98.2469 -197.075 0.0719063 -99.0265 -197.073 0.0719063 -99.8061 -197.071 0.0719063 -100.586 -197.07 0.0719063 -95.1278 -196.084 0.0719063 -95.9066 -196.084 0.0719063 -96.6855 -196.084 0.0719063 -97.4643 -196.084 0.0719063 -98.2432 -196.084 0.0719063 -99.022 -196.084 0.0719063 -99.8009 -196.084 0.0719063 -100.58 -196.084 0.0719063 223.651 11.3826 0.0719063 221.651 11.3826 0.0719063 219.651 11.3826 0.0719063 217.651 11.3826 0.0719063 215.651 11.3826 0.0719063 213.651 11.3826 0.0719063 211.651 11.3826 0.0719063 223.651 11.9159 0.0719063 221.651 11.9159 0.0719063 219.651 11.9159 0.0719063 217.651 11.9159 0.0719063 215.651 11.9159 0.0719063 213.651 11.9159 0.0719063 211.651 11.9159 0.0719063 223.651 12.4493 0.0719063 221.651 12.4493 0.0719063 219.651 12.4493 0.0719063 217.651 12.4493 0.0719063 215.651 12.4493 0.0719063 213.651 12.4493 0.0719063 211.651 12.4493 0.0719063 224.651 11.3826 0.0719063 224.651 11.9159 0.0719063 224.651 12.4493 0.0719063 224.651 10.3159 0.0719063 224.651 5.27142 0.0719063 224.651 10.8493 0.0719063 224.651 -3.68406 0.0719063 224.651 11.3826 0.0719063 224.651 10.3159 0.0719063 224.642 13.5159 0.0719063 224.647 12.9826 0.0719063 224.526 27.9159 0.0719063 224.642 13.5159 0.0719063 224.666 12.4493 0.0719063 -93.4601 -196.084 0.0719063 -92.5712 -196.084 0.0719063 -91.6823 -196.084 0.0719063 -90.7934 -196.084 0.0719063 -89.9045 -196.084 0.0719063 -89.0156 -196.084 0.0719063 -88.1267 -196.084 0.0719063 -87.2378 -196.084 0.0719063 -93.4601 -197.087 0.0719063 -92.5712 -197.089 0.0719063 -91.6823 -197.091 0.0719063 -90.7934 -197.093 0.0719063 -89.9045 -197.095 0.0719063 -89.0156 -197.098 0.0719063 -88.1267 -197.1 0.0719063 -87.2378 -197.102 0.0719063 -81.5423 -197.111 0.0719063 -85.5489 -196.084 0.0719063 -84.7489 -196.084 0.0719063 -83.9489 -196.084 0.0719063 -83.1489 -196.084 0.0719063 -82.3489 -196.084 0.0719063 -85.5478 -197.105 0.0719063 -84.7467 -197.106 0.0719063 -83.9456 -197.107 0.0719063 -83.1445 -197.108 0.0719063 -82.3434 -197.11 0.0719063 -79.5724 -196.084 0.0719063 -77.1071 -196.084 0.0719063 -75.1401 -197.119 0.0719063 -71.1489 -196.084 0.0719063 -71.9489 -196.084 0.0719063 -72.7489 -196.084 0.0719063 -73.5489 -196.084 0.0719063 -74.3489 -196.084 0.0719063 -74.3416 -197.12 0.0719063 -73.5431 -197.121 0.0719063 -72.7445 -197.122 0.0719063 -71.946 -197.123 0.0719063 -71.1475 -197.125 0.0719063 -69.3489 -196.084 0.0719063 -68.3489 -196.084 0.0719063 -67.3489 -196.084 0.0719063 -66.3489 -196.084 0.0719063 -65.3489 -196.084 0.0719063 -64.3489 -196.084 0.0719063 -63.3489 -196.084 0.0719063 -69.3489 -197.127 0.0719063 -68.3489 -197.128 0.0719063 -67.3489 -197.13 0.0719063 -66.3489 -197.131 0.0719063 -65.3489 -197.132 0.0719063 -64.3489 -197.134 0.0719063 -63.3489 -197.135 0.0719063 -47.4058 -196.084 0.0719063 -61.3538 -197.138 0.0719063 -60.3586 -197.139 0.0719063 -59.3634 -197.14 0.0719063 -58.3682 -197.142 0.0719063 -57.373 -197.143 0.0719063 -56.3778 -197.144 0.0719063 -55.3826 -197.146 0.0719063 -54.3874 -197.147 0.0719063 -53.3922 -197.148 0.0719063 -52.397 -197.15 0.0719063 -51.4018 -197.151 0.0719063 -50.4066 -197.152 0.0719063 -49.4115 -197.154 0.0719063 -48.4163 -197.155 0.0719063 -61.3527 -196.084 0.0719063 -60.3565 -196.084 0.0719063 -59.3603 -196.084 0.0719063 -58.3641 -196.084 0.0719063 -57.3679 -196.084 0.0719063 -56.3717 -196.084 0.0719063 -55.3755 -196.084 0.0719063 -54.3793 -196.084 0.0719063 -53.3831 -196.084 0.0719063 -52.3869 -196.084 0.0719063 -51.3907 -196.084 0.0719063 -50.3945 -196.084 0.0719063 -49.3983 -196.084 0.0719063 -48.4021 -196.084 0.0719063</float_array>
                    <technique_common>
                        <accessor count="2200" source="#shape0-lib-positions-array" stride="3">
                            <param name="X" type="float"/>
                            <param name="Y" type="float"/>
                            <param name="Z" type="float"/>
                        </accessor>
                    </technique_common>
                </source>
                <source id="shape0-lib-normals" name="normal">
                    <float_array id="shape0-lib-normals-array" count="6498">0 0 1 0 0 1 0 0 1 0 0 1 0 0 1 0 0 1 0 0 1 0 0 1 0 0 1 0 0 1 0 0 1 0 0 1 0 0 1 0 0 1 0 0 1 0 0 1 0 0 1 0 0 1 0 0 1 0 0 1 0 0 1 0 0 1 0 0 1 0 0 1 0 0 1 0 0 1 0 0 1 0 0 1 0 0 1 0 0 1 0 0 1 0 0 1 0 0 1 0 0 1 0 0 1 0 0 1 0 0 1 0 0 1 0 0 1 0 0 1 0 0 1 0 0 1 0 0 1 0 0 1 0 0 1 0 0 1 0 0 1 0 0 1 0 0 1 0 0 1 0 0 1 0 0 1 0 0 1 0 0 1 0 0 1 0 0 1 0 0 1 0 0 1 0 0 1 0 0 1 0 0 1 0 0 1 0 0 1 0 0 1 0 0 1 0 0 1 0 0 1 0 0 1 0 0 1 0 0 1 0 0 1 0 0 1 0 0 1 0 0 1 0 0 1 0 0 1 0 0 1 0 0 1 0 0 1 0 0 1 0 0 1 0 0 1 0 0 1 0 0 1 0 0 1 0 0 1 0 0 1 0 0 1 0 0 1 0 0 1 0 0 1 0 0 1 0 0 1 0 0 1 0 0 1 0 0 1 0 0 1 0 0 1 0 0 1 0 0 1 0 0 1 0 0 1 0 0 1 0 0 1 0 0 1 0 0 1 0 0 1 0 0 1 0 0 1 0 0 1 0 0 0 0 0 0 0 0 1 0 0 1 0 0 1 0 0 1 0 0 0 0 0 0 0 0 1 0 0 1 0 0 1 0 0 1 0 0 1 0 0 1 0 0 1 0 0 1 0 0 1 0 0 1 0 0 1 0 0 1 0 0 1 0 0 1 0 0 1 0 0 1 0 0 1 0 0 1 0 0 1 0 0 1 0 0 1 0 0 1 0 0 1 0 0 1 0 0 0 0 0 0 0 0 1 0 0 1 0 0 0 0 0 0 0 0 1 0 0 1 0 0 0 0 0 0 0 0 1 0 0 1 0 0 1 0 0 1 0 0 0 0 0 0 0 0 1 0 0 1 0 0 1 0 0 1 0 0 1 0 0 1 0 0 1 0 0 1 0 0 1 0 0 1 0 0 1 0 0 0 0 0 0 0 0 1 0 0 1 0 0 0 0 0 0 0 0 1 0 0 1 0 0 0 0 0 0 0 0 1 0 0 1 0 0 1 0 0 1 0 0 0 0 0 0 0 0 1 0 0 1 0 0 1 0 0 1 0 0 1 0 0 1 0 0 1 0 0 1 0 0 1 0 0 1 0 0 1 0 0 1 0 0 1 0 0 1 0 0 1 0 0 1 0 0 1 0 0 1 0 0 0 0 0 0 0 0 1 0 0 1 0 0 0 0 0 0 0 0 1 0 0 1 0 0 0 0 0 0 0 0 1 0 0 1 0 0 1 0 0 1 0 0 0 0 0 0 0 0 1 0 0 1 0 0 1 0 0 1 0 0 1 0 0 1 0 0 1 0 0 1 0 0 1 0 0 1 0 0 1 0 0 1 0 0 1 0 0 1 0 0 1 0 0 1 0 0 1 0 0 1 0 0 1 0 0 1 0 0 1 0 0 0 0 0 0 0 0 1 0 0 1 0 0 0 0 0 0 0 0 1 0 0 1 0 0 0 0 0 0 0 0 1 0 0 1 0 0 1 0 0 1 0 0 0 0 0 0 0 0 1 0 0 1 0 0 1 0 0 1 0 0 1 0 0 1 0 0 1 0 0 1 0 0 1 0 0 1 0 0 1 0 0 1 0 0 1 0 0 1 0 0 1 0 0 1 0 0 1 0 0 1 0 0 1 0 0 1 0 0 1 0 0 1 0 0 1 0 0 1 0 0 1 0 0 0 0 0 0 0 0 1 0 0 1 0 0 1 0 0 1 0 0 0 0 0 0 0 0 1 0 0 1 0 0 1 0 0 1 0 0 1 0 0 1 0 0 1 0 0 1 0 0 1 0 0 1 0 0 1 0 0 1 0 0 1 0 0 1 0 0 1 0 0 1 0 0 1 0 0 1 0 0 1 0 0 1 0 0 1 0 0 1 0 0 1 0 0 1 0 0 1 0 0 1 0 0 1 0 0 1 0 0 1 0 0 1 0 0 1 0 0 1 0 0 1 0 0 1 0 0 1 0 0 1 0 0 1 0 0 1 0 0 1 0 0 1 0 0 1 0 0 1 0 0 1 0 0 1 0 0 1 0 0 1 0 0 1 0 0 1 0 0 1 0 0 1 0 0 1 0 0 1 0 0 1 0 0 1 0 0 1 0 0 1 0 0 1 0 0 1 0 0 1 0 0 1 0 0 1 0 0 1 0 0 1 0 0 1 0 0 1 0 0 1 0 0 1 0 0 1 0 0 1 0 0 1 0 0 1 0 0 1 0 0 1 0 0 1 0 0 1 0 0 1 0 0 1 0 0 1 0 0 1 0 0 1 0 0 1 0 0 1 0 0 1 0 0 1 0 0 1 0 0 1 0 0 1 0 0 1 0 0 1 0 0 1 0 0 1 0 0 1 0 0 1 0 0 1 0 0 1 0 0 1 0 0 1 0 0 1 0 0 1 0 0 1 0 0 1 0 0 1 0 0 1 0 0 1 0 0 1 0 0 1 0 0 1 0 0 1 0 0 1 0 0 1 0 0 1 0 0 1 0 0 1 0 0 1 0 0 1 0 0 1 0 0 1 0 0 1 0 0 1 0 0 1 0 0 1 0 0 1 0 0 1 0 0 1 0 0 1 0 0 1 0 0 1 0 0 1 0 0 1 0 0 1 0 0 1 0 0 1 0 0 1 0 0 1 0 0 1 0 0 1 0 0 1 0 0 1 0 0 1 0 0 1 0 0 1 0 0 1 0 0 1 0 0 1 0 0 1 0 0 1 0 0 1 0 0 1 0 0 1 0 0 1 0 0 1 0 0 1 0 0 1 0 0 1 0 0 1 0 0 1 0 0 1 0 0 1 0 0 1 0 0 1 0 0 1 0 0 1 0 0 1 0 0 1 0 0 1 0 0 1 0 0 1 0 0 1 0 0 1 0 0 1 0 0 1 0 0 1 0 0 1 0 0 1 0 0 1 0 0 1 0 0 1 0 0 1 0 0 1 0 0 1 0 0 1 0 0 1 0 0 1 0 0 1 0 0 1 0 0 1 0 0 1 0 0 1 0 0 1 0 0 1 0 0 1 0 0 1 0 0 1 0 0 1 0 0 1 0 0 1 0 0 1 0 0 1 0 0 1 0 0 1 0 0 1 0 0 1 0 0 1 0 0 1 0 0 1 0 0 1 0 0 1 0 0 1 0 0 1 0 0 1 0 0 1 0 0 1 0 0 1 0 0 1 0 0 1 0 0 1 0 0 1 0 0 1 0 0 1 0 0 1 0 0 1 0 0 1 0 0 1 0 0 1 0 0 1 0 0 1 0 0 1 0 0 1 0 0 1 0 0 1 0 0 1 0 0 1 0 0 1 0 0 1 0 0 1 0 0 1 0 0 1 0 0 1 0 0 1 0 0 1 0 0 1 0 0 1 0 0 1 0 0 1 0 0 1 0 0 1 0 0 1 0 0 1 0 0 1 0 0 1 0 0 1 0 0 1 0 0 1 0 0 1 0 0 1 0 0 1 0 0 1 0 0 1 0 0 1 0 0 1 0 0 1 0 0 1 0 0 1 0 0 1 0 0 1 0 0 1 0 0 1 0 0 1 0 0 1 0 0 1 0 0 1 0 0 1 0 0 1 0 0 1 0 0 1 0 0 1 0 0 1 0 0 1 0 0 1 0 0 1 0 0 1 0 0 1 0 0 1 0 0 1 0 0 1 0 0 1 0 0 1 0 0 1 0 0 1 0 0 1 0 0 1 0 0 1 0 0 1 0 0 1 0 0 1 0 0 1 0 0 1 0 0 1 0 0 1 0 0 1 0 0 1 0 0 1 0 0 1 0 0 1 0 0 1 0 0 1 0 0 1 0 0 1 0 0 1 0 0 1 0 0 1 0 0 1 0 0 1 0 0 1 0 0 1 0 0 1 0 0 1 0 0 1 0 0 1 0 0 1 0 0 1 0 0 1 0 0 1 0 0 1 0 0 1 0 0 1 0 0 1 0 0 1 0 0 1 0 0 1 0 0 1 0 0 1 0 0 1 0 0 1 0 0 1 0 0 1 0 0 1 0 0 1 0 0 1 0 0 1 0 0 1 0 0 1 0 0 1 0 0 1 0 0 1 0 0 1 0 0 1 0 0 1 0 0 1 0 0 1 0 0 1 0 0 1 0 0 1 0 0 1 0 0 1 0 0 1 0 0 1 0 0 1 0 0 1 0 0 1 0 0 1 0 0 1 0 0 1 0 0 1 0 0 1 0 0 1 0 0 1 0 0 1 0 0 1 0 0 1 0 0 1 0 0 1 0 0 1 0 0 1 0 0 1 0 0 1 0 0 1 0 0 1 0 0 1 0 0 1 0 0 1 0 0 1 0 0 1 0 0 1 0 0 1 0 0 1 0 0 1 0 0 1 0 0 1 0 0 1 0 0 1 0 0 1 0 0 1 0 0 1 0 0 1 0 0 1 0 0 1 0 0 1 0 0 1 0 0 1 0 0 1 0 0 1 0 0 1 0 0 1 0 0 1 0 0 1 0 0 1 0 0 1 0 0 1 0 0 1 0 0 1 0 0 1 0 0 1 0 0 1 0 0 1 0 0 1 0 0 1 0 0 1 0 0 1 0 0 1 0 0 1 0 0 1 0 0 1 0 0 1 0 0 1 0 0 1 0 0 1 0 0 1 0 0 1 0 0 1 0 0 1 0 0 1 0 0 1 0 0 1 0 0 1 0 0 1 0 0 1 0 0 1 0 0 1 0 0 1 0 0 1 0 0 1 0 0 1 0 0 1 0 0 1 0 0 1 0 0 1 0 0 1 0 0 1 0 0 1 0 0 1 0 0 1 0 0 1 0 0 1 0 0 1 0 0 1 0 0 1 0 0 1 0 0 1 0 0 1 0 0 1 0 0 1 0 0 1 0 0 1 0 0 1 0 0 1 0 0 1 0 0 1 0 0 1 0 0 1 0 0 1 0 0 1 0 0 1 0 0 1 0 0 1 0 0 1 0 0 1 0 0 1 0 0 1 0 0 1 0 0 1 0 0 1 0 0 1 0 0 1 0 0 1 0 0 1 0 0 1 0 0 1 0 0 1 0 0 1 0 0 1 0 0 1 0 0 1 0 0 1 0 0 1 0 0 1 0 0 1 0 0 1 0 0 1 0 0 1 0 0 1 0 0 1 0 0 1 0 0 1 0 0 1 0 0 1 0 0 1 0 0 1 0 0 1 0 0 1 0 0 1 0 0 1 0 0 1 0 0 1 0 0 1 0 0 1 0 0 1 0 0 1 0 0 1 0 0 1 0 0 1 0 0 1 0 0 1 0 0 1 0 0 1 0 0 1 0 0 1 0 0 1 0 0 1 0 0 1 0 0 1 0 0 1 0 0 1 0 0 1 0 0 1 0 0 1 0 0 1 0 0 1 0 0 1 0 0 1 0 0 1 0 0 1 0 0 1 0 0 1 0 0 1 0 0 1 0 0 1 0 0 1 0 0 1 0 0 1 0 0 1 0 0 1 0 0 1 0 0 1 0 0 1 0 0 1 0 0 1 0 0 1 0 0 1 0 0 1 0 0 1 0 0 1 0 0 1 0 0 1 0 0 1 0 0 1 0 0 1 0 0 1 0 0 1 0 0 1 0 0 1 0 0 1 0 0 1 0 0 1 0 0 1 0 0 1 0 0 1 0 0 1 0 0 1 0 0 1 0 0 1 0 0 1 0 0 1 0 0 1 0 0 1 0 0 1 0 0 1 0 0 1 0 0 1 0 0 1 0 0 1 0 0 1 0 0 1 0 0 1 0 0 1 0 0 1 0 0 1 0 0 1 0 0 1 0 0 1 0 0 1 0 0 1 0 0 1 0 0 1 0 0 1 0 0 1 0 0 1 0 0 1 0 0 1 0 0 1 0 0 1 0 0 1 0 0 1 0 0 1 0 0 1 0 0 1 0 0 1 0 0 1 0 0 1 0 0 1 0 0 1 0 0 1 0 0 1 0 0 1 0 0 1 0 0 1 0 0 1 0 0 1 0 0 1 0 0 1 0 0 1 0 0 1 0 0 1 0 0 1 0 0 1 0 0 1 0 0 1 0 0 1 0 0 1 0 0 1 0 0 1 0 0 1 0 0 1 0 0 1 0 0 1 0 0 1 0 0 1 0 0 1 0 0 1 0 0 1 0 0 1 0 0 1 0 0 1 0 0 1 0 0 1 0 0 1 0 0 1 0 0 1 0 0 1 0 0 1 0 0 1 0 0 1 0 0 1 0 0 1 0 0 1 0 0 1 0 0 1 0 0 1 0 0 1 0 0 1 0 0 1 0 0 1 0 0 1 0 0 1 0 0 1 0 0 1 0 0 1 0 0 1 0 0 1 0 0 1 0 0 1 0 0 1 0 0 1 0 0 1 0 0 1 0 0 1 0 0 1 0 0 1 0 0 1 0 0 1 0 0 1 0 0 1 0 0 1 0 0 1 0 0 1 0 0 1 0 0 1 0 0 1 0 0 1 0 0 1 0 0 1 0 0 1 0 0 1 0 0 1 0 0 1 0 0 1 0 0 1 0 0 1 0 0 1 0 0 1 0 0 1 0 0 1 0 0 1 0 0 1 0 0 1 0 0 1 0 0 1 0 0 1 0 0 1 0 0 1 0 0 1 0 0 1 0 0 1 0 0 1 0 0 1 0 0 1 0 0 1 0 0 1 0 0 1 0 0 1 0 0 1 0 0 1 0 0 1 0 0 1 0 0 1 0 0 1 0 0 1 0 0 1 0 0 1 0 0 1 0 0 1 0 0 1 0 0 1 0 0 1 0 0 1 0 0 1 0 0 1 0 0 1 0 0 1 0 0 1 0 0 1 0 0 1 0 0 1 0 0 1 0 0 1 0 0 1 0 0 1 0 0 1 0 0 1 0 0 1 0 0 1 0 0 1 0 0 1 0 0 1 0 0 1 0 0 1 0 0 1 0 0 1 0 0 1 0 0 1 0 0 1 0 0 1 0 0 1 0 0 1 0 0 1 0 0 1 0 0 1 0 0 1 0 0 1 0 0 1 0 0 1 0 0 1 0 0 1 0 0 1 0 0 1 0 0 1 0 0 1 0 0 1 0 0 1 0 0 1 0 0 1 0 0 1 0 0 1 0 0 1 0 0 1 0 0 1 0 0 1 0 0 1 0 0 1 0 0 0 0 0 0 0 0 1 0 0 1 0 0 1 0 0 1 0 0 1 0 0 1 0 0 1 0 0 1 0 0 1 0 0 1 0 0 1 0 0 1 0 0 1 0 0 1 0 0 1 0 0 1 0 0 1 0 0 1 0 0 1 0 0 1 0 0 1 0 0 1 0 0 1 0 0 1 0 0 1 0 0 1 0 0 1 0 0 1 0 0 1 0 0 1 0 0 1 0 0 1 0 0 1 0 0 1 0 0 1 0 0 1 0 0 1 0 0 1 0 0 1 0 0 1 0 0 1 0 0 1 0 0 1 0 0 1 0 0 1 0 0 1 0 0 1 0 0 1 0 0 1 0 0 1 0 0 1 0 0 1 0 0 1 0 0 1 0 0 1 0 0 1 0 0 1 0 0 1 0 0 1 0 0 1 0 0 1 0 0 1 0 0 1 0 0 1 0 0 1 0 0 1 0 0 1 0 0 1 0 0 1 0 0 1 0 0 1 0 0 1 0 0 1 0 0 1 0 0 1 0 0 1 0 0 1 0 0 1 0 0 1 0 0 1 0 0 1 0 0 1 0 0 1 0 0 1 0 0 1 0 0 1 0 0 1 0 0 1 0 0 1 0 0 1 0 0 1 0 0 1 0 0 1 0 0 1 0 0 1 0 0 1 0 0 1 0 0 1 0 0 1 0 0 1 0 0 1 0 0 1 0 0 1 0 0 1 0 0 1 0 0 1 0 0 1 0 0 1 0 0 1 0 0 1 0 0 1 0 0 1 0 0 1 0 0 1 0 0 1 0 0 0 0 0 0 0 0 1 0 0 1 0 0 1 0 0 1 0 0 1 0 0 1 0 0 1 0 0 1 0 0 1 0 0 1 0 0 1 0 0 1 0 0 1 0 0 1 0 0 0 0 0 0 0 0 0 0 0 0 0 0 1 0 0 1 0 0 1 0 0 1 0 0 1 0 0 1 0 0 1 0 0 1 0 0 1 0 0 1 0 0 1 0 0 1 0 0 1 0 0 1 0 0 1 0 0 1 0 0 1 0 0 1 0 0 1 0 0 1 0 0 1 0 0 1 0 0 1 0 0 1 0 0 1 0 0 1 0 0 1 0 0 1 0 0 1 0 0 1 0 0 1 0 0 1 0 0 1 0 0 1 0 0 1 0 0 1 0 0 1 0 0 1 0 0 1 0 0 1 0 0 1 0 0 1 0 0 1 0 0 1 0 0 1 0 0 1 0 0 1 0 0 1 0 0 1 0 0 1 0 0 1 0 0 1 0 0 1 0 0 1 0 0 1 0 0 1 0 0 0 0 0 0 0 0 0 0 0 0 0 0 0 0 0 0 0 0 0 0 0 0 0 0 0 0 0 0 0 0 0 0 0 0 0 0 0 0 0 0 0 0 0 0 0 0 0 0 0 0 0 0 0 0 0 0 0 0 0 0 1 0 0 1 0 0 1 0 0 1 0 0 1 0 0 1 0 0 1 0 0 1 0 0 1 0 0 1 0 0 1 0 0 1 0 0 1 0 0 1 0 0 1 0 0 1 0 0 1 0 0 1 0 0 1 0 0 1 0 0 1 0 0 1 0 0 1 0 0 1 0 0 1 0 0 1 0 0 1 0 0 1 0 0 1 0 0 1 0 0 1 0 0 1 0 0 1 0 0 1 0 0 1 0 0 1 0 0 1 0 0 1 0 0 1 0 0 1 0 0 1 0 0 1 0 0 1 0 0 1 0 0 0 0 0 0 0 0 1 0 0 1 0 0 1 0 0 1 0 0 1 0 0 1 0 0 1 0 0 1 0 0 1 0 0 1 0 0 1 0 0 1 0 0 1 0 0 1 0 0 1 0 0 1 0 0 1 0 0 1 0 0 1 0 0 1 0 0 1 0 0 1 0 0 1 0 0 1 0 0 1 0 0 1 0 0 1 0 0 1 0 0 1 0 0 1 0 0 1 0 0 1 0 0 1 0 0 1 0 0 1 0 0 1 0 0 1 0 0 1 0 0 1 0 0 1 0 0 1 0 0 1 0 0 1 0 0 1 0 0 1 0 0 1 0 0 1 0 0 1 0 0 1 0 0 1 0 0 1 0 0 1 0 0 1 0 0 1 0 0 1 0 0 1 0 0 1 0 0 1 0 0 1 0 0 1 0 0 1 0 0 1 0 0 1 0 0 1 0 0 1 0 0 1 0 0 1 0 0 1 0 0 1 0 0 1 0 0 1 0 0 1 0 0 1 0 0 1 0 0 1 0 0 1 0 0 1 0 0 1 0 0 1 0 0 1 0 0 1 0 0 1 0 0 1 0 0 1 0 0 1 0 0 1 0 0 1 0 0 1 0 0 1 0 0 1 0 0 1 0 0 1 0 0 1 0 0 1 0 0 1 0 0 1 0 0 1 0 0 1 0 0 1 0 0 1 0 0 1 0 0 1 0 0 1 0 0 1 0 0 1 0 0 1 0 0 1 0 0 1 0 0 1 0 0 1 0 0 1 0 0 1 0 0 1 0 0 1 0 0 1 0 0 1 0 0 1 0 0 1 0 0 1 0 0 1 0 0 1 0 0 1 0 0 1 0 0 1 0 0 1 0 0 1 0 0 1 0 0 1 0 0 1 0 0 1 0 0 1 0 0 1 0 0 1 0 0 1 0 0 1 0 0 1 0 0 1 0 0 1 0 0 1 0 0 1 0 0 1 0 0 1 0 0 1 0 0 1 0 0 1 0 0 1 0 0 1 0 0 1 0 0 1 0 0 1 0 0 1 0 0 1 0 0 1 0 0 1 0 0 1 0 0 1 0 0 1 0 0 1 0 0 1 0 0 1 0 0 1 0 0 1 0 0 1 0 0 1 0 0 1 0 0 1 0 0 1 0 0 1 0 0 1 0 0 1 0 0 1 0 0 1 0 0 1 0 0 1 0 0 1 0 0 1 0 0 1 0 0 1 0 0 1 0 0 1 0 0 1 0 0 1 0 0 1 0 0 1 0 0 1 0 0 1 0 0 1 0 0 1 0 0 1 0 0 1 0 0 1 0 0 1 0 0 1 0 0 1 0 0 1 0 0 1 0 0 1 0 0 1 0 0 1 0 0 1 0 0 1 0 0 1 0 0 1 0 0 1 0 0 1 0 0 1 0 0 1 0 0 1 0 0 1 0 0 1 0 0 1 0 0 1 0 0 1 0 0 1 0 0 1 0 0 1 0 0 1 0 0 1 0 0 1 0 0 1 0 0 1 0 0 1 0 0 1 0 0 1 0 0 1 0 0 1 0 0 1 0 0 1 0 0 1 0 0 1 0 0 1 0 0 1 0 0 1 0 0 1 0 0 1 0 0 1 0 0 1 0 0 1 0 0 1 0 0 1 0 0 1 0 0 1 0 0 1 0 0 1 0 0 1 0 0 1 0 0 1 0 0 1 0 0 1 0 0 1 0 0 1 0 0 1 0 0 1 0 0 1 0 0 1 0 0 1 0 0 1 0 0 1 0 0 1 0 0 1 0 0 1 0 0 1 0 0 1 0 0 1 0 0 1 0 0 1 0 0 1 0 0 1 0 0 1 0 0 1 0 0 1 0 0 1 0 0 1 0 0 1 0 0 1 0 0 1 0 0 1 0 0 1 0 0 1 0 0 1 0 0 1 0 0 1 0 0 1 0 0 1 0 0 1 0 0 1 0 0 1 0 0 1 0 0 1 0 0 1 0 0 1 0 0 1 0 0 1 0 0 1 0 0 1 0 0 1 0 0 1 0 0 1 0 0 1 0 0 1 0 0 1 0 0 1 0 0 1 0 0 1 0 0 1 0 0 1 0 0 1 0 0 1 0 0 1 0 0 1 0 0 1 0 0 1 0 0 1 0 0 1 0 0 1 0 0 1 0 0 1 0 0 1 0 0 1 0 0 1 0 0 1 0 0 1 0 0 1 0 0 1 0 0 1 0 0 1 0 0 1 0 0 1 0 0 1 0 0 1 0 0 1 0 0 1 0 0 1 0 0 1 0 0 1 0 0 1 0 0 1 0 0 1 0 0 1 0 0 1 0 0 1 0 0 1 0 0 1 0 0 1 0 0 1 0 0 1 0 0 1 0 0 1 0 0 1 0 0 1 0 0 1 0 0 1 0 0 1 0 0 1 0 0 1 0 0 1 0 0 1 0 0 1 0 0 1 0 0 1 0 0 1 0 0 1 0 0 1 0 0 1 0 0 1 0 0 1 0 0 1 0 0 1 0 0 1 0 0 1 0 0 1 0 0 1 0 0 1 0 0 1 0 0 1 0 0 1 0 0 1 0 0 1 0 0 1 0 0 1 0 0 1 0 0 1 0 0 1 0 0 1 0 0 1 0 0 1 0 0 1 0 0 1 0 0 1 0 0 1 0 0 1 0 0 1 0 0 1 0 0 1 0 0 1 0 0 1 0 0 1 0 0 1 0 0 1 0 0 1 0 0 1 0 0 1 0 0 1 0 0 1 0 0 1 0 0 1 0 0 1 0 0 1 0 0 1 0 0 1 0 0 1 0 0 1 0 0 1 0 0 1 0 0 1 0 0 1 0 0 1 0 0 1 0 0 1 0 0 1 0 0 1 0 0 1 0 0 1 0 0 1 0 0 1 0 0 1 0 0 1 0 0 1 0 0 1 0 0 1 0 0 1 0 0 1 0 0 1 0 0 1 0 0 1 0 0 1 0 0 1 0 0 1 0 0 1 0 0 1 0 0 1 0 0 1 0 0 1 0 0 1 0 0 1 0 0 1 0 0 1 0 0 1 0 0 1 0 0 1 0 0 1 0 0 1 0 0 1 0 0 1 0 0 1 0 0 1 0 0 1 0 0 1 0 0 1 0 0 1 0 0 1 0 0 1 0 0 1 0 0 1 0 0 1 0 0 1 0 0 1 0 0 1 0 0 1 0 0 1 0 0 1 0 0 1 0 0 1 0 0 1 0 0 1 0 0 1 0 0 1 0 0 1 0 0 1 0 0 1 0 0 1 0 0 1 0 0 1 0 0 1 0 0 1 0 0 1 0 0 1 0 0 1 0 0 1 0 0 1 0 0 1 0 0 1 0 0 1 0 0 1 0 0 1 0 0 1 0 0 1 0 0 1 0 0 1 0 0 1 0 0 1 0 0 1 0 0 1 0 0 1 0 0 1 0 0 1 0 0 1 0 0 1 0 0 1 0 0 1 0 0 1 0 0 1 0 0 1 0 0 1 0 0 1 0 0 1 0 0 1 0 0 1 0 0 1 0 0 1 0 0 1 0 0 1 0 0 1 0 0 1 0 0 1 0 0 1 0 0 1 0 0 1 0 0 1 0 0 1 0 0 1 0 0 1 0 0 1 0 0 1 0 0 1 0 0 1 0 0 1 0 0 1 0 0 1 0 0 1 0 0 1 0 0 1 0 0 1 0 0 1 0 0 1 0 0 1 0 0 1 0 0 1 0 0 1 0 0 1 0 0 1 0 0 1 0 0 1 0 0 1 0 0 1 0 0 1 0 0 1 0 0 1 0 0 1 0 0 1 0 0 1 0 0 1 0 0 1 0 0 1 0 0 1 0 0 1 0 0 1 0 0 1 0 0 1 0 0 1 0 0 1 0 0 1 0 0 1 0 0 1 0 0 1 0 0 1 0 0 1 0 0 1 0 0 1 0 0 1 0 0 1 0 0 1 0 0 1 0 0 1 0 0 1 0 0 1 0 0 1 0 0 1 0 0 1 0 0 1 0 0 1 0 0 1 0 0 1 0 0 1 0 0 1 0 0 1 0 0 1 0 0 1 0 0 1 0 0 1 0 0 1 0 0 1 0 0 1 0 0 1 0 0 1 0 0 1 0 0 1 0 0 1 0 0 1 0 0 1 0 0 1 0 0 1 0 0 1 0 0 1 0 0 1 0 0 1 0 0 1 0 0 1 0 0 1 0 0 1 0 0 1 0 0 1 0 0 1 0 0 1 0 0 1 0 0 1 0 0 1 0 0 1 0 0 1 0 0 1 0 0 1 0 0 1 0 0 1 0 0 1 0 0 1 0 0 1 0 0 1 0 0 1 0 0 1 0 0 1 0 0 1 0 0 1 0 0 1 0 0 1 0 0 1 0 0 1 0 0 1 0 0 1 0 0 1 0 0 1 0 0 1 0 0 1 0 0 1 0 0 1 0 0 1 0 0 1 0 0 1 0 0 1 0 0 1 0 0 1 0 0 1 0 0 1 0 0 1 0 0 1 0 0 1 0 0 1 0 0 1 0 0 1 0 0 1 0 0 1 0 0 1 0 0 1 0 0 1 0 0 1 0 0 1 0 0 1 0 0 1 0 0 1 0 0 1 0 0 1 0 0 1 0 0 1 0 0 1 0 0 1 0 0 1 0 0 1 0 0 1 0 0 1 0 0 1 0 0 1 0 0 1 0 0 1 0 0 1 0 0 1 0 0 1 0 0 1 0 0 1 0 0 1 0 0 1 0 0 1 0 0 1 0 0 1 0 0 1 0 0 1 0 0 1 0 0 1 0 0 1 0 0 1 0 0 1 0 0 1 0 0 1 0 0 1 0 0 1 0 0 1 0 0 1 0 0 1 0 0 1 0 0 1 0 0 1 0 0 1 0 0 1 0 0 1 0 0 1 0 0 1 0 0 1 0 0 1 0 0 1 0 0 1 0 0 1 0 0 1 0 0 1 0 0 1 0 0 1 0 0 1 0 0 1 0 0 1 0 0 1 0 0 1 0 0 1 0 0 1 0 0 1 0 0 1 0 0 1 0 0 1 0 0 1 0 0 1 0 0 1 0 0 1 0 0 1 0 0 1 0 0 1 0 0 1 0 0 1 0 0 1 0 0 1 0 0 1 0 0 1 0 0 1 0 0 1 0 0 1 0 0 1 0 0 1 0 0 1 0 0 1 0 0 1 0 0 1 0 0 1 0 0 1 0 0 1 0 0 1 0 0 1 0 0 1 0 0 1 0 0 1 0 0 1 0 0 1 0 0 1 0 0 1 0 0 1 0 0 1 0 0 1 0 0 1 0 0 1 0 0 1 0 0 1 0 0 1 0 0 1 0 0 1 0 0 1 0 0 1 0 0 1 0 0 1 0 0 1 0 0 1 0 0 1 0 0 1 0 0 1 0 0 1 0 0 1 0 0 1 0 0 1 0 0 1 0 0 1 0 0 1 0 0 1 0 0 1 0 0 1 0 0 1 0 0 1 0 0 1 0 0 1 0 0 1 0 0 1 0 0 1 0 0 1 0 0 1 0 0 1 0 0 1 0 0 1</float_array>
                    <technique_common>
                        <accessor count="2166" source="#shape0-lib-normals-array" stride="3">
                            <param name="X" type="float"/>
                            <param name="Y" type="float"/>
                            <param name="Z" type="float"/>
                        </accessor>
                    </technique_common>
                </source>
                <source id="shape0-lib-vcolor" name="vcolor">
                    <float_array id="shape0-lib-vcolor-array" count="8800">0.8 0.8 0.8 1 0.8 0.8 0.8 1 0.8 0.8 0.8 1 0.8 0.8 0.8 1 0.8 0.8 0.8 1 0.8 0.8 0.8 1 0.8 0.8 0.8 1 0.8 0.8 0.8 1 0.8 0.8 0.8 1 0.8 0.8 0.8 1 0.8 0.8 0.8 1 0.8 0.8 0.8 1 0.8 0.8 0.8 1 0.8 0.8 0.8 1 0.8 0.8 0.8 1 0.8 0.8 0.8 1 0.8 0.8 0.8 1 0.8 0.8 0.8 1 0.8 0.8 0.8 1 0.8 0.8 0.8 1 0.8 0.8 0.8 1 0.8 0.8 0.8 1 0.8 0.8 0.8 1 0.8 0.8 0.8 1 0.8 0.8 0.8 1 0.8 0.8 0.8 1 0.8 0.8 0.8 1 0.8 0.8 0.8 1 0.8 0.8 0.8 1 0.8 0.8 0.8 1 0.8 0.8 0.8 1 0.8 0.8 0.8 1 0.8 0.8 0.8 1 0.8 0.8 0.8 1 0.8 0.8 0.8 1 0.8 0.8 0.8 1 0.8 0.8 0.8 1 0.8 0.8 0.8 1 0.8 0.8 0.8 1 0.8 0.8 0.8 1 0.8 0.8 0.8 1 0.8 0.8 0.8 1 0.8 0.8 0.8 1 0.8 0.8 0.8 1 0.8 0.8 0.8 1 0.8 0.8 0.8 1 0.8 0.8 0.8 1 0.8 0.8 0.8 1 0.8 0.8 0.8 1 0.8 0.8 0.8 1 0.8 0.8 0.8 1 0.8 0.8 0.8 1 0.8 0.8 0.8 1 0.8 0.8 0.8 1 0.8 0.8 0.8 1 0.8 0.8 0.8 1 0.8 0.8 0.8 1 0.8 0.8 0.8 1 0.8 0.8 0.8 1 0.8 0.8 0.8 1 0.8 0.8 0.8 1 0.8 0.8 0.8 1 0.8 0.8 0.8 1 0.8 0.8 0.8 1 0.8 0.8 0.8 1 0.8 0.8 0.8 1 0.8 0.8 0.8 1 0.8 0.8 0.8 1 0.8 0.8 0.8 1 0.8 0.8 0.8 1 0.8 0.8 0.8 1 0.8 0.8 0.8 1 0.8 0.8 0.8 1 0.8 0.8 0.8 1 0.8 0.8 0.8 1 0.8 0.8 0.8 1 0.8 0.8 0.8 1 0.8 0.8 0.8 1 0.8 0.8 0.8 1 0.8 0.8 0.8 1 0.8 0.8 0.8 1 0.8 0.8 0.8 1 0.8 0.8 0.8 1 0.8 0.8 0.8 1 0.8 0.8 0.8 1 0.8 0.8 0.8 1 0.8 0.8 0.8 1 0.8 0.8 0.8 1 0.8 0.8 0.8 1 0.8 0.8 0.8 1 0.8 0.8 0.8 1 0.8 0.8 0.8 1 0.8 0.8 0.8 1 0.8 0.8 0.8 1 0.8 0.8 0.8 1 0.8 0.8 0.8 1 0.8 0.8 0.8 1 0.8 0.8 0.8 1 0.8 0.8 0.8 1 0.8 0.8 0.8 1 0.8 0.8 0.8 1 0.8 0.8 0.8 1 0.8 0.8 0.8 1 0.8 0.8 0.8 1 0.8 0.8 0.8 1 0.8 0.8 0.8 1 0.8 0.8 0.8 1 0.8 0.8 0.8 1 0.8 0.8 0.8 1 0.8 0.8 0.8 1 0.8 0.8 0.8 1 0.8 0.8 0.8 1 0.8 0.8 0.8 1 0.8 0.8 0.8 1 0.8 0.8 0.8 1 0.8 0.8 0.8 1 0.8 0.8 0.8 1 0.8 0.8 0.8 1 0.8 0.8 0.8 1 0.8 0.8 0.8 1 0.8 0.8 0.8 1 0.8 0.8 0.8 1 0.8 0.8 0.8 1 0.8 0.8 0.8 1 0.8 0.8 0.8 1 0.8 0.8 0.8 1 0.8 0.8 0.8 1 0.8 0.8 0.8 1 0.8 0.8 0.8 1 0.8 0.8 0.8 1 0.8 0.8 0.8 1 0.8 0.8 0.8 1 0.8 0.8 0.8 1 0.8 0.8 0.8 1 0.8 0.8 0.8 1 0.8 0.8 0.8 1 0.8 0.8 0.8 1 0.8 0.8 0.8 1 0.8 0.8 0.8 1 0.8 0.8 0.8 1 0.8 0.8 0.8 1 0.8 0.8 0.8 1 0.8 0.8 0.8 1 0.8 0.8 0.8 1 0.8 0.8 0.8 1 0.8 0.8 0.8 1 0.8 0.8 0.8 1 0.8 0.8 0.8 1 0.8 0.8 0.8 1 0.8 0.8 0.8 1 0.8 0.8 0.8 1 0.8 0.8 0.8 1 0.8 0.8 0.8 1 0.8 0.8 0.8 1 0.8 0.8 0.8 1 0.8 0.8 0.8 1 0.8 0.8 0.8 1 0.8 0.8 0.8 1 0.8 0.8 0.8 1 0.8 0.8 0.8 1 0.8 0.8 0.8 1 0.8 0.8 0.8 1 0.8 0.8 0.8 1 0.8 0.8 0.8 1 0.8 0.8 0.8 1 0.8 0.8 0.8 1 0.8 0.8 0.8 1 0.8 0.8 0.8 1 0.8 0.8 0.8 1 0.8 0.8 0.8 1 0.8 0.8 0.8 1 0.8 0.8 0.8 1 0.8 0.8 0.8 1 0.8 0.8 0.8 1 0.8 0.8 0.8 1 0.8 0.8 0.8 1 0.8 0.8 0.8 1 0.8 0.8 0.8 1 0.8 0.8 0.8 1 0.8 0.8 0.8 1 0.8 0.8 0.8 1 0.8 0.8 0.8 1 0.8 0.8 0.8 1 0.8 0.8 0.8 1 0.8 0.8 0.8 1 0.8 0.8 0.8 1 0.8 0.8 0.8 1 0.8 0.8 0.8 1 0.8 0.8 0.8 1 0.8 0.8 0.8 1 0.8 0.8 0.8 1 0.8 0.8 0.8 1 0.8 0.8 0.8 1 0.8 0.8 0.8 1 0.8 0.8 0.8 1 0.8 0.8 0.8 1 0.8 0.8 0.8 1 0.8 0.8 0.8 1 0.8 0.8 0.8 1 0.8 0.8 0.8 1 0.8 0.8 0.8 1 0.8 0.8 0.8 1 0.8 0.8 0.8 1 0.8 0.8 0.8 1 0.8 0.8 0.8 1 0.8 0.8 0.8 1 0.8 0.8 0.8 1 0.8 0.8 0.8 1 0.8 0.8 0.8 1 0.8 0.8 0.8 1 0.8 0.8 0.8 1 0.8 0.8 0.8 1 0.8 0.8 0.8 1 0.8 0.8 0.8 1 0.8 0.8 0.8 1 0.8 0.8 0.8 1 0.8 0.8 0.8 1 0.8 0.8 0.8 1 0.8 0.8 0.8 1 0.8 0.8 0.8 1 0.8 0.8 0.8 1 0.8 0.8 0.8 1 0.8 0.8 0.8 1 0.8 0.8 0.8 1 0.8 0.8 0.8 1 0.8 0.8 0.8 1 0.8 0.8 0.8 1 0.8 0.8 0.8 1 0.8 0.8 0.8 1 0.8 0.8 0.8 1 0.8 0.8 0.8 1 0.8 0.8 0.8 1 0.8 0.8 0.8 1 0.8 0.8 0.8 1 0.8 0.8 0.8 1 0.8 0.8 0.8 1 0.8 0.8 0.8 1 0.8 0.8 0.8 1 0.8 0.8 0.8 1 0.8 0.8 0.8 1 0.8 0.8 0.8 1 0.8 0.8 0.8 1 0.8 0.8 0.8 1 0.8 0.8 0.8 1 0.8 0.8 0.8 1 0.8 0.8 0.8 1 0.8 0.8 0.8 1 0.8 0.8 0.8 1 0.8 0.8 0.8 1 0.8 0.8 0.8 1 0.8 0.8 0.8 1 0.8 0.8 0.8 1 0.8 0.8 0.8 1 0.8 0.8 0.8 1 0.8 0.8 0.8 1 0.8 0.8 0.8 1 0.8 0.8 0.8 1 0.8 0.8 0.8 1 0.8 0.8 0.8 1 0.8 0.8 0.8 1 0.8 0.8 0.8 1 0.8 0.8 0.8 1 0.8 0.8 0.8 1 0.8 0.8 0.8 1 0.8 0.8 0.8 1 0.8 0.8 0.8 1 0.8 0.8 0.8 1 0.8 0.8 0.8 1 0.8 0.8 0.8 1 0.8 0.8 0.8 1 0.8 0.8 0.8 1 0.8 0.8 0.8 1 0.8 0.8 0.8 1 0.8 0.8 0.8 1 0.8 0.8 0.8 1 0.8 0.8 0.8 1 0.8 0.8 0.8 1 0.8 0.8 0.8 1 0.8 0.8 0.8 1 0.8 0.8 0.8 1 0.8 0.8 0.8 1 0.8 0.8 0.8 1 0.8 0.8 0.8 1 0.8 0.8 0.8 1 0.8 0.8 0.8 1 0.8 0.8 0.8 1 0.8 0.8 0.8 1 0.8 0.8 0.8 1 0.8 0.8 0.8 1 0.8 0.8 0.8 1 0.8 0.8 0.8 1 0.8 0.8 0.8 1 0.8 0.8 0.8 1 0.8 0.8 0.8 1 0.8 0.8 0.8 1 0.8 0.8 0.8 1 0.8 0.8 0.8 1 0.8 0.8 0.8 1 0.8 0.8 0.8 1 0.8 0.8 0.8 1 0.8 0.8 0.8 1 0.8 0.8 0.8 1 0.8 0.8 0.8 1 0.8 0.8 0.8 1 0.8 0.8 0.8 1 0.8 0.8 0.8 1 0.8 0.8 0.8 1 0.8 0.8 0.8 1 0.8 0.8 0.8 1 0.8 0.8 0.8 1 0.8 0.8 0.8 1 0.8 0.8 0.8 1 0.8 0.8 0.8 1 0.8 0.8 0.8 1 0.8 0.8 0.8 1 0.8 0.8 0.8 1 0.8 0.8 0.8 1 0.8 0.8 0.8 1 0.8 0.8 0.8 1 0.8 0.8 0.8 1 0.8 0.8 0.8 1 0.8 0.8 0.8 1 0.8 0.8 0.8 1 0.8 0.8 0.8 1 0.8 0.8 0.8 1 0.8 0.8 0.8 1 0.8 0.8 0.8 1 0.8 0.8 0.8 1 0.8 0.8 0.8 1 0.8 0.8 0.8 1 0.8 0.8 0.8 1 0.8 0.8 0.8 1 0.8 0.8 0.8 1 0.8 0.8 0.8 1 0.8 0.8 0.8 1 0.8 0.8 0.8 1 0.8 0.8 0.8 1 0.8 0.8 0.8 1 0.8 0.8 0.8 1 0.8 0.8 0.8 1 0.8 0.8 0.8 1 0.8 0.8 0.8 1 0.8 0.8 0.8 1 0.8 0.8 0.8 1 0.8 0.8 0.8 1 0.8 0.8 0.8 1 0.8 0.8 0.8 1 0.8 0.8 0.8 1 0.8 0.8 0.8 1 0.8 0.8 0.8 1 0.8 0.8 0.8 1 0.8 0.8 0.8 1 0.8 0.8 0.8 1 0.8 0.8 0.8 1 0.8 0.8 0.8 1 0.8 0.8 0.8 1 0.8 0.8 0.8 1 0.8 0.8 0.8 1 0.8 0.8 0.8 1 0.8 0.8 0.8 1 0.8 0.8 0.8 1 0.8 0.8 0.8 1 0.8 0.8 0.8 1 0.8 0.8 0.8 1 0.8 0.8 0.8 1 0.8 0.8 0.8 1 0.8 0.8 0.8 1 0.8 0.8 0.8 1 0.8 0.8 0.8 1 0.8 0.8 0.8 1 0.8 0.8 0.8 1 0.8 0.8 0.8 1 0.8 0.8 0.8 1 0.8 0.8 0.8 1 0.8 0.8 0.8 1 0.8 0.8 0.8 1 0.8 0.8 0.8 1 0.8 0.8 0.8 1 0.8 0.8 0.8 1 0.8 0.8 0.8 1 0.8 0.8 0.8 1 0.8 0.8 0.8 1 0.8 0.8 0.8 1 0.8 0.8 0.8 1 0.8 0.8 0.8 1 0.8 0.8 0.8 1 0.8 0.8 0.8 1 0.8 0.8 0.8 1 0.8 0.8 0.8 1 0.8 0.8 0.8 1 0.8 0.8 0.8 1 0.8 0.8 0.8 1 0.8 0.8 0.8 1 0.8 0.8 0.8 1 0.8 0.8 0.8 1 0.8 0.8 0.8 1 0.8 0.8 0.8 1 0.8 0.8 0.8 1 0.8 0.8 0.8 1 0.8 0.8 0.8 1 0.8 0.8 0.8 1 0.8 0.8 0.8 1 0.8 0.8 0.8 1 0.8 0.8 0.8 1 0.8 0.8 0.8 1 0.8 0.8 0.8 1 0.8 0.8 0.8 1 0.8 0.8 0.8 1 0.8 0.8 0.8 1 0.8 0.8 0.8 1 0.8 0.8 0.8 1 0.8 0.8 0.8 1 0.8 0.8 0.8 1 0.8 0.8 0.8 1 0.8 0.8 0.8 1 0.8 0.8 0.8 1 0.8 0.8 0.8 1 0.8 0.8 0.8 1 0.8 0.8 0.8 1 0.8 0.8 0.8 1 0.8 0.8 0.8 1 0.8 0.8 0.8 1 0.8 0.8 0.8 1 0.8 0.8 0.8 1 0.8 0.8 0.8 1 0.8 0.8 0.8 1 0.8 0.8 0.8 1 0.8 0.8 0.8 1 0.8 0.8 0.8 1 0.8 0.8 0.8 1 0.8 0.8 0.8 1 0.8 0.8 0.8 1 0.8 0.8 0.8 1 0.8 0.8 0.8 1 0.8 0.8 0.8 1 0.8 0.8 0.8 1 0.8 0.8 0.8 1 0.8 0.8 0.8 1 0.8 0.8 0.8 1 0.8 0.8 0.8 1 0.8 0.8 0.8 1 0.8 0.8 0.8 1 0.8 0.8 0.8 1 0.8 0.8 0.8 1 0.8 0.8 0.8 1 0.8 0.8 0.8 1 0.8 0.8 0.8 1 0.8 0.8 0.8 1 0.8 0.8 0.8 1 0.8 0.8 0.8 1 0.8 0.8 0.8 1 0.8 0.8 0.8 1 0.8 0.8 0.8 1 0.8 0.8 0.8 1 0.8 0.8 0.8 1 0.8 0.8 0.8 1 0.8 0.8 0.8 1 0.8 0.8 0.8 1 0.8 0.8 0.8 1 0.8 0.8 0.8 1 0.8 0.8 0.8 1 0.8 0.8 0.8 1 0.8 0.8 0.8 1 0.8 0.8 0.8 1 0.8 0.8 0.8 1 0.8 0.8 0.8 1 0.8 0.8 0.8 1 0.8 0.8 0.8 1 0.8 0.8 0.8 1 0.8 0.8 0.8 1 0.8 0.8 0.8 1 0.8 0.8 0.8 1 0.8 0.8 0.8 1 0.8 0.8 0.8 1 0.8 0.8 0.8 1 0.8 0.8 0.8 1 0.8 0.8 0.8 1 0.8 0.8 0.8 1 0.8 0.8 0.8 1 0.8 0.8 0.8 1 0.8 0.8 0.8 1 0.8 0.8 0.8 1 0.8 0.8 0.8 1 0.8 0.8 0.8 1 0.8 0.8 0.8 1 0.8 0.8 0.8 1 0.8 0.8 0.8 1 0.8 0.8 0.8 1 0.8 0.8 0.8 1 0.8 0.8 0.8 1 0.8 0.8 0.8 1 0.8 0.8 0.8 1 0.8 0.8 0.8 1 0.8 0.8 0.8 1 0.8 0.8 0.8 1 0.8 0.8 0.8 1 0.8 0.8 0.8 1 0.8 0.8 0.8 1 0.8 0.8 0.8 1 0.8 0.8 0.8 1 0.8 0.8 0.8 1 0.8 0.8 0.8 1 0.8 0.8 0.8 1 0.8 0.8 0.8 1 0.8 0.8 0.8 1 0.8 0.8 0.8 1 0.8 0.8 0.8 1 0.8 0.8 0.8 1 0.8 0.8 0.8 1 0.8 0.8 0.8 1 0.8 0.8 0.8 1 0.8 0.8 0.8 1 0.8 0.8 0.8 1 0.8 0.8 0.8 1 0.8 0.8 0.8 1 0.8 0.8 0.8 1 0.8 0.8 0.8 1 0.8 0.8 0.8 1 0.8 0.8 0.8 1 0.8 0.8 0.8 1 0.8 0.8 0.8 1 0.8 0.8 0.8 1 0.8 0.8 0.8 1 0.8 0.8 0.8 1 0.8 0.8 0.8 1 0.8 0.8 0.8 1 0.8 0.8 0.8 1 0.8 0.8 0.8 1 0.8 0.8 0.8 1 0.8 0.8 0.8 1 0.8 0.8 0.8 1 0.8 0.8 0.8 1 0.8 0.8 0.8 1 0.8 0.8 0.8 1 0.8 0.8 0.8 1 0.8 0.8 0.8 1 0.8 0.8 0.8 1 0.8 0.8 0.8 1 0.8 0.8 0.8 1 0.8 0.8 0.8 1 0.8 0.8 0.8 1 0.8 0.8 0.8 1 0.8 0.8 0.8 1 0.8 0.8 0.8 1 0.8 0.8 0.8 1 0.8 0.8 0.8 1 0.8 0.8 0.8 1 0.8 0.8 0.8 1 0.8 0.8 0.8 1 0.8 0.8 0.8 1 0.8 0.8 0.8 1 0.8 0.8 0.8 1 0.8 0.8 0.8 1 0.8 0.8 0.8 1 0.8 0.8 0.8 1 0.8 0.8 0.8 1 0.8 0.8 0.8 1 0.8 0.8 0.8 1 0.8 0.8 0.8 1 0.8 0.8 0.8 1 0.8 0.8 0.8 1 0.8 0.8 0.8 1 0.8 0.8 0.8 1 0.8 0.8 0.8 1 0.8 0.8 0.8 1 0.8 0.8 0.8 1 0.8 0.8 0.8 1 0.8 0.8 0.8 1 0.8 0.8 0.8 1 0.8 0.8 0.8 1 0.8 0.8 0.8 1 0.8 0.8 0.8 1 0.8 0.8 0.8 1 0.8 0.8 0.8 1 0.8 0.8 0.8 1 0.8 0.8 0.8 1 0.8 0.8 0.8 1 0.8 0.8 0.8 1 0.8 0.8 0.8 1 0.8 0.8 0.8 1 0.8 0.8 0.8 1 0.8 0.8 0.8 1 0.8 0.8 0.8 1 0.8 0.8 0.8 1 0.8 0.8 0.8 1 0.8 0.8 0.8 1 0.8 0.8 0.8 1 0.8 0.8 0.8 1 0.8 0.8 0.8 1 0.8 0.8 0.8 1 0.8 0.8 0.8 1 0.8 0.8 0.8 1 0.8 0.8 0.8 1 0.8 0.8 0.8 1 0.8 0.8 0.8 1 0.8 0.8 0.8 1 0.8 0.8 0.8 1 0.8 0.8 0.8 1 0.8 0.8 0.8 1 0.8 0.8 0.8 1 0.8 0.8 0.8 1 0.8 0.8 0.8 1 0.8 0.8 0.8 1 0.8 0.8 0.8 1 0.8 0.8 0.8 1 0.8 0.8 0.8 1 0.8 0.8 0.8 1 0.8 0.8 0.8 1 0.8 0.8 0.8 1 0.8 0.8 0.8 1 0.8 0.8 0.8 1 0.8 0.8 0.8 1 0.8 0.8 0.8 1 0.8 0.8 0.8 1 0.8 0.8 0.8 1 0.8 0.8 0.8 1 0.8 0.8 0.8 1 0.8 0.8 0.8 1 0.8 0.8 0.8 1 0.8 0.8 0.8 1 0.8 0.8 0.8 1 0.8 0.8 0.8 1 0.8 0.8 0.8 1 0.8 0.8 0.8 1 0.8 0.8 0.8 1 0.8 0.8 0.8 1 0.8 0.8 0.8 1 0.8 0.8 0.8 1 0.8 0.8 0.8 1 0.8 0.8 0.8 1 0.8 0.8 0.8 1 0.8 0.8 0.8 1 0.8 0.8 0.8 1 0.8 0.8 0.8 1 0.8 0.8 0.8 1 0.8 0.8 0.8 1 0.8 0.8 0.8 1 0.8 0.8 0.8 1 0.8 0.8 0.8 1 0.8 0.8 0.8 1 0.8 0.8 0.8 1 0.8 0.8 0.8 1 0.8 0.8 0.8 1 0.8 0.8 0.8 1 0.8 0.8 0.8 1 0.8 0.8 0.8 1 0.8 0.8 0.8 1 0.8 0.8 0.8 1 0.8 0.8 0.8 1 0.8 0.8 0.8 1 0.8 0.8 0.8 1 0.8 0.8 0.8 1 0.8 0.8 0.8 1 0.8 0.8 0.8 1 0.8 0.8 0.8 1 0.8 0.8 0.8 1 0.8 0.8 0.8 1 0.8 0.8 0.8 1 0.8 0.8 0.8 1 0.8 0.8 0.8 1 0.8 0.8 0.8 1 0.8 0.8 0.8 1 0.8 0.8 0.8 1 0.8 0.8 0.8 1 0.8 0.8 0.8 1 0.8 0.8 0.8 1 0.8 0.8 0.8 1 0.8 0.8 0.8 1 0.8 0.8 0.8 1 0.8 0.8 0.8 1 0.8 0.8 0.8 1 0.8 0.8 0.8 1 0.8 0.8 0.8 1 0.8 0.8 0.8 1 0.8 0.8 0.8 1 0.8 0.8 0.8 1 0.8 0.8 0.8 1 0.8 0.8 0.8 1 0.8 0.8 0.8 1 0.8 0.8 0.8 1 0.8 0.8 0.8 1 0.8 0.8 0.8 1 0.8 0.8 0.8 1 0.8 0.8 0.8 1 0.8 0.8 0.8 1 0.8 0.8 0.8 1 0.8 0.8 0.8 1 0.8 0.8 0.8 1 0.8 0.8 0.8 1 0.8 0.8 0.8 1 0.8 0.8 0.8 1 0.8 0.8 0.8 1 0.8 0.8 0.8 1 0.8 0.8 0.8 1 0.8 0.8 0.8 1 0.8 0.8 0.8 1 0.8 0.8 0.8 1 0.8 0.8 0.8 1 0.8 0.8 0.8 1 0.8 0.8 0.8 1 0.8 0.8 0.8 1 0.8 0.8 0.8 1 0.8 0.8 0.8 1 0.8 0.8 0.8 1 0.8 0.8 0.8 1 0.8 0.8 0.8 1 0.8 0.8 0.8 1 0.8 0.8 0.8 1 0.8 0.8 0.8 1 0.8 0.8 0.8 1 0.8 0.8 0.8 1 0.8 0.8 0.8 1 0.8 0.8 0.8 1 0.8 0.8 0.8 1 0.8 0.8 0.8 1 0.8 0.8 0.8 1 0.8 0.8 0.8 1 0.8 0.8 0.8 1 0.8 0.8 0.8 1 0.8 0.8 0.8 1 0.8 0.8 0.8 1 0.8 0.8 0.8 1 0.8 0.8 0.8 1 0.8 0.8 0.8 1 0.8 0.8 0.8 1 0.8 0.8 0.8 1 0.8 0.8 0.8 1 0.8 0.8 0.8 1 0.8 0.8 0.8 1 0.8 0.8 0.8 1 0.8 0.8 0.8 1 0.8 0.8 0.8 1 0.8 0.8 0.8 1 0.8 0.8 0.8 1 0.8 0.8 0.8 1 0.8 0.8 0.8 1 0.8 0.8 0.8 1 0.8 0.8 0.8 1 0.8 0.8 0.8 1 0.8 0.8 0.8 1 0.8 0.8 0.8 1 0.8 0.8 0.8 1 0.8 0.8 0.8 1 0.8 0.8 0.8 1 0.8 0.8 0.8 1 0.8 0.8 0.8 1 0.8 0.8 0.8 1 0.8 0.8 0.8 1 0.8 0.8 0.8 1 0.8 0.8 0.8 1 0.8 0.8 0.8 1 0.8 0.8 0.8 1 0.8 0.8 0.8 1 0.8 0.8 0.8 1 0.8 0.8 0.8 1 0.8 0.8 0.8 1 0.8 0.8 0.8 1 0.8 0.8 0.8 1 0.8 0.8 0.8 1 0.8 0.8 0.8 1 0.8 0.8 0.8 1 0.8 0.8 0.8 1 0.8 0.8 0.8 1 0.8 0.8 0.8 1 0.8 0.8 0.8 1 0.8 0.8 0.8 1 0.8 0.8 0.8 1 0.8 0.8 0.8 1 0.8 0.8 0.8 1 0.8 0.8 0.8 1 0.8 0.8 0.8 1 0.8 0.8 0.8 1 0.8 0.8 0.8 1 0.8 0.8 0.8 1 0.8 0.8 0.8 1 0.8 0.8 0.8 1 0.8 0.8 0.8 1 0.8 0.8 0.8 1 0.8 0.8 0.8 1 0.8 0.8 0.8 1 0.8 0.8 0.8 1 0.8 0.8 0.8 1 0.8 0.8 0.8 1 0.8 0.8 0.8 1 0.8 0.8 0.8 1 0.8 0.8 0.8 1 0.8 0.8 0.8 1 0.8 0.8 0.8 1 0.8 0.8 0.8 1 0.8 0.8 0.8 1 0.8 0.8 0.8 1 0.8 0.8 0.8 1 0.8 0.8 0.8 1 0.8 0.8 0.8 1 0.8 0.8 0.8 1 0.8 0.8 0.8 1 0.8 0.8 0.8 1 0.8 0.8 0.8 1 0.8 0.8 0.8 1 0.8 0.8 0.8 1 0.8 0.8 0.8 1 0.8 0.8 0.8 1 0.8 0.8 0.8 1 0.8 0.8 0.8 1 0.8 0.8 0.8 1 0.8 0.8 0.8 1 0.8 0.8 0.8 1 0.8 0.8 0.8 1 0.8 0.8 0.8 1 0.8 0.8 0.8 1 0.8 0.8 0.8 1 0.8 0.8 0.8 1 0.8 0.8 0.8 1 0.8 0.8 0.8 1 0.8 0.8 0.8 1 0.8 0.8 0.8 1 0.8 0.8 0.8 1 0.8 0.8 0.8 1 0.8 0.8 0.8 1 0.8 0.8 0.8 1 0.8 0.8 0.8 1 0.8 0.8 0.8 1 0.8 0.8 0.8 1 0.8 0.8 0.8 1 0.8 0.8 0.8 1 0.8 0.8 0.8 1 0.8 0.8 0.8 1 0.8 0.8 0.8 1 0.8 0.8 0.8 1 0.8 0.8 0.8 1 0.8 0.8 0.8 1 0.8 0.8 0.8 1 0.8 0.8 0.8 1 0.8 0.8 0.8 1 0.8 0.8 0.8 1 0.8 0.8 0.8 1 0.8 0.8 0.8 1 0.8 0.8 0.8 1 0.8 0.8 0.8 1 0.8 0.8 0.8 1 0.8 0.8 0.8 1 0.8 0.8 0.8 1 0.8 0.8 0.8 1 0.8 0.8 0.8 1 0.8 0.8 0.8 1 0.8 0.8 0.8 1 0.8 0.8 0.8 1 0.8 0.8 0.8 1 0.8 0.8 0.8 1 0.8 0.8 0.8 1 0.8 0.8 0.8 1 0.8 0.8 0.8 1 0.8 0.8 0.8 1 0.8 0.8 0.8 1 0.8 0.8 0.8 1 0.8 0.8 0.8 1 0.8 0.8 0.8 1 0.8 0.8 0.8 1 0.8 0.8 0.8 1 0.8 0.8 0.8 1 0.8 0.8 0.8 1 0.8 0.8 0.8 1 0.8 0.8 0.8 1 0.8 0.8 0.8 1 0.8 0.8 0.8 1 0.8 0.8 0.8 1 0.8 0.8 0.8 1 0.8 0.8 0.8 1 0.8 0.8 0.8 1 0.8 0.8 0.8 1 0.8 0.8 0.8 1 0.8 0.8 0.8 1 0.8 0.8 0.8 1 0.8 0.8 0.8 1 0.8 0.8 0.8 1 0.8 0.8 0.8 1 0.8 0.8 0.8 1 0.8 0.8 0.8 1 0.8 0.8 0.8 1 0.8 0.8 0.8 1 0.8 0.8 0.8 1 0.8 0.8 0.8 1 0.8 0.8 0.8 1 0.8 0.8 0.8 1 0.8 0.8 0.8 1 0.8 0.8 0.8 1 0.8 0.8 0.8 1 0.8 0.8 0.8 1 0.8 0.8 0.8 1 0.8 0.8 0.8 1 0.8 0.8 0.8 1 0.8 0.8 0.8 1 0.8 0.8 0.8 1 0.8 0.8 0.8 1 0.8 0.8 0.8 1 0.8 0.8 0.8 1 0.8 0.8 0.8 1 0.8 0.8 0.8 1 0.8 0.8 0.8 1 0.8 0.8 0.8 1 0.8 0.8 0.8 1 0.8 0.8 0.8 1 0.8 0.8 0.8 1 0.8 0.8 0.8 1 0.8 0.8 0.8 1 0.8 0.8 0.8 1 0.8 0.8 0.8 1 0.8 0.8 0.8 1 0.8 0.8 0.8 1 0.8 0.8 0.8 1 0.8 0.8 0.8 1 0.8 0.8 0.8 1 0.8 0.8 0.8 1 0.8 0.8 0.8 1 0.8 0.8 0.8 1 0.8 0.8 0.8 1 0.8 0.8 0.8 1 0.8 0.8 0.8 1 0.8 0.8 0.8 1 0.8 0.8 0.8 1 0.8 0.8 0.8 1 0.8 0.8 0.8 1 0.8 0.8 0.8 1 0.8 0.8 0.8 1 0.8 0.8 0.8 1 0.8 0.8 0.8 1 0.8 0.8 0.8 1 0.8 0.8 0.8 1 0.8 0.8 0.8 1 0.8 0.8 0.8 1 0.8 0.8 0.8 1 0.8 0.8 0.8 1 0.8 0.8 0.8 1 0.8 0.8 0.8 1 0.8 0.8 0.8 1 0.8 0.8 0.8 1 0.8 0.8 0.8 1 0.8 0.8 0.8 1 0.8 0.8 0.8 1 0.8 0.8 0.8 1 0.8 0.8 0.8 1 0.8 0.8 0.8 1 0.8 0.8 0.8 1 0.8 0.8 0.8 1 0.8 0.8 0.8 1 0.8 0.8 0.8 1 0.8 0.8 0.8 1 0.8 0.8 0.8 1 0.8 0.8 0.8 1 0.8 0.8 0.8 1 0.8 0.8 0.8 1 0.8 0.8 0.8 1 0.8 0.8 0.8 1 0.8 0.8 0.8 1 0.8 0.8 0.8 1 0.8 0.8 0.8 1 0.8 0.8 0.8 1 0.8 0.8 0.8 1 0.8 0.8 0.8 1 0.8 0.8 0.8 1 0.8 0.8 0.8 1 0.8 0.8 0.8 1 0.8 0.8 0.8 1 0.8 0.8 0.8 1 0.8 0.8 0.8 1 0.8 0.8 0.8 1 0.8 0.8 0.8 1 0.8 0.8 0.8 1 0.8 0.8 0.8 1 0.8 0.8 0.8 1 0.8 0.8 0.8 1 0.8 0.8 0.8 1 0.8 0.8 0.8 1 0.8 0.8 0.8 1 0.8 0.8 0.8 1 0.8 0.8 0.8 1 0.8 0.8 0.8 1 0.8 0.8 0.8 1 0.8 0.8 0.8 1 0.8 0.8 0.8 1 0.8 0.8 0.8 1 0.8 0.8 0.8 1 0.8 0.8 0.8 1 0.8 0.8 0.8 1 0.8 0.8 0.8 1 0.8 0.8 0.8 1 0.8 0.8 0.8 1 0.8 0.8 0.8 1 0.8 0.8 0.8 1 0.8 0.8 0.8 1 0.8 0.8 0.8 1 0.8 0.8 0.8 1 0.8 0.8 0.8 1 0.8 0.8 0.8 1 0.8 0.8 0.8 1 0.8 0.8 0.8 1 0.8 0.8 0.8 1 0.8 0.8 0.8 1 0.8 0.8 0.8 1 0.8 0.8 0.8 1 0.8 0.8 0.8 1 0.8 0.8 0.8 1 0.8 0.8 0.8 1 0.8 0.8 0.8 1 0.8 0.8 0.8 1 0.8 0.8 0.8 1 0.8 0.8 0.8 1 0.8 0.8 0.8 1 0.8 0.8 0.8 1 0.8 0.8 0.8 1 0.8 0.8 0.8 1 0.8 0.8 0.8 1 0.8 0.8 0.8 1 0.8 0.8 0.8 1 0.8 0.8 0.8 1 0.8 0.8 0.8 1 0.8 0.8 0.8 1 0.8 0.8 0.8 1 0.8 0.8 0.8 1 0.8 0.8 0.8 1 0.8 0.8 0.8 1 0.8 0.8 0.8 1 0.8 0.8 0.8 1 0.8 0.8 0.8 1 0.8 0.8 0.8 1 0.8 0.8 0.8 1 0.8 0.8 0.8 1 0.8 0.8 0.8 1 0.8 0.8 0.8 1 0.8 0.8 0.8 1 0.8 0.8 0.8 1 0.8 0.8 0.8 1 0.8 0.8 0.8 1 0.8 0.8 0.8 1 0.8 0.8 0.8 1 0.8 0.8 0.8 1 0.8 0.8 0.8 1 0.8 0.8 0.8 1 0.8 0.8 0.8 1 0.8 0.8 0.8 1 0.8 0.8 0.8 1 0.8 0.8 0.8 1 0.8 0.8 0.8 1 0.8 0.8 0.8 1 0.8 0.8 0.8 1 0.8 0.8 0.8 1 0.8 0.8 0.8 1 0.8 0.8 0.8 1 0.8 0.8 0.8 1 0.8 0.8 0.8 1 0.8 0.8 0.8 1 0.8 0.8 0.8 1 0.8 0.8 0.8 1 0.8 0.8 0.8 1 0.8 0.8 0.8 1 0.8 0.8 0.8 1 0.8 0.8 0.8 1 0.8 0.8 0.8 1 0.8 0.8 0.8 1 0.8 0.8 0.8 1 0.8 0.8 0.8 1 0.8 0.8 0.8 1 0.8 0.8 0.8 1 0.8 0.8 0.8 1 0.8 0.8 0.8 1 0.8 0.8 0.8 1 0.8 0.8 0.8 1 0.8 0.8 0.8 1 0.8 0.8 0.8 1 0.8 0.8 0.8 1 0.8 0.8 0.8 1 0.8 0.8 0.8 1 0.8 0.8 0.8 1 0.8 0.8 0.8 1 0.8 0.8 0.8 1 0.8 0.8 0.8 1 0.8 0.8 0.8 1 0.8 0.8 0.8 1 0.8 0.8 0.8 1 0.8 0.8 0.8 1 0.8 0.8 0.8 1 0.8 0.8 0.8 1 0.8 0.8 0.8 1 0.8 0.8 0.8 1 0.8 0.8 0.8 1 0.8 0.8 0.8 1 0.8 0.8 0.8 1 0.8 0.8 0.8 1 0.8 0.8 0.8 1 0.8 0.8 0.8 1 0.8 0.8 0.8 1 0.8 0.8 0.8 1 0.8 0.8 0.8 1 0.8 0.8 0.8 1 0.8 0.8 0.8 1 0.8 0.8 0.8 1 0.8 0.8 0.8 1 0.8 0.8 0.8 1 0.8 0.8 0.8 1 0.8 0.8 0.8 1 0.8 0.8 0.8 1 0.8 0.8 0.8 1 0.8 0.8 0.8 1 0.8 0.8 0.8 1 0.8 0.8 0.8 1 0.8 0.8 0.8 1 0.8 0.8 0.8 1 0.8 0.8 0.8 1 0.8 0.8 0.8 1 0.8 0.8 0.8 1 0.8 0.8 0.8 1 0.8 0.8 0.8 1 0.8 0.8 0.8 1 0.8 0.8 0.8 1 0.8 0.8 0.8 1 0.8 0.8 0.8 1 0.8 0.8 0.8 1 0.8 0.8 0.8 1 0.8 0.8 0.8 1 0.8 0.8 0.8 1 0.8 0.8 0.8 1 0.8 0.8 0.8 1 0.8 0.8 0.8 1 0.8 0.8 0.8 1 0.8 0.8 0.8 1 0.8 0.8 0.8 1 0.8 0.8 0.8 1 0.8 0.8 0.8 1 0.8 0.8 0.8 1 0.8 0.8 0.8 1 0.8 0.8 0.8 1 0.8 0.8 0.8 1 0.8 0.8 0.8 1 0.8 0.8 0.8 1 0.8 0.8 0.8 1 0.8 0.8 0.8 1 0.8 0.8 0.8 1 0.8 0.8 0.8 1 0.8 0.8 0.8 1 0.8 0.8 0.8 1 0.8 0.8 0.8 1 0.8 0.8 0.8 1 0.8 0.8 0.8 1 0.8 0.8 0.8 1 0.8 0.8 0.8 1 0.8 0.8 0.8 1 0.8 0.8 0.8 1 0.8 0.8 0.8 1 0.8 0.8 0.8 1 0.8 0.8 0.8 1 0.8 0.8 0.8 1 0.8 0.8 0.8 1 0.8 0.8 0.8 1 0.8 0.8 0.8 1 0.8 0.8 0.8 1 0.8 0.8 0.8 1 0.8 0.8 0.8 1 0.8 0.8 0.8 1 0.8 0.8 0.8 1 0.8 0.8 0.8 1 0.8 0.8 0.8 1 0.8 0.8 0.8 1 0.8 0.8 0.8 1 0.8 0.8 0.8 1 0.8 0.8 0.8 1 0.8 0.8 0.8 1 0.8 0.8 0.8 1 0.8 0.8 0.8 1 0.8 0.8 0.8 1 0.8 0.8 0.8 1 0.8 0.8 0.8 1 0.8 0.8 0.8 1 0.8 0.8 0.8 1 0.8 0.8 0.8 1 0.8 0.8 0.8 1 0.8 0.8 0.8 1 0.8 0.8 0.8 1 0.8 0.8 0.8 1 0.8 0.8 0.8 1 0.8 0.8 0.8 1 0.8 0.8 0.8 1 0.8 0.8 0.8 1 0.8 0.8 0.8 1 0.8 0.8 0.8 1 0.8 0.8 0.8 1 0.8 0.8 0.8 1 0.8 0.8 0.8 1 0.8 0.8 0.8 1 0.8 0.8 0.8 1 0.8 0.8 0.8 1 0.8 0.8 0.8 1 0.8 0.8 0.8 1 0.8 0.8 0.8 1 0.8 0.8 0.8 1 0.8 0.8 0.8 1 0.8 0.8 0.8 1 0.8 0.8 0.8 1 0.8 0.8 0.8 1 0.8 0.8 0.8 1 0.8 0.8 0.8 1 0.8 0.8 0.8 1 0.8 0.8 0.8 1 0.8 0.8 0.8 1 0.8 0.8 0.8 1 0.8 0.8 0.8 1 0.8 0.8 0.8 1 0.8 0.8 0.8 1 0.8 0.8 0.8 1 0.8 0.8 0.8 1 0.8 0.8 0.8 1 0.8 0.8 0.8 1 0.8 0.8 0.8 1 0.8 0.8 0.8 1 0.8 0.8 0.8 1 0.8 0.8 0.8 1 0.8 0.8 0.8 1 0.8 0.8 0.8 1 0.8 0.8 0.8 1 0.8 0.8 0.8 1 0.8 0.8 0.8 1 0.8 0.8 0.8 1 0.8 0.8 0.8 1 0.8 0.8 0.8 1 0.8 0.8 0.8 1 0.8 0.8 0.8 1 0.8 0.8 0.8 1 0.8 0.8 0.8 1 0.8 0.8 0.8 1 0.8 0.8 0.8 1 0.8 0.8 0.8 1 0.8 0.8 0.8 1 0.8 0.8 0.8 1 0.8 0.8 0.8 1 0.8 0.8 0.8 1 0.8 0.8 0.8 1 0.8 0.8 0.8 1 0.8 0.8 0.8 1 0.8 0.8 0.8 1 0.8 0.8 0.8 1 0.8 0.8 0.8 1 0.8 0.8 0.8 1 0.8 0.8 0.8 1 0.8 0.8 0.8 1 0.8 0.8 0.8 1 0.8 0.8 0.8 1 0.8 0.8 0.8 1 0.8 0.8 0.8 1 0.8 0.8 0.8 1 0.8 0.8 0.8 1 0.8 0.8 0.8 1 0.8 0.8 0.8 1 0.8 0.8 0.8 1 0.8 0.8 0.8 1 0.8 0.8 0.8 1 0.8 0.8 0.8 1 0.8 0.8 0.8 1 0.8 0.8 0.8 1 0.8 0.8 0.8 1 0.8 0.8 0.8 1 0.8 0.8 0.8 1 0.8 0.8 0.8 1 0.8 0.8 0.8 1 0.8 0.8 0.8 1 0.8 0.8 0.8 1 0.8 0.8 0.8 1 0.8 0.8 0.8 1 0.8 0.8 0.8 1 0.8 0.8 0.8 1 0.8 0.8 0.8 1 0.8 0.8 0.8 1 0.8 0.8 0.8 1 0.8 0.8 0.8 1 0.8 0.8 0.8 1 0.8 0.8 0.8 1 0.8 0.8 0.8 1 0.8 0.8 0.8 1 0.8 0.8 0.8 1 0.8 0.8 0.8 1 0.8 0.8 0.8 1 0.8 0.8 0.8 1 0.8 0.8 0.8 1 0.8 0.8 0.8 1 0.8 0.8 0.8 1 0.8 0.8 0.8 1 0.8 0.8 0.8 1 0.8 0.8 0.8 1 0.8 0.8 0.8 1 0.8 0.8 0.8 1 0.8 0.8 0.8 1 0.8 0.8 0.8 1 0.8 0.8 0.8 1 0.8 0.8 0.8 1 0.8 0.8 0.8 1 0.8 0.8 0.8 1 0.8 0.8 0.8 1 0.8 0.8 0.8 1 0.8 0.8 0.8 1 0.8 0.8 0.8 1 0.8 0.8 0.8 1 0.8 0.8 0.8 1 0.8 0.8 0.8 1 0.8 0.8 0.8 1 0.8 0.8 0.8 1 0.8 0.8 0.8 1 0.8 0.8 0.8 1 0.8 0.8 0.8 1 0.8 0.8 0.8 1 0.8 0.8 0.8 1 0.8 0.8 0.8 1 0.8 0.8 0.8 1 0.8 0.8 0.8 1 0.8 0.8 0.8 1 0.8 0.8 0.8 1 0.8 0.8 0.8 1 0.8 0.8 0.8 1 0.8 0.8 0.8 1 0.8 0.8 0.8 1 0.8 0.8 0.8 1 0.8 0.8 0.8 1 0.8 0.8 0.8 1 0.8 0.8 0.8 1 0.8 0.8 0.8 1 0.8 0.8 0.8 1 0.8 0.8 0.8 1 0.8 0.8 0.8 1 0.8 0.8 0.8 1 0.8 0.8 0.8 1 0.8 0.8 0.8 1 0.8 0.8 0.8 1 0.8 0.8 0.8 1 0.8 0.8 0.8 1 0.8 0.8 0.8 1 0.8 0.8 0.8 1 0.8 0.8 0.8 1 0.8 0.8 0.8 1 0.8 0.8 0.8 1 0.8 0.8 0.8 1 0.8 0.8 0.8 1 0.8 0.8 0.8 1 0.8 0.8 0.8 1 0.8 0.8 0.8 1 0.8 0.8 0.8 1 0.8 0.8 0.8 1 0.8 0.8 0.8 1 0.8 0.8 0.8 1 0.8 0.8 0.8 1 0.8 0.8 0.8 1 0.8 0.8 0.8 1 0.8 0.8 0.8 1 0.8 0.8 0.8 1 0.8 0.8 0.8 1 0.8 0.8 0.8 1 0.8 0.8 0.8 1 0.8 0.8 0.8 1 0.8 0.8 0.8 1 0.8 0.8 0.8 1 0.8 0.8 0.8 1 0.8 0.8 0.8 1 0.8 0.8 0.8 1 0.8 0.8 0.8 1 0.8 0.8 0.8 1 0.8 0.8 0.8 1 0.8 0.8 0.8 1 0.8 0.8 0.8 1 0.8 0.8 0.8 1 0.8 0.8 0.8 1 0.8 0.8 0.8 1 0.8 0.8 0.8 1 0.8 0.8 0.8 1 0.8 0.8 0.8 1 0.8 0.8 0.8 1 0.8 0.8 0.8 1 0.8 0.8 0.8 1 0.8 0.8 0.8 1 0.8 0.8 0.8 1 0.8 0.8 0.8 1 0.8 0.8 0.8 1 0.8 0.8 0.8 1 0.8 0.8 0.8 1 0.8 0.8 0.8 1 0.8 0.8 0.8 1 0.8 0.8 0.8 1 0.8 0.8 0.8 1 0.8 0.8 0.8 1 0.8 0.8 0.8 1 0.8 0.8 0.8 1 0.8 0.8 0.8 1 0.8 0.8 0.8 1 0.8 0.8 0.8 1 0.8 0.8 0.8 1 0.8 0.8 0.8 1 0.8 0.8 0.8 1 0.8 0.8 0.8 1 0.8 0.8 0.8 1 0.8 0.8 0.8 1 0.8 0.8 0.8 1 0.8 0.8 0.8 1 0.8 0.8 0.8 1 0.8 0.8 0.8 1 0.8 0.8 0.8 1 0.8 0.8 0.8 1 0.8 0.8 0.8 1 0.8 0.8 0.8 1 0.8 0.8 0.8 1 0.8 0.8 0.8 1 0.8 0.8 0.8 1 0.8 0.8 0.8 1 0.8 0.8 0.8 1 0.8 0.8 0.8 1 0.8 0.8 0.8 1 0.8 0.8 0.8 1 0.8 0.8 0.8 1 0.8 0.8 0.8 1 0.8 0.8 0.8 1 0.8 0.8 0.8 1 0.8 0.8 0.8 1 0.8 0.8 0.8 1 0.8 0.8 0.8 1 0.8 0.8 0.8 1 0.8 0.8 0.8 1 0.8 0.8 0.8 1 0.8 0.8 0.8 1 0.8 0.8 0.8 1 0.8 0.8 0.8 1 0.8 0.8 0.8 1 0.8 0.8 0.8 1 0.8 0.8 0.8 1 0.8 0.8 0.8 1 0.8 0.8 0.8 1 0.8 0.8 0.8 1 0.8 0.8 0.8 1 0.8 0.8 0.8 1 0.8 0.8 0.8 1 0.8 0.8 0.8 1 0.8 0.8 0.8 1 0.8 0.8 0.8 1 0.8 0.8 0.8 1 0.8 0.8 0.8 1 0.8 0.8 0.8 1 0.8 0.8 0.8 1 0.8 0.8 0.8 1 0.8 0.8 0.8 1 0.8 0.8 0.8 1 0.8 0.8 0.8 1 0.8 0.8 0.8 1 0.8 0.8 0.8 1 0.8 0.8 0.8 1 0.8 0.8 0.8 1 0.8 0.8 0.8 1 0.8 0.8 0.8 1 0.8 0.8 0.8 1 0.8 0.8 0.8 1 0.8 0.8 0.8 1 0.8 0.8 0.8 1 0.8 0.8 0.8 1 0.8 0.8 0.8 1 0.8 0.8 0.8 1 0.8 0.8 0.8 1 0.8 0.8 0.8 1 0.8 0.8 0.8 1 0.8 0.8 0.8 1 0.8 0.8 0.8 1 0.8 0.8 0.8 1 0.8 0.8 0.8 1 0.8 0.8 0.8 1 0.8 0.8 0.8 1 0.8 0.8 0.8 1 0.8 0.8 0.8 1 0.8 0.8 0.8 1 0.8 0.8 0.8 1 0.8 0.8 0.8 1 0.8 0.8 0.8 1 0.8 0.8 0.8 1 0.8 0.8 0.8 1 0.8 0.8 0.8 1 0.8 0.8 0.8 1 0.8 0.8 0.8 1 0.8 0.8 0.8 1 0.8 0.8 0.8 1 0.8 0.8 0.8 1 0.8 0.8 0.8 1 0.8 0.8 0.8 1 0.8 0.8 0.8 1 0.8 0.8 0.8 1 0.8 0.8 0.8 1 0.8 0.8 0.8 1 0.8 0.8 0.8 1 0.8 0.8 0.8 1 0.8 0.8 0.8 1 0.8 0.8 0.8 1 0.8 0.8 0.8 1 0.8 0.8 0.8 1 0.8 0.8 0.8 1 0.8 0.8 0.8 1 0.8 0.8 0.8 1 0.8 0.8 0.8 1 0.8 0.8 0.8 1 0.8 0.8 0.8 1 0.8 0.8 0.8 1 0.8 0.8 0.8 1 0.8 0.8 0.8 1 0.8 0.8 0.8 1 0.8 0.8 0.8 1 0.8 0.8 0.8 1 0.8 0.8 0.8 1 0.8 0.8 0.8 1 0.8 0.8 0.8 1 0.8 0.8 0.8 1 0.8 0.8 0.8 1 0.8 0.8 0.8 1 0.8 0.8 0.8 1 0.8 0.8 0.8 1 0.8 0.8 0.8 1 0.8 0.8 0.8 1 0.8 0.8 0.8 1 0.8 0.8 0.8 1 0.8 0.8 0.8 1 0.8 0.8 0.8 1 0.8 0.8 0.8 1 0.8 0.8 0.8 1 0.8 0.8 0.8 1 0.8 0.8 0.8 1 0.8 0.8 0.8 1 0.8 0.8 0.8 1 0.8 0.8 0.8 1 0.8 0.8 0.8 1 0.8 0.8 0.8 1 0.8 0.8 0.8 1 0.8 0.8 0.8 1 0.8 0.8 0.8 1 0.8 0.8 0.8 1 0.8 0.8 0.8 1 0.8 0.8 0.8 1 0.8 0.8 0.8 1 0.8 0.8 0.8 1 0.8 0.8 0.8 1 0.8 0.8 0.8 1 0.8 0.8 0.8 1 0.8 0.8 0.8 1 0.8 0.8 0.8 1 0.8 0.8 0.8 1 0.8 0.8 0.8 1 0.8 0.8 0.8 1 0.8 0.8 0.8 1 0.8 0.8 0.8 1 0.8 0.8 0.8 1 0.8 0.8 0.8 1 0.8 0.8 0.8 1 0.8 0.8 0.8 1 0.8 0.8 0.8 1 0.8 0.8 0.8 1 0.8 0.8 0.8 1 0.8 0.8 0.8 1 0.8 0.8 0.8 1 0.8 0.8 0.8 1 0.8 0.8 0.8 1 0.8 0.8 0.8 1 0.8 0.8 0.8 1 0.8 0.8 0.8 1 0.8 0.8 0.8 1 0.8 0.8 0.8 1 0.8 0.8 0.8 1 0.8 0.8 0.8 1 0.8 0.8 0.8 1 0.8 0.8 0.8 1 0.8 0.8 0.8 1 0.8 0.8 0.8 1 0.8 0.8 0.8 1 0.8 0.8 0.8 1 0.8 0.8 0.8 1 0.8 0.8 0.8 1 0.8 0.8 0.8 1 0.8 0.8 0.8 1 0.8 0.8 0.8 1 0.8 0.8 0.8 1 0.8 0.8 0.8 1 0.8 0.8 0.8 1 0.8 0.8 0.8 1 0.8 0.8 0.8 1 0.8 0.8 0.8 1 0.8 0.8 0.8 1 0.8 0.8 0.8 1 0.8 0.8 0.8 1 0.8 0.8 0.8 1 0.8 0.8 0.8 1 0.8 0.8 0.8 1 0.8 0.8 0.8 1 0.8 0.8 0.8 1 0.8 0.8 0.8 1 0.8 0.8 0.8 1 0.8 0.8 0.8 1 0.8 0.8 0.8 1 0.8 0.8 0.8 1 0.8 0.8 0.8 1 0.8 0.8 0.8 1 0.8 0.8 0.8 1 0.8 0.8 0.8 1 0.8 0.8 0.8 1 0.8 0.8 0.8 1 0.8 0.8 0.8 1 0.8 0.8 0.8 1 0.8 0.8 0.8 1 0.8 0.8 0.8 1 0.8 0.8 0.8 1 0.8 0.8 0.8 1 0.8 0.8 0.8 1 0.8 0.8 0.8 1 0.8 0.8 0.8 1 0.8 0.8 0.8 1 0.8 0.8 0.8 1 0.8 0.8 0.8 1 0.8 0.8 0.8 1 0.8 0.8 0.8 1 0.8 0.8 0.8 1 0.8 0.8 0.8 1 0.8 0.8 0.8 1 0.8 0.8 0.8 1 0.8 0.8 0.8 1 0.8 0.8 0.8 1 0.8 0.8 0.8 1 0.8 0.8 0.8 1 0.8 0.8 0.8 1 0.8 0.8 0.8 1 0.8 0.8 0.8 1 0.8 0.8 0.8 1 0.8 0.8 0.8 1 0.8 0.8 0.8 1 0.8 0.8 0.8 1 0.8 0.8 0.8 1 0.8 0.8 0.8 1 0.8 0.8 0.8 1 0.8 0.8 0.8 1 0.8 0.8 0.8 1 0.8 0.8 0.8 1 0.8 0.8 0.8 1 0.8 0.8 0.8 1 0.8 0.8 0.8 1 0.8 0.8 0.8 1 0.8 0.8 0.8 1 0.8 0.8 0.8 1 0.8 0.8 0.8 1 0.8 0.8 0.8 1 0.8 0.8 0.8 1 0.8 0.8 0.8 1 0.8 0.8 0.8 1 0.8 0.8 0.8 1 0.8 0.8 0.8 1 0.8 0.8 0.8 1 0.8 0.8 0.8 1 0.8 0.8 0.8 1 0.8 0.8 0.8 1 0.8 0.8 0.8 1 0.8 0.8 0.8 1 0.8 0.8 0.8 1 0.8 0.8 0.8 1 0.8 0.8 0.8 1 0.8 0.8 0.8 1 0.8 0.8 0.8 1 0.8 0.8 0.8 1 0.8 0.8 0.8 1 0.8 0.8 0.8 1 0.8 0.8 0.8 1 0.8 0.8 0.8 1 0.8 0.8 0.8 1 0.8 0.8 0.8 1 0.8 0.8 0.8 1 0.8 0.8 0.8 1 0.8 0.8 0.8 1 0.8 0.8 0.8 1 0.8 0.8 0.8 1 0.8 0.8 0.8 1 0.8 0.8 0.8 1 0.8 0.8 0.8 1 0.8 0.8 0.8 1 0.8 0.8 0.8 1 0.8 0.8 0.8 1 0.8 0.8 0.8 1 0.8 0.8 0.8 1 0.8 0.8 0.8 1 0.8 0.8 0.8 1 0.8 0.8 0.8 1 0.8 0.8 0.8 1 0.8 0.8 0.8 1 0.8 0.8 0.8 1 0.8 0.8 0.8 1 0.8 0.8 0.8 1 0.8 0.8 0.8 1 0.8 0.8 0.8 1 0.8 0.8 0.8 1 0.8 0.8 0.8 1 0.8 0.8 0.8 1 0.8 0.8 0.8 1 0.8 0.8 0.8 1 0.8 0.8 0.8 1 0.8 0.8 0.8 1 0.8 0.8 0.8 1 0.8 0.8 0.8 1 0.8 0.8 0.8 1 0.8 0.8 0.8 1 0.8 0.8 0.8 1 0.8 0.8 0.8 1 0.8 0.8 0.8 1 0.8 0.8 0.8 1 0.8 0.8 0.8 1 0.8 0.8 0.8 1 0.8 0.8 0.8 1 0.8 0.8 0.8 1 0.8 0.8 0.8 1 0.8 0.8 0.8 1 0.8 0.8 0.8 1 0.8 0.8 0.8 1 0.8 0.8 0.8 1 0.8 0.8 0.8 1 0.8 0.8 0.8 1 0.8 0.8 0.8 1 0.8 0.8 0.8 1 0.8 0.8 0.8 1 0.8 0.8 0.8 1 0.8 0.8 0.8 1 0.8 0.8 0.8 1 0.8 0.8 0.8 1 0.8 0.8 0.8 1 0.8 0.8 0.8 1 0.8 0.8 0.8 1 0.8 0.8 0.8 1 0.8 0.8 0.8 1 0.8 0.8 0.8 1 0.8 0.8 0.8 1 0.8 0.8 0.8 1 0.8 0.8 0.8 1 0.8 0.8 0.8 1 0.8 0.8 0.8 1 0.8 0.8 0.8 1 0.8 0.8 0.8 1 0.8 0.8 0.8 1 0.8 0.8 0.8 1 0.8 0.8 0.8 1 0.8 0.8 0.8 1 0.8 0.8 0.8 1 0.8 0.8 0.8 1 0.8 0.8 0.8 1 0.8 0.8 0.8 1 0.8 0.8 0.8 1 0.8 0.8 0.8 1 0.8 0.8 0.8 1 0.8 0.8 0.8 1 0.8 0.8 0.8 1 0.8 0.8 0.8 1 0.8 0.8 0.8 1 0.8 0.8 0.8 1 0.8 0.8 0.8 1 0.8 0.8 0.8 1 0.8 0.8 0.8 1 0.8 0.8 0.8 1 0.8 0.8 0.8 1 0.8 0.8 0.8 1 0.8 0.8 0.8 1 0.8 0.8 0.8 1 0.8 0.8 0.8 1 0.8 0.8 0.8 1 0.8 0.8 0.8 1 0.8 0.8 0.8 1 0.8 0.8 0.8 1 0.8 0.8 0.8 1 0.8 0.8 0.8 1 0.8 0.8 0.8 1 0.8 0.8 0.8 1 0.8 0.8 0.8 1 0.8 0.8 0.8 1 0.8 0.8 0.8 1 0.8 0.8 0.8 1 0.8 0.8 0.8 1 0.8 0.8 0.8 1 0.8 0.8 0.8 1 0.8 0.8 0.8 1 0.8 0.8 0.8 1 0.8 0.8 0.8 1 0.8 0.8 0.8 1 0.8 0.8 0.8 1 0.8 0.8 0.8 1 0.8 0.8 0.8 1 0.8 0.8 0.8 1 0.8 0.8 0.8 1 0.8 0.8 0.8 1 0.8 0.8 0.8 1 0.8 0.8 0.8 1 0.8 0.8 0.8 1 0.8 0.8 0.8 1 0.8 0.8 0.8 1 0.8 0.8 0.8 1 0.8 0.8 0.8 1 0.8 0.8 0.8 1 0.8 0.8 0.8 1 0.8 0.8 0.8 1 0.8 0.8 0.8 1 0.8 0.8 0.8 1 0.8 0.8 0.8 1 0.8 0.8 0.8 1 0.8 0.8 0.8 1 0.8 0.8 0.8 1 0.8 0.8 0.8 1 0.8 0.8 0.8 1 0.8 0.8 0.8 1 0.8 0.8 0.8 1 0.8 0.8 0.8 1 0.8 0.8 0.8 1 0.8 0.8 0.8 1 0.8 0.8 0.8 1 0.8 0.8 0.8 1 0.8 0.8 0.8 1 0.8 0.8 0.8 1 0.8 0.8 0.8 1 0.8 0.8 0.8 1 0.8 0.8 0.8 1 0.8 0.8 0.8 1 0.8 0.8 0.8 1 0.8 0.8 0.8 1 0.8 0.8 0.8 1 0.8 0.8 0.8 1 0.8 0.8 0.8 1 0.8 0.8 0.8 1 0.8 0.8 0.8 1 0.8 0.8 0.8 1 0.8 0.8 0.8 1 0.8 0.8 0.8 1 0.8 0.8 0.8 1 0.8 0.8 0.8 1 0.8 0.8 0.8 1 0.8 0.8 0.8 1 0.8 0.8 0.8 1 0.8 0.8 0.8 1 0.8 0.8 0.8 1 0.8 0.8 0.8 1 0.8 0.8 0.8 1 0.8 0.8 0.8 1 0.8 0.8 0.8 1 0.8 0.8 0.8 1 0.8 0.8 0.8 1 0.8 0.8 0.8 1 0.8 0.8 0.8 1 0.8 0.8 0.8 1 0.8 0.8 0.8 1 0.8 0.8 0.8 1 0.8 0.8 0.8 1 0.8 0.8 0.8 1 0.8 0.8 0.8 1 0.8 0.8 0.8 1 0.8 0.8 0.8 1 0.8 0.8 0.8 1 0.8 0.8 0.8 1 0.8 0.8 0.8 1 0.8 0.8 0.8 1 0.8 0.8 0.8 1 0.8 0.8 0.8 1 0.8 0.8 0.8 1 0.8 0.8 0.8 1 0.8 0.8 0.8 1 0.8 0.8 0.8 1 0.8 0.8 0.8 1 0.8 0.8 0.8 1 0.8 0.8 0.8 1 0.8 0.8 0.8 1 0.8 0.8 0.8 1 0.8 0.8 0.8 1 0.8 0.8 0.8 1 0.8 0.8 0.8 1 0.8 0.8 0.8 1 0.8 0.8 0.8 1 0.8 0.8 0.8 1 0.8 0.8 0.8 1 0.8 0.8 0.8 1 0.8 0.8 0.8 1 0.8 0.8 0.8 1 0.8 0.8 0.8 1 0.8 0.8 0.8 1 0.8 0.8 0.8 1 0.8 0.8 0.8 1 0.8 0.8 0.8 1 0.8 0.8 0.8 1 0.8 0.8 0.8 1 0.8 0.8 0.8 1 0.8 0.8 0.8 1 0.8 0.8 0.8 1 0.8 0.8 0.8 1 0.8 0.8 0.8 1 0.8 0.8 0.8 1 0.8 0.8 0.8 1 0.8 0.8 0.8 1 0.8 0.8 0.8 1 0.8 0.8 0.8 1 0.8 0.8 0.8 1 0.8 0.8 0.8 1 0.8 0.8 0.8 1 0.8 0.8 0.8 1 0.8 0.8 0.8 1 0.8 0.8 0.8 1 0.8 0.8 0.8 1 0.8 0.8 0.8 1 0.8 0.8 0.8 1 0.8 0.8 0.8 1 0.8 0.8 0.8 1 0.8 0.8 0.8 1 0.8 0.8 0.8 1 0.8 0.8 0.8 1 0.8 0.8 0.8 1 0.8 0.8 0.8 1 0.8 0.8 0.8 1 0.8 0.8 0.8 1 0.8 0.8 0.8 1 0.8 0.8 0.8 1 0.8 0.8 0.8 1 0.8 0.8 0.8 1 0.8 0.8 0.8 1 0.8 0.8 0.8 1 0.8 0.8 0.8 1 0.8 0.8 0.8 1 0.8 0.8 0.8 1 0.8 0.8 0.8 1 0.8 0.8 0.8 1 0.8 0.8 0.8 1 0.8 0.8 0.8 1 0.8 0.8 0.8 1 0.8 0.8 0.8 1 0.8 0.8 0.8 1 0.8 0.8 0.8 1 0.8 0.8 0.8 1 0.8 0.8 0.8 1 0.8 0.8 0.8 1 0.8 0.8 0.8 1 0.8 0.8 0.8 1 0.8 0.8 0.8 1 0.8 0.8 0.8 1 0.8 0.8 0.8 1 0.8 0.8 0.8 1 0.8 0.8 0.8 1 0.8 0.8 0.8 1 0.8 0.8 0.8 1 0.8 0.8 0.8 1 0.8 0.8 0.8 1 0.8 0.8 0.8 1 0.8 0.8 0.8 1 0.8 0.8 0.8 1 0.8 0.8 0.8 1 0.8 0.8 0.8 1 0.8 0.8 0.8 1 0.8 0.8 0.8 1 0.8 0.8 0.8 1 0.8 0.8 0.8 1 0.8 0.8 0.8 1 0.8 0.8 0.8 1 0.8 0.8 0.8 1 0.8 0.8 0.8 1 0.8 0.8 0.8 1 0.8 0.8 0.8 1 0.8 0.8 0.8 1 0.8 0.8 0.8 1 0.8 0.8 0.8 1 0.8 0.8 0.8 1 0.8 0.8 0.8 1 0.8 0.8 0.8 1 0.8 0.8 0.8 1 0.8 0.8 0.8 1 0.8 0.8 0.8 1 0.8 0.8 0.8 1 0.8 0.8 0.8 1 0.8 0.8 0.8 1 0.8 0.8 0.8 1 0.8 0.8 0.8 1 0.8 0.8 0.8 1 0.8 0.8 0.8 1 0.8 0.8 0.8 1 0.8 0.8 0.8 1 0.8 0.8 0.8 1 0.8 0.8 0.8 1 0.8 0.8 0.8 1 0.8 0.8 0.8 1 0.8 0.8 0.8 1 0.8 0.8 0.8 1 0.8 0.8 0.8 1 0.8 0.8 0.8 1 0.8 0.8 0.8 1 0.8 0.8 0.8 1 0.8 0.8 0.8 1 0.8 0.8 0.8 1 0.8 0.8 0.8 1 0.8 0.8 0.8 1 0.8 0.8 0.8 1 0.8 0.8 0.8 1 0.8 0.8 0.8 1 0.8 0.8 0.8 1 0.8 0.8 0.8 1 0.8 0.8 0.8 1 0.8 0.8 0.8 1 0.8 0.8 0.8 1 0.8 0.8 0.8 1 0.8 0.8 0.8 1 0.8 0.8 0.8 1 0.8 0.8 0.8 1 0.8 0.8 0.8 1 0.8 0.8 0.8 1 0.8 0.8 0.8 1 0.8 0.8 0.8 1 0.8 0.8 0.8 1 0.8 0.8 0.8 1 0.8 0.8 0.8 1 0.8 0.8 0.8 1 0.8 0.8 0.8 1 0.8 0.8 0.8 1 0.8 0.8 0.8 1 0.8 0.8 0.8 1 0.8 0.8 0.8 1 0.8 0.8 0.8 1 0.8 0.8 0.8 1 0.8 0.8 0.8 1 0.8 0.8 0.8 1 0.8 0.8 0.8 1 0.8 0.8 0.8 1 0.8 0.8 0.8 1 0.8 0.8 0.8 1 0.8 0.8 0.8 1 0.8 0.8 0.8 1 0.8 0.8 0.8 1 0.8 0.8 0.8 1 0.8 0.8 0.8 1 0.8 0.8 0.8 1 0.8 0.8 0.8 1 0.8 0.8 0.8 1 0.8 0.8 0.8 1 0.8 0.8 0.8 1 0.8 0.8 0.8 1 0.8 0.8 0.8 1 0.8 0.8 0.8 1 0.8 0.8 0.8 1 0.8 0.8 0.8 1 0.8 0.8 0.8 1 0.8 0.8 0.8 1 0.8 0.8 0.8 1 0.8 0.8 0.8 1 0.8 0.8 0.8 1 0.8 0.8 0.8 1 0.8 0.8 0.8 1 0.8 0.8 0.8 1 0.8 0.8 0.8 1 0.8 0.8 0.8 1 0.8 0.8 0.8 1 0.8 0.8 0.8 1 0.8 0.8 0.8 1 0.8 0.8 0.8 1 0.8 0.8 0.8 1 0.8 0.8 0.8 1 0.8 0.8 0.8 1 0.8 0.8 0.8 1 0.8 0.8 0.8 1 0.8 0.8 0.8 1 0.8 0.8 0.8 1 0.8 0.8 0.8 1 0.8 0.8 0.8 1 0.8 0.8 0.8 1 0.8 0.8 0.8 1 0.8 0.8 0.8 1 0.8 0.8 0.8 1 0.8 0.8 0.8 1 0.8 0.8 0.8 1 0.8 0.8 0.8 1 0.8 0.8 0.8 1 0.8 0.8 0.8 1 0.8 0.8 0.8 1 0.8 0.8 0.8 1 0.8 0.8 0.8 1 0.8 0.8 0.8 1 0.8 0.8 0.8 1 0.8 0.8 0.8 1 0.8 0.8 0.8 1 0.8 0.8 0.8 1 0.8 0.8 0.8 1 0.8 0.8 0.8 1 0.8 0.8 0.8 1 0.8 0.8 0.8 1 0.8 0.8 0.8 1 0.8 0.8 0.8 1 0.8 0.8 0.8 1 0.8 0.8 0.8 1 0.8 0.8 0.8 1 0.8 0.8 0.8 1 0.8 0.8 0.8 1 0.8 0.8 0.8 1 0.8 0.8 0.8 1 0.8 0.8 0.8 1 0.8 0.8 0.8 1 0.8 0.8 0.8 1 0.8 0.8 0.8 1 0.8 0.8 0.8 1 0.8 0.8 0.8 1 0.8 0.8 0.8 1 0.8 0.8 0.8 1 0.8 0.8 0.8 1 0.8 0.8 0.8 1 0.8 0.8 0.8 1 0.8 0.8 0.8 1 0.8 0.8 0.8 1 0.8 0.8 0.8 1 0.8 0.8 0.8 1 0.8 0.8 0.8 1 0.8 0.8 0.8 1 0.8 0.8 0.8 1 0.8 0.8 0.8 1 0.8 0.8 0.8 1 0.8 0.8 0.8 1 0.8 0.8 0.8 1 0.8 0.8 0.8 1 0.8 0.8 0.8 1 0.8 0.8 0.8 1 0.8 0.8 0.8 1 0.8 0.8 0.8 1 0.8 0.8 0.8 1 0.8 0.8 0.8 1 0.8 0.8 0.8 1 0.8 0.8 0.8 1 0.8 0.8 0.8 1 0.8 0.8 0.8 1 0.8 0.8 0.8 1 0.8 0.8 0.8 1 0.8 0.8 0.8 1 0.8 0.8 0.8 1 0.8 0.8 0.8 1 0.8 0.8 0.8 1 0.8 0.8 0.8 1 0.8 0.8 0.8 1 0.8 0.8 0.8 1 0.8 0.8 0.8 1 0.8 0.8 0.8 1 0.8 0.8 0.8 1 0.8 0.8 0.8 1 0.8 0.8 0.8 1 0.8 0.8 0.8 1 0.8 0.8 0.8 1 0.8 0.8 0.8 1 0.8 0.8 0.8 1 0.8 0.8 0.8 1 0.8 0.8 0.8 1 0.8 0.8 0.8 1 0.8 0.8 0.8 1 0.8 0.8 0.8 1 0.8 0.8 0.8 1 0.8 0.8 0.8 1 0.8 0.8 0.8 1 0.8 0.8 0.8 1 0.8 0.8 0.8 1 0.8 0.8 0.8 1 0.8 0.8 0.8 1 0.8 0.8 0.8 1 0.8 0.8 0.8 1 0.8 0.8 0.8 1 0.8 0.8 0.8 1 0.8 0.8 0.8 1 0.8 0.8 0.8 1 0.8 0.8 0.8 1 0.8 0.8 0.8 1 0.8 0.8 0.8 1 0.8 0.8 0.8 1 0.8 0.8 0.8 1 0.8 0.8 0.8 1 0.8 0.8 0.8 1 0.8 0.8 0.8 1 0.8 0.8 0.8 1 0.8 0.8 0.8 1 0.8 0.8 0.8 1 0.8 0.8 0.8 1 0.8 0.8 0.8 1 0.8 0.8 0.8 1 0.8 0.8 0.8 1 0.8 0.8 0.8 1 0.8 0.8 0.8 1 0.8 0.8 0.8 1 0.8 0.8 0.8 1 0.8 0.8 0.8 1 0.8 0.8 0.8 1 0.8 0.8 0.8 1 0.8 0.8 0.8 1 0.8 0.8 0.8 1 0.8 0.8 0.8 1 0.8 0.8 0.8 1 0.8 0.8 0.8 1 0.8 0.8 0.8 1 0.8 0.8 0.8 1 0.8 0.8 0.8 1 0.8 0.8 0.8 1 0.8 0.8 0.8 1 0.8 0.8 0.8 1 0.8 0.8 0.8 1 0.8 0.8 0.8 1 0.8 0.8 0.8 1 0.8 0.8 0.8 1 0.8 0.8 0.8 1 0.8 0.8 0.8 1 0.8 0.8 0.8 1 0.8 0.8 0.8 1 0.8 0.8 0.8 1 0.8 0.8 0.8 1 0.8 0.8 0.8 1</float_array>
                    <technique_common>
                        <accessor count="2200" source="#shape0-lib-vcolor-array" stride="4">
                            <param name="R" type="float"/>
                            <param name="G" type="float"/>
                            <param name="B" type="float"/>
                            <param name="A" type="float"/>
                        </accessor>
                    </technique_common>
                </source>
                <source id="shape0-lib-map" name="map">
                    <float_array id="shape0-lib-map-array" count="12996">0.55 1 0.6 1 0.6 1 0.55 1 0.6 1 0.55 1 0.74 1 0.76 1 0.76 1 0.74 1 0.76 1 0.74 1 0.5 1 0.525 1 0.525 1 0.5 1 0.525 1 0.5 1 0.76 1 0.8 1 0.8 1 0.76 1 0.8 1 0.76 1 0.9 1 0.95 1 0.95 1 0.9 1 0.95 1 0.9 1 1 1 1 1 1 1 1 1 1 1 1 1 0.95 0.1 1 0.1 1 0.15 0.95 0.1 1 0.15 0.95 0.15 0.95 0.175 1 0.175 1 0.2 0.95 0.175 1 0.2 0.95 0.2 0.95 0.3 1 0.3 1 0.35 0.95 0.3 1 0.35 0.95 0.35 0.95 0.35 1 0.35 1 0.4 0.95 0.35 1 0.4 0.95 0.4 0.95 0.4 1 0.4 1 0.45 0.95 0.4 1 0.45 0.95 0.45 0.95 0.45 1 0.45 1 0.5 0.95 0.45 1 0.5 0.95 0.5 0.95 0.5 1 0.5 1 0.55 0.95 0.5 1 0.55 0.95 0.55 0.95 0.65 1 0.65 1 0.7 0.95 0.65 1 0.7 0.95 0.7 0.95 0.7 1 0.7 1 0.75 0.95 0.7 1 0.75 0.95 0.75 0.95 0.75 1 0.75 1 0.8 0.95 0.75 1 0.8 0.95 0.8 0.95 0.8 1 0.8 1 0.85 0.95 0.8 1 0.85 0.95 0.85 0.95 0.85 1 0.85 1 0.9 0.95 0.85 1 0.9 0.95 0.9 0.1 0.85 0.15 0.85 0.15 0.9 0.1 0.85 0.15 0.9 0.1 0.9 0.15 0.85 0.2 0.85 0.2 0.9 0.15 0.85 0.2 0.9 0.15 0.9 0.2 0.85 0.25 0.85 0.25 0.9 0.2 0.85 0.25 0.9 0.2 0.9 0.25 0.85 0.3 0.85 0.3 0.9 0.25 0.85 0.3 0.9 0.25 0.9 0.4 0.85 0.45 0.85 0.45 0.9 0.4 0.85 0.45 0.9 0.4 0.9 0.49875 0.85 0.5 0.85 0.5 0.9 0.49875 0.85 0.5 0.9 0.49875 0.9 0.525 0.85 0.55 0.85 0.55 0.9 0.525 0.85 0.55 0.9 0.525 0.9 0.55 0.85 0.6 0.85 0.6 0.9 0.55 0.85 0.6 0.9 0.55 0.9 0.6 0.85 0.65 0.85 0.65 0.9 0.6 0.85 0.65 0.9 0.6 0.9 0.65 0.85 0.7 0.85 0.7 0.9 0.65 0.85 0.7 0.9 0.65 0.9 0.8 0.85 0.85 0.85 0.85 0.9 0.8 0.85 0.85 0.9 0.8 0.9 0.85 0.85 0.9 0.85 0.9 0.9 0.85 0.85 0.9 0.9 0.85 0.9 0.9 0.85 0.95 0.85 0.95 0.9 0.9 0.85 0.95 0.9 0.9 0.9 0.1 0.8 0.15 0.8 0.15 0.85 0.1 0.8 0.15 0.85 0.1 0.85 0.15 0.8 0.2 0.8 0.2 0.85 0.15 0.8 0.2 0.85 0.15 0.85 0.2 0.8 0.25 0.8 0.25 0.85 0.2 0.8 0.25 0.85 0.2 0.85 0.25 0.8 0.3 0.8 0.3 0.85 0.25 0.8 0.3 0.85 0.25 0.85 0.4 0.8 0.45 0.8 0.45 0.85 0.4 0.8 0.45 0.85 0.4 0.85 0.49875 0.8 0.5 0.8 0.5 0.85 0.49875 0.8 0.5 0.85 0.49875 0.85 0.525 0.8 0.55 0.8 0.55 0.85 0.525 0.8 0.55 0.85 0.525 0.85 0.55 0.8 0.6 0.8 0.6 0.85 0.55 0.8 0.6 0.85 0.55 0.85 0.6 0.8 0.65 0.8 0.65 0.85 0.6 0.8 0.65 0.85 0.6 0.85 0.65 0.8 0.7 0.8 0.7 0.85 0.65 0.8 0.7 0.85 0.65 0.85 0.8 0.8 0.85 0.8 0.85 0.85 0.8 0.8 0.85 0.85 0.8 0.85 0.85 0.8 0.9 0.8 0.9 0.85 0.85 0.8 0.9 0.85 0.85 0.85 0.9 0.8 0.95 0.8 0.95 0.85 0.9 0.8 0.95 0.85 0.9 0.85 0.1 0.75 0.15 0.75 0.15 0.8 0.1 0.75 0.15 0.8 0.1 0.8 0.15 0.75 0.2 0.75 0.2 0.8 0.15 0.75 0.2 0.8 0.15 0.8 0.2 0.75 0.25 0.75 0.25 0.8 0.2 0.75 0.25 0.8 0.2 0.8 0.25 0.75 0.3 0.75 0.3 0.8 0.25 0.75 0.3 0.8 0.25 0.8 0.4 0.75 0.45 0.75 0.45 0.8 0.4 0.75 0.45 0.8 0.4 0.8 0.49875 0.75 0.5 0.75 0.5 0.8 0.49875 0.75 0.5 0.8 0.49875 0.8 0.525 0.75 0.55 0.75 0.55 0.8 0.525 0.75 0.55 0.8 0.525 0.8 0.55 0.75 0.6 0.75 0.6 0.8 0.55 0.75 0.6 0.8 0.55 0.8 0.6 0.75 0.65 0.75 0.65 0.8 0.6 0.75 0.65 0.8 0.6 0.8 0.68303 0.761679 0.7 0.766827 0.7 0.8 0.7 0.8 0.65 0.8 0.65 0.75 0.65 0.75 0.661181 0.75 0.68303 0.761679 0.7 0.8 0.65 0.75 0.68303 0.761679 0.68303 0.761679 0.7 0.766827 0.7 0.766827 0.68303 0.761679 0.661181 0.75 0.661181 0.75 0.81697 0.761679 0.838819 0.75 0.85 0.75 0.85 0.75 0.85 0.8 0.8 0.8 0.8 0.8 0.8 0.766827 0.81697 0.761679 0.81697 0.761679 0.85 0.75 0.8 0.8 0.8 0.766827 0.8 0.766827 0.81697 0.761679 0.838819 0.75 0.838819 0.75 0.81697 0.761679 0.85 0.75 0.9 0.75 0.9 0.8 0.85 0.75 0.9 0.8 0.85 0.8 0.9 0.75 0.95 0.75 0.95 0.8 0.9 0.75 0.95 0.8 0.9 0.8 0.1 0.7 0.15 0.7 0.15 0.75 0.1 0.7 0.15 0.75 0.1 0.75 0.15 0.7 0.2 0.7 0.2 0.75 0.15 0.7 0.2 0.75 0.15 0.75 0.2 0.7 0.25 0.7 0.25 0.75 0.2 0.7 0.25 0.75 0.2 0.75 0.25 0.7 0.3 0.7 0.3 0.75 0.25 0.7 0.3 0.75 0.25 0.75 0.4 0.7 0.45 0.7 0.45 0.75 0.4 0.7 0.45 0.75 0.4 0.75 0.49875 0.7 0.5 0.7 0.5 0.75 0.49875 0.7 0.5 0.75 0.49875 0.75 0.525 0.7 0.55 0.7 0.55 0.75 0.525 0.7 0.55 0.75 0.525 0.75 0.55 0.7 0.6 0.7 0.6 0.75 0.55 0.7 0.6 0.75 0.55 0.75 0.626256 0.723744 0.65 0.74323 0.65 0.75 0.65 0.75 0.6 0.75 0.6 0.7 0.6 0.7 0.60677 0.7 0.626256 0.723744 0.65 0.75 0.6 0.7 0.626256 0.723744 0.626256 0.723744 0.65 0.74323 0.65 0.74323 0.60677 0.7 0.626256 0.723744 0.60677 0.7 0.65 0.75 0.65 0.74323 0.652775 0.745507 0.65 0.75 0.652775 0.745507 0.661181 0.75 0.65 0.74323 0.65 0.74323 0.652775 0.745507 0.661181 0.75 0.652775 0.745507 0.661181 0.75 0.85 0.74323 0.85 0.75 0.847225 0.745507 0.85 0.75 0.838819 0.75 0.847225 0.745507 0.847225 0.745507 0.85 0.74323 0.85 0.74323 0.838819 0.75 0.838819 0.75 0.847225 0.745507 0.873744 0.723744 0.89323 0.7 0.9 0.7 0.9 0.7 0.9 0.75 0.85 0.75 0.85 0.75 0.85 0.74323 0.873744 0.723744 0.9 0.7 0.85 0.75 0.873744 0.723744 0.873744 0.723744 0.89323 0.7 0.89323 0.7 0.85 0.74323 0.85 0.74323 0.873744 0.723744 0.9 0.7 0.95 0.7 0.95 0.75 0.9 0.7 0.95 0.75 0.9 0.75 0.1 0.65 0.15 0.65 0.15 0.7 0.1 0.65 0.15 0.7 0.1 0.7 0.15 0.65 0.2 0.65 0.2 0.7 0.15 0.65 0.2 0.7 0.15 0.7 0.2 0.65 0.25 0.65 0.25 0.7 0.2 0.65 0.25 0.7 0.2 0.7 0.25 0.65 0.3 0.65 0.3 0.7 0.25 0.65 0.3 0.7 0.25 0.7 0.525 0.7 0.55 0.674982 0.55 0.7 0.588321 0.66697 0.6 0.688819 0.6 0.688819 0.588321 0.66697 0.583173 0.65 0.583173 0.65 0.6 0.7 0.6 0.688819 0.604493 0.697225 0.6 0.7 0.604493 0.697225 0.60677 0.7 0.6 0.688819 0.6 0.688819 0.604493 0.697225 0.60677 0.7 0.60677 0.7 0.604493 0.697225 0.9 0.688819 0.9 0.7 0.895507 0.697225 0.9 0.7 0.89323 0.7 0.895507 0.697225 0.89323 0.7 0.89323 0.7 0.895507 0.697225 0.895507 0.697225 0.9 0.688819 0.9 0.688819 0.911679 0.66697 0.916827 0.65 0.95 0.65 0.95 0.65 0.95 0.7 0.9 0.7 0.9 0.7 0.9 0.688819 0.911679 0.66697 0.95 0.65 0.9 0.7 0.911679 0.66697 0.9 0.688819 0.9 0.688819 0.911679 0.66697 0.911679 0.66697 0.916827 0.65 0.916827 0.65 0.1 0.5 0.15 0.5 0.15 0.55 0.1 0.5 0.15 0.55 0.1 0.55 0.15 0.5 0.2 0.5 0.2 0.55 0.15 0.5 0.2 0.55 0.15 0.55 0.2 0.5 0.25 0.5 0.25 0.55 0.2 0.5 0.25 0.55 0.2 0.55 0.25 0.5 0.3 0.5 0.3 0.55 0.25 0.5 0.3 0.55 0.25 0.55 0.4 0.5 0.45 0.5 0.45 0.55 0.4 0.5 0.45 0.55 0.4 0.55 0.475 0.5 0.5 0.5 0.5 0.55 0.475 0.5 0.5 0.55 0.475 0.55 0.525 0.5 0.55 0.5 0.55 0.55 0.525 0.5 0.55 0.55 0.525 0.55 0.588321 0.53303 0.583173 0.55 0.55 0.55 0.55 0.55 0.55 0.5 0.6 0.5 0.6 0.5 0.6 0.511181 0.588321 0.53303 0.55 0.55 0.6 0.5 0.588321 0.53303 0.6 0.511181 0.6 0.511181 0.588321 0.53303 0.588321 0.53303 0.583173 0.55 0.583173 0.55 0.6 0.511181 0.6 0.5 0.604493 0.502775 0.6 0.5 0.60677 0.5 0.604493 0.502775 0.604493 0.502775 0.6 0.511181 0.6 0.511181 0.604493 0.502775 0.60677 0.5 0.60677 0.5 0.9 0.5 0.9 0.511181 0.895507 0.502775 0.9 0.5 0.895507 0.502775 0.89323 0.5 0.89323 0.5 0.89323 0.5 0.895507 0.502775 0.9 0.511181 0.9 0.511181 0.895507 0.502775 0.911679 0.53303 0.9 0.511181 0.9 0.5 0.9 0.5 0.95 0.5 0.95 0.55 0.95 0.55 0.916827 0.55 0.911679 0.53303 0.9 0.5 0.95 0.55 0.911679 0.53303 0.916827 0.55 0.911679 0.53303 0.916827 0.55 0.9 0.511181 0.9 0.511181 0.911679 0.53303 0.1 0.45 0.15 0.45 0.15 0.5 0.1 0.45 0.15 0.5 0.1 0.5 0.15 0.45 0.2 0.45 0.2 0.5 0.15 0.45 0.2 0.5 0.15 0.5 0.2 0.45 0.25 0.45 0.25 0.5 0.2 0.45 0.25 0.5 0.2 0.5 0.25 0.45 0.3 0.45 0.3 0.5 0.25 0.45 0.3 0.5 0.25 0.5 0.4 0.45 0.45 0.45 0.45 0.5 0.4 0.45 0.45 0.5 0.4 0.5 0.475 0.45 0.5 0.45 0.5 0.5 0.475 0.45 0.5 0.5 0.475 0.5 0.525 0.45 0.55 0.45 0.55 0.5 0.525 0.45 0.55 0.5 0.525 0.5 0.55 0.45 0.6 0.45 0.6 0.5 0.55 0.45 0.6 0.5 0.55 0.5 0.626256 0.476256 0.60677 0.5 0.6 0.5 0.6 0.5 0.6 0.45 0.625 0.45 0.625 0.45 0.65 0.45 0.65 0.45677 0.626256 0.476256 0.6 0.5 0.625 0.45 0.625 0.45 0.65 0.45677 0.626256 0.476256 0.65 0.45677 0.65 0.45677 0.626256 0.476256 0.60677 0.5 0.60677 0.5 0.626256 0.476256 0.65 0.45677 0.65 0.45 0.652775 0.454493 0.65 0.45 0.661181 0.45 0.652775 0.454493 0.661181 0.45 0.661181 0.45 0.652775 0.454493 0.652775 0.454493 0.65 0.45677 0.65 0.45677 0.85 0.45 0.85 0.45677 0.847225 0.454493 0.85 0.45 0.847225 0.454493 0.838819 0.45 0.85 0.45677 0.85 0.45677 0.847225 0.454493 0.838819 0.45 0.838819 0.45 0.847225 0.454493 0.873744 0.476256 0.85 0.45677 0.85 0.45 0.85 0.45 0.9 0.45 0.9 0.5 0.9 0.5 0.89323 0.5 0.873744 0.476256 0.85 0.45 0.9 0.5 0.873744 0.476256 0.89323 0.5 0.89323 0.5 0.873744 0.476256 0.85 0.45677 0.85 0.45677 0.873744 0.476256 0.9 0.45 0.95 0.45 0.95 0.5 0.9 0.45 0.95 0.5 0.9 0.5 0.1 0.4 0.15 0.4 0.15 0.45 0.1 0.4 0.15 0.45 0.1 0.45 0.15 0.4 0.2 0.4 0.2 0.45 0.15 0.4 0.2 0.45 0.15 0.45 0.2 0.4 0.25 0.4 0.25 0.45 0.2 0.4 0.25 0.45 0.2 0.45 0.25 0.4 0.3 0.4 0.3 0.45 0.25 0.4 0.3 0.45 0.25 0.45 0.4 0.4 0.45 0.4 0.45 0.45 0.4 0.4 0.45 0.45 0.4 0.45 0.475 0.4 0.5 0.4 0.5 0.45 0.475 0.4 0.5 0.45 0.475 0.45 0.525 0.4 0.55 0.4 0.55 0.45 0.525 0.4 0.55 0.45 0.525 0.45 0.55 0.4 0.6 0.4 0.6 0.45 0.55 0.4 0.6 0.45 0.55 0.45 0.625 0.4 0.65 0.4 0.65 0.45 0.625 0.4 0.65 0.45 0.625 0.45 0.68303 0.438321 0.661181 0.45 0.65 0.45 0.65 0.45 0.65 0.4 0.675 0.4 0.675 0.4 0.7 0.4 0.7 0.433173 0.68303 0.438321 0.65 0.45 0.675 0.4 0.675 0.4 0.7 0.433173 0.68303 0.438321 0.7 0.433173 0.7 0.433173 0.68303 0.438321 0.661181 0.45 0.661181 0.45 0.68303 0.438321 0.81697 0.438321 0.8 0.433173 0.8 0.4 0.8 0.4 0.85 0.4 0.85 0.45 0.85 0.45 0.838819 0.45 0.81697 0.438321 0.8 0.4 0.85 0.45 0.81697 0.438321 0.838819 0.45 0.838819 0.45 0.81697 0.438321 0.8 0.433173 0.8 0.433173 0.81697 0.438321 0.85 0.4 0.9 0.4 0.9 0.45 0.85 0.4 0.9 0.45 0.85 0.45 0.9 0.4 0.95 0.4 0.95 0.45 0.9 0.4 0.95 0.45 0.9 0.45 0.1 0.35 0.15 0.35 0.15 0.4 0.1 0.35 0.15 0.4 0.1 0.4 0.15 0.35 0.2 0.35 0.2 0.4 0.15 0.35 0.2 0.4 0.15 0.4 0.2 0.35 0.25 0.35 0.25 0.4 0.2 0.35 0.25 0.4 0.2 0.4 0.25 0.35 0.3 0.35 0.3 0.4 0.25 0.35 0.3 0.4 0.25 0.4 0.4 0.35 0.45 0.35 0.45 0.4 0.4 0.35 0.45 0.4 0.4 0.4 0.475 0.35 0.5 0.35 0.5 0.4 0.475 0.35 0.5 0.4 0.475 0.4 0.525 0.35 0.55 0.35 0.55 0.4 0.525 0.35 0.55 0.4 0.525 0.4 0.55 0.35 0.6 0.35 0.6 0.4 0.55 0.35 0.6 0.4 0.55 0.4 0.625 0.35 0.65 0.35 0.65 0.4 0.625 0.35 0.65 0.4 0.625 0.4 0.675 0.35 0.7 0.35 0.7 0.4 0.675 0.35 0.7 0.4 0.675 0.4 0.8 0.35 0.85 0.35 0.85 0.4 0.8 0.35 0.85 0.4 0.8 0.4 0.85 0.35 0.9 0.35 0.9 0.4 0.85 0.35 0.9 0.4 0.85 0.4 0.9 0.35 0.95 0.35 0.95 0.4 0.9 0.35 0.95 0.4 0.9 0.4 0.1 0.3 0.15 0.3 0.15 0.35 0.1 0.3 0.15 0.35 0.1 0.35 0.15 0.3 0.2 0.3 0.2 0.35 0.15 0.3 0.2 0.35 0.15 0.35 0.2 0.3 0.25 0.3 0.25 0.35 0.2 0.3 0.25 0.35 0.2 0.35 0.25 0.3 0.3 0.3 0.3 0.35 0.25 0.3 0.3 0.35 0.25 0.35 0.4 0.3 0.45 0.3 0.45 0.35 0.4 0.3 0.45 0.35 0.4 0.35 0.475 0.3 0.5 0.3 0.5 0.35 0.475 0.3 0.5 0.35 0.475 0.35 0.525 0.3 0.55 0.3 0.55 0.35 0.525 0.3 0.55 0.35 0.525 0.35 0.55 0.3 0.6 0.3 0.6 0.35 0.55 0.3 0.6 0.35 0.55 0.35 0.625 0.3 0.65 0.3 0.65 0.35 0.625 0.3 0.65 0.35 0.625 0.35 0.675 0.3 0.7 0.3 0.7 0.35 0.675 0.3 0.7 0.35 0.675 0.35 0.8 0.3 0.85 0.3 0.85 0.35 0.8 0.3 0.85 0.35 0.8 0.35 0.85 0.3 0.9 0.3 0.9 0.35 0.85 0.3 0.9 0.35 0.85 0.35 0.9 0.3 0.95 0.3 0.95 0.35 0.9 0.3 0.95 0.35 0.9 0.35 0.1 0.175 0.15 0.175 0.15 0.2 0.1 0.175 0.15 0.2 0.1 0.2 0.15 0.175 0.2 0.175 0.2 0.2 0.15 0.175 0.2 0.2 0.15 0.2 0.2 0.175 0.25 0.175 0.25 0.2 0.2 0.175 0.25 0.2 0.2 0.2 0.25 0.175 0.3 0.175 0.3 0.2 0.25 0.175 0.3 0.2 0.25 0.2 0.4 0.175 0.45 0.175 0.45 0.2 0.4 0.175 0.45 0.2 0.4 0.2 0.475 0.175 0.5 0.175 0.5 0.2 0.475 0.175 0.5 0.2 0.475 0.2 0.525 0.175 0.55 0.175 0.55 0.2 0.525 0.175 0.55 0.2 0.525 0.2 0.55 0.175 0.6 0.175 0.6 0.2 0.55 0.175 0.6 0.2 0.55 0.2 0.625 0.175 0.65 0.175 0.65 0.2 0.625 0.175 0.65 0.2 0.625 0.2 0.675 0.175 0.7 0.175 0.7 0.2 0.675 0.175 0.7 0.2 0.675 0.2 0.8 0.175 0.85 0.175 0.85 0.2 0.8 0.175 0.85 0.2 0.8 0.2 0.85 0.175 0.9 0.175 0.9 0.2 0.85 0.175 0.9 0.2 0.85 0.2 0.9 0.175 0.95 0.175 0.95 0.2 0.9 0.175 0.95 0.2 0.9 0.2 0.1 0.1 0.15 0.1 0.15 0.15 0.1 0.1 0.15 0.15 0.1 0.15 0.15 0.1 0.2 0.1 0.2 0.15 0.15 0.1 0.2 0.15 0.15 0.15 0.2 0.1 0.25 0.1 0.25 0.15 0.2 0.1 0.25 0.15 0.2 0.15 0.25 0.1 0.3 0.1 0.3 0.15 0.25 0.1 0.3 0.15 0.25 0.15 0.4 0.1 0.45 0.1 0.45 0.15 0.4 0.1 0.45 0.15 0.4 0.15 0.475 0.1 0.5 0.1 0.5 0.15 0.475 0.1 0.5 0.15 0.475 0.15 0.525 0.1 0.55 0.1 0.55 0.15 0.525 0.1 0.55 0.15 0.525 0.15 0.55 0.1 0.6 0.1 0.6 0.15 0.55 0.1 0.6 0.15 0.55 0.15 0.625 0.1 0.65 0.1 0.65 0.15 0.625 0.1 0.65 0.15 0.625 0.15 0.675 0.1 0.7 0.1 0.7 0.15 0.675 0.1 0.7 0.15 0.675 0.15 0.8 0.1 0.85 0.1 0.85 0.15 0.8 0.1 0.85 0.15 0.8 0.15 0.85 0.1 0.9 0.1 0.9 0.15 0.85 0.1 0.9 0.15 0.85 0.15 0.9 0.1 0.95 0.1 0.95 0.15 0.9 0.1 0.95 0.15 0.9 0.15 0.25 1 0.3 1 0.3 1 0.25 1 0.3 1 0.25 1 0.25 1 0.3 1 0.3 1 0.25 1 0.3 1 0.25 1 0.25 1 0.3 1 0.3 1 0.25 1 0.3 1 0.25 1 0.25 1 0.3 1 0.3 1 0.25 1 0.3 1 0.25 1 0.1 1 0.15 1 0.15 1 0.1 1 0.15 1 0.1 1 0.1 1 0.15 1 0.15 1 0.1 1 0.15 1 0.1 1 0.1 1 0.15 1 0.15 1 0.1 1 0.15 1 0.1 1 0.1 1 0.15 1 0.15 1 0.1 1 0.15 1 0.1 1 0.85 1 0.9 1 0.9 1 0.85 1 0.9 1 0.85 1 0.15 1 0.2 1 0.2 1 0.15 1 0.2 1 0.15 1 0.15 1 0.2 1 0.2 1 0.15 1 0.2 1 0.15 1 0.15 1 0.2 1 0.2 1 0.15 1 0.2 1 0.15 1 0.15 1 0.2 1 0.2 1 0.15 1 0.2 1 0.15 1 0.2 1 0.25 1 0.25 1 0.2 1 0.25 1 0.2 1 0.2 1 0.25 1 0.25 1 0.2 1 0.25 1 0.2 1 0.2 1 0.25 1 0.25 1 0.2 1 0.25 1 0.2 1 0.2 1 0.25 1 0.25 1 0.2 1 0.25 1 0.2 1 0.4 0.7 0.4 0.65 0.45 0.7 0.5 0.1 0.525 0.1 0.525 0.15 0.5 0.1 0.525 0.15 0.5 0.15 0.5 0.175 0.525 0.175 0.525 0.2 0.5 0.175 0.525 0.2 0.5 0.2 0.5 0.3 0.525 0.3 0.525 0.35 0.5 0.3 0.525 0.35 0.5 0.35 0.5 0.35 0.525 0.35 0.525 0.4 0.5 0.35 0.525 0.4 0.5 0.4 0.5 0.4 0.525 0.4 0.525 0.45 0.5 0.4 0.525 0.45 0.5 0.45 0.5 0.45 0.525 0.45 0.525 0.5 0.5 0.45 0.525 0.5 0.5 0.5 0.5 0.5 0.525 0.5 0.525 0.55 0.5 0.5 0.525 0.55 0.5 0.55 0.5 0.7 0.525 0.7 0.525 0.75 0.5 0.7 0.525 0.75 0.5 0.75 0.5 0.75 0.525 0.75 0.525 0.8 0.5 0.75 0.525 0.8 0.5 0.8 0.5 0.8 0.525 0.8 0.525 0.85 0.5 0.8 0.525 0.85 0.5 0.85 0.5 0.85 0.525 0.85 0.525 0.9 0.5 0.85 0.525 0.9 0.5 0.9 0.588321 0.66697 0.6 0.688819 0.6 0.7 0.6 0.7 0.55 0.7 0.55 0.674982 0.55 0.674982 0.566587 0.65 0.583173 0.65 0.588321 0.66697 0.6 0.7 0.55 0.674982 0.55 0.674982 0.583173 0.65 0.588321 0.66697 0.65 0.1 0.675 0.1 0.675 0.15 0.65 0.1 0.675 0.15 0.65 0.15 0.65 0.175 0.675 0.175 0.675 0.2 0.65 0.175 0.675 0.2 0.65 0.2 0.65 0.3 0.675 0.3 0.675 0.35 0.65 0.3 0.675 0.35 0.65 0.35 0.65 0.35 0.675 0.35 0.675 0.4 0.65 0.35 0.675 0.4 0.65 0.4 0.6 0.1 0.625 0.1 0.625 0.15 0.6 0.1 0.625 0.15 0.6 0.15 0.6 0.175 0.625 0.175 0.625 0.2 0.6 0.175 0.625 0.2 0.6 0.2 0.6 0.3 0.625 0.3 0.625 0.35 0.6 0.3 0.625 0.35 0.6 0.35 0.6 0.35 0.625 0.35 0.625 0.4 0.6 0.35 0.625 0.4 0.6 0.4 0.6 0.4 0.625 0.4 0.625 0.45 0.6 0.4 0.625 0.45 0.6 0.45 0.6 0.15 0.625 0.15 0.625 0.175 0.6 0.15 0.625 0.175 0.6 0.175 0.65 0.15 0.675 0.15 0.675 0.175 0.65 0.15 0.675 0.175 0.65 0.175 0.5 0.15 0.525 0.15 0.525 0.175 0.5 0.15 0.525 0.175 0.5 0.175 0.9 0.15 0.95 0.15 0.95 0.175 0.9 0.15 0.95 0.175 0.9 0.175 0.85 0.15 0.9 0.15 0.9 0.175 0.85 0.15 0.9 0.175 0.85 0.175 0.8 0.15 0.85 0.15 0.85 0.175 0.8 0.15 0.85 0.175 0.8 0.175 0.675 0.15 0.7 0.15 0.7 0.175 0.675 0.15 0.7 0.175 0.675 0.175 0.625 0.15 0.65 0.15 0.65 0.175 0.625 0.15 0.65 0.175 0.625 0.175 0.55 0.15 0.6 0.15 0.6 0.175 0.55 0.15 0.6 0.175 0.55 0.175 0.525 0.15 0.55 0.15 0.55 0.175 0.525 0.15 0.55 0.175 0.525 0.175 0.475 0.15 0.5 0.15 0.5 0.175 0.475 0.15 0.5 0.175 0.475 0.175 0.4 0.15 0.45 0.15 0.45 0.175 0.4 0.15 0.45 0.175 0.4 0.175 0.25 0.15 0.3 0.15 0.3 0.175 0.25 0.15 0.3 0.175 0.25 0.175 0.2 0.15 0.25 0.15 0.25 0.175 0.2 0.15 0.25 0.175 0.2 0.175 0.15 0.15 0.2 0.15 0.2 0.175 0.15 0.15 0.2 0.175 0.15 0.175 0.1 0.15 0.15 0.15 0.15 0.175 0.1 0.15 0.15 0.175 0.1 0.175 0.95 0.15 1 0.15 1 0.175 0.95 0.15 1 0.175 0.95 0.175 0.45 0.15 0.475 0.15 0.475 0.175 0.45 0.15 0.475 0.175 0.45 0.175 0.45 0.1 0.475 0.1 0.475 0.15 0.45 0.1 0.475 0.15 0.45 0.15 0.45 0.175 0.475 0.175 0.475 0.2 0.45 0.175 0.475 0.2 0.45 0.2 0.45 0.3 0.475 0.3 0.475 0.35 0.45 0.3 0.475 0.35 0.45 0.35 0.45 0.35 0.475 0.35 0.475 0.4 0.45 0.35 0.475 0.4 0.45 0.4 0.45 0.4 0.475 0.4 0.475 0.45 0.45 0.4 0.475 0.45 0.45 0.45 0.45 0.45 0.475 0.45 0.475 0.5 0.45 0.45 0.475 0.5 0.45 0.5 0.45 0.5 0.475 0.5 0.475 0.55 0.45 0.5 0.475 0.55 0.45 0.55 0.45 0.7 0.475 0.7 0.475 0.75 0.45 0.7 0.475 0.75 0.45 0.75 0.45 0.75 0.475 0.75 0.475 0.8 0.45 0.75 0.475 0.8 0.45 0.8 0.45 0.8 0.475 0.8 0.475 0.85 0.45 0.8 0.475 0.85 0.45 0.85 0.45 0.85 0.475 0.85 0.475 0.9 0.45 0.85 0.475 0.9 0.45 0.9 1 0.25 1 0.247039 1 0.247039 1 0.25 1 0.247039 1 0.25 1 0.275 1 0.273345 1 0.2714 1 0.2714 1 0.269172 1 0.266657 1 0.266657 1 0.263849 1 0.260742 1 0.260742 1 0.25 1 0.252107 1 0.260742 1 0.252107 1 0.259915 1 0.2714 1 0.266657 1 0.260742 1 0.274516 1 0.275 1 0.275 1 0.270817 1 0.272783 1 0.274516 1 0.26622 1 0.268627 1 0.270817 1 0.260794 1 0.263606 1 0.26622 1 0.262862 1 0.260173 1 0.260794 1 0.265205 1 0.262862 1 0.260794 1 0.260794 1 0.26622 1 0.270817 1 0.275 1 0.2714 1 0.260742 1 0.260742 1 0.259915 1 0.262272 1 0.260742 1 0.262272 1 0.264409 1 0.260794 1 0.270817 1 0.274516 1 0.267222 1 0.265205 1 0.260794 1 0.268935 1 0.267222 1 0.260794 1 0.275 1 0.260742 1 0.264409 1 0.275 1 0.264409 1 0.266327 1 0.268935 1 0.260794 1 0.274516 1 0.270366 1 0.268935 1 0.274516 1 0.275 1 0.266327 1 0.268031 1 0.275 1 0.268031 1 0.269523 1 0.271536 1 0.270366 1 0.274516 1 0.272467 1 0.271536 1 0.274516 1 0.275 1 0.269523 1 0.270806 1 0.275 1 0.270806 1 0.271883 1 0.273181 1 0.272467 1 0.274516 1 0.273698 1 0.273181 1 0.274516 1 0.275 1 0.271883 1 0.272757 1 0.275 1 0.272757 1 0.273432 1 0.274041 1 0.273698 1 0.274516 1 0.274231 1 0.274041 1 0.274516 1 0.275 1 0.273432 1 0.273911 1 0.275 1 0.273911 1 0.274195 1 0.274231 1 0.274516 1 0.275 1 0.275 1 0.274195 1 0.274289 1 0.275 1 0.274289 1 0.274231 1 0.25 1 0.260794 1 0.260173 1 0.252107 1 0.252107 1 0.25 1 0.25 1 0.260173 1 0.252107 1 0.25 1 0.252107 1 0.25 1 0.275 1 0.275 1 0.276006 1 0.276006 1 0.277244 1 0.278223 1 0.278223 1 0.278933 1 0.279366 1 0.279366 1 0.279512 1 0.279391 1 0.279391 1 0.279027 1 0.278412 1 0.278412 1 0.277541 1 0.27641 1 0.27641 1 0.275 1 0.276006 1 0.276006 1 0.278223 1 0.279366 1 0.279366 1 0.279391 1 0.278412 1 0.278412 1 0.27641 1 0.276006 1 0.276006 1 0.279366 1 0.278412 0.725 0 0.723345 0 0.7214 0 0.7214 0 0.719172 0 0.716657 0 0.716657 0 0.713848 0 0.710742 0 0.7 0 0.7 0 0.702107 0 0.7 0 0.702107 0 0.702107 0 0.716657 0 0.710742 0 0.7 0 0.725 0 0.7214 0 0.716657 0 0.72429 0 0.725 0 0.725 0 0.724195 0 0.72429 0 0.725 0 0.725 0 0.716657 0 0.7 0 0.7 0 0.702107 0 0.709915 0 0.7 0 0.709915 0 0.712272 0 0.723911 0 0.724195 0 0.725 0 0.723432 0 0.723911 0 0.725 0 0.725 0 0.7 0 0.712272 0 0.725 0 0.712272 0 0.714409 0 0.722757 0 0.723432 0 0.725 0 0.721883 0 0.722757 0 0.725 0 0.725 0 0.714409 0 0.716327 0 0.725 0 0.716327 0 0.718031 0 0.720806 0 0.721883 0 0.725 0 0.725 0 0.718031 0 0.719523 0 0.725 0 0.719523 0 0.720806 0 0.7 0 0.710794 0 0.713606 0 0.713606 0 0.71622 0 0.718627 0 0.718627 0 0.720817 0 0.722783 0 0.722783 0 0.724516 0 0.725 0 0.725 0 0.72429 0 0.724231 0 0.725 0 0.724231 0 0.724041 0 0.718627 0 0.722783 0 0.725 0 0.7 0 0.713606 0 0.718627 0 0.710173 0 0.702107 0 0.7 0 0.712862 0 0.710173 0 0.7 0 0.7 0 0.718627 0 0.725 0 0.725 0 0.724041 0 0.723698 0 0.725 0 0.723698 0 0.723181 0 0.712862 0 0.7 0 0.725 0 0.715205 0 0.712862 0 0.725 0 0.725 0 0.723181 0 0.722467 0 0.725 0 0.722467 0 0.721536 0 0.717222 0 0.715205 0 0.725 0 0.718935 0 0.717222 0 0.725 0 0.725 0 0.721536 0 0.720366 0 0.725 0 0.720366 0 0.718935 0 0.725 0 0.725 0 0.726006 0 0.726006 0 0.727245 0 0.728223 0 0.728223 0 0.728933 0 0.729366 0 0.729366 0 0.729512 0 0.729392 0 0.729392 0 0.729027 0 0.728412 0 0.728412 0 0.727541 0 0.72641 0 0.72641 0 0.725 0 0.726006 0 0.726006 0 0.728223 0 0.729366 0 0.729366 0 0.729392 0 0.728412 0 0.728412 0 0.72641 0 0.726006 0 0.726006 0 0.729366 0 0.728412 0 0.7 0 0.697039 0 0.697039 0 0.7 0 0.697039 0 0.7 0 0.475 0.659487 0.485794 0.659487 0.488606 0.659662 0.488606 0.659662 0.49122 0.660165 0.493627 0.66097 0.493627 0.66097 0.495817 0.662048 0.497783 0.663371 0.497783 0.663371 0.499516 0.66491 0.5 0.665472 0.5 0.665472 0.499289 0.67712 0.499231 0.67595 0.5 0.665472 0.499231 0.67595 0.499041 0.674643 0.493627 0.66097 0.497783 0.663371 0.5 0.665472 0.475 0.659487 0.488606 0.659662 0.493627 0.66097 0.477107 0.690202 0.475 0.694753 0.475 0.659487 0.477107 0.664038 0.477107 0.690202 0.475 0.659487 0.475 0.659487 0.493627 0.66097 0.5 0.665472 0.5 0.665472 0.499041 0.674643 0.498698 0.673243 0.5 0.665472 0.498698 0.673243 0.498181 0.671798 0.485173 0.664038 0.477107 0.664038 0.475 0.659487 0.487862 0.664212 0.485173 0.664038 0.475 0.659487 0.5 0.665472 0.498181 0.671798 0.497467 0.670351 0.5 0.665472 0.497467 0.670351 0.496536 0.66895 0.487862 0.664212 0.475 0.659487 0.5 0.665472 0.490205 0.664705 0.487862 0.664212 0.5 0.665472 0.5 0.665472 0.496536 0.66895 0.495366 0.667639 0.5 0.665472 0.495366 0.667639 0.493935 0.666464 0.492222 0.665471 0.490205 0.664705 0.5 0.665472 0.5 0.665472 0.493935 0.666464 0.492222 0.665471 0.5 0.689075 0.498345 0.690649 0.4964 0.692031 0.4964 0.692031 0.494172 0.693168 0.491657 0.694025 0.491657 0.694025 0.488849 0.694565 0.485742 0.694753 0.485742 0.694753 0.475 0.694753 0.477107 0.690202 0.485742 0.694753 0.477107 0.690202 0.484915 0.690202 0.4964 0.692031 0.491657 0.694025 0.485742 0.694753 0.499289 0.67712 0.5 0.665472 0.5 0.689075 0.499195 0.678866 0.499289 0.67712 0.5 0.689075 0.5 0.689075 0.4964 0.692031 0.485742 0.694753 0.485742 0.694753 0.484915 0.690202 0.487272 0.69008 0.485742 0.694753 0.487272 0.69008 0.489409 0.689725 0.49891 0.680549 0.499195 0.678866 0.5 0.689075 0.498432 0.682153 0.49891 0.680549 0.5 0.689075 0.5 0.689075 0.485742 0.694753 0.489409 0.689725 0.5 0.689075 0.489409 0.689725 0.491327 0.689154 0.497757 0.68366 0.498432 0.682153 0.5 0.689075 0.496883 0.685054 0.497757 0.68366 0.5 0.689075 0.5 0.689075 0.491327 0.689154 0.493031 0.688385 0.5 0.689075 0.493031 0.688385 0.494523 0.687434 0.495806 0.686318 0.496883 0.685054 0.5 0.689075 0.5 0.689075 0.494523 0.687434 0.495806 0.686318 0.475 0.694753 0.472039 0.694753 0.472039 0.659487 0.475 0.694753 0.472039 0.659487 0.475 0.659487 0.5 0.689075 0.5 0.665472 0.501006 0.666638 0.501006 0.666638 0.502244 0.668527 0.503223 0.670547 0.503223 0.670547 0.503933 0.672672 0.504366 0.674872 0.504366 0.674872 0.504512 0.67712 0.504391 0.679216 0.504391 0.679216 0.504026 0.681317 0.503412 0.683387 0.503412 0.683387 0.502541 0.685391 0.50141 0.687294 0.50141 0.687294 0.5 0.689075 0.501006 0.666638 0.501006 0.666638 0.503223 0.670547 0.504366 0.674872 0.504366 0.674872 0.504391 0.679216 0.503412 0.683387 0.503412 0.683387 0.50141 0.687294 0.501006 0.666638 0.501006 0.666638 0.504366 0.674872 0.503412 0.683387 0.2525 1 0.2525 1 0.2475 1 0.2525 1 0.2475 1 0.2475 1 0.2975 1 0.2975 1 0.3025 1 0.2975 1 0.3025 1 0.3025 1 0.525 1 0.55 1 0.55 1 0.525 1 0.55 1 0.525 1 0.7 1 0.74 1 0.74 1 0.7 1 0.74 1 0.7 1 0.1025 1 0.1025 1 0.0975 1 0.1025 1 0.0975 1 0.0975 1 0.1475 1 0.1475 1 0.1525 1 0.1475 1 0.1525 1 0.1525 1 0.8 1 0.85 1 0.85 1 0.8 1 0.85 1 0.8 1 1 1 1 1 1 1 1 1 1 1 1 1 0.4525 1 0.4525 1 0.4475 1 0.4525 1 0.4475 1 0.4475 1 0.65 1 0.7 1 0.7 1 0.65 1 0.7 1 0.65 1 0.3475 1 0.3475 1 0.3525 1 0.3475 1 0.3525 1 0.3525 1 1 1 1 1 1 1 1 1 1 1 1 1 0.1975 1 0.1975 1 0.2025 1 0.1975 1 0.2025 1 0.2025 1 0.6 1 0.65 1 0.65 1 0.6 1 0.65 1 0.6 1 0.3975 1 0.3975 1 0.4025 1 0.3975 1 0.4025 1 0.4025 1 0.95 1 1 1 1 1 0.95 1 1 1 0.95 1 0.475 0.7 0.49875 0.7 0.49875 0.75 0.475 0.7 0.49875 0.75 0.475 0.75 0.475 0.75 0.49875 0.75 0.49875 0.8 0.475 0.75 0.49875 0.8 0.475 0.8 0.475 0.8 0.49875 0.8 0.49875 0.85 0.475 0.8 0.49875 0.85 0.475 0.85 0.475 0.85 0.49875 0.85 0.49875 0.9 0.475 0.85 0.49875 0.9 0.475 0.9 0.36 1 0.36 1 0.34 1 0.36 1 0.34 1 0.34 1 0.34 1 0.34 1 0.36 1 0.34 1 0.36 1 0.36 1 0.34 1 0.34 1 0.36 1 0.34 1 0.36 1 0.36 1 0.34 1 0.34 1 0.36 1 0.34 1 0.36 1 0.36 1 0.36 1 0.4 1 0.4 1 0.36 1 0.4 1 0.36 1 0.3 1 0.34 1 0.34 1 0.3 1 0.34 1 0.3 1 0.36 1 0.4 1 0.4 1 0.36 1 0.4 1 0.36 1 0.3 1 0.34 1 0.34 1 0.3 1 0.34 1 0.3 1 0.36 1 0.4 1 0.4 1 0.36 1 0.4 1 0.36 1 0.3 1 0.34 1 0.34 1 0.3 1 0.34 1 0.3 1 0.36 1 0.4 1 0.4 1 0.36 1 0.4 1 0.36 1 0.3 1 0.34 1 0.34 1 0.3 1 0.34 1 0.3 1 1 0.0466667 1 0.0466667 1 0.05 1 0.0466667 1 0.05 1 0.05 1 0.05 1 0.05 1 0.0533333 1 0.05 1 0.0533333 1 0.0533333 1 0.0533333 1 0.05 1 0.05 1 0.0533333 1 0.05 1 0.0533333 1 0.05 1 0.0466667 1 0.0466667 1 0.05 1 0.0466667 1 0.05 1 0.1 1 0.15 1 0.15 1 0.1 1 0.15 1 0.1 1 0.1 1 0.15 1 0.15 1 0.1 1 0.15 1 0.1 1 0.175 1 0.2 1 0.2 1 0.175 1 0.2 1 0.175 1 0.175 1 0.2 1 0.2 1 0.175 1 0.2 1 0.175 1 0.35 1 0.3 1 0.3 1 0.35 1 0.3 1 0.35 1 0.35 1 0.3 1 0.3 1 0.35 1 0.3 1 0.35 1 0.4 1 0.45 1 0.45 1 0.4 1 0.45 1 0.4 1 0.4 1 0.45 1 0.45 1 0.4 1 0.45 1 0.4 1 0.5 1 0.55 1 0.55 1 0.5 1 0.55 1 0.5 1 0.5 1 0.55 1 0.55 1 0.5 1 0.55 1 0.5 1 0.7 1 0.65 1 0.65 1 0.7 1 0.65 1 0.7 1 0.7 1 0.65 1 0.65 1 0.7 1 0.65 1 0.7 1 0.75 1 0.8 1 0.8 1 0.75 1 0.8 1 0.75 1 0.75 1 0.8 1 0.8 1 0.75 1 0.8 1 0.75 1 0.85 1 0.9 1 0.9 1 0.85 1 0.9 1 0.85 1 0.85 1 0.9 1 0.9 1 0.85 1 0.9 1 0.85 1 0.953333 0.95 0.953333 0.95 0.95 1 0.953333 0.95 0.95 1 0.95 1 0.95 0.95 0.95 0.95 0.946667 1 0.95 0.95 0.946667 1 0.946667 0.9 0.953333 0.85 0.953333 0.85 0.95 0.9 0.953333 0.85 0.95 0.9 0.95 0.9 0.95 0.85 0.95 0.85 0.946667 0.9 0.95 0.85 0.946667 0.9 0.946667 0.65 0.953333 0.6 0.953333 0.6 0.95 0.65 0.953333 0.6 0.95 0.65 0.95 0.65 0.95 0.6 0.95 0.6 0.946667 0.65 0.95 0.6 0.946667 0.65 0.946667 0.5 0.953333 0.49875 0.953333 0.49875 0.95 0.5 0.953333 0.49875 0.95 0.5 0.95 0.5 0.95 0.49875 0.95 0.49875 0.946667 0.5 0.95 0.49875 0.946667 0.5 0.946667 0.55 0.953333 0.525 0.953333 0.525 0.95 0.55 0.953333 0.525 0.95 0.55 0.95 0.55 0.95 0.525 0.95 0.525 0.946667 0.55 0.95 0.525 0.946667 0.55 0.946667 0.525 0.953333 0.5 0.953333 0.5 0.95 0.525 0.953333 0.5 0.95 0.525 0.95 0.525 0.95 0.5 0.95 0.5 0.946667 0.525 0.95 0.5 0.946667 0.525 0.946667 0.45 0.953333 0.4 0.953333 0.4 0.95 0.45 0.953333 0.4 0.95 0.45 0.95 0.45 0.95 0.4 0.95 0.4 0.946667 0.45 0.95 0.4 0.946667 0.45 0.946667 0.453333 1 0.453333 1 0.45 1 0.453333 1 0.45 1 0.45 1 0.45 1 0.45 1 0.446667 1 0.45 1 0.446667 1 0.446667 1 0.453333 1 0.453333 1 0.45 1 0.453333 1 0.45 1 0.45 1 0.45 1 0.45 1 0.446667 1 0.45 1 0.446667 1 0.446667 1 0.3 0.953333 0.25 0.953333 0.25 0.95 0.3 0.953333 0.25 0.95 0.3 0.95 0.3 0.95 0.25 0.95 0.25 0.946667 0.3 0.95 0.25 0.946667 0.3 0.946667 0.2 0.953333 0.15 0.953333 0.15 0.95 0.2 0.953333 0.15 0.95 0.2 0.95 0.2 0.95 0.15 0.95 0.15 0.946667 0.2 0.95 0.15 0.946667 0.2 0.946667 0.0469476 1 0.0469476 0.96 0.05 0.96 0.0469476 1 0.05 0.96 0.05 1 0.05 1 0.05 0.96 0.0530524 0.96 0.05 1 0.0530524 0.96 0.0530524 1 0.0469476 1 0.0469476 1 0.05 1 0.0469476 1 0.05 1 0.05 1 0.05 1 0.05 1 0.0530524 1 0.05 1 0.0530524 1 0.0530524 1 0.0469476 1 0.0469476 1 0.05 1 0.0469476 1 0.05 1 0.05 1 0.05 1 0.05 1 0.0530524 1 0.05 1 0.0530524 1 0.0530524 1 0.046795 1 0.0469476 1 0.05 1 0.046795 1 0.05 1 0.0497711 1 0.0497711 1 0.05 1 0.0530524 1 0.0497711 1 0.0530524 1 0.0527472 1 0.0530524 0.85 0.0530524 0.9 0.05 0.9 0.0530524 0.85 0.05 0.9 0.05 0.85 0.05 0.85 0.05 0.9 0.0469476 0.9 0.05 0.85 0.0469476 0.9 0.0469476 0.85 0.0530524 0.75 0.0530524 0.8 0.05 0.8 0.0530524 0.75 0.05 0.8 0.05 0.75 0.05 0.75 0.05 0.8 0.0469476 0.8 0.05 0.75 0.0469476 0.8 0.0469476 0.75 0.0530524 0.65 0.0530524 0.7 0.05 0.7 0.0530524 0.65 0.05 0.7 0.05 0.65 0.05 0.65 0.05 0.7 0.0469476 0.7 0.05 0.65 0.0469476 0.7 0.0469476 0.65 0.0530524 0.55 0.0530524 0.589992 0.05 0.589992 0.0530524 0.55 0.05 0.589992 0.05 0.55 0.05 0.55 0.05 0.589992 0.0469476 0.589992 0.05 0.55 0.0469476 0.589992 0.0469476 0.55 0.0530524 0.45 0.0530524 0.5 0.05 0.5 0.0530524 0.45 0.05 0.5 0.05 0.45 0.05 0.45 0.05 0.5 0.0469476 0.5 0.05 0.45 0.0469476 0.5 0.0469476 0.45 0.0530524 0.35 0.0530524 0.4 0.05 0.4 0.0530524 0.35 0.05 0.4 0.05 0.35 0.05 0.35 0.05 0.4 0.0469476 0.4 0.05 0.35 0.0469476 0.4 0.0469476 0.35 0.0530524 0.26 0.0530524 0.275 0.05 0.275 0.0530524 0.26 0.05 0.275 0.05 0.26 0.05 0.26 0.05 0.275 0.0469476 0.275 0.05 0.26 0.0469476 0.275 0.0469476 0.26 0.0530524 0.275 0.0530524 0.3 0.05 0.3 0.0530524 0.275 0.05 0.3 0.05 0.275 0.05 0.275 0.05 0.3 0.0469476 0.3 0.05 0.275 0.0469476 0.3 0.0469476 0.275 0.2 0.253333 0.15 0.253333 0.15 0.25 0.2 0.253333 0.15 0.25 0.2 0.25 0.2 0.25 0.15 0.25 0.15 0.246667 0.2 0.25 0.15 0.246667 0.2 0.246667 0.3 0.253333 0.25 0.253333 0.25 0.25 0.3 0.253333 0.25 0.25 0.3 0.25 0.3 0.25 0.25 0.25 0.25 0.246667 0.3 0.25 0.25 0.246667 0.3 0.246667 0.0530524 0.2 0.0530524 0.225 0.05 0.225 0.0530524 0.2 0.05 0.225 0.05 0.2 0.05 0.2 0.05 0.225 0.0469476 0.225 0.05 0.2 0.0469476 0.225 0.0469476 0.2 0.0530524 0.175 0.0530524 0.2 0.05 0.2 0.0530524 0.175 0.05 0.2 0.05 0.175 0.05 0.175 0.05 0.2 0.0469476 0.2 0.05 0.175 0.0469476 0.2 0.0469476 0.175 0.0530524 0.1 0.0530524 0.15 0.05 0.15 0.0530524 0.1 0.05 0.15 0.05 0.1 0.05 0.1 0.05 0.15 0.0469476 0.15 0.05 0.1 0.0469476 0.15 0.0469476 0.1 0.15 0.0533333 0.1 0.0533333 0.1 0.05 0.15 0.0533333 0.1 0.05 0.15 0.05 0.15 0.05 0.1 0.05 0.1 0.0466667 0.15 0.05 0.1 0.0466667 0.15 0.0466667 0.25 0.0533333 0.2 0.0533333 0.2 0.05 0.25 0.0533333 0.2 0.05 0.25 0.05 0.25 0.05 0.2 0.05 0.2 0.0466667 0.25 0.05 0.2 0.0466667 0.25 0.0466667 0.34 0.0533333 0.3 0.0533333 0.3 0.05 0.34 0.0533333 0.3 0.05 0.34 0.05 0.34 0.05 0.3 0.05 0.3 0.0466667 0.34 0.05 0.3 0.0466667 0.34 0.0466667 0.353333 0.1 0.353333 0.15 0.35 0.15 0.353333 0.1 0.35 0.15 0.35 0.1 0.35 0.1 0.35 0.15 0.346667 0.15 0.35 0.1 0.346667 0.15 0.346667 0.1 0.353333 0.175 0.353333 0.2 0.35 0.2 0.353333 0.175 0.35 0.2 0.35 0.175 0.35 0.175 0.35 0.2 0.346667 0.2 0.35 0.175 0.346667 0.2 0.346667 0.175 0.353333 0.3 0.353333 0.35 0.35 0.35 0.353333 0.3 0.35 0.35 0.35 0.3 0.35 0.3 0.35 0.35 0.346667 0.35 0.35 0.3 0.346667 0.35 0.346667 0.3 0.353333 0.4 0.353333 0.45 0.35 0.45 0.353333 0.4 0.35 0.45 0.35 0.4 0.35 0.4 0.35 0.45 0.346667 0.45 0.35 0.4 0.346667 0.45 0.346667 0.4 0.353333 0.5 0.353333 0.55 0.35 0.55 0.353333 0.5 0.35 0.55 0.35 0.5 0.35 0.5 0.35 0.55 0.346667 0.55 0.35 0.5 0.346667 0.55 0.346667 0.5 0.353333 0.65 0.353333 0.7 0.35 0.7 0.353333 0.65 0.35 0.7 0.35 0.65 0.35 0.65 0.35 0.7 0.346667 0.7 0.35 0.65 0.346667 0.7 0.346667 0.65 0.353333 0.75 0.353333 0.8 0.35 0.8 0.353333 0.75 0.35 0.8 0.35 0.75 0.35 0.75 0.35 0.8 0.346667 0.8 0.35 0.75 0.346667 0.8 0.346667 0.75 0.353333 0.85 0.353333 0.9 0.35 0.9 0.353333 0.85 0.35 0.9 0.35 0.85 0.35 0.85 0.35 0.9 0.346667 0.9 0.35 0.85 0.346667 0.9 0.346667 0.85 0.25 0.603341 0.2 0.603339 0.2 0.6 0.25 0.603341 0.2 0.6 0.25 0.6 0.25 0.6 0.2 0.6 0.2 0.596661 0.25 0.6 0.2 0.596661 0.25 0.59666 0.15 0.603338 0.1 0.603337 0.1 0.6 0.15 0.603338 0.1 0.6 0.15 0.6 0.15 0.6 0.1 0.6 0.1 0.596663 0.15 0.6 0.1 0.596663 0.15 0.596663 0.45 0.603355 0.4 0.60335 0.4 0.600001 0.45 0.603355 0.4 0.600001 0.45 0.600001 0.45 0.600001 0.4 0.600001 0.4 0.596651 0.45 0.600001 0.4 0.596651 0.45 0.596646 0.5 0.603372 0.475 0.603363 0.475 0.600001 0.5 0.603372 0.475 0.600001 0.5 0.600001 0.5 0.600001 0.475 0.600001 0.475 0.59664 0.5 0.600001 0.475 0.59664 0.5 0.596631 0.525 0.603385 0.5 0.603372 0.5 0.600001 0.525 0.603385 0.5 0.600001 0.525 0.600002 0.525 0.600002 0.5 0.600001 0.5 0.596631 0.525 0.600002 0.5 0.596631 0.525 0.596619 0.55 0.596604 0.479834 0.494873 0.431745 0.447438 0.55 0.596604 0.431745 0.447438 0.55 0.600003 0.55 0.600003 0.431745 0.447438 0.383657 0.400002 0.55 0.600003 0.383657 0.400002 0.55 0.603402 0.45 0.0533333 0.4 0.0533333 0.4 0.05 0.45 0.0533333 0.4 0.05 0.45 0.05 0.45 0.05 0.4 0.05 0.4 0.0466667 0.45 0.05 0.4 0.0466667 0.45 0.0466667 0.55 0.0533333 0.525 0.0533333 0.525 0.05 0.55 0.0533333 0.525 0.05 0.55 0.05 0.55 0.05 0.525 0.05 0.525 0.0466667 0.55 0.05 0.525 0.0466667 0.55 0.0466667 0.525 0.0533333 0.5 0.0533333 0.5 0.05 0.525 0.0533333 0.5 0.05 0.525 0.05 0.525 0.05 0.5 0.05 0.5 0.0466667 0.525 0.05 0.5 0.0466667 0.525 0.0466667 0.65 0.0533164 0.625 0.0533164 0.625 0.0499831 0.65 0.0533164 0.625 0.0499831 0.65 0.0499831 0.65 0.0499831 0.625 0.0499831 0.625 0.0466498 0.65 0.0499831 0.625 0.0466498 0.65 0.0466498 0.625 0.0533164 0.6 0.0533164 0.6 0.0499831 0.625 0.0533164 0.6 0.0499831 0.625 0.0499831 0.625 0.0499831 0.6 0.0499831 0.6 0.0466498 0.625 0.0499831 0.6 0.0466498 0.625 0.0466498 0.753333 0.1 0.753333 0.15 0.75 0.15 0.753333 0.1 0.75 0.15 0.75 0.1 0.75 0.1 0.75 0.15 0.746667 0.15 0.75 0.1 0.746667 0.15 0.746667 0.1 0.753333 0.175 0.753333 0.2 0.75 0.2 0.753333 0.175 0.75 0.2 0.75 0.175 0.75 0.175 0.75 0.2 0.746667 0.2 0.75 0.175 0.746667 0.2 0.746667 0.175 0.753333 0.3 0.753333 0.35 0.75 0.35 0.753333 0.3 0.75 0.35 0.75 0.3 0.75 0.3 0.75 0.35 0.746667 0.35 0.75 0.3 0.746667 0.35 0.746667 0.3 0.753333 0.4 0.753333 0.425985 0.75 0.425985 0.753333 0.4 0.75 0.425985 0.75 0.4 0.75 0.4 0.75 0.425985 0.746667 0.425985 0.75 0.4 0.746667 0.425985 0.746667 0.4 0.9 0.253333 0.85 0.253333 0.85 0.25 0.9 0.253333 0.85 0.25 0.9 0.25 0.9 0.25 0.85 0.25 0.85 0.246667 0.9 0.25 0.85 0.246667 0.9 0.246667 1 0.253333 0.95 0.253333 0.95 0.25 1 0.253333 0.95 0.25 1 0.25 1 0.25 0.95 0.25 0.95 0.246667 1 0.25 0.95 0.246667 1 0.246667 0.95 0.0533333 0.9 0.0533333 0.9 0.05 0.95 0.0533333 0.9 0.05 0.95 0.05 0.95 0.05 0.9 0.05 0.9 0.0466667 0.95 0.05 0.9 0.0466667 0.95 0.0466667 0.85 0.0533333 0.8 0.0533333 0.8 0.05 0.85 0.0533333 0.8 0.05 0.85 0.05 0.85 0.05 0.8 0.05 0.8 0.0466667 0.85 0.05 0.8 0.0466667 0.85 0.0466667 1 0.603392 0.95 0.603405 0.95 0.599997 1 0.603392 0.95 0.599997 1 0.599997 1 0.599997 0.95 0.599997 0.95 0.596588 1 0.599997 0.95 0.596588 1 0.596603 0.753333 0.85 0.753333 0.9 0.75 0.9 0.753333 0.85 0.75 0.9 0.75 0.85 0.75 0.85 0.75 0.9 0.746667 0.9 0.75 0.85 0.746667 0.9 0.746667 0.85 0.746667 0.8 0.746667 0.774015 0.75 0.774015 0.746667 0.8 0.75 0.774015 0.75 0.8 0.75 0.8 0.75 0.774015 0.753333 0.774015 0.75 0.8 0.753333 0.774015 0.753333 0.8 0.65 0.253333 0.625 0.253333 0.625 0.25 0.65 0.253333 0.625 0.25 0.65 0.25 0.65 0.25 0.625 0.25 0.625 0.246667 0.65 0.25 0.625 0.246667 0.65 0.246667 0.625 0.253333 0.6 0.253333 0.6 0.25 0.625 0.253333 0.6 0.25 0.625 0.25 0.625 0.25 0.6 0.25 0.6 0.246667 0.625 0.25 0.6 0.246667 0.625 0.246667 0.55 0.253333 0.525 0.253333 0.525 0.25 0.55 0.253333 0.525 0.25 0.55 0.25 0.55 0.25 0.525 0.25 0.525 0.246667 0.55 0.25 0.525 0.246667 0.55 0.246667 0.525 0.253333 0.5 0.253333 0.5 0.25 0.525 0.253333 0.5 0.25 0.525 0.25 0.525 0.25 0.5 0.25 0.5 0.246667 0.525 0.25 0.5 0.246667 0.525 0.246667 0.45 0.253333 0.4 0.253333 0.4 0.25 0.45 0.253333 0.4 0.25 0.45 0.25 0.45 0.25 0.4 0.25 0.4 0.246667 0.45 0.25 0.4 0.246667 0.45 0.246667 0.49875 1 0.49875 1 0.49875 1 0.49875 1 0.49875 1 0.49875 1 0.49875 1 0.49875 1 0.49875 1 0.49875 1 0.49875 1 0.49875 1 0.49875 1 0.49875 1 0.49875 1 0.49875 1 0.49875 1 0.49875 1 0.49875 1 0.49875 1 0.49875 1 0.49875 1 0.49875 1 0.49875 1 0.49875 1 0.49875 1 0.49875 1 0.49875 1 0.49875 1 0.49875 1 0.49875 1 0.49875 1 0.49875 1 0.49875 1 0.49875 1 0.49875 1 0.49875 1 0.49875 1 0.49875 1 0.49875 1 0.49875 1 0.49875 1 0 0 0 0 0 0 0 0 0 0 0 0 0 0 0 0 0 0 0 0 0 0 0 0 0 0 0 0 0 0 0 0 0 0 0 0 0 0 0 0 0 0 0 0 0 0 0 0 0 0 0 0 0 0 0 0 0 0 0 0 0 0 0 0 0 0 0 0 0 0 0 0 0 0 0 0 0 0 0 0 0 0 0 0 0 0 0 0 0 0 0 0 0 0 0 0 0 0 0 0 0 0 0 0 0 0 0 0 0 0 0 0 0 0 0 0 0 0 0 0 0 0 0 0 0 0 0 0 0 0 0 0 0 0 0 0 0 0 0 0 0 0 0 0 0 0 0 0 0 0 0 0 0 0 0 0 0 0 0 0 0 0 0 0 0 0 0 0 0 0 0 0 0 0 0 0 0 0 0 0 0 0 0 0 0 0 0 0 0 0 0 0 0 0 0 0 0 0 0 0 0 0 0 0 0 0 0 0 0 0 0 0 0 0 0 0 0 0 0 0 0 0 0 0 0 0 0 0 0 0 0 0 0 0 0 0 0 0 0 0 0 0 0 0 0 0 0 0 0 0 0 0 0 0 0 0 0 0 0 0 0 0 0 0 0 0 0 0 0 0 0 0 0 0 0 0 0 0 0 0 0 0 0 0 0 0 0 0 0 0 0 0 0 0 0 0 0 0 0 0 0 0 0 0 0 0 0 0 0 0 0 0 0 0 0 0 0 0 0 0 0 0 0 0 0 0 0 0 0 0 0 0 0 0 0 0 0 0 0 0 0 0 0 0 0 0 0 0 0 0 0 0 0 0 0 0 0 0 0 0 0 0 0 0 0 0 0 0 0 0 0 0 0 0 0 0 0 0 0 0 0 0 0 0 0 0 0 0 0 0 0 0 0 0 0 0 0 0 0 0 0 0 0 0 0 0 0 0 0.15 0 0.1 0 0.1 0 0.15 0 0.1 0 0.15 0 0.4 0 0.36 0 0.36 0 0.4 0 0.36 0 0.4 0 0.625 0 0.6 0 0.6 0 0.625 0 0.6 0 0.625 0 0.0408429 0 0 0 0 0 0.0408429 0 0 0 0.0408429 0 0.2 0 0.15 0 0.15 0 0.2 0 0.15 0 0.2 0 0.25 0 0.2 0 0.2 0 0.25 0 0.2 0 0.25 0 0.1 0 0.0591571 0 0.0591571 0 0.1 0 0.0591571 0 0.1 0 0.3 0 0.25 0 0.25 0 0.3 0 0.25 0 0.3 0 0.45 0 0.4 0 0.4 0 0.45 0 0.4 0 0.45 0 0.525 0 0.5 0 0.5 0 0.525 0 0.5 0 0.525 0 0.475 0 0.45 0 0.45 0 0.475 0 0.45 0 0.475 0 0.5 0 0.475 0 0.475 0 0.5 0 0.475 0 0.5 0 0.0591571 0 0.0408429 0 0.0408429 0 0.0591571 0 0.0408429 0 0.0591571 0 0 0 0 0 0 0 0 0 0 0 0 0 0.36 0 0.34 0 0.34 0 0.36 0 0.34 0 0.36 0 0.34 0 0.3 0 0.3 0 0.34 0 0.3 0 0.34 0 0.55 0 0.525 0 0.525 0 0.55 0 0.525 0 0.55 0 0.6 0 0.55 0 0.55 0 0.6 0 0.55 0 0.6 0 0.675 0 0.65 0 0.65 0 0.675 0 0.65 0 0.675 0 0.753333 0 0.75 0 0.75 0 0.753333 0 0.75 0 0.753333 0 0.725 0 0.7 0 0.7 0 0.725 0 0.7 0 0.725 0 0.75 0 0.725 0 0.725 0 0.75 0 0.725 0 0.75 0 0.628125 0 0.628125 0 0.628058 0 0.628058 0 0.625 0 0.625 0 0.628058 0 0.625 0 0.628125 0 0.7 0 0.675 0 0.675 0 0.7 0 0.675 0 0.7 0 0.85 0 0.8 0 0.8 0 0.85 0 0.8 0 0.85 0 1 0 1 0 1 0 1 0 1 0 1 0 0.9 0 0.85 0 0.85 0 0.9 0 0.85 0 0.9 0 1 0 0.95 0 0.95 0 1 0 0.95 0 1 0 1 0 1 0 1 0 1 0 1 0 1 0 0.95 0 0.9 0 0.9 0 0.95 0 0.9 0 0.95 0 0.85 0 0.8 0 0.8 0 0.85 0 0.8 0 0.85 0 1 0 1 0 1 0 1 0 1 0 1 0 1 0 1 0 1 0 1 0 1 0 1 0 1 0 1 0 1 0 1 0 1 0 1 0 1 0.1 1 0.06 1 0.06 1 0.1 1 0.06 1 0.1 1 0.175 1 0.15 1 0.15 1 0.175 1 0.15 1 0.175 1 0 1 0 1 0 1 0 1 0 1 0 1 0.04 1 0 1 0 1 0.04 1 0 1 0.04 1 0.06 1 0.04 1 0.04 1 0.06 1 0.04 1 0.06 1 0.15 1 0.1 1 0.1 1 0.15 1 0.1 1 0.15 1 0.275 1 0.25 1 0.25 1 0.275 1 0.25 1 0.275 1 0.3 1 0.275 1 0.275 1 0.3 1 0.275 1 0.3 1 0.303333 1 0.3 1 0.3 1 0.303333 1 0.3 1 0.303333 1 0.225 1 0.2 1 0.2 1 0.225 1 0.2 1 0.225 1 0.25 1 0.225 1 0.225 1 0.25 1 0.225 1 0.25 1 0.178125 1 0.175 1 0.175 1 0.178125 1 0.175 1 0.178125 1 0.8 1 0.75 1 0.75 1 0.8 1 0.75 1 0.8 1 0.45 1 0.4 1 0.4 1 0.45 1 0.4 1 0.45 1 0.7 1 0.65 1 0.65 1 0.7 1 0.65 1 0.7 1 0.85 1 0.8 1 0.8 1 0.85 1 0.8 1 0.85 1 1 1 1 1 1 1 1 1 1 1 1 1 0.5 1 0.45 1 0.45 1 0.5 1 0.45 1 0.5 1 0.589866 1 0.55 1 0.55 1 0.589866 1 0.55 1 0.589866 1 1 1 0.96 1 0.96 1 1 1 0.96 1 1 1 0.610131 1 0.589866 1 0.589866 1 0.610131 1 0.589866 1 0.610131 1 0.9 1 0.85 1 0.85 1 0.9 1 0.85 1 0.9 1 0.65 1 0.610131 1 0.610131 1 0.65 1 0.610131 1 0.65 1 0.75 1 0.7 1 0.7 1 0.75 1 0.7 1 0.75 1 0.94 1 0.9 1 0.9 1 0.94 1 0.9 1 0.94 1 0.55 1 0.5 1 0.5 1 0.55 1 0.5 1 0.55 1 0.4 1 0.35 1 0.35 1 0.4 1 0.35 1 0.4 1 0.96 1 0.94 1 0.94 1 0.96 1 0.94 1 0.96 0.0975 1 0.1025 1 0.1025 1 0.0975 1 0.1025 1 0.0975 1 0.4475 1 0.4525 1 0.4525 1 0.4475 1 0.4525 1 0.4475 1 0.2475 1 0.2525 1 0.2525 1 0.2475 1 0.2525 1 0.2475 1 0 0 0 0 0 0 0 0 0 0 0 0 0.1475 1 0.1525 1 0.1525 1 0.1475 1 0.1525 1 0.1475 1 0.3975 1 0.4025 1 0.4025 1 0.3975 1 0.4025 1 0.3975 1 0.49875 1 0.49875 1 0.49875 1 0.49875 1 0.49875 1 0.49875 1 0.2975 1 0.3025 1 0.3025 1 0.2975 1 0.3025 1 0.2975 1 0.1975 1 0.2025 1 0.2025 1 0.1975 1 0.2025 1 0.1975 1 0.3475 1 0.3525 1 0.3525 1 0.3475 1 0.3525 1 0.3475 1 0.0975 1 0.1025 1 0.1025 1 0.0975 1 0.1025 1 0.0975 1 0.2025 1 0.2475 1 0.2475 1 0.2025 1 0.2475 1 0.2025 1 0.0408429 1 0.0586994 1 0.0586994 1 0.0408429 1 0.0586994 1 0.0408429 1 0.1475 1 0.1525 1 0.1525 1 0.1475 1 0.1525 1 0.1475 1 0.1525 1 0.1975 1 0.1975 1 0.1525 1 0.1975 1 0.1525 1 0.0586994 1 0.0975 1 0.0975 1 0.0586994 1 0.0975 1 0.0586994 1 0.4475 1 0.4525 1 0.4525 1 0.4475 1 0.4525 1 0.4475 1 0.2525 1 0.2975 1 0.2975 1 0.2525 1 0.2975 1 0.2525 1 0 1 0.0408429 1 0.0408429 1 0 1 0.0408429 1 0 1 0.3475 1 0.3525 1 0.3525 1 0.3475 1 0.3525 1 0.3475 1 0.3025 1 0.3475 1 0.3475 1 0.3025 1 0.3475 1 0.3025 1 0.4025 1 0.4475 1 0.4475 1 0.4025 1 0.4475 1 0.4025 1 0.1975 1 0.2025 1 0.2025 1 0.1975 1 0.2025 1 0.1975 1 0.475 1 0.49875 1 0.49875 1 0.475 1 0.49875 1 0.475 1 0.3525 1 0.3975 1 0.3975 1 0.3525 1 0.3975 1 0.3525 1 0.3975 1 0.4025 1 0.4025 1 0.3975 1 0.4025 1 0.3975 1 0.2475 1 0.2525 1 0.2525 1 0.2475 1 0.2525 1 0.2475 1 0.4525 1 0.475 1 0.475 1 0.4525 1 0.475 1 0.4525 1 0.49875 1 0.49875 1 0.49875 1 0.49875 1 0.49875 1 0.49875 1 0.2975 1 0.3025 1 0.3025 1 0.2975 1 0.3025 1 0.2975 1 0.1025 1 0.1475 1 0.1475 1 0.1025 1 0.1475 1 0.1025 1 0 0 0 0 0 0 0 0 0 0 0 0 0 0 0 0 0 0 0 0 0 0 0 0 0 1 0 1 0 1 0 1 0 1 0 1 1 0.2 1 0.196875 1 0.196875 1 0.2 1 0.196875 1 0.2 1 0.196875 1 0.19375 1 0.19375 1 0.196875 1 0.19375 1 0.196875 1 0.19375 1 0.190625 1 0.190625 1 0.19375 1 0.190625 1 0.19375 1 0.190625 1 0.1875 1 0.1875 1 0.190625 1 0.1875 1 0.190625 1 0.1875 1 0.184375 1 0.184375 1 0.1875 1 0.184375 1 0.1875 1 0.184375 1 0.18125 1 0.18125 1 0.184375 1 0.18125 1 0.184375 1 0.18125 1 0.178125 1 0.178125 1 0.18125 1 0.178125 1 0.18125 1 0.35 1 0.346667 1 0.346667 1 0.35 1 0.346667 1 0.35 1 0.346667 1 0.343333 1 0.343333 1 0.346667 1 0.343333 1 0.346667 1 0.343333 1 0.34 1 0.34 1 0.343333 1 0.34 1 0.343333 1 0.34 1 0.336667 1 0.336667 1 0.34 1 0.336667 1 0.34 1 0.336667 1 0.333333 1 0.333333 1 0.336667 1 0.333333 1 0.336667 1 0.333333 1 0.33 1 0.33 1 0.333333 1 0.33 1 0.333333 1 0.33 1 0.326667 1 0.326667 1 0.33 1 0.326667 1 0.33 1 0.326667 1 0.323333 1 0.323333 1 0.326667 1 0.323333 1 0.326667 1 0.323333 1 0.32 1 0.32 1 0.323333 1 0.32 1 0.323333 1 0.32 1 0.316667 1 0.316667 1 0.32 1 0.316667 1 0.32 1 0.316667 1 0.313333 1 0.313333 1 0.316667 1 0.313333 1 0.316667 1 0.313333 1 0.31 1 0.31 1 0.313333 1 0.31 1 0.313333 1 0.31 1 0.306667 1 0.306667 1 0.31 1 0.306667 1 0.31 1 0.306667 1 0.303333 1 0.303333 1 0.306667 1 0.303333 1 0.306667 1 0.346667 1 0.35 1 0.323333 1 0.346667 1 0.323333 1 0.32 0.4 0.65 0.45 0.65 0.45 0.653257 0.4 0.65 0.45 0.653257 0.403333 0.653333 0.475 0.65 0.5 0.65 0.5 0.653175 0.475 0.65 0.5 0.653175 0.475 0.653216 0.566587 0.65 0.564556 0.653058 0.55 0.653094 0.566587 0.65 0.55 0.653094 0.55 0.65 0.725 0 0.7 0 0.7 0 0.725 0 0.7 0 0.725 0 0.5 0.65 0.525 0.65 0.525 0.653135 0.5 0.65 0.525 0.653135 0.5 0.653175 0.525 0.65 0.55 0.65 0.55 0.653094 0.525 0.65 0.55 0.653094 0.525 0.653135 0.7 0 0.675 0 0.675 0 0.7 0 0.675 0 0.7 0 0.65 0 0.625 0 0.628058 0 0.65 0 0.628058 0 0.65 0 0.675 0 0.65 0 0.65 0 0.675 0 0.65 0 0.675 0 1 0.35 1 0.346697 1 0.34665 1 0.202778 1 0.2 1 0.2 1 0.202778 1 0.2 1 0.202778 1 0.2 1 0.197566 1 0.197564 1 0.2 1 0.197564 1 0.2 0.45 0.65 0.475 0.65 0.475 0.653216 0.45 0.65 0.475 0.653216 0.45 0.653257 1 0.278125 1 0.275 1 0.275 1 0.278125 1 0.275 1 0.278125 0.76 0 0.74 0 0.743282 0 0.76 0 0.743282 0 0.756698 0 0.8 0 0.76 0 0.756698 0 0.8 0 0.756698 0 0.796694 0 1 0.26 1 0.253881 1 0.253822 1 0.2625 1 0.26 1 0.260028 1 0.2625 1 0.260028 1 0.262523 1 0.237517 1 0.240021 1 0.24 1 0.237517 1 0.24 1 0.2375 0.65 0 0.646875 0 0.646875 0 0.65 0 0.646875 0 0.65 0 0.646875 0 0.64375 0 0.64375 0 0.646875 0 0.64375 0 0.646875 0 0.64375 0 0.640625 0 0.640625 0 0.64375 0 0.640625 0 0.64375 0 0.640625 0 0.6375 0 0.6375 0 0.640625 0 0.6375 0 0.640625 0 0.6375 0 0.634375 0 0.634375 0 0.6375 0 0.634375 0 0.6375 0 0.634375 0 0.63125 0 0.63125 0 0.634375 0 0.63125 0 0.634375 0 0.63125 0 0.628125 0 0.628125 0 0.63125 0 0.628125 0 0.63125 0 0.8 0 0.796667 0 0.796667 0 0.8 0 0.796667 0 0.8 0 0.796667 0 0.793333 0 0.793333 0 0.796667 0 0.793333 0 0.796667 0 0.793333 0 0.79 0 0.79 0 0.793333 0 0.79 0 0.793333 0 0.79 0 0.786667 0 0.786667 0 0.79 0 0.786667 0 0.79 0 0.786667 0 0.783333 0 0.783333 0 0.786667 0 0.783333 0 0.786667 0 0.783333 0 0.78 0 0.78 0 0.783333 0 0.78 0 0.783333 0 0.78 0 0.776667 0 0.776667 0 0.78 0 0.776667 0 0.78 0 0.776667 0 0.773333 0 0.773333 0 0.776667 0 0.773333 0 0.776667 0 0.773333 0 0.77 0 0.77 0 0.773333 0 0.77 0 0.773333 0 0.77 0 0.766667 0 0.766667 0 0.77 0 0.766667 0 0.77 0 0.766667 0 0.763333 0 0.763333 0 0.766667 0 0.763333 0 0.766667 0 0.763333 0 0.76 0 0.76 0 0.763333 0 0.76 0 0.763333 0 0.76 0 0.756667 0 0.756667 0 0.76 0 0.756667 0 0.76 0 0.756667 0 0.753333 0 0.753333 0 0.756667 0 0.753333 0 0.756667 0 0.628058 0 0.628125 0 0.63125 0 0.628058 0 0.625 0 0.628058 0 0.63125 0 0.628058 0 0.628058 0 0.725 0 0.743282 0 0.74 0 0.725 0 0.74 0 0.725 0 0.3 0.1 0.301287 0.1 0.3 0.103225 0.3 0.0980952 0.300947 0.0980952 0.3 0.1 0.301905 0.0980952 0.302154 0.0980952 0.301905 0.0986401 0.34 0.0566667 0.338095 0.0566667 0.338095 0.0533333 0.34 0.0566667 0.338095 0.0533333 0.34 0.0533333 0.33619 0.0566667 0.334286 0.0566667 0.334286 0.0533333 0.33619 0.0566667 0.334286 0.0533333 0.33619 0.0533333 0.332381 0.0566667 0.330476 0.0566667 0.330476 0.0533333 0.332381 0.0566667 0.330476 0.0533333 0.332381 0.0533333 0.328571 0.0566667 0.326667 0.0566667 0.326667 0.0533333 0.328571 0.0566667 0.326667 0.0533333 0.328571 0.0533333 0.324762 0.0566667 0.322857 0.0566667 0.322857 0.0533333 0.324762 0.0566667 0.322857 0.0533333 0.324762 0.0533333 0.320952 0.0566667 0.319048 0.0566667 0.319048 0.0533333 0.320952 0.0566667 0.319048 0.0533333 0.320952 0.0533333 0.317143 0.0566667 0.315238 0.0566667 0.315238 0.0533333 0.317143 0.0566667 0.315238 0.0533333 0.317143 0.0533333 0.313333 0.0566667 0.311429 0.0566667 0.311429 0.0533333 0.313333 0.0566667 0.311429 0.0533333 0.313333 0.0533333 0.309524 0.0566667 0.307619 0.0566667 0.307619 0.0533333 0.309524 0.0566667 0.307619 0.0533333 0.309524 0.0533333 0.305714 0.0566667 0.303809 0.0566667 0.305714 0.053515 0.34 0.06 0.338095 0.06 0.338095 0.0566667 0.34 0.06 0.338095 0.0566667 0.34 0.0566667 0.33619 0.06 0.334286 0.06 0.334286 0.0566667 0.33619 0.06 0.334286 0.0566667 0.33619 0.0566667 0.332381 0.06 0.330476 0.06 0.330476 0.0566667 0.332381 0.06 0.330476 0.0566667 0.332381 0.0566667 0.328571 0.06 0.326667 0.06 0.326667 0.0566667 0.328571 0.06 0.326667 0.0566667 0.328571 0.0566667 0.324762 0.06 0.322857 0.06 0.322857 0.0566667 0.324762 0.06 0.322857 0.0566667 0.324762 0.0566667 0.320952 0.06 0.319048 0.06 0.319048 0.0566667 0.320952 0.06 0.319048 0.0566667 0.320952 0.0566667 0.317143 0.06 0.315238 0.06 0.315238 0.0566667 0.317143 0.06 0.315238 0.0566667 0.317143 0.0566667 0.313333 0.06 0.311429 0.06 0.311429 0.0566667 0.313333 0.06 0.311429 0.0566667 0.313333 0.0566667 0.309524 0.06 0.307619 0.06 0.307619 0.0566667 0.309524 0.06 0.307619 0.0566667 0.309524 0.0566667 0.305714 0.06 0.303809 0.06 0.305714 0.0566667 0.303809 0.06 0.302575 0.06 0.303809 0.0566667 0.252381 0.0980952 0.253571 0.0980952 0.252381 0.0987301 0.257143 0.0980952 0.259524 0.0980952 0.259524 0.1 0.257143 0.0980952 0.259524 0.1 0.257143 0.1 0.261905 0.0980952 0.264286 0.0980952 0.264286 0.1 0.261905 0.0980952 0.264286 0.1 0.261905 0.1 0.266667 0.0980952 0.269048 0.0980952 0.269048 0.1 0.266667 0.0980952 0.269048 0.1 0.266667 0.1 0.271429 0.0980952 0.273809 0.0980952 0.273809 0.1 0.271429 0.0980952 0.273809 0.1 0.271429 0.1 0.27619 0.0980952 0.278571 0.0980952 0.278571 0.1 0.27619 0.0980952 0.278571 0.1 0.27619 0.1 0.280952 0.0980952 0.283333 0.0980952 0.283333 0.1 0.280952 0.0980952 0.283333 0.1 0.280952 0.1 0.285714 0.0980952 0.288095 0.0980952 0.288095 0.1 0.285714 0.0980952 0.288095 0.1 0.285714 0.1 0.290476 0.0980952 0.292857 0.0980952 0.292857 0.1 0.290476 0.0980952 0.292857 0.1 0.290476 0.1 0.295238 0.0980952 0.297619 0.0980952 0.297619 0.1 0.295238 0.0980952 0.297619 0.1 0.295238 0.1 0.295238 0.0695238 0.296825 0.0695238 0.295238 0.0714285 0.295238 0.0714285 0.297619 0.0714285 0.297619 0.0733333 0.295238 0.0714285 0.297619 0.0733333 0.295238 0.0733333 0.295238 0.0733333 0.297619 0.0733333 0.297619 0.0752381 0.295238 0.0733333 0.297619 0.0752381 0.295238 0.0752381 0.295238 0.0752381 0.297619 0.0752381 0.297619 0.0771428 0.295238 0.0752381 0.297619 0.0771428 0.295238 0.0771428 0.295238 0.0771428 0.297619 0.0771428 0.297619 0.0790476 0.295238 0.0771428 0.297619 0.0790476 0.295238 0.0790476 0.295238 0.0790476 0.297619 0.0790476 0.297619 0.0809524 0.295238 0.0790476 0.297619 0.0809524 0.295238 0.0809524 0.295238 0.0809524 0.297619 0.0809524 0.297619 0.0828571 0.295238 0.0809524 0.297619 0.0828571 0.295238 0.0828571 0.295238 0.0828571 0.297619 0.0828571 0.297619 0.0847619 0.295238 0.0828571 0.297619 0.0847619 0.295238 0.0847619 0.295238 0.0847619 0.297619 0.0847619 0.297619 0.0866666 0.295238 0.0847619 0.297619 0.0866666 0.295238 0.0866666 0.295238 0.0866666 0.297619 0.0866666 0.297619 0.0885714 0.295238 0.0866666 0.297619 0.0885714 0.295238 0.0885714 0.295238 0.0885714 0.297619 0.0885714 0.297619 0.0904762 0.295238 0.0885714 0.297619 0.0904762 0.295238 0.0904762 0.295238 0.0904762 0.297619 0.0904762 0.297619 0.0923809 0.295238 0.0904762 0.297619 0.0923809 0.295238 0.0923809 0.295238 0.0923809 0.297619 0.0923809 0.297619 0.0942857 0.295238 0.0923809 0.297619 0.0942857 0.295238 0.0942857 0.295238 0.0942857 0.297619 0.0942857 0.297619 0.0961905 0.295238 0.0942857 0.297619 0.0961905 0.295238 0.0961905 0.295238 0.0961905 0.297619 0.0961905 0.297619 0.0980952 0.295238 0.0961905 0.297619 0.0980952 0.295238 0.0980952 0.292857 0.0714285 0.295238 0.0714285 0.292857 0.0733333 0.290476 0.0733333 0.292857 0.0733333 0.290476 0.0752381 0.290476 0.0752381 0.292857 0.0752381 0.292857 0.0771428 0.290476 0.0752381 0.292857 0.0771428 0.290476 0.0771428 0.290476 0.0771428 0.292857 0.0771428 0.292857 0.0790476 0.290476 0.0771428 0.292857 0.0790476 0.290476 0.0790476 0.290476 0.0790476 0.292857 0.0790476 0.292857 0.0809524 0.290476 0.0790476 0.292857 0.0809524 0.290476 0.0809524 0.290476 0.0809524 0.292857 0.0809524 0.292857 0.0828571 0.290476 0.0809524 0.292857 0.0828571 0.290476 0.0828571 0.290476 0.0828571 0.292857 0.0828571 0.292857 0.0847619 0.290476 0.0828571 0.292857 0.0847619 0.290476 0.0847619 0.290476 0.0847619 0.292857 0.0847619 0.292857 0.0866666 0.290476 0.0847619 0.292857 0.0866666 0.290476 0.0866666 0.290476 0.0866666 0.292857 0.0866666 0.292857 0.0885714 0.290476 0.0866666 0.292857 0.0885714 0.290476 0.0885714 0.290476 0.0885714 0.292857 0.0885714 0.292857 0.0904762 0.290476 0.0885714 0.292857 0.0904762 0.290476 0.0904762 0.290476 0.0904762 0.292857 0.0904762 0.292857 0.0923809 0.290476 0.0904762 0.292857 0.0923809 0.290476 0.0923809 0.290476 0.0923809 0.292857 0.0923809 0.292857 0.0942857 0.290476 0.0923809 0.292857 0.0942857 0.290476 0.0942857 0.290476 0.0942857 0.292857 0.0942857 0.292857 0.0961905 0.290476 0.0942857 0.292857 0.0961905 0.290476 0.0961905 0.290476 0.0961905 0.292857 0.0961905 0.292857 0.0980952 0.290476 0.0961905 0.292857 0.0980952 0.290476 0.0980952 0.288095 0.0752381 0.290476 0.0752381 0.288095 0.0771428 0.285714 0.0771428 0.288095 0.0771428 0.285714 0.0790476 0.285714 0.0790476 0.288095 0.0790476 0.288095 0.0809524 0.285714 0.0790476 0.288095 0.0809524 0.285714 0.0809524 0.285714 0.0809524 0.288095 0.0809524 0.288095 0.0828571 0.285714 0.0809524 0.288095 0.0828571 0.285714 0.0828571 0.285714 0.0828571 0.288095 0.0828571 0.288095 0.0847619 0.285714 0.0828571 0.288095 0.0847619 0.285714 0.0847619 0.285714 0.0847619 0.288095 0.0847619 0.288095 0.0866666 0.285714 0.0847619 0.288095 0.0866666 0.285714 0.0866666 0.285714 0.0866666 0.288095 0.0866666 0.288095 0.0885714 0.285714 0.0866666 0.288095 0.0885714 0.285714 0.0885714 0.285714 0.0885714 0.288095 0.0885714 0.288095 0.0904762 0.285714 0.0885714 0.288095 0.0904762 0.285714 0.0904762 0.285714 0.0904762 0.288095 0.0904762 0.288095 0.0923809 0.285714 0.0904762 0.288095 0.0923809 0.285714 0.0923809 0.285714 0.0923809 0.288095 0.0923809 0.288095 0.0942857 0.285714 0.0923809 0.288095 0.0942857 0.285714 0.0942857 0.285714 0.0942857 0.288095 0.0942857 0.288095 0.0961905 0.285714 0.0942857 0.288095 0.0961905 0.285714 0.0961905 0.285714 0.0961905 0.288095 0.0961905 0.288095 0.0980952 0.285714 0.0961905 0.288095 0.0980952 0.285714 0.0980952 0.283333 0.0790476 0.285714 0.0790476 0.283333 0.0809524 0.280952 0.0809524 0.283333 0.0809524 0.280952 0.0828571 0.280952 0.0828571 0.283333 0.0828571 0.283333 0.0847619 0.280952 0.0828571 0.283333 0.0847619 0.280952 0.0847619 0.280952 0.0847619 0.283333 0.0847619 0.283333 0.0866666 0.280952 0.0847619 0.283333 0.0866666 0.280952 0.0866666 0.280952 0.0866666 0.283333 0.0866666 0.283333 0.0885714 0.280952 0.0866666 0.283333 0.0885714 0.280952 0.0885714 0.280952 0.0885714 0.283333 0.0885714 0.283333 0.0904762 0.280952 0.0885714 0.283333 0.0904762 0.280952 0.0904762 0.280952 0.0904762 0.283333 0.0904762 0.283333 0.0923809 0.280952 0.0904762 0.283333 0.0923809 0.280952 0.0923809 0.280952 0.0923809 0.283333 0.0923809 0.283333 0.0942857 0.280952 0.0923809 0.283333 0.0942857 0.280952 0.0942857 0.280952 0.0942857 0.283333 0.0942857 0.283333 0.0961905 0.280952 0.0942857 0.283333 0.0961905 0.280952 0.0961905 0.280952 0.0961905 0.283333 0.0961905 0.283333 0.0980952 0.280952 0.0961905 0.283333 0.0980952 0.280952 0.0980952 0.278571 0.0828571 0.280952 0.0828571 0.278571 0.0847619 0.27619 0.0847619 0.278571 0.0847619 0.27619 0.0860317 0.27619 0.0866666 0.278571 0.0866666 0.278571 0.0885714 0.27619 0.0866666 0.278571 0.0885714 0.27619 0.0885714 0.27619 0.0885714 0.278571 0.0885714 0.278571 0.0904762 0.27619 0.0885714 0.278571 0.0904762 0.27619 0.0904762 0.27619 0.0904762 0.278571 0.0904762 0.278571 0.0923809 0.27619 0.0904762 0.278571 0.0923809 0.27619 0.0923809 0.27619 0.0923809 0.278571 0.0923809 0.278571 0.0942857 0.27619 0.0923809 0.278571 0.0942857 0.27619 0.0942857 0.27619 0.0942857 0.278571 0.0942857 0.278571 0.0961905 0.27619 0.0942857 0.278571 0.0961905 0.27619 0.0961905 0.27619 0.0961905 0.278571 0.0961905 0.278571 0.0980952 0.27619 0.0961905 0.278571 0.0980952 0.27619 0.0980952 0.27381 0.0866666 0.275 0.0866666 0.27381 0.0873016 0.271428 0.0885714 0.27381 0.0885714 0.27381 0.0904762 0.271428 0.0885714 0.27381 0.0904762 0.271428 0.0904762 0.271428 0.0904762 0.27381 0.0904762 0.27381 0.0923809 0.271428 0.0904762 0.27381 0.0923809 0.271429 0.0923809 0.271429 0.0923809 0.27381 0.0923809 0.273809 0.0942857 0.271429 0.0923809 0.273809 0.0942857 0.271429 0.0942857 0.271429 0.0942857 0.273809 0.0942857 0.273809 0.0961905 0.271429 0.0942857 0.273809 0.0961905 0.271429 0.0961905 0.271429 0.0961905 0.273809 0.0961905 0.273809 0.0980952 0.271429 0.0961905 0.273809 0.0980952 0.271429 0.0980952 0.269048 0.0885714 0.271428 0.0885714 0.269048 0.0898413 0.266667 0.0904762 0.267857 0.0904762 0.266667 0.0911111 0.266667 0.0923809 0.269048 0.0923809 0.269048 0.0942857 0.266667 0.0923809 0.269048 0.0942857 0.266667 0.0942857 0.266667 0.0942857 0.269048 0.0942857 0.269048 0.0961905 0.266667 0.0942857 0.269048 0.0961905 0.266667 0.0961905 0.266667 0.0961905 0.269048 0.0961905 0.269048 0.0980952 0.266667 0.0961905 0.269048 0.0980952 0.266667 0.0980952 0.261905 0.0923809 0.264286 0.0923809 0.261905 0.0936508 0.261905 0.0942857 0.264286 0.0942857 0.264286 0.0961905 0.261905 0.0942857 0.264286 0.0961905 0.261905 0.0961905 0.261905 0.0961905 0.264286 0.0961905 0.264286 0.0980952 0.261905 0.0961905 0.264286 0.0980952 0.261905 0.0980952 0.259524 0.0942857 0.260714 0.0942857 0.259524 0.0949206 0.257143 0.0961905 0.259524 0.0961905 0.259524 0.0980952 0.257143 0.0961905 0.259524 0.0980952 0.257143 0.0980952 0.254762 0.0961905 0.257143 0.0961905 0.254762 0.0974603 0.33619 0.0638095 0.337092 0.0638095 0.33619 0.064405 0.334286 0.06 0.33619 0.06 0.33619 0.0619048 0.334286 0.06 0.33619 0.0619048 0.334286 0.0619047 0.334286 0.0619047 0.33619 0.0619048 0.33619 0.0625296 0.334286 0.0619047 0.33619 0.0625296 0.334286 0.0638095 0.334286 0.0638095 0.33619 0.0638095 0.33619 0.064405 0.334286 0.0638095 0.33619 0.064405 0.334286 0.0656697 0.332381 0.0657143 0.334219 0.0657143 0.332381 0.0669444 0.330476 0.06 0.332381 0.06 0.332381 0.0619048 0.330476 0.06 0.332381 0.0619048 0.330476 0.0619047 0.330476 0.0619047 0.332381 0.0619048 0.332381 0.0638095 0.330476 0.0619047 0.332381 0.0638095 0.330476 0.0638095 0.330476 0.0657142 0.330476 0.0638095 0.332381 0.0638095 0.332381 0.0638095 0.332381 0.0650694 0.331412 0.0657143 0.332381 0.0638095 0.331412 0.0657143 0.330476 0.0657142 0.330476 0.0657142 0.331412 0.0657143 0.330476 0.0663393 0.330476 0.067619 0.331379 0.067619 0.330476 0.068229 0.328571 0.067619 0.330476 0.067619 0.330476 0.068229 0.328571 0.067619 0.330476 0.068229 0.328571 0.0695238 0.326667 0.06 0.328571 0.06 0.328571 0.0619047 0.326667 0.06 0.328571 0.0619047 0.326667 0.0619047 0.326667 0.0619047 0.328571 0.0619047 0.328571 0.0638095 0.326667 0.0619047 0.328571 0.0638095 0.326667 0.0638095 0.326667 0.0638095 0.328571 0.0638095 0.328571 0.0657142 0.326667 0.0638095 0.328571 0.0657142 0.326667 0.0657142 0.326667 0.0657142 0.328571 0.0657142 0.328571 0.067619 0.326667 0.0657142 0.328571 0.067619 0.326667 0.067619 0.326667 0.067619 0.328571 0.067619 0.326667 0.0688791 0.326667 0.0695238 0.328571 0.0695238 0.326667 0.0707839 0.324762 0.0714285 0.325698 0.0714285 0.324762 0.0720537 0.322857 0.06 0.324762 0.06 0.324762 0.0619047 0.322857 0.06 0.324762 0.0619047 0.322857 0.0619047 0.322857 0.0619047 0.324762 0.0619047 0.324762 0.0638095 0.322857 0.0619047 0.324762 0.0638095 0.322857 0.0638095 0.322857 0.0638095 0.324762 0.0638095 0.324762 0.0657142 0.322857 0.0638095 0.324762 0.0657142 0.322857 0.0657142 0.322857 0.0657142 0.324762 0.0657142 0.324762 0.067619 0.322857 0.0657142 0.324762 0.067619 0.322857 0.067619 0.322857 0.067619 0.324762 0.067619 0.324762 0.0695238 0.322857 0.067619 0.324762 0.0695238 0.322857 0.0695238 0.322857 0.0695238 0.324762 0.0695238 0.324762 0.0701489 0.322857 0.0695238 0.324762 0.0701489 0.322857 0.0714285 0.322857 0.0714285 0.324762 0.0714285 0.324762 0.0720537 0.322857 0.0714285 0.324762 0.0720537 0.322857 0.0733333 0.320952 0.0733333 0.322857 0.0733333 0.320952 0.0751548 0.319048 0.06 0.320952 0.06 0.320952 0.0619047 0.319048 0.06 0.320952 0.0619047 0.319048 0.0619047 0.319048 0.0619047 0.320952 0.0619047 0.320952 0.0638095 0.319048 0.0619047 0.320952 0.0638095 0.319048 0.0638095 0.319048 0.0638095 0.320952 0.0638095 0.320952 0.0657142 0.319048 0.0638095 0.320952 0.0657142 0.319048 0.0657143 0.319048 0.0657143 0.320952 0.0657142 0.320952 0.067619 0.319048 0.0657143 0.320952 0.067619 0.319048 0.067619 0.319048 0.067619 0.320952 0.067619 0.320952 0.0695238 0.319048 0.067619 0.320952 0.0695238 0.319048 0.0695238 0.319048 0.0695238 0.320952 0.0695238 0.320952 0.0714285 0.319048 0.0695238 0.320952 0.0714285 0.319048 0.0714285 0.319048 0.0714285 0.320952 0.0714285 0.320952 0.0733333 0.319048 0.0714285 0.320952 0.0733333 0.319048 0.0733333 0.319048 0.0733333 0.320952 0.0733333 0.319048 0.0752381 0.319048 0.0752381 0.320866 0.0752381 0.319048 0.0769963 0.317143 0.0771428 0.318897 0.0771428 0.317143 0.0788581 0.315238 0.06 0.317143 0.06 0.317143 0.0619047 0.315238 0.06 0.317143 0.0619047 0.315238 0.0619047 0.315238 0.0619047 0.317143 0.0619047 0.317143 0.0638095 0.315238 0.0619047 0.317143 0.0638095 0.315238 0.0638095 0.315238 0.0638095 0.317143 0.0638095 0.317143 0.0657142 0.315238 0.0638095 0.317143 0.0657142 0.315238 0.0657143 0.315238 0.0657143 0.317143 0.0657142 0.317143 0.067619 0.315238 0.0657143 0.317143 0.067619 0.315238 0.067619 0.315238 0.067619 0.317143 0.067619 0.317143 0.0695238 0.315238 0.067619 0.317143 0.0695238 0.315238 0.0695238 0.315238 0.0695238 0.317143 0.0695238 0.317143 0.0714285 0.315238 0.0695238 0.317143 0.0714285 0.315238 0.0714285 0.315238 0.0714285 0.317143 0.0714285 0.317143 0.0733333 0.315238 0.0714285 0.317143 0.0733333 0.315238 0.0733333 0.315238 0.0733333 0.317143 0.0733333 0.317143 0.0752381 0.315238 0.0733333 0.317143 0.0752381 0.315238 0.0752381 0.315238 0.0752381 0.317143 0.0752381 0.317143 0.0771428 0.315238 0.0752381 0.317143 0.0771428 0.315238 0.0771428 0.315238 0.0771428 0.317143 0.0771428 0.315238 0.0790476 0.315238 0.0790476 0.31695 0.0790476 0.315238 0.0807406 0.313333 0.0809524 0.315025 0.0809524 0.313333 0.0826442 0.311429 0.06 0.313333 0.06 0.313333 0.0619047 0.311429 0.06 0.313333 0.0619047 0.311429 0.0619048 0.311429 0.0619048 0.313333 0.0619047 0.313333 0.0638095 0.311429 0.0619048 0.313333 0.0638095 0.311429 0.0638095 0.311429 0.0638095 0.313333 0.0638095 0.313333 0.0657142 0.311429 0.0638095 0.313333 0.0657142 0.311429 0.0657143 0.311429 0.0657143 0.313333 0.0657142 0.313333 0.067619 0.311429 0.0657143 0.313333 0.067619 0.311429 0.067619 0.311429 0.067619 0.313333 0.067619 0.313333 0.0695238 0.311429 0.067619 0.313333 0.0695238 0.311429 0.0695238 0.311429 0.0695238 0.313333 0.0695238 0.313333 0.0714285 0.311429 0.0695238 0.313333 0.0714285 0.311429 0.0714286 0.311429 0.0714286 0.313333 0.0714285 0.313333 0.0733333 0.311429 0.0714286 0.313333 0.0733333 0.311429 0.0733333 0.311429 0.0733333 0.313333 0.0733333 0.313333 0.0752381 0.311429 0.0733333 0.313333 0.0752381 0.311429 0.0752381 0.311429 0.0752381 0.313333 0.0752381 0.313333 0.0771428 0.311429 0.0752381 0.313333 0.0771428 0.311429 0.0771428 0.311429 0.0771428 0.313333 0.0771428 0.313333 0.0790476 0.311429 0.0771428 0.313333 0.0790476 0.311429 0.0790476 0.311429 0.0790476 0.313333 0.0790476 0.313333 0.0809524 0.311429 0.0790476 0.313333 0.0809524 0.311429 0.0809524 0.311429 0.0809524 0.313333 0.0809524 0.311429 0.0828571 0.311429 0.0828571 0.313122 0.0828571 0.311429 0.0845692 0.309524 0.0847619 0.311239 0.0847619 0.309524 0.0865159 0.307619 0.06 0.309524 0.06 0.309524 0.0619047 0.307619 0.06 0.309524 0.0619047 0.307619 0.0619048 0.307619 0.0619048 0.309524 0.0619047 0.309524 0.0638095 0.307619 0.0619048 0.309524 0.0638095 0.307619 0.0638095 0.307619 0.0638095 0.309524 0.0638095 0.309524 0.0657143 0.307619 0.0638095 0.309524 0.0657143 0.307619 0.0657143 0.307619 0.0657143 0.309524 0.0657143 0.309524 0.067619 0.307619 0.0657143 0.309524 0.067619 0.307619 0.0676191 0.307619 0.0676191 0.309524 0.067619 0.309524 0.0695238 0.307619 0.0676191 0.309524 0.0695238 0.307619 0.0695238 0.307619 0.0695238 0.309524 0.0695238 0.309524 0.0714285 0.307619 0.0695238 0.309524 0.0714285 0.307619 0.0714286 0.307619 0.0714286 0.309524 0.0714285 0.309524 0.0733333 0.307619 0.0714286 0.309524 0.0733333 0.307619 0.0733333 0.307619 0.0733333 0.309524 0.0733333 0.309524 0.0752381 0.307619 0.0733333 0.309524 0.0752381 0.307619 0.0752381 0.307619 0.0752381 0.309524 0.0752381 0.309524 0.0771428 0.307619 0.0752381 0.309524 0.0771428 0.307619 0.0771428 0.307619 0.0771428 0.309524 0.0771428 0.309524 0.0790476 0.307619 0.0771428 0.309524 0.0790476 0.307619 0.0790476 0.307619 0.0790476 0.309524 0.0790476 0.309524 0.0809524 0.307619 0.0790476 0.309524 0.0809524 0.307619 0.0809523 0.307619 0.0809523 0.309524 0.0809524 0.309524 0.0828571 0.307619 0.0809523 0.309524 0.0828571 0.307619 0.0828571 0.307619 0.0828571 0.309524 0.0828571 0.309524 0.0847619 0.307619 0.0828571 0.309524 0.0847619 0.307619 0.0847619 0.307619 0.0847619 0.309524 0.0847619 0.307619 0.0866666 0.307619 0.0866666 0.309377 0.0866666 0.307619 0.0884848 0.305714 0.0885714 0.307536 0.0885714 0.305714 0.0904762 0.303809 0.06 0.305714 0.06 0.305714 0.0619047 0.303809 0.06 0.305714 0.0619047 0.303809 0.0619047 0.303809 0.0619047 0.305714 0.0619047 0.305714 0.0638095 0.303809 0.0619047 0.305714 0.0638095 0.303809 0.0638095 0.303809 0.0638095 0.305714 0.0638095 0.305714 0.0657143 0.303809 0.0638095 0.305714 0.0657143 0.303809 0.0657142 0.303809 0.0657142 0.305714 0.0657143 0.305714 0.067619 0.303809 0.0657142 0.305714 0.067619 0.30381 0.067619 0.30381 0.067619 0.305714 0.067619 0.305714 0.0695238 0.30381 0.067619 0.305714 0.0695238 0.303809 0.0695238 0.303809 0.0695238 0.305714 0.0695238 0.305714 0.0714285 0.303809 0.0695238 0.305714 0.0714285 0.30381 0.0714285 0.30381 0.0714285 0.305714 0.0714285 0.305714 0.0733333 0.30381 0.0714285 0.305714 0.0733333 0.303809 0.0733333 0.303809 0.0733333 0.305714 0.0733333 0.305714 0.0752381 0.303809 0.0733333 0.305714 0.0752381 0.30381 0.0752381 0.30381 0.0752381 0.305714 0.0752381 0.305714 0.0771428 0.30381 0.0752381 0.305714 0.0771428 0.303809 0.0771428 0.303809 0.0771428 0.305714 0.0771428 0.305714 0.0790476 0.303809 0.0771428 0.305714 0.0790476 0.30381 0.0790476 0.30381 0.0790476 0.305714 0.0790476 0.305714 0.0809524 0.30381 0.0790476 0.305714 0.0809524 0.303809 0.0809523 0.303809 0.0809523 0.305714 0.0809524 0.305714 0.0828571 0.303809 0.0809523 0.305714 0.0828571 0.30381 0.0828571 0.30381 0.0828571 0.305714 0.0828571 0.305714 0.0847619 0.30381 0.0828571 0.305714 0.0847619 0.303809 0.0847619 0.303809 0.0847619 0.305714 0.0847619 0.305714 0.0866666 0.303809 0.0847619 0.305714 0.0866666 0.30381 0.0866666 0.30381 0.0866666 0.305714 0.0866666 0.305714 0.0885714 0.30381 0.0866666 0.305714 0.0885714 0.30381 0.0885714 0.30381 0.0885714 0.305714 0.0885714 0.304757 0.0904762 0.30381 0.0885714 0.304757 0.0904762 0.303809 0.0904762 0.303809 0.0904762 0.304757 0.0904762 0.303809 0.0923809 0.303809 0.0923809 0.30481 0.0923809 0.303915 0.0942857 0.303809 0.0923809 0.303915 0.0942857 0.30381 0.0942857 0.30381 0.0942857 0.303915 0.0942857 0.30381 0.0945112 0.301905 0.0619047 0.302525 0.0619047 0.301905 0.0628319 0.301905 0.0961905 0.30303 0.0961905 0.302154 0.0980952 0.301905 0.0961905 0.302154 0.0980952 0.301905 0.0980952 0.3 0.0638095 0.301255 0.0638095 0.3 0.0657142 0.3 0.0657142 0.301905 0.0657143 0.301905 0.067619 0.3 0.0657142 0.301905 0.067619 0.3 0.067619 0.3 0.067619 0.301905 0.067619 0.301905 0.0695238 0.3 0.067619 0.301905 0.0695238 0.3 0.0695238 0.3 0.0695238 0.301905 0.0695238 0.301905 0.0714285 0.3 0.0695238 0.301905 0.0714285 0.3 0.0714285 0.3 0.0714285 0.301905 0.0714285 0.301905 0.0733333 0.3 0.0714285 0.301905 0.0733333 0.3 0.0733333 0.3 0.0733333 0.301905 0.0733333 0.301905 0.0752381 0.3 0.0733333 0.301905 0.0752381 0.3 0.0752381 0.3 0.0752381 0.301905 0.0752381 0.301905 0.0771428 0.3 0.0752381 0.301905 0.0771428 0.3 0.0771428 0.3 0.0771428 0.301905 0.0771428 0.301905 0.0790476 0.3 0.0771428 0.301905 0.0790476 0.3 0.0790476 0.3 0.0790476 0.301905 0.0790476 0.301905 0.0809524 0.3 0.0790476 0.301905 0.0809524 0.3 0.0809523 0.3 0.0809523 0.301905 0.0809524 0.301905 0.0828571 0.3 0.0809523 0.301905 0.0828571 0.3 0.0828571 0.3 0.0828571 0.301905 0.0828571 0.301905 0.0847619 0.3 0.0828571 0.301905 0.0847619 0.3 0.0847619 0.3 0.0847619 0.301905 0.0847619 0.301905 0.0866666 0.3 0.0847619 0.301905 0.0866666 0.3 0.0866666 0.3 0.0866666 0.301905 0.0866666 0.301905 0.0885714 0.3 0.0866666 0.301905 0.0885714 0.3 0.0885714 0.3 0.0885714 0.301905 0.0885714 0.301905 0.0904762 0.3 0.0885714 0.301905 0.0904762 0.3 0.0904762 0.3 0.0904762 0.301905 0.0904762 0.301905 0.0923809 0.3 0.0904762 0.301905 0.0923809 0.3 0.0923809 0.3 0.0923809 0.301905 0.0923809 0.301905 0.0942857 0.3 0.0923809 0.301905 0.0942857 0.3 0.0942857 0.3 0.0942857 0.301905 0.0942857 0.301905 0.0961905 0.3 0.0942857 0.301905 0.0961905 0.3 0.0961905 0.3 0.0961905 0.301905 0.0961905 0.300947 0.0980952 0.3 0.0961905 0.300947 0.0980952 0.3 0.0980952 0.338095 0.06 0.34 0.06 0.338095 0.0612598 0.338095 0.0619047 0.34 0.0619047 0.338095 0.06315 0.297619 0.067619 0.298413 0.067619 0.297619 0.0685714 0.301287 0.1 0.3 0.1 0.300947 0.0980952 0.300947 0.0980952 0.301905 0.0980952 0.301905 0.0986401 0.300947 0.0980952 0.301905 0.0986401 0.301287 0.1 0.305714 0.0885714 0.307619 0.0866666 0.307619 0.0884848 0.305714 0.0885714 0.307619 0.0884848 0.307536 0.0885714 0.315238 0.0790476 0.317143 0.0771428 0.317143 0.0788581 0.315238 0.0790476 0.317143 0.0788581 0.31695 0.0790476 0.328571 0.067619 0.330476 0.0663393 0.330476 0.067619 0.300947 0.0980952 0.301905 0.0961905 0.301905 0.0980952 0.304757 0.0904762 0.305714 0.0885714 0.305714 0.0904762 0.326667 0.0688791 0.328571 0.067619 0.328571 0.0695238 0.326667 0.0688791 0.328571 0.0695238 0.326667 0.0695238 0.303809 0.0923809 0.304757 0.0904762 0.305714 0.0904762 0.303809 0.0923809 0.305714 0.0904762 0.30481 0.0923809 0.302852 0.0942857 0.303809 0.0923809 0.30381 0.0942857 0.325698 0.0695238 0.326667 0.0688791 0.326667 0.0695238 0.324762 0.0714285 0.324762 0.0701489 0.325698 0.0695238 0.325698 0.0695238 0.326667 0.0695238 0.326667 0.0707839 0.326667 0.0707839 0.325698 0.0714285 0.324762 0.0714285 0.325698 0.0695238 0.326667 0.0707839 0.324762 0.0714285 0.338095 0.0612598 0.34 0.06 0.34 0.0619047 0.338095 0.0612598 0.34 0.0619047 0.338095 0.0619047 0.313333 0.0809524 0.315238 0.0790476 0.315238 0.0807406 0.313333 0.0809524 0.315238 0.0807406 0.315025 0.0809524 0.322857 0.0714285 0.324762 0.0701489 0.324762 0.0714285 0.337126 0.0619047 0.338095 0.0612598 0.338095 0.0619047 0.33619 0.0638095 0.33619 0.0625296 0.337126 0.0619047 0.337126 0.0619047 0.338095 0.0619047 0.338095 0.06315 0.338095 0.06315 0.337092 0.0638095 0.33619 0.0638095 0.337126 0.0619047 0.338095 0.06315 0.33619 0.0638095 0.320952 0.0733333 0.322857 0.0714285 0.322857 0.0733333 0.307619 0.0866666 0.309524 0.0847619 0.309524 0.0865159 0.307619 0.0866666 0.309524 0.0865159 0.309377 0.0866666 0.334286 0.0638095 0.33619 0.0625296 0.33619 0.0638095 0.309524 0.0847619 0.311429 0.0828571 0.311429 0.0845692 0.309524 0.0847619 0.311429 0.0845692 0.311239 0.0847619 0.319048 0.0752381 0.320952 0.0733333 0.320952 0.0751548 0.319048 0.0752381 0.320952 0.0751548 0.320866 0.0752381 0.332381 0.0657143 0.332381 0.0650694 0.334286 0.0638095 0.334286 0.0638095 0.334286 0.0656697 0.334219 0.0657143 0.334286 0.0638095 0.334219 0.0657143 0.332381 0.0657143 0.30303 0.0961905 0.301905 0.0961905 0.302852 0.0942857 0.302852 0.0942857 0.30381 0.0942857 0.30381 0.0945112 0.302852 0.0942857 0.30381 0.0945112 0.30303 0.0961905 0.311429 0.0828571 0.313333 0.0809524 0.313333 0.0826442 0.311429 0.0828571 0.313333 0.0826442 0.313122 0.0828571 0.317143 0.0771428 0.319048 0.0752381 0.319048 0.0769963 0.317143 0.0771428 0.319048 0.0769963 0.318897 0.0771428 0.331412 0.0657143 0.332381 0.0650694 0.332381 0.0657143 0.330476 0.067619 0.330476 0.0663393 0.331412 0.0657143 0.331412 0.0657143 0.332381 0.0657143 0.332381 0.0669444 0.332381 0.0669444 0.331379 0.067619 0.330476 0.067619 0.331412 0.0657143 0.332381 0.0669444 0.330476 0.067619 0.290476 0.0752381 0.292857 0.0733333 0.292857 0.0752381 0.27619 0.0860317 0.278571 0.0847619 0.278571 0.0866666 0.27619 0.0860317 0.278571 0.0866666 0.27619 0.0866666 0.257143 0.0961905 0.259524 0.0949206 0.259524 0.0961905 0.252381 0.1 0.252381 0.0987301 0.253571 0.0980952 0.253571 0.0980952 0.254762 0.0980952 0.254762 0.1 0.253571 0.0980952 0.254762 0.1 0.252381 0.1 0.271428 0.0885714 0.27381 0.0873016 0.27381 0.0885714 0.253571 0.0980952 0.254762 0.0974603 0.254762 0.0980952 0.305714 0.0566667 0.303809 0.06 0.303809 0.0566667 0.301255 0.0638095 0.301905 0.0628319 0.301905 0.0638095 0.285714 0.0790476 0.288095 0.0771428 0.288095 0.0790476 0.3 0.0657142 0.301255 0.0638095 0.301905 0.0638095 0.3 0.0657142 0.301905 0.0638095 0.301905 0.0657143 0.267857 0.0904762 0.269048 0.0898413 0.269048 0.0904762 0.296825 0.0695238 0.297619 0.0685714 0.297619 0.0695238 0.266667 0.0923809 0.266667 0.0911111 0.267857 0.0904762 0.267857 0.0904762 0.269048 0.0904762 0.269048 0.0923809 0.267857 0.0904762 0.269048 0.0923809 0.266667 0.0923809 0.307619 0.0533333 0.305714 0.0566667 0.305714 0.053515 0.307619 0.0533333 0.305714 0.053515 0.305714 0.0533333 0.295238 0.0714285 0.296825 0.0695238 0.297619 0.0695238 0.295238 0.0714285 0.297619 0.0695238 0.297619 0.0714285 0.280952 0.0828571 0.283333 0.0809524 0.283333 0.0828571 0.261905 0.0936508 0.264286 0.0923809 0.264286 0.0942857 0.261905 0.0936508 0.264286 0.0942857 0.261905 0.0942857 0.25 0.1 0.252381 0.0987301 0.252381 0.1 0.261905 0.0923809 0.264286 0.0911111 0.264286 0.0923809 0.278571 0.0828571 0.280952 0.0809524 0.280952 0.0828571 0.290476 0.0733333 0.292857 0.0714285 0.292857 0.0733333 0.258333 0.0942857 0.259524 0.0936508 0.259524 0.0942857 0.257143 0.0961905 0.257143 0.0949206 0.258333 0.0942857 0.258333 0.0942857 0.259524 0.0942857 0.259524 0.0949206 0.258333 0.0942857 0.259524 0.0949206 0.257143 0.0961905 0.27381 0.0866666 0.27381 0.0860317 0.27619 0.0847619 0.27619 0.0847619 0.27619 0.0860317 0.275 0.0866666 0.27619 0.0847619 0.275 0.0866666 0.27381 0.0866666 0.25 0.1 0.25 0.0991865 0.251734 0.0980952 0.251734 0.0980952 0.252381 0.0980952 0.252381 0.0987301 0.251734 0.0980952 0.252381 0.0987301 0.25 0.1 0.252381 0.0980952 0.252381 0.0976886 0.254762 0.0961905 0.254762 0.0961905 0.254762 0.0974603 0.253571 0.0980952 0.254762 0.0961905 0.253571 0.0980952 0.252381 0.0980952 0.301201 0.0619047 0.301905 0.0607992 0.301905 0.0619047 0.269048 0.0885714 0.271428 0.0873016 0.271428 0.0885714 0.285714 0.0771428 0.288095 0.0752381 0.288095 0.0771428 0.301255 0.0638095 0.3 0.0638095 0.301201 0.0619047 0.301201 0.0619047 0.301905 0.0619047 0.301905 0.0628319 0.301201 0.0619047 0.301905 0.0628319 0.301255 0.0638095 0.265476 0.0904762 0.266667 0.0898413 0.266667 0.0904762 0.264286 0.0923809 0.264286 0.0911111 0.265476 0.0904762 0.265476 0.0904762 0.266667 0.0904762 0.266667 0.0911111 0.265476 0.0904762 0.266667 0.0911111 0.264286 0.0923809 0.280952 0.0809524 0.283333 0.0790476 0.283333 0.0809524 0.292857 0.0714285 0.295238 0.0695238 0.295238 0.0714285 0.259524 0.0942857 0.259524 0.0936508 0.261905 0.0923809 0.261905 0.0923809 0.261905 0.0936508 0.260714 0.0942857 0.261905 0.0923809 0.260714 0.0942857 0.259524 0.0942857 0.27619 0.0847619 0.278571 0.0828571 0.278571 0.0847619 0.298478 0.0657142 0.3 0.0638095 0.3 0.0657142 0.297619 0.067619 0.297619 0.0667892 0.298478 0.0657142 0.298478 0.0657142 0.3 0.0657142 0.298413 0.067619 0.298478 0.0657142 0.298413 0.067619 0.297619 0.067619 0.254762 0.0961905 0.257143 0.0949206 0.257143 0.0961905 0.272619 0.0866666 0.27381 0.0860317 0.27381 0.0866666 0.288095 0.0752381 0.290476 0.0733333 0.290476 0.0752381 0.301905 0.0619047 0.301905 0.0607992 0.302575 0.06 0.302575 0.06 0.303809 0.06 0.302525 0.0619047 0.302575 0.06 0.302525 0.0619047 0.301905 0.0619047 0.271428 0.0885714 0.271428 0.0873016 0.272619 0.0866666 0.272619 0.0866666 0.27381 0.0866666 0.27381 0.0873016 0.272619 0.0866666 0.27381 0.0873016 0.271428 0.0885714 0.251734 0.0980952 0.252381 0.0976886 0.252381 0.0980952 0.266667 0.0904762 0.266667 0.0898413 0.269048 0.0885714 0.269048 0.0885714 0.269048 0.0898413 0.267857 0.0904762 0.269048 0.0885714 0.267857 0.0904762 0.266667 0.0904762 0.283333 0.0790476 0.285714 0.0771428 0.285714 0.0790476 0.296897 0.067619 0.297619 0.0667892 0.297619 0.067619 0.296825 0.0695238 0.295238 0.0695238 0.296897 0.067619 0.296897 0.067619 0.297619 0.067619 0.297619 0.0685714 0.296897 0.067619 0.297619 0.0685714 0.296825 0.0695238 1 0.185397 1 0.182963 1 0.182946 1 0.185397 1 0.182946 1 0.185383 1 0.178074 1 0.178095 1 0.175 1 0.18783 1 0.185397 1 0.185383 1 0.18783 1 0.185383 1 0.187819 1 0.190264 1 0.18783 1 0.187819 1 0.190264 1 0.187819 1 0.190255 1 0.192698 1 0.190264 1 0.190255 1 0.192698 1 0.190255 1 0.192691 1 0.195132 1 0.192698 1 0.192691 1 0.195132 1 0.192691 1 0.195128 1 0.197566 1 0.195132 1 0.195128 1 0.197566 1 0.195128 1 0.197564 1 0.180529 1 0.178095 1 0.178074 1 0.180529 1 0.178074 1 0.18051 0.45 1 0.45 1 0.446667 1 0.45 1 0.446667 1 0.446667 1 0.45 1 0.45 1 0.446667 1 0.45 1 0.446667 1 0.446667 1 0.45 1 0.45 1 0.446667 1 0.45 1 0.446667 1 0.446667 1 0.45 1 0.45 1 0.446667 1 0.45 1 0.446667 1 0.446667 1 0.45 1 0.45 1 0.446667 1 0.45 1 0.446667 1 0.446667 1 0.45 1 0.45 1 0.446667 1 0.45 1 0.446667 1 0.446667 1 0.45 1 0.45 1 0.446667 1 0.45 1 0.446667 1 0.446667 1 0.453333 1 0.453333 1 0.45 1 0.453333 1 0.45 1 0.45 1 0.453333 1 0.453333 1 0.45 1 0.453333 1 0.45 1 0.45 1 0.453333 1 0.453333 1 0.45 1 0.453333 1 0.45 1 0.45 1 0.453333 1 0.453333 1 0.45 1 0.453333 1 0.45 1 0.45 1 0.453333 1 0.453333 1 0.45 1 0.453333 1 0.45 1 0.45 1 0.453333 1 0.453333 1 0.45 1 0.453333 1 0.45 1 0.45 1 0.453333 1 0.453333 1 0.45 1 0.453333 1 0.45 1 0.45 1 0.453333 1 0.456667 1 0.456667 1 0.453333 1 0.456667 1 0.453333 1 0.46 1 0.475 1 0.475 1 0.46 1 0.475 1 0.46 1 0.456667 1 0.46 1 0.46 1 0.456667 1 0.46 1 0.456667 1 0.475 1 0.49875 1 0.49875 1 0.475 1 0.49875 1 0.475 1 0.4 1 0.44 1 0.44 1 0.4 1 0.44 1 0.4 1 0.44 1 0.443333 1 0.443333 1 0.44 1 0.443333 1 0.44 1 0.443333 1 0.446667 1 0.446667 1 0.443333 1 0.446667 1 0.443333 1 1 0.182963 1 0.180529 1 0.18051 1 0.182963 1 0.18051 1 0.182946 1 0.225 1 0.222222 1 0.222222 1 0.225 1 0.222222 1 0.225 1 0.222222 1 0.219444 1 0.219444 1 0.222222 1 0.219444 1 0.222222 1 0.219444 1 0.216667 1 0.216667 1 0.219444 1 0.216667 1 0.219444 1 0.216667 1 0.213889 1 0.213889 1 0.216667 1 0.213889 1 0.216667 1 0.213889 1 0.211111 1 0.211111 1 0.213889 1 0.211111 1 0.213889 1 0.211111 1 0.208333 1 0.208333 1 0.211111 1 0.208333 1 0.211111 1 0.208333 1 0.205556 1 0.205556 1 0.208333 1 0.205556 1 0.208333 1 0.205556 1 0.202778 1 0.202778 1 0.205556 1 0.202778 1 0.205556 1 0.225 1 0.227503 1 0.2275 1 0.225 1 0.2275 1 0.225 1 0.24 1 0.240021 1 0.246158 1 0.227503 1 0.230007 1 0.23 1 0.227503 1 0.23 1 0.2275 1 0.230007 1 0.23251 1 0.2325 1 0.230007 1 0.2325 1 0.23 1 0.23251 1 0.235014 1 0.235 1 0.23251 1 0.235 1 0.2325 1 0.235014 1 0.237517 1 0.2375 1 0.235014 1 0.2375 1 0.235 1 0.246158 1 0.246177 1 0.24 1 0.253822 1 0.253881 1 0.246177 1 0.253822 1 0.246177 1 0.246158 1 0.260028 1 0.26 1 0.253822 1 0.275 1 0.2725 1 0.272505 1 0.275 1 0.272505 1 0.275 1 0.2725 1 0.27 1 0.270009 1 0.2725 1 0.270009 1 0.272505 1 0.27 1 0.2675 1 0.267514 1 0.27 1 0.267514 1 0.270009 1 0.2675 1 0.265 1 0.265018 1 0.2675 1 0.265018 1 0.267514 1 0.265 1 0.2625 1 0.262523 1 0.265 1 0.262523 1 0.265018 1 0.3 1 0.296875 1 0.296875 1 0.3 1 0.296875 1 0.3 1 0.296875 1 0.29375 1 0.29375 1 0.296875 1 0.29375 1 0.296875 1 0.29375 1 0.290625 1 0.290625 1 0.29375 1 0.290625 1 0.29375 1 0.290625 1 0.2875 1 0.2875 1 0.290625 1 0.2875 1 0.290625 1 0.2875 1 0.284375 1 0.284375 1 0.2875 1 0.284375 1 0.2875 1 0.284375 1 0.28125 1 0.28125 1 0.284375 1 0.28125 1 0.284375 1 0.28125 1 0.278125 1 0.278125 1 0.28125 1 0.278125 1 0.28125 1 0.34665 1 0.346697 1 0.343584 1 0.34665 1 0.343584 1 0.34354 1 0.30311 1 0.303113 1 0.3 1 0.30311 1 0.3 1 0.3 1 0.34354 1 0.343584 1 0.340471 1 0.34354 1 0.340471 1 0.34043 1 0.34043 1 0.340471 1 0.337358 1 0.34043 1 0.337358 1 0.33732 1 0.33732 1 0.337358 1 0.334245 1 0.33732 1 0.334245 1 0.33421 1 0.33421 1 0.334245 1 0.331131 1 0.33421 1 0.331131 1 0.3311 1 0.3311 1 0.331131 1 0.328018 1 0.3311 1 0.328018 1 0.32799 1 0.32799 1 0.328018 1 0.324905 1 0.32799 1 0.324905 1 0.32488 1 0.32488 1 0.324905 1 0.321792 1 0.32488 1 0.321792 1 0.32177 1 0.32177 1 0.321792 1 0.318679 1 0.32177 1 0.318679 1 0.31866 1 0.31866 1 0.318679 1 0.315566 1 0.31866 1 0.315566 1 0.31555 1 0.31555 1 0.315566 1 0.312453 1 0.31555 1 0.312453 1 0.31244 1 0.31244 1 0.312453 1 0.309339 1 0.31244 1 0.309339 1 0.30933 1 0.30933 1 0.309339 1 0.306226 1 0.30933 1 0.306226 1 0.30622 1 0.30622 1 0.306226 1 0.303113 1 0.30622 1 0.303113 1 0.30311</float_array>
                    <technique_common>
                        <accessor count="6498" source="#shape0-lib-map-array" stride="2">
                            <param name="U" type="float"/>
                            <param name="V" type="float"/>
                        </accessor>
                    </technique_common>
                </source>
                <vertices id="shape0-lib-vertices">
                    <input semantic="POSITION" source="#shape0-lib-positions"/>
                </vertices>
                <triangles count="2166" material="material0">
                    <input offset="0" semantic="VERTEX" source="#shape0-lib-vertices"/>
                    <input offset="1" semantic="COLOR" source="#shape0-lib-vcolor"/>
                    <input offset="2" semantic="NORMAL" source="#shape0-lib-normals"/>
                    <input offset="3" semantic="TEXCOORD" source="#shape0-lib-map"/>
                    <p>21 21 0 0 20 20 0 1 25 25 0 2 21 21 1 3 25 25 1 4 24 24 1 5 62 62 2 6 63 63 2 7 657 657 2 8 62 62 3 9 657 657 3 10 662 662 3 11 22 22 4 12 42 42 4 13 669 669 4 14 22 22 5 15 669 669 5 16 23 23 5 17 63 63 6 18 17 17 6 19 28 28 6 20 63 63 7 21 28 28 7 22 657 657 7 23 15 15 8 24 14 14 8 25 674 674 8 26 15 15 9 27 674 674 9 28 333 333 9 29 56 56 10 30 57 57 10 31 663 663 10 32 56 56 11 33 663 663 11 34 668 668 11 35 95 95 12 36 74 74 12 37 75 75 12 38 95 95 13 39 75 75 13 40 111 111 13 41 431 431 14 42 432 432 14 43 76 76 14 44 431 431 15 45 76 76 15 46 127 127 15 47 143 143 16 48 77 77 16 49 78 78 16 50 143 143 17 51 78 78 17 52 159 159 17 53 159 159 18 54 78 78 18 55 79 79 18 56 159 159 19 57 79 79 19 58 175 175 19 59 175 175 20 60 79 79 20 61 80 80 20 62 175 175 21 63 80 80 21 64 191 191 21 65 191 191 22 66 80 80 22 67 81 81 22 68 191 191 23 69 81 81 23 70 205 205 23 71 205 205 24 72 81 81 24 73 82 82 24 74 205 205 25 75 82 82 25 76 217 217 25 77 227 227 26 78 83 83 26 79 84 84 26 80 227 227 27 81 84 84 27 82 234 234 27 83 234 234 28 84 84 84 28 85 85 85 28 86 234 234 29 87 85 85 29 88 246 246 29 89 246 246 30 90 85 85 30 91 86 86 30 92 246 246 31 93 86 86 31 94 260 260 31 95 260 260 32 96 86 86 32 97 87 87 32 98 260 260 33 99 87 87 33 100 276 276 33 101 276 276 34 102 87 87 34 103 88 88 34 104 276 276 35 105 88 88 35 106 292 292 35 107 291 291 36 108 290 290 36 109 306 306 36 110 291 291 37 111 306 306 37 112 307 307 37 113 290 290 38 114 289 289 38 115 305 305 38 116 290 290 39 117 305 305 39 118 306 306 39 119 289 289 40 120 288 288 40 121 304 304 40 122 289 289 41 123 304 304 41 124 305 305 41 125 288 288 42 126 287 287 42 127 303 303 42 128 288 288 43 129 303 303 43 130 304 304 43 131 286 286 44 132 285 285 44 133 301 301 44 134 286 286 45 135 301 301 45 136 302 302 45 137 678 678 46 138 284 284 46 139 300 300 46 140 678 678 47 141 300 300 47 142 677 677 47 143 404 404 48 144 283 283 48 145 299 299 48 146 404 404 49 147 299 299 49 148 403 403 49 149 283 283 50 150 282 282 50 151 298 298 50 152 283 283 51 153 298 298 51 154 299 299 51 155 282 282 52 156 281 281 52 157 297 297 52 158 282 282 53 159 297 297 53 160 298 298 53 161 281 281 54 162 280 280 54 163 296 296 54 164 281 281 55 165 296 296 55 166 297 297 55 167 279 279 56 168 278 278 56 169 294 294 56 170 279 279 57 171 294 294 57 172 295 295 57 173 278 278 58 174 277 277 58 175 293 293 58 176 278 278 59 177 293 293 59 178 294 294 59 179 277 277 60 180 276 276 60 181 292 292 60 182 277 277 61 183 292 292 61 184 293 293 61 185 275 275 62 186 274 274 62 187 290 290 62 188 275 275 63 189 290 290 63 190 291 291 63 191 274 274 64 192 273 273 64 193 289 289 64 194 274 274 65 195 289 289 65 196 290 290 65 197 273 273 66 198 272 272 66 199 288 288 66 200 273 273 67 201 288 288 67 202 289 289 67 203 272 272 68 204 271 271 68 205 287 287 68 206 272 272 69 207 287 287 69 208 288 288 69 209 270 270 70 210 269 269 70 211 285 285 70 212 270 270 71 213 285 285 71 214 286 286 71 215 679 679 72 216 268 268 72 217 284 284 72 218 679 679 73 219 284 284 73 220 678 678 73 221 405 405 74 222 267 267 74 223 283 283 74 224 405 405 75 225 283 283 75 226 404 404 75 227 267 267 76 228 266 266 76 229 282 282 76 230 267 267 77 231 282 282 77 232 283 283 77 233 266 266 78 234 265 265 78 235 281 281 78 236 266 266 79 237 281 281 79 238 282 282 79 239 265 265 80 240 264 264 80 241 280 280 80 242 265 265 81 243 280 280 81 244 281 281 81 245 263 263 82 246 262 262 82 247 278 278 82 248 263 263 83 249 278 278 83 250 279 279 83 251 262 262 84 252 261 261 84 253 277 277 84 254 262 262 85 255 277 277 85 256 278 278 85 257 261 261 86 258 260 260 86 259 276 276 86 260 261 261 87 261 276 276 87 262 277 277 87 263 259 259 88 264 258 258 88 265 274 274 88 266 259 259 89 267 274 274 89 268 275 275 89 269 258 258 90 270 257 257 90 271 273 273 90 272 258 258 91 273 273 273 91 274 274 274 91 275 257 257 92 276 256 256 92 277 272 272 92 278 257 257 93 279 272 272 93 280 273 273 93 281 256 256 94 282 255 255 94 283 271 271 94 284 256 256 95 285 271 271 95 286 272 272 95 287 254 254 96 288 253 253 96 289 269 269 96 290 254 254 97 291 269 269 97 292 270 270 97 293 680 680 98 294 252 252 98 295 268 268 98 296 680 680 99 297 268 268 99 298 679 679 99 299 406 406 100 300 251 251 100 301 267 267 100 302 406 406 101 303 267 267 101 304 405 405 101 305 251 251 102 306 250 250 102 307 266 266 102 308 251 251 103 309 266 266 103 310 267 267 103 311 250 250 104 312 249 249 104 313 265 265 104 314 250 250 105 315 265 265 105 316 266 266 105 317 336 336 106 318 378 378 106 319 264 264 106 320 264 264 107 321 265 265 107 322 249 249 107 323 249 249 108 324 334 334 108 325 336 336 108 326 264 264 109 327 249 249 109 328 336 336 109 329 336 336 110 330 335 335 110 331 378 378 110 332 336 336 111 333 334 334 111 334 379 379 111 335 338 338 112 336 339 339 112 337 248 248 112 338 248 248 113 339 262 262 113 340 263 263 113 341 263 263 114 342 380 380 114 343 338 338 114 344 338 338 115 345 248 248 115 346 263 263 115 347 380 380 116 348 337 337 116 349 338 338 116 350 381 381 117 351 339 339 117 352 338 338 117 353 248 248 118 354 247 247 118 355 261 261 118 356 248 248 119 357 261 261 119 358 262 262 119 359 247 247 120 360 246 246 120 361 260 260 120 362 247 247 121 363 260 260 121 364 261 261 121 365 245 245 122 366 244 244 122 367 258 258 122 368 245 245 123 369 258 258 123 370 259 259 123 371 244 244 124 372 243 243 124 373 257 257 124 374 244 244 125 375 257 257 125 376 258 258 125 377 243 243 126 378 242 242 126 379 256 256 126 380 243 243 127 381 256 256 127 382 257 257 127 383 242 242 128 384 241 241 128 385 255 255 128 386 242 242 129 387 255 255 129 388 256 256 129 389 240 240 130 390 239 239 130 391 253 253 130 392 240 240 131 393 253 253 131 394 254 254 131 395 681 681 132 396 238 238 132 397 252 252 132 398 681 681 133 399 252 252 133 400 680 680 133 401 407 407 134 402 237 237 134 403 251 251 134 404 407 407 135 405 251 251 135 406 406 406 135 407 237 237 136 408 236 236 136 409 250 250 136 410 237 237 137 411 250 250 137 412 251 251 137 413 341 341 138 414 382 382 138 415 249 249 138 416 249 249 139 417 250 250 139 418 236 236 139 419 236 236 140 420 383 383 140 421 341 341 140 422 249 249 141 423 236 236 141 424 341 341 141 425 341 341 142 426 342 342 142 427 382 382 142 428 340 340 143 429 341 341 143 430 383 383 143 431 249 249 144 432 382 382 144 433 343 343 144 434 249 249 145 435 343 343 145 436 334 334 145 437 382 382 146 438 342 342 146 439 343 343 146 440 334 334 147 441 343 343 147 442 379 379 147 443 384 384 148 444 248 248 148 445 345 345 148 446 248 248 149 447 339 339 149 448 345 345 149 449 345 345 150 450 344 344 150 451 384 384 150 452 339 339 151 453 381 381 151 454 345 345 151 455 347 347 152 456 385 385 152 457 235 235 152 458 235 235 153 459 247 247 153 460 248 248 153 461 248 248 154 462 384 384 154 463 347 347 154 464 235 235 155 465 248 248 155 466 347 347 155 467 347 347 156 468 346 346 156 469 385 385 156 470 384 384 157 471 344 344 157 472 347 347 157 473 235 235 158 474 234 234 158 475 246 246 158 476 235 235 159 477 246 246 159 478 247 247 159 479 233 233 160 480 232 232 160 481 244 244 160 482 233 233 161 483 244 244 161 484 245 245 161 485 232 232 162 486 231 231 162 487 243 243 162 488 232 232 163 489 243 243 163 490 244 244 163 491 231 231 164 492 230 230 164 493 242 242 164 494 231 231 165 495 242 242 165 496 243 243 165 497 230 230 166 498 229 229 166 499 241 241 166 500 230 230 167 501 241 241 167 502 242 242 167 503 407 407 168 504 417 417 168 505 237 237 168 506 349 349 169 507 350 350 169 508 386 386 169 509 349 349 170 510 348 348 170 511 387 387 170 512 236 236 171 513 386 386 171 514 351 351 171 515 236 236 172 516 351 351 172 517 383 383 172 518 386 386 173 519 350 350 173 520 351 351 173 521 340 340 174 522 383 383 174 523 351 351 174 524 388 388 175 525 235 235 175 526 353 353 175 527 235 235 176 528 385 385 176 529 353 353 176 530 385 385 177 531 346 346 177 532 353 353 177 533 353 353 178 534 352 352 178 535 388 388 178 536 355 355 179 537 389 389 179 538 227 227 179 539 227 227 180 540 234 234 180 541 235 235 180 542 235 235 181 543 388 388 181 544 355 355 181 545 227 227 182 546 235 235 182 547 355 355 182 548 388 388 183 549 352 352 183 550 355 355 183 551 355 355 184 552 354 354 184 553 389 389 184 554 216 216 185 555 215 215 185 556 225 225 185 557 216 216 186 558 225 225 186 559 226 226 186 560 215 215 187 561 214 214 187 562 224 224 187 563 215 215 188 564 224 224 188 565 225 225 188 566 214 214 189 567 213 213 189 568 223 223 189 569 214 214 190 570 223 223 190 571 224 224 190 572 213 213 191 573 212 212 191 574 222 222 191 575 213 213 192 576 222 222 192 577 223 223 192 578 211 211 193 579 210 210 193 580 220 220 193 581 211 211 194 582 220 220 194 583 221 221 194 584 457 457 195 585 209 209 195 586 219 219 195 587 457 457 196 588 219 219 196 589 456 456 196 590 409 409 197 591 208 208 197 592 218 218 197 593 409 409 198 594 218 218 198 595 408 408 198 596 358 358 199 597 390 390 199 598 218 218 199 599 218 218 200 600 208 208 200 601 207 207 200 602 207 207 201 603 392 392 201 604 358 358 201 605 218 218 202 606 207 207 202 607 358 358 202 608 392 392 203 609 359 359 203 610 358 358 203 611 358 358 204 612 356 356 204 613 390 390 204 614 392 392 205 615 207 207 205 616 360 360 205 617 207 207 206 618 361 361 206 619 360 360 206 620 360 360 207 621 359 359 207 622 392 392 207 623 360 360 208 624 361 361 208 625 393 393 208 626 206 206 209 627 395 395 209 628 363 363 209 629 206 206 210 630 363 363 210 631 394 394 210 632 362 362 211 633 394 394 211 634 363 363 211 635 395 395 212 636 364 364 212 637 363 363 212 638 365 365 213 639 395 395 213 640 206 206 213 641 206 206 214 642 205 205 214 643 217 217 214 644 217 217 215 645 391 391 215 646 365 365 215 647 206 206 216 648 217 217 216 649 365 365 216 650 357 357 217 651 365 365 217 652 391 391 217 653 364 364 218 654 395 395 218 655 365 365 218 656 204 204 219 657 203 203 219 658 215 215 219 659 204 204 220 660 215 215 220 661 216 216 220 662 203 203 221 663 202 202 221 664 214 214 221 665 203 203 222 666 214 214 222 667 215 215 222 668 202 202 223 669 201 201 223 670 213 213 223 671 202 202 224 672 213 213 224 673 214 214 224 674 201 201 225 675 200 200 225 676 212 212 225 677 201 201 226 678 212 212 226 679 213 213 226 680 199 199 227 681 198 198 227 682 210 210 227 683 199 199 228 684 210 210 228 685 211 211 228 686 458 458 229 687 197 197 229 688 209 209 229 689 458 458 230 690 209 209 230 691 457 457 230 692 410 410 231 693 196 196 231 694 208 208 231 695 410 410 232 696 208 208 232 697 409 409 232 698 196 196 233 699 195 195 233 700 207 207 233 701 196 196 234 702 207 207 234 703 208 208 234 704 367 367 235 705 361 361 235 706 207 207 235 707 207 207 236 708 195 195 236 709 424 424 236 710 424 424 237 711 194 194 237 712 396 396 237 713 367 367 238 714 207 207 238 715 424 424 238 716 424 424 239 717 396 396 239 718 367 367 239 719 396 396 240 720 366 366 240 721 367 367 240 722 393 393 241 723 361 361 241 724 367 367 241 725 396 396 242 726 194 194 242 727 369 369 242 728 194 194 243 729 397 397 243 730 369 369 243 731 397 397 244 732 368 368 244 733 369 369 244 734 369 369 245 735 366 366 245 736 396 396 245 737 193 193 246 738 399 399 246 739 370 370 246 740 193 193 247 741 370 370 247 742 398 398 247 743 399 399 248 744 372 372 248 745 370 370 248 746 371 371 249 747 398 398 249 748 370 370 249 749 373 373 250 750 399 399 250 751 193 193 250 752 193 193 251 753 192 192 251 754 206 206 251 755 206 206 252 756 394 394 252 757 373 373 252 758 193 193 253 759 206 206 253 760 373 373 253 761 394 394 254 762 362 362 254 763 373 373 254 764 372 372 255 765 399 399 255 766 373 373 255 767 192 192 256 768 191 191 256 769 205 205 256 770 192 192 257 771 205 205 257 772 206 206 257 773 190 190 258 774 189 189 258 775 203 203 258 776 190 190 259 777 203 203 259 778 204 204 259 779 189 189 260 780 188 188 260 781 202 202 260 782 189 189 261 783 202 202 261 784 203 203 261 785 188 188 262 786 187 187 262 787 201 201 262 788 188 188 263 789 201 201 263 790 202 202 263 791 187 187 264 792 186 186 264 793 200 200 264 794 187 187 265 795 200 200 265 796 201 201 265 797 185 185 266 798 184 184 266 799 198 198 266 800 185 185 267 801 198 198 267 802 199 199 267 803 459 459 268 804 183 183 268 805 197 197 268 806 459 459 269 807 197 197 269 808 458 458 269 809 411 411 270 810 182 182 270 811 196 196 270 812 411 411 271 813 196 196 271 814 410 410 271 815 182 182 272 816 181 181 272 817 195 195 272 818 182 182 273 819 195 195 273 820 196 196 273 821 425 425 274 822 180 180 274 823 194 194 274 824 425 425 275 825 194 194 275 826 424 424 275 827 375 375 276 828 397 397 276 829 194 194 276 830 194 194 277 831 180 180 277 832 418 418 277 833 418 418 278 834 179 179 278 835 400 400 278 836 375 375 279 837 194 194 279 838 418 418 279 839 418 418 280 840 400 400 280 841 375 375 280 842 400 400 281 843 374 374 281 844 375 375 281 845 368 368 282 846 397 397 282 847 375 375 282 848 377 377 283 849 401 401 283 850 178 178 283 851 178 178 284 852 177 177 284 853 193 193 284 854 193 193 285 855 398 398 285 856 377 377 285 857 178 178 286 858 193 193 286 859 377 377 286 860 398 398 287 861 371 371 287 862 377 377 287 863 376 376 288 864 401 401 288 865 377 377 288 866 177 177 289 867 176 176 289 868 192 192 289 869 177 177 290 870 192 192 290 871 193 193 290 872 176 176 291 873 175 175 291 874 191 191 291 875 176 176 292 876 191 191 292 877 192 192 292 878 174 174 293 879 173 173 293 880 189 189 293 881 174 174 294 882 189 189 294 883 190 190 294 884 173 173 295 885 172 172 295 886 188 188 295 887 173 173 296 888 188 188 296 889 189 189 296 890 172 172 297 891 171 171 297 892 187 187 297 893 172 172 298 894 187 187 298 895 188 188 298 896 171 171 299 897 170 170 299 898 186 186 299 899 171 171 300 900 186 186 300 901 187 187 300 902 169 169 301 903 168 168 301 904 184 184 301 905 169 169 302 906 184 184 302 907 185 185 302 908 460 460 303 909 167 167 303 910 183 183 303 911 460 460 304 912 183 183 304 913 459 459 304 914 412 412 305 915 166 166 305 916 182 182 305 917 412 412 306 918 182 182 306 919 411 411 306 920 166 166 307 921 165 165 307 922 181 181 307 923 166 166 308 924 181 181 308 925 182 182 308 926 426 426 309 927 164 164 309 928 180 180 309 929 426 426 310 930 180 180 310 931 425 425 310 932 419 419 311 933 163 163 311 934 179 179 311 935 419 419 312 936 179 179 312 937 418 418 312 938 162 162 313 939 161 161 313 940 177 177 313 941 162 162 314 942 177 177 314 943 178 178 314 944 161 161 315 945 160 160 315 946 176 176 315 947 161 161 316 948 176 176 316 949 177 177 316 950 160 160 317 951 159 159 317 952 175 175 317 953 160 160 318 954 175 175 318 955 176 176 318 956 158 158 319 957 157 157 319 958 173 173 319 959 158 158 320 960 173 173 320 961 174 174 320 962 157 157 321 963 156 156 321 964 172 172 321 965 157 157 322 966 172 172 322 967 173 173 322 968 156 156 323 969 155 155 323 970 171 171 323 971 156 156 324 972 171 171 324 973 172 172 324 974 155 155 325 975 154 154 325 976 170 170 325 977 155 155 326 978 170 170 326 979 171 171 326 980 153 153 327 981 152 152 327 982 168 168 327 983 153 153 328 984 168 168 328 985 169 169 328 986 461 461 329 987 151 151 329 988 167 167 329 989 461 461 330 990 167 167 330 991 460 460 330 992 413 413 331 993 150 150 331 994 166 166 331 995 413 413 332 996 166 166 332 997 412 412 332 998 150 150 333 999 149 149 333 1000 165 165 333 1001 150 150 334 1002 165 165 334 1003 166 166 334 1004 427 427 335 1005 148 148 335 1006 164 164 335 1007 427 427 336 1008 164 164 336 1009 426 426 336 1010 420 420 337 1011 147 147 337 1012 163 163 337 1013 420 420 338 1014 163 163 338 1015 419 419 338 1016 146 146 339 1017 145 145 339 1018 161 161 339 1019 146 146 340 1020 161 161 340 1021 162 162 340 1022 145 145 341 1023 144 144 341 1024 160 160 341 1025 145 145 342 1026 160 160 342 1027 161 161 342 1028 144 144 343 1029 143 143 343 1030 159 159 343 1031 144 144 344 1032 159 159 344 1033 160 160 344 1034 433 433 345 1035 434 434 345 1036 141 141 345 1037 433 433 346 1038 141 141 346 1039 142 142 346 1040 434 434 347 1041 435 435 347 1042 140 140 347 1043 434 434 348 1044 140 140 348 1045 141 141 348 1046 435 435 349 1047 436 436 349 1048 139 139 349 1049 435 435 350 1050 139 139 350 1051 140 140 350 1052 436 436 351 1053 437 437 351 1054 138 138 351 1055 436 436 352 1056 138 138 352 1057 139 139 352 1058 438 438 353 1059 439 439 353 1060 136 136 353 1061 438 438 354 1062 136 136 354 1063 137 137 354 1064 465 465 355 1065 440 440 355 1066 135 135 355 1067 465 465 356 1068 135 135 356 1069 462 462 356 1070 448 448 357 1071 441 441 357 1072 134 134 357 1073 448 448 358 1074 134 134 358 1075 414 414 358 1076 441 441 359 1077 442 442 359 1078 133 133 359 1079 441 441 360 1080 133 133 360 1081 134 134 360 1082 450 450 361 1083 443 443 361 1084 132 132 361 1085 450 450 362 1086 132 132 362 1087 428 428 362 1088 449 449 363 1089 444 444 363 1090 131 131 363 1091 449 449 364 1092 131 131 364 1093 421 421 364 1094 445 445 365 1095 446 446 365 1096 129 129 365 1097 445 445 366 1098 129 129 366 1099 130 130 366 1100 446 446 367 1101 447 447 367 1102 128 128 367 1103 446 446 368 1104 128 128 368 1105 129 129 368 1106 447 447 369 1107 431 431 369 1108 127 127 369 1109 447 447 370 1110 127 127 370 1111 128 128 370 1112 110 110 371 1113 109 109 371 1114 125 125 371 1115 110 110 372 1116 125 125 372 1117 126 126 372 1118 109 109 373 1119 108 108 373 1120 124 124 373 1121 109 109 374 1122 124 124 374 1123 125 125 374 1124 108 108 375 1125 107 107 375 1126 123 123 375 1127 108 108 376 1128 123 123 376 1129 124 124 376 1130 107 107 377 1131 106 106 377 1132 122 122 377 1133 107 107 378 1134 122 122 378 1135 123 123 378 1136 105 105 379 1137 104 104 379 1138 120 120 379 1139 105 105 380 1140 120 120 380 1141 121 121 380 1142 464 464 381 1143 103 103 381 1144 119 119 381 1145 464 464 382 1146 119 119 382 1147 463 463 382 1148 416 416 383 1149 102 102 383 1150 118 118 383 1151 416 416 384 1152 118 118 384 1153 415 415 384 1154 102 102 385 1155 101 101 385 1156 117 117 385 1157 102 102 386 1158 117 117 386 1159 118 118 386 1160 430 430 387 1161 100 100 387 1162 116 116 387 1163 430 430 388 1164 116 116 388 1165 429 429 388 1166 423 423 389 1167 99 99 389 1168 115 115 389 1169 423 423 390 1170 115 115 390 1171 422 422 390 1172 98 98 391 1173 97 97 391 1174 113 113 391 1175 98 98 392 1176 113 113 392 1177 114 114 392 1178 97 97 393 1179 96 96 393 1180 112 112 393 1181 97 97 394 1182 112 112 394 1183 113 113 394 1184 96 96 395 1185 95 95 395 1186 111 111 395 1187 96 96 396 1188 111 111 396 1189 112 112 396 1190 91 91 397 1191 90 90 397 1192 331 331 397 1193 91 91 398 1194 331 331 398 1195 320 320 398 1196 320 320 399 1197 331 331 399 1198 330 330 399 1199 320 320 400 1200 330 330 400 1201 321 321 400 1202 321 321 401 1203 330 330 401 1204 329 329 401 1205 321 321 402 1206 329 329 402 1207 322 322 402 1208 322 322 403 1209 329 329 403 1210 328 328 403 1211 322 322 404 1212 328 328 404 1213 323 323 404 1214 94 94 405 1215 93 93 405 1216 327 327 405 1217 94 94 406 1218 327 327 406 1219 312 312 406 1220 312 312 407 1221 327 327 407 1222 326 326 407 1223 312 312 408 1224 326 326 408 1225 313 313 408 1226 313 313 409 1227 326 326 409 1228 325 325 409 1229 313 313 410 1230 325 325 410 1231 314 314 410 1232 314 314 411 1233 325 325 411 1234 324 324 411 1235 314 314 412 1236 324 324 412 1237 315 315 412 1238 16 16 413 1239 15 15 413 1240 333 333 413 1241 16 16 414 1242 333 333 414 1243 332 332 414 1244 93 93 415 1245 92 92 415 1246 319 319 415 1247 93 93 416 1248 319 319 416 1249 327 327 416 1250 327 327 417 1251 319 319 417 1252 318 318 417 1253 327 327 418 1254 318 318 418 1255 326 326 418 1256 326 326 419 1257 318 318 419 1258 317 317 419 1259 326 326 420 1260 317 317 420 1261 325 325 420 1262 325 325 421 1263 317 317 421 1264 316 316 421 1265 325 325 422 1266 316 316 422 1267 324 324 422 1268 92 92 423 1269 91 91 423 1270 320 320 423 1271 92 92 424 1272 320 320 424 1273 319 319 424 1274 319 319 425 1275 320 320 425 1276 321 321 425 1277 319 319 426 1278 321 321 426 1279 318 318 426 1280 318 318 427 1281 321 321 427 1282 322 322 427 1283 318 318 428 1284 322 322 428 1285 317 317 428 1286 317 317 429 1287 322 322 429 1288 323 323 429 1289 317 317 430 1290 323 323 430 1291 316 316 430 1292 240 240 431 1293 228 228 431 1294 239 239 431 1295 103 103 432 1296 416 416 432 1297 415 415 432 1298 103 103 433 1299 415 415 433 1300 119 119 433 1301 440 440 434 1302 448 448 434 1303 414 414 434 1304 440 440 435 1305 414 414 435 1306 135 135 435 1307 151 151 436 1308 413 413 436 1309 412 412 436 1310 151 151 437 1311 412 412 437 1312 167 167 437 1313 167 167 438 1314 412 412 438 1315 411 411 438 1316 167 167 439 1317 411 411 439 1318 183 183 439 1319 183 183 440 1320 411 411 440 1321 410 410 440 1322 183 183 441 1323 410 410 441 1324 197 197 441 1325 197 197 442 1326 410 410 442 1327 409 409 442 1328 197 197 443 1329 409 409 443 1330 209 209 443 1331 209 209 444 1332 409 409 444 1333 408 408 444 1334 209 209 445 1335 408 408 445 1336 219 219 445 1337 238 238 446 1338 407 407 446 1339 406 406 446 1340 238 238 447 1341 406 406 447 1342 252 252 447 1343 252 252 448 1344 406 406 448 1345 405 405 448 1346 252 252 449 1347 405 405 449 1348 268 268 449 1349 268 268 450 1350 405 405 450 1351 404 404 450 1352 268 268 451 1353 404 404 451 1354 284 284 451 1355 284 284 452 1356 404 404 452 1357 403 403 452 1358 284 284 453 1359 403 403 453 1360 300 300 453 1361 349 349 454 1362 386 386 454 1363 236 236 454 1364 236 236 455 1365 237 237 455 1366 417 417 455 1367 417 417 456 1368 402 402 456 1369 348 348 456 1370 349 349 457 1371 236 236 457 1372 417 417 457 1373 417 417 458 1374 348 348 458 1375 349 349 458 1376 100 100 459 1377 423 423 459 1378 422 422 459 1379 100 100 460 1380 422 422 460 1381 116 116 460 1382 443 443 461 1383 449 449 461 1384 421 421 461 1385 443 443 462 1386 421 421 462 1387 132 132 462 1388 148 148 463 1389 420 420 463 1390 419 419 463 1391 148 148 464 1392 419 419 464 1393 164 164 464 1394 164 164 465 1395 419 419 465 1396 418 418 465 1397 164 164 466 1398 418 418 466 1399 180 180 466 1400 101 101 467 1401 430 430 467 1402 429 429 467 1403 101 101 468 1404 429 429 468 1405 117 117 468 1406 442 442 469 1407 450 450 469 1408 428 428 469 1409 442 442 470 1410 428 428 470 1411 133 133 470 1412 149 149 471 1413 427 427 471 1414 426 426 471 1415 149 149 472 1416 426 426 472 1417 165 165 472 1418 165 165 473 1419 426 426 473 1420 425 425 473 1421 165 165 474 1422 425 425 474 1423 181 181 474 1424 181 181 475 1425 425 425 475 1426 424 424 475 1427 181 181 476 1428 424 424 476 1429 195 195 476 1430 117 117 477 1431 429 429 477 1432 450 450 477 1433 117 117 478 1434 450 450 478 1435 442 442 478 1436 116 116 479 1437 422 422 479 1438 449 449 479 1439 116 116 480 1440 449 449 480 1441 443 443 480 1442 119 119 481 1443 415 415 481 1444 448 448 481 1445 119 119 482 1446 448 448 482 1447 440 440 482 1448 112 112 483 1449 111 111 483 1450 431 431 483 1451 112 112 484 1452 431 431 484 1453 447 447 484 1454 113 113 485 1455 112 112 485 1456 447 447 485 1457 113 113 486 1458 447 447 486 1459 446 446 486 1460 114 114 487 1461 113 113 487 1462 446 446 487 1463 114 114 488 1464 446 446 488 1465 445 445 488 1466 422 422 489 1467 115 115 489 1468 444 444 489 1469 422 422 490 1470 444 444 490 1471 449 449 490 1472 429 429 491 1473 116 116 491 1474 443 443 491 1475 429 429 492 1476 443 443 492 1477 450 450 492 1478 118 118 493 1479 117 117 493 1480 442 442 493 1481 118 118 494 1482 442 442 494 1483 441 441 494 1484 415 415 495 1485 118 118 495 1486 441 441 495 1487 415 415 496 1488 441 441 496 1489 448 448 496 1490 463 463 497 1491 119 119 497 1492 440 440 497 1493 463 463 498 1494 440 440 498 1495 465 465 498 1496 121 121 499 1497 120 120 499 1498 439 439 499 1499 121 121 500 1500 439 439 500 1501 438 438 500 1502 123 123 501 1503 122 122 501 1504 437 437 501 1505 123 123 502 1506 437 437 502 1507 436 436 502 1508 124 124 503 1509 123 123 503 1510 436 436 503 1511 124 124 504 1512 436 436 504 1513 435 435 504 1514 125 125 505 1515 124 124 505 1516 435 435 505 1517 125 125 506 1518 435 435 506 1519 434 434 506 1520 126 126 507 1521 125 125 507 1522 434 434 507 1523 126 126 508 1524 434 434 508 1525 433 433 508 1526 111 111 509 1527 75 75 509 1528 432 432 509 1529 111 111 510 1530 432 432 510 1531 431 431 510 1532 120 120 511 1533 463 463 511 1534 465 465 511 1535 120 120 512 1536 465 465 512 1537 439 439 512 1538 104 104 513 1539 464 464 513 1540 463 463 513 1541 104 104 514 1542 463 463 514 1543 120 120 514 1544 439 439 515 1545 465 465 515 1546 462 462 515 1547 439 439 516 1548 462 462 516 1549 136 136 516 1550 152 152 517 1551 461 461 517 1552 460 460 517 1553 152 152 518 1554 460 460 518 1555 168 168 518 1556 168 168 519 1557 460 460 519 1558 459 459 519 1559 168 168 520 1560 459 459 520 1561 184 184 520 1562 184 184 521 1563 459 459 521 1564 458 458 521 1565 184 184 522 1566 458 458 522 1567 198 198 522 1568 198 198 523 1569 458 458 523 1570 457 457 523 1571 198 198 524 1572 457 457 524 1573 210 210 524 1574 210 210 525 1575 457 457 525 1576 456 456 525 1577 210 210 526 1578 456 456 526 1579 220 220 526 1580 239 239 527 1581 455 455 527 1582 454 454 527 1583 239 239 528 1584 454 454 528 1585 253 253 528 1586 253 253 529 1587 454 454 529 1588 453 453 529 1589 253 253 530 1590 453 453 530 1591 269 269 530 1592 269 269 531 1593 453 453 531 1594 452 452 531 1595 269 269 532 1596 452 452 532 1597 285 285 532 1598 285 285 533 1599 452 452 533 1600 451 451 533 1601 285 285 534 1602 451 451 534 1603 301 301 534 1604 469 469 535 1605 470 470 535 1606 471 471 535 1607 469 469 536 1608 471 471 536 1609 468 468 536 1610 466 466 537 1611 506 506 537 1612 507 507 537 1613 507 507 538 1614 508 508 538 1615 509 509 538 1616 509 509 539 1617 510 510 539 1618 511 511 539 1619 511 511 540 1620 469 469 540 1621 497 497 540 1622 511 511 541 1623 497 497 541 1624 498 498 541 1625 507 507 542 1626 509 509 542 1627 511 511 542 1628 505 505 543 1629 467 467 543 1630 466 466 543 1631 503 503 544 1632 504 504 544 1633 505 505 544 1634 501 501 545 1635 502 502 545 1636 503 503 545 1637 499 499 546 1638 500 500 546 1639 501 501 546 1640 494 494 547 1641 495 495 547 1642 499 499 547 1643 493 493 548 1644 494 494 548 1645 499 499 548 1646 499 499 549 1647 501 501 549 1648 503 503 549 1649 466 466 550 1650 507 507 550 1651 511 511 550 1652 511 511 551 1653 498 498 551 1654 472 472 551 1655 511 511 552 1656 472 472 552 1657 473 473 552 1658 499 499 553 1659 503 503 553 1660 505 505 553 1661 492 492 554 1662 493 493 554 1663 499 499 554 1664 491 491 555 1665 492 492 555 1666 499 499 555 1667 466 466 556 1668 511 511 556 1669 473 473 556 1670 466 466 557 1671 473 473 557 1672 474 474 557 1673 491 491 558 1674 499 499 558 1675 505 505 558 1676 490 490 559 1677 491 491 559 1678 505 505 559 1679 466 466 560 1680 474 474 560 1681 475 475 560 1682 466 466 561 1683 475 475 561 1684 476 476 561 1685 489 489 562 1686 490 490 562 1687 505 505 562 1688 488 488 563 1689 489 489 563 1690 505 505 563 1691 466 466 564 1692 476 476 564 1693 477 477 564 1694 466 466 565 1695 477 477 565 1696 478 478 565 1697 487 487 566 1698 488 488 566 1699 505 505 566 1700 486 486 567 1701 487 487 567 1702 505 505 567 1703 466 466 568 1704 478 478 568 1705 479 479 568 1706 466 466 569 1707 479 479 569 1708 480 480 569 1709 485 485 570 1710 486 486 570 1711 505 505 570 1712 484 484 571 1713 485 485 571 1714 505 505 571 1715 466 466 572 1716 480 480 572 1717 481 481 572 1718 466 466 573 1719 481 481 573 1720 482 482 573 1721 484 484 574 1722 505 505 574 1723 466 466 574 1724 466 466 575 1725 482 482 575 1726 483 483 575 1727 466 466 576 1728 483 483 576 1729 484 484 576 1730 468 468 577 1731 499 499 577 1732 495 495 577 1733 496 496 578 1734 497 497 578 1735 469 469 578 1736 468 468 579 1737 495 495 579 1738 496 496 579 1739 468 468 580 1740 496 496 580 1741 469 469 580 1742 466 466 581 1743 467 467 581 1744 512 512 581 1745 512 512 582 1746 513 513 582 1747 514 514 582 1748 514 514 583 1749 515 515 583 1750 516 516 583 1751 516 516 584 1752 517 517 584 1753 518 518 584 1754 518 518 585 1755 519 519 585 1756 520 520 585 1757 520 520 586 1758 521 521 586 1759 522 522 586 1760 522 522 587 1761 466 466 587 1762 512 512 587 1763 512 512 588 1764 514 514 588 1765 516 516 588 1766 516 516 589 1767 518 518 589 1768 520 520 589 1769 520 520 590 1770 522 522 590 1771 512 512 590 1772 512 512 591 1773 516 516 591 1774 520 520 591 1775 523 523 592 1776 561 561 592 1777 562 562 592 1778 562 562 593 1779 563 563 593 1780 564 564 593 1781 564 564 594 1782 565 565 594 1783 566 566 594 1784 525 525 595 1785 526 526 595 1786 551 551 595 1787 525 525 596 1788 551 551 596 1789 552 552 596 1790 564 564 597 1791 566 566 597 1792 525 525 597 1793 523 523 598 1794 562 562 598 1795 564 564 598 1796 538 538 599 1797 524 524 599 1798 523 523 599 1799 537 537 600 1800 538 538 600 1801 523 523 600 1802 523 523 601 1803 564 564 601 1804 525 525 601 1805 525 525 602 1806 552 552 602 1807 553 553 602 1808 525 525 603 1809 553 553 603 1810 527 527 603 1811 536 536 604 1812 537 537 604 1813 523 523 604 1814 535 535 605 1815 536 536 605 1816 523 523 605 1817 523 523 606 1818 525 525 606 1819 527 527 606 1820 523 523 607 1821 527 527 607 1822 528 528 607 1823 534 534 608 1824 535 535 608 1825 523 523 608 1826 533 533 609 1827 534 534 609 1828 523 523 609 1829 523 523 610 1830 528 528 610 1831 529 529 610 1832 523 523 611 1833 529 529 611 1834 530 530 611 1835 532 532 612 1836 533 533 612 1837 523 523 612 1838 523 523 613 1839 530 530 613 1840 531 531 613 1841 523 523 614 1842 531 531 614 1843 532 532 614 1844 526 526 615 1845 554 554 615 1846 555 555 615 1847 555 555 616 1848 556 556 616 1849 557 557 616 1850 557 557 617 1851 558 558 617 1852 559 559 617 1853 559 559 618 1854 560 560 618 1855 524 524 618 1856 524 524 619 1857 538 538 619 1858 539 539 619 1859 524 524 620 1860 539 539 620 1861 540 540 620 1862 557 557 621 1863 559 559 621 1864 524 524 621 1865 526 526 622 1866 555 555 622 1867 557 557 622 1868 550 550 623 1869 551 551 623 1870 526 526 623 1871 549 549 624 1872 550 550 624 1873 526 526 624 1874 526 526 625 1875 557 557 625 1876 524 524 625 1877 524 524 626 1878 540 540 626 1879 541 541 626 1880 524 524 627 1881 541 541 627 1882 542 542 627 1883 549 549 628 1884 526 526 628 1885 524 524 628 1886 548 548 629 1887 549 549 629 1888 524 524 629 1889 524 524 630 1890 542 542 630 1891 543 543 630 1892 524 524 631 1893 543 543 631 1894 544 544 631 1895 547 547 632 1896 548 548 632 1897 524 524 632 1898 546 546 633 1899 547 547 633 1900 524 524 633 1901 524 524 634 1902 544 544 634 1903 545 545 634 1904 524 524 635 1905 545 545 635 1906 546 546 635 1907 523 523 636 1908 524 524 636 1909 567 567 636 1910 567 567 637 1911 568 568 637 1912 569 569 637 1913 569 569 638 1914 570 570 638 1915 571 571 638 1916 571 571 639 1917 572 572 639 1918 573 573 639 1919 573 573 640 1920 574 574 640 1921 575 575 640 1922 575 575 641 1923 576 576 641 1924 577 577 641 1925 577 577 642 1926 523 523 642 1927 567 567 642 1928 567 567 643 1929 569 569 643 1930 571 571 643 1931 571 571 644 1932 573 573 644 1933 575 575 644 1934 575 575 645 1935 577 577 645 1936 567 567 645 1937 567 567 646 1938 571 571 646 1939 575 575 646 1940 525 525 647 1941 578 578 647 1942 579 579 647 1943 525 525 648 1944 579 579 648 1945 526 526 648 1946 580 580 649 1947 611 611 649 1948 612 612 649 1949 612 612 650 1950 613 613 650 1951 614 614 650 1952 614 614 651 1953 615 615 651 1954 616 616 651 1955 616 616 652 1956 617 617 652 1957 582 582 652 1958 582 582 653 1959 595 595 653 1960 596 596 653 1961 582 582 654 1962 596 596 654 1963 597 597 654 1964 614 614 655 1965 616 616 655 1966 582 582 655 1967 580 580 656 1968 612 612 656 1969 614 614 656 1970 609 609 657 1971 581 581 657 1972 580 580 657 1973 608 608 658 1974 609 609 658 1975 580 580 658 1976 580 580 659 1977 614 614 659 1978 582 582 659 1979 582 582 660 1980 597 597 660 1981 598 598 660 1982 582 582 661 1983 598 598 661 1984 599 599 661 1985 607 607 662 1986 608 608 662 1987 580 580 662 1988 606 606 663 1989 607 607 663 1990 580 580 663 1991 582 582 664 1992 599 599 664 1993 600 600 664 1994 582 582 665 1995 600 600 665 1996 601 601 665 1997 606 606 666 1998 580 580 666 1999 582 582 666 2000 605 605 667 2001 606 606 667 2002 582 582 667 2003 582 582 668 2004 601 601 668 2005 602 602 668 2006 582 582 669 2007 602 602 669 2008 603 603 669 2009 604 604 670 2010 605 605 670 2011 582 582 670 2012 582 582 671 2013 603 603 671 2014 604 604 671 2015 583 583 672 2016 618 618 672 2017 619 619 672 2018 619 619 673 2019 620 620 673 2020 621 621 673 2021 621 621 674 2022 622 622 674 2023 623 623 674 2024 623 623 675 2025 581 581 675 2026 609 609 675 2027 623 623 676 2028 609 609 676 2029 610 610 676 2030 619 619 677 2031 621 621 677 2032 623 623 677 2033 595 595 678 2034 582 582 678 2035 583 583 678 2036 594 594 679 2037 595 595 679 2038 583 583 679 2039 583 583 680 2040 619 619 680 2041 623 623 680 2042 623 623 681 2043 610 610 681 2044 584 584 681 2045 623 623 682 2046 584 584 682 2047 585 585 682 2048 593 593 683 2049 594 594 683 2050 583 583 683 2051 592 592 684 2052 593 593 684 2053 583 583 684 2054 583 583 685 2055 623 623 685 2056 585 585 685 2057 583 583 686 2058 585 585 686 2059 586 586 686 2060 591 591 687 2061 592 592 687 2062 583 583 687 2063 590 590 688 2064 591 591 688 2065 583 583 688 2066 583 583 689 2067 586 586 689 2068 587 587 689 2069 583 583 690 2070 587 587 690 2071 588 588 690 2072 589 589 691 2073 590 590 691 2074 583 583 691 2075 583 583 692 2076 588 588 692 2077 589 589 692 2078 581 581 693 2079 624 624 693 2080 625 625 693 2081 581 581 694 2082 625 625 694 2083 580 580 694 2084 583 583 695 2085 582 582 695 2086 626 626 695 2087 626 626 696 2088 627 627 696 2089 628 628 696 2090 628 628 697 2091 629 629 697 2092 630 630 697 2093 630 630 698 2094 631 631 698 2095 632 632 698 2096 632 632 699 2097 633 633 699 2098 634 634 699 2099 634 634 700 2100 635 635 700 2101 636 636 700 2102 636 636 701 2103 583 583 701 2104 626 626 701 2105 626 626 702 2106 628 628 702 2107 630 630 702 2108 630 630 703 2109 632 632 703 2110 634 634 703 2111 634 634 704 2112 636 636 704 2113 626 626 704 2114 626 626 705 2115 630 630 705 2116 634 634 705 2117 653 653 706 2118 655 655 706 2119 656 656 706 2120 653 653 707 2121 656 656 707 2122 654 654 707 2123 671 671 708 2124 673 673 708 2125 672 672 708 2126 671 671 709 2127 672 672 709 2128 670 670 709 2129 42 42 710 2130 21 21 710 2131 24 24 710 2132 42 42 711 2133 24 24 711 2134 669 669 711 2135 18 18 712 2136 62 62 712 2137 662 662 712 2138 18 18 713 2139 662 662 713 2140 27 27 713 2141 645 645 714 2142 647 647 714 2143 648 648 714 2144 645 645 715 2145 648 648 715 2146 646 646 715 2147 665 665 716 2148 667 667 716 2149 666 666 716 2150 665 665 717 2151 666 666 717 2152 664 664 717 2153 17 17 718 2154 16 16 718 2155 332 332 718 2156 17 17 719 2157 332 332 719 2158 28 28 719 2159 1 1 720 2160 56 56 720 2161 668 668 720 2162 1 1 721 2163 668 668 721 2164 675 675 721 2165 641 641 722 2166 643 643 722 2167 644 644 722 2168 641 641 723 2169 644 644 723 2170 642 642 723 2171 19 19 724 2172 18 18 724 2173 27 27 724 2174 19 19 725 2175 27 27 725 2176 26 26 725 2177 659 659 726 2178 661 661 726 2179 660 660 726 2180 659 659 727 2181 660 660 727 2182 658 658 727 2183 57 57 728 2184 29 29 728 2185 676 676 728 2186 57 57 729 2187 676 676 729 2188 663 663 729 2189 650 650 730 2190 652 652 730 2191 651 651 730 2192 650 650 731 2193 651 651 731 2194 649 649 731 2195 20 20 732 2196 19 19 732 2197 26 26 732 2198 20 20 733 2199 26 26 733 2200 25 25 733 2201 638 638 734 2202 640 640 734 2203 639 639 734 2204 638 638 735 2205 639 639 735 2206 637 637 735 2207 14 14 736 2208 1 1 736 2209 675 675 736 2210 14 14 737 2211 675 675 737 2212 674 674 737 2213 455 455 738 2214 681 681 738 2215 680 680 738 2216 455 455 739 2217 680 680 739 2218 454 454 739 2219 454 454 740 2220 680 680 740 2221 679 679 740 2222 454 454 741 2223 679 679 741 2224 453 453 741 2225 453 453 742 2226 679 679 742 2227 678 678 742 2228 453 453 743 2229 678 678 743 2230 452 452 743 2231 452 452 744 2232 678 678 744 2233 677 677 744 2234 452 452 745 2235 677 677 745 2236 451 451 745 2237 682 682 746 2238 690 690 746 2239 691 691 746 2240 682 682 747 2241 691 691 747 2242 683 683 747 2243 689 689 748 2244 691 691 748 2245 690 690 748 2246 689 689 749 2247 690 690 749 2248 688 688 749 2249 687 687 750 2250 689 689 750 2251 688 688 750 2252 687 687 751 2253 688 688 751 2254 686 686 751 2255 685 685 752 2256 687 687 752 2257 686 686 752 2258 685 685 753 2259 686 686 753 2260 684 684 753 2261 682 682 754 2262 89 89 754 2263 311 311 754 2264 682 682 755 2265 311 311 755 2266 690 690 755 2267 90 90 756 2268 683 683 756 2269 691 691 756 2270 90 90 757 2271 691 691 757 2272 331 331 757 2273 686 686 758 2274 309 309 758 2275 308 308 758 2276 686 686 759 2277 308 308 759 2278 684 684 759 2279 329 329 760 2280 687 687 760 2281 685 685 760 2282 329 329 761 2283 685 685 761 2284 328 328 761 2285 688 688 762 2286 310 310 762 2287 309 309 762 2288 688 688 763 2289 309 309 763 2290 686 686 763 2291 330 330 764 2292 689 689 764 2293 687 687 764 2294 330 330 765 2295 687 687 765 2296 329 329 765 2297 690 690 766 2298 311 311 766 2299 310 310 766 2300 690 690 767 2301 310 310 767 2302 688 688 767 2303 331 331 768 2304 691 691 768 2305 689 689 768 2306 331 331 769 2307 689 689 769 2308 330 330 769 2309 692 692 770 2310 697 697 770 2311 696 696 770 2312 692 692 771 2313 696 696 771 2314 693 693 771 2315 693 693 772 2316 696 696 772 2317 695 695 772 2318 693 693 773 2319 695 695 773 2320 694 694 773 2321 695 695 774 2322 696 696 774 2323 699 699 774 2324 695 695 775 2325 699 699 775 2326 700 700 775 2327 696 696 776 2328 697 697 776 2329 698 698 776 2330 696 696 777 2331 698 698 777 2332 699 699 777 2333 703 703 778 2334 704 704 778 2335 705 705 778 2336 703 703 779 2337 705 705 779 2338 702 702 779 2339 702 702 780 2340 705 705 780 2341 706 706 780 2342 702 702 781 2343 706 706 781 2344 701 701 781 2345 709 709 782 2346 710 710 782 2347 711 711 782 2348 709 709 783 2349 711 711 783 2350 708 708 783 2351 708 708 784 2352 711 711 784 2353 712 712 784 2354 708 708 785 2355 712 712 785 2356 707 707 785 2357 715 715 786 2358 716 716 786 2359 717 717 786 2360 715 715 787 2361 717 717 787 2362 714 714 787 2363 714 714 788 2364 717 717 788 2365 718 718 788 2366 714 714 789 2367 718 718 789 2368 713 713 789 2369 719 719 790 2370 722 722 790 2371 723 723 790 2372 719 719 791 2373 723 723 791 2374 720 720 791 2375 720 720 792 2376 723 723 792 2377 724 724 792 2378 720 720 793 2379 724 724 793 2380 721 721 793 2381 725 725 794 2382 728 728 794 2383 729 729 794 2384 725 725 795 2385 729 729 795 2386 726 726 795 2387 726 726 796 2388 729 729 796 2389 730 730 796 2390 726 726 797 2391 730 730 797 2392 727 727 797 2393 731 731 798 2394 736 736 798 2395 735 735 798 2396 731 731 799 2397 735 735 799 2398 732 732 799 2399 732 732 800 2400 735 735 800 2401 734 734 800 2402 732 732 801 2403 734 734 801 2404 733 733 801 2405 737 737 802 2406 740 740 802 2407 741 741 802 2408 737 737 803 2409 741 741 803 2410 738 738 803 2411 738 738 804 2412 741 741 804 2413 742 742 804 2414 738 738 805 2415 742 742 805 2416 739 739 805 2417 743 743 806 2418 746 746 806 2419 747 747 806 2420 743 743 807 2421 747 747 807 2422 744 744 807 2423 744 744 808 2424 747 747 808 2425 748 748 808 2426 744 744 809 2427 748 748 809 2428 745 745 809 2429 751 751 810 2430 752 752 810 2431 753 753 810 2432 751 751 811 2433 753 753 811 2434 750 750 811 2435 750 750 812 2436 753 753 812 2437 754 754 812 2438 750 750 813 2439 754 754 813 2440 749 749 813 2441 760 760 814 2442 757 757 814 2443 756 756 814 2444 760 760 815 2445 756 756 815 2446 759 759 815 2447 759 759 816 2448 756 756 816 2449 755 755 816 2450 759 759 817 2451 755 755 817 2452 758 758 817 2453 766 766 818 2454 763 763 818 2455 762 762 818 2456 766 766 819 2457 762 762 819 2458 765 765 819 2459 765 765 820 2460 762 762 820 2461 761 761 820 2462 765 765 821 2463 761 761 821 2464 764 764 821 2465 770 770 822 2466 778 778 822 2467 777 777 822 2468 770 770 823 2469 777 777 823 2470 771 771 823 2471 771 771 824 2472 777 777 824 2473 776 776 824 2474 771 771 825 2475 776 776 825 2476 772 772 825 2477 773 773 826 2478 769 769 826 2479 768 768 826 2480 773 773 827 2481 768 768 827 2482 774 774 827 2483 774 774 828 2484 768 768 828 2485 767 767 828 2486 774 774 829 2487 767 767 829 2488 775 775 829 2489 769 769 830 2490 770 770 830 2491 771 771 830 2492 769 769 831 2493 771 771 831 2494 768 768 831 2495 768 768 832 2496 771 771 832 2497 772 772 832 2498 768 768 833 2499 772 772 833 2500 767 767 833 2501 781 781 834 2502 782 782 834 2503 783 783 834 2504 781 781 835 2505 783 783 835 2506 780 780 835 2507 780 780 836 2508 783 783 836 2509 784 784 836 2510 780 780 837 2511 784 784 837 2512 779 779 837 2513 785 785 838 2514 788 788 838 2515 789 789 838 2516 785 785 839 2517 789 789 839 2518 786 786 839 2519 786 786 840 2520 789 789 840 2521 790 790 840 2522 786 786 841 2523 790 790 841 2524 787 787 841 2525 2103 2103 842 2526 793 793 842 2527 792 792 842 2528 2103 2103 843 2529 792 792 843 2530 2104 2104 843 2531 2104 2104 844 2532 792 792 844 2533 791 791 844 2534 2104 2104 845 2535 791 791 845 2536 2105 2105 845 2537 802 802 846 2538 799 799 846 2539 798 798 846 2540 802 802 847 2541 798 798 847 2542 801 801 847 2543 801 801 848 2544 798 798 848 2545 797 797 848 2546 801 801 849 2547 797 797 849 2548 800 800 849 2549 808 808 850 2550 805 805 850 2551 804 804 850 2552 808 808 851 2553 804 804 851 2554 807 807 851 2555 807 807 852 2556 804 804 852 2557 803 803 852 2558 807 807 853 2559 803 803 853 2560 806 806 853 2561 811 811 854 2562 814 814 854 2563 813 813 854 2564 811 811 855 2565 813 813 855 2566 810 810 855 2567 810 810 856 2568 813 813 856 2569 812 812 856 2570 810 810 857 2571 812 812 857 2572 809 809 857 2573 820 820 858 2574 817 817 858 2575 816 816 858 2576 820 820 859 2577 816 816 859 2578 819 819 859 2579 819 819 860 2580 816 816 860 2581 815 815 860 2582 819 819 861 2583 815 815 861 2584 818 818 861 2585 826 826 862 2586 823 823 862 2587 822 822 862 2588 826 826 863 2589 822 822 863 2590 825 825 863 2591 825 825 864 2592 822 822 864 2593 821 821 864 2594 825 825 865 2595 821 821 865 2596 824 824 865 2597 832 832 866 2598 829 829 866 2599 828 828 866 2600 832 832 867 2601 828 828 867 2602 831 831 867 2603 831 831 868 2604 828 828 868 2605 827 827 868 2606 831 831 869 2607 827 827 869 2608 830 830 869 2609 838 838 870 2610 835 835 870 2611 834 834 870 2612 838 838 871 2613 834 834 871 2614 837 837 871 2615 837 837 872 2616 834 834 872 2617 833 833 872 2618 837 837 873 2619 833 833 873 2620 836 836 873 2621 844 844 874 2622 841 841 874 2623 840 840 874 2624 844 844 875 2625 840 840 875 2626 843 843 875 2627 843 843 876 2628 840 840 876 2629 839 839 876 2630 843 843 877 2631 839 839 877 2632 842 842 877 2633 850 850 878 2634 847 847 878 2635 846 846 878 2636 850 850 879 2637 846 846 879 2638 849 849 879 2639 849 849 880 2640 846 846 880 2641 845 845 880 2642 849 849 881 2643 845 845 881 2644 848 848 881 2645 853 853 882 2646 856 856 882 2647 855 855 882 2648 853 853 883 2649 855 855 883 2650 852 852 883 2651 852 852 884 2652 855 855 884 2653 854 854 884 2654 852 852 885 2655 854 854 885 2656 851 851 885 2657 862 862 886 2658 859 859 886 2659 858 858 886 2660 862 862 887 2661 858 858 887 2662 861 861 887 2663 861 861 888 2664 858 858 888 2665 857 857 888 2666 861 861 889 2667 857 857 889 2668 860 860 889 2669 868 868 890 2670 865 865 890 2671 864 864 890 2672 868 868 891 2673 864 864 891 2674 867 867 891 2675 867 867 892 2676 864 864 892 2677 863 863 892 2678 867 867 893 2679 863 863 893 2680 866 866 893 2681 875 875 894 2682 874 874 894 2683 873 873 894 2684 875 875 895 2685 873 873 895 2686 876 876 895 2687 876 876 896 2688 873 873 896 2689 872 872 896 2690 876 876 897 2691 872 872 897 2692 877 877 897 2693 874 874 898 2694 871 871 898 2695 870 870 898 2696 874 874 899 2697 870 870 899 2698 873 873 899 2699 873 873 900 2700 870 870 900 2701 869 869 900 2702 873 873 901 2703 869 869 901 2704 872 872 901 2705 883 883 902 2706 880 880 902 2707 879 879 902 2708 883 883 903 2709 879 879 903 2710 882 882 903 2711 882 882 904 2712 879 879 904 2713 878 878 904 2714 882 882 905 2715 878 878 905 2716 881 881 905 2717 889 889 906 2718 886 886 906 2719 885 885 906 2720 889 889 907 2721 885 885 907 2722 888 888 907 2723 888 888 908 2724 885 885 908 2725 884 884 908 2726 888 888 909 2727 884 884 909 2728 887 887 909 2729 896 896 910 2730 892 892 910 2731 891 891 910 2732 896 896 911 2733 891 891 911 2734 897 897 911 2735 897 897 912 2736 891 891 912 2737 890 890 912 2738 897 897 913 2739 890 890 913 2740 898 898 913 2741 895 895 914 2742 896 896 914 2743 897 897 914 2744 895 895 915 2745 897 897 915 2746 894 894 915 2747 894 894 916 2748 897 897 916 2749 898 898 916 2750 894 894 917 2751 898 898 917 2752 893 893 917 2753 901 901 918 2754 902 902 918 2755 903 903 918 2756 901 901 919 2757 903 903 919 2758 900 900 919 2759 900 900 920 2760 903 903 920 2761 904 904 920 2762 900 900 921 2763 904 904 921 2764 899 899 921 2765 910 910 922 2766 907 907 922 2767 906 906 922 2768 910 910 923 2769 906 906 923 2770 909 909 923 2771 909 909 924 2772 906 906 924 2773 905 905 924 2774 909 909 925 2775 905 905 925 2776 908 908 925 2777 916 916 926 2778 913 913 926 2779 912 912 926 2780 916 916 927 2781 912 912 927 2782 915 915 927 2783 915 915 928 2784 912 912 928 2785 911 911 928 2786 915 915 929 2787 911 911 929 2788 914 914 929 2789 920 920 930 2790 919 919 930 2791 918 918 930 2792 920 920 931 2793 918 918 931 2794 921 921 931 2795 921 921 932 2796 918 918 932 2797 917 917 932 2798 921 921 933 2799 917 917 933 2800 922 922 933 2801 925 925 934 2802 926 926 934 2803 927 927 934 2804 925 925 935 2805 927 927 935 2806 924 924 935 2807 924 924 936 2808 927 927 936 2809 928 928 936 2810 924 924 937 2811 928 928 937 2812 923 923 937 2813 931 931 938 2814 932 932 938 2815 933 933 938 2816 931 931 939 2817 933 933 939 2818 930 930 939 2819 930 930 940 2820 933 933 940 2821 934 934 940 2822 930 930 941 2823 934 934 941 2824 929 929 941 2825 940 940 942 2826 937 937 942 2827 936 936 942 2828 940 940 943 2829 936 936 943 2830 939 939 943 2831 939 939 944 2832 936 936 944 2833 935 935 944 2834 939 939 945 2835 935 935 945 2836 938 938 945 2837 946 946 946 2838 943 943 946 2839 942 942 946 2840 946 946 947 2841 942 942 947 2842 945 945 947 2843 945 945 948 2844 942 942 948 2845 941 941 948 2846 945 945 949 2847 941 941 949 2848 944 944 949 2849 949 949 950 2850 950 950 950 2851 951 951 950 2852 949 949 951 2853 951 951 951 2854 948 948 951 2855 948 948 952 2856 951 951 952 2857 952 952 952 2858 948 948 953 2859 952 952 953 2860 947 947 953 2861 958 958 954 2862 955 955 954 2863 954 954 954 2864 958 958 955 2865 954 954 955 2866 957 957 955 2867 957 957 956 2868 954 954 956 2869 953 953 956 2870 957 957 957 2871 953 953 957 2872 956 956 957 2873 964 964 958 2874 961 961 958 2875 960 960 958 2876 964 964 959 2877 960 960 959 2878 963 963 959 2879 963 963 960 2880 960 960 960 2881 959 959 960 2882 963 963 961 2883 959 959 961 2884 962 962 961 2885 970 970 962 2886 967 967 962 2887 966 966 962 2888 970 970 963 2889 966 966 963 2890 969 969 963 2891 969 969 964 2892 966 966 964 2893 965 965 964 2894 969 969 965 2895 965 965 965 2896 968 968 965 2897 976 976 966 2898 973 973 966 2899 972 972 966 2900 976 976 967 2901 972 972 967 2902 975 975 967 2903 975 975 968 2904 972 972 968 2905 971 971 968 2906 975 975 969 2907 971 971 969 2908 974 974 969 2909 979 979 970 2910 980 980 970 2911 981 981 970 2912 979 979 971 2913 981 981 971 2914 978 978 971 2915 978 978 972 2916 981 981 972 2917 982 982 972 2918 978 978 973 2919 982 982 973 2920 977 977 973 2921 988 988 974 2922 985 985 974 2923 984 984 974 2924 988 988 975 2925 984 984 975 2926 987 987 975 2927 987 987 976 2928 984 984 976 2929 983 983 976 2930 987 987 977 2931 983 983 977 2932 986 986 977 2933 995 995 978 2934 991 991 978 2935 990 990 978 2936 995 995 979 2937 990 990 979 2938 996 996 979 2939 996 996 980 2940 990 990 980 2941 989 989 980 2942 996 996 981 2943 989 989 981 2944 997 997 981 2945 994 994 982 2946 995 995 982 2947 996 996 982 2948 994 994 983 2949 996 996 983 2950 993 993 983 2951 993 993 984 2952 996 996 984 2953 997 997 984 2954 993 993 985 2955 997 997 985 2956 992 992 985 2957 1000 1000 986 2958 1001 1001 986 2959 1002 1002 986 2960 1000 1000 987 2961 1002 1002 987 2962 999 999 987 2963 999 999 988 2964 1002 1002 988 2965 1003 1003 988 2966 999 999 989 2967 1003 1003 989 2968 998 998 989 2969 1009 1009 990 2970 1006 1006 990 2971 1005 1005 990 2972 1009 1009 991 2973 1005 1005 991 2974 1008 1008 991 2975 1008 1008 992 2976 1005 1005 992 2977 1004 1004 992 2978 1008 1008 993 2979 1004 1004 993 2980 1007 1007 993 2981 1016 1016 994 2982 1012 1012 994 2983 1011 1011 994 2984 1016 1016 995 2985 1011 1011 995 2986 1017 1017 995 2987 1017 1017 996 2988 1011 1011 996 2989 1010 1010 996 2990 1017 1017 997 2991 1010 1010 997 2992 1018 1018 997 2993 1012 1012 998 2994 1013 1013 998 2995 1014 1014 998 2996 1012 1012 999 2997 1014 1014 999 2998 1011 1011 999 2999 1011 1011 1000 3000 1014 1014 1000 3001 1015 1015 1000 3002 1011 1011 1001 3003 1015 1015 1001 3004 1010 1010 1001 3005 1025 1025 1002 3006 1024 1024 1002 3007 1023 1023 1002 3008 1025 1025 1003 3009 1023 1023 1003 3010 1026 1026 1003 3011 1026 1026 1004 3012 1023 1023 1004 3013 1022 1022 1004 3014 1026 1026 1005 3015 1022 1022 1005 3016 1027 1027 1005 3017 1024 1024 1006 3018 1021 1021 1006 3019 1020 1020 1006 3020 1024 1024 1007 3021 1020 1020 1007 3022 1023 1023 1007 3023 1023 1023 1008 3024 1020 1020 1008 3025 1019 1019 1008 3026 1023 1023 1009 3027 1019 1019 1009 3028 1022 1022 1009 3029 1030 1030 1010 3030 1031 1031 1010 3031 1032 1032 1010 3032 1030 1030 1011 3033 1032 1032 1011 3034 1029 1029 1011 3035 1029 1029 1012 3036 1032 1032 1012 3037 1033 1033 1012 3038 1029 1029 1013 3039 1033 1033 1013 3040 1028 1028 1013 3041 1036 1036 1014 3042 1037 1037 1014 3043 1038 1038 1014 3044 1036 1036 1015 3045 1038 1038 1015 3046 1035 1035 1015 3047 1035 1035 1016 3048 1038 1038 1016 3049 1039 1039 1016 3050 1035 1035 1017 3051 1039 1039 1017 3052 1034 1034 1017 3053 1045 1045 1018 3054 1042 1042 1018 3055 1041 1041 1018 3056 1045 1045 1019 3057 1041 1041 1019 3058 1044 1044 1019 3059 1044 1044 1020 3060 1041 1041 1020 3061 1040 1040 1020 3062 1044 1044 1021 3063 1040 1040 1021 3064 1043 1043 1021 3065 1048 1048 1022 3066 1049 1049 1022 3067 1050 1050 1022 3068 1048 1048 1023 3069 1050 1050 1023 3070 1047 1047 1023 3071 1047 1047 1024 3072 1050 1050 1024 3073 1051 1051 1024 3074 1047 1047 1025 3075 1051 1051 1025 3076 1046 1046 1025 3077 1057 1057 1026 3078 1054 1054 1026 3079 1053 1053 1026 3080 1057 1057 1027 3081 1053 1053 1027 3082 1056 1056 1027 3083 1056 1056 1028 3084 1053 1053 1028 3085 1052 1052 1028 3086 1056 1056 1029 3087 1052 1052 1029 3088 1055 1055 1029 3089 1060 1060 1030 3090 1061 1061 1030 3091 1062 1062 1030 3092 1060 1060 1031 3093 1062 1062 1031 3094 1059 1059 1031 3095 1059 1059 1032 3096 1062 1062 1032 3097 1063 1063 1032 3098 1059 1059 1033 3099 1063 1063 1033 3100 1058 1058 1033 3101 1064 1064 1034 3102 1069 1069 1034 3103 1068 1068 1034 3104 1064 1064 1035 3105 1068 1068 1035 3106 1065 1065 1035 3107 1065 1065 1036 3108 1068 1068 1036 3109 1067 1067 1036 3110 1065 1065 1037 3111 1067 1067 1037 3112 1066 1066 1037 3113 1075 1075 1038 3114 1072 1072 1038 3115 1071 1071 1038 3116 1075 1075 1039 3117 1071 1071 1039 3118 1074 1074 1039 3119 1074 1074 1040 3120 1071 1071 1040 3121 1070 1070 1040 3122 1074 1074 1041 3123 1070 1070 1041 3124 1073 1073 1041 3125 1078 1078 1042 3126 1079 1079 1042 3127 1080 1080 1042 3128 1078 1078 1043 3129 1080 1080 1043 3130 1077 1077 1043 3131 1077 1077 1044 3132 1080 1080 1044 3133 1081 1081 1044 3134 1077 1077 1045 3135 1081 1081 1045 3136 1076 1076 1045 3137 1084 1084 1046 3138 1085 1085 1046 3139 1086 1086 1046 3140 1084 1084 1047 3141 1086 1086 1047 3142 1083 1083 1047 3143 1083 1083 1048 3144 1086 1086 1048 3145 1087 1087 1048 3146 1083 1083 1049 3147 1087 1087 1049 3148 1082 1082 1049 3149 1088 1088 1050 3150 1091 1091 1050 3151 1092 1092 1050 3152 1088 1088 1051 3153 1092 1092 1051 3154 1089 1089 1051 3155 1089 1089 1052 3156 1092 1092 1052 3157 1093 1093 1052 3158 1089 1089 1053 3159 1093 1093 1053 3160 1090 1090 1053 3161 1100 1100 1054 3162 1099 1099 1054 3163 1098 1098 1054 3164 1100 1100 1055 3165 1098 1098 1055 3166 1101 1101 1055 3167 1101 1101 1056 3168 1098 1098 1056 3169 1097 1097 1056 3170 1101 1101 1057 3171 1097 1097 1057 3172 1102 1102 1057 3173 1099 1099 1058 3174 1096 1096 1058 3175 1095 1095 1058 3176 1099 1099 1059 3177 1095 1095 1059 3178 1098 1098 1059 3179 1098 1098 1060 3180 1095 1095 1060 3181 1094 1094 1060 3182 1098 1098 1061 3183 1094 1094 1061 3184 1097 1097 1061 3185 1109 1109 1062 3186 1105 1105 1062 3187 1104 1104 1062 3188 1109 1109 1063 3189 1104 1104 1063 3190 1110 1110 1063 3191 1110 1110 1064 3192 1104 1104 1064 3193 1103 1103 1064 3194 1110 1110 1065 3195 1103 1103 1065 3196 1111 1111 1065 3197 1105 1105 1066 3198 1106 1106 1066 3199 1107 1107 1066 3200 1105 1105 1067 3201 1107 1107 1067 3202 1104 1104 1067 3203 1104 1104 1068 3204 1107 1107 1068 3205 1108 1108 1068 3206 1104 1104 1069 3207 1108 1108 1069 3208 1103 1103 1069 3209 1114 1114 1070 3210 1115 1115 1070 3211 1116 1116 1070 3212 1114 1114 1071 3213 1116 1116 1071 3214 1113 1113 1071 3215 1113 1113 1072 3216 1116 1116 1072 3217 1117 1117 1072 3218 1113 1113 1073 3219 1117 1117 1073 3220 1112 1112 1073 3221 49 49 1074 3222 48 48 1074 3223 1121 1121 1074 3224 49 49 1075 3225 1121 1121 1075 3226 1122 1122 1075 3227 46 46 1076 3228 45 45 1076 3229 1118 1118 1076 3230 46 46 1077 3231 1118 1118 1077 3232 1119 1119 1077 3233 73 73 1078 3234 72 72 1078 3235 1125 1125 1078 3236 73 73 1079 3237 1125 1125 1079 3238 1126 1126 1079 3239 48 48 1080 3240 47 47 1080 3241 1120 1120 1080 3242 48 48 1081 3243 1120 1120 1081 3244 1121 1121 1081 3245 50 50 1082 3246 49 49 1082 3247 1122 1122 1082 3248 50 50 1083 3249 1122 1122 1083 3250 1123 1123 1083 3251 45 45 1084 3252 51 51 1084 3253 1124 1124 1084 3254 45 45 1085 3255 1124 1124 1085 3256 1118 1118 1085 3257 47 47 1086 3258 46 46 1086 3259 1119 1119 1086 3260 47 47 1087 3261 1119 1119 1087 3262 1120 1120 1087 3263 1163 1163 1088 3264 1128 1128 1088 3265 1367 1367 1088 3266 1163 1163 1089 3267 1367 1367 1089 3268 1368 1368 1089 3269 1130 1130 1090 3270 1129 1129 1090 3271 1164 1164 1090 3272 1130 1130 1091 3273 1164 1164 1091 3274 1165 1165 1091 3275 1135 1135 1092 3276 1156 1156 1092 3277 1191 1191 1092 3278 1135 1135 1093 3279 1191 1191 1093 3280 1170 1170 1093 3281 1150 1150 1094 3282 1149 1149 1094 3283 1184 1184 1094 3284 1150 1150 1095 3285 1184 1184 1095 3286 1185 1185 1095 3287 1131 1131 1096 3288 1130 1130 1096 3289 1165 1165 1096 3290 1131 1131 1097 3291 1165 1165 1097 3292 1166 1166 1097 3293 1158 1158 1098 3294 1159 1159 1098 3295 1194 1194 1098 3296 1158 1158 1099 3297 1194 1194 1099 3298 1193 1193 1099 3299 1149 1149 1100 3300 1148 1148 1100 3301 1183 1183 1100 3302 1149 1149 1101 3303 1183 1183 1101 3304 1184 1184 1101 3305 1132 1132 1102 3306 1131 1131 1102 3307 1166 1166 1102 3308 1132 1132 1103 3309 1166 1166 1103 3310 1167 1167 1103 3311 1159 1159 1104 3312 1153 1153 1104 3313 1188 1188 1104 3314 1159 1159 1105 3315 1188 1188 1105 3316 1194 1194 1105 3317 1148 1148 1106 3318 1147 1147 1106 3319 1182 1182 1106 3320 1148 1148 1107 3321 1182 1182 1107 3322 1183 1183 1107 3323 1133 1133 1108 3324 1132 1132 1108 3325 1167 1167 1108 3326 1133 1133 1109 3327 1167 1167 1109 3328 1168 1168 1109 3329 1152 1152 1110 3330 1158 1158 1110 3331 1193 1193 1110 3332 1152 1152 1111 3333 1193 1193 1111 3334 1187 1187 1111 3335 1147 1147 1112 3336 1146 1146 1112 3337 1181 1181 1112 3338 1147 1147 1113 3339 1181 1181 1113 3340 1182 1182 1113 3341 1134 1134 1114 3342 1133 1133 1114 3343 1168 1168 1114 3344 1134 1134 1115 3345 1168 1168 1115 3346 1169 1169 1115 3347 1160 1160 1116 3348 1161 1161 1116 3349 1196 1196 1116 3350 1160 1160 1117 3351 1196 1196 1117 3352 1195 1195 1117 3353 1146 1146 1118 3354 1145 1145 1118 3355 1180 1180 1118 3356 1146 1146 1119 3357 1180 1180 1119 3358 1181 1181 1119 3359 1136 1136 1120 3360 1135 1135 1120 3361 1170 1170 1120 3362 1136 1136 1121 3363 1170 1170 1121 3364 1171 1171 1121 3365 1129 1129 1122 3366 1160 1160 1122 3367 1195 1195 1122 3368 1129 1129 1123 3369 1195 1195 1123 3370 1164 1164 1123 3371 1145 1145 1124 3372 1144 1144 1124 3373 1179 1179 1124 3374 1145 1145 1125 3375 1179 1179 1125 3376 1180 1180 1125 3377 1137 1137 1126 3378 1136 1136 1126 3379 1171 1171 1126 3380 1137 1137 1127 3381 1171 1171 1127 3382 1172 1172 1127 3383 1161 1161 1128 3384 1128 1128 1128 3385 1163 1163 1128 3386 1161 1161 1129 3387 1163 1163 1129 3388 1196 1196 1129 3389 1151 1151 1130 3390 1141 1141 1130 3391 1176 1176 1130 3392 1151 1151 1131 3393 1176 1176 1131 3394 1186 1186 1131 3395 1138 1138 1132 3396 1137 1137 1132 3397 1172 1172 1132 3398 1138 1138 1133 3399 1172 1172 1133 3400 1173 1173 1133 3401 1153 1153 1134 3402 1140 1140 1134 3403 1175 1175 1134 3404 1153 1153 1135 3405 1175 1175 1135 3406 1188 1188 1135 3407 1139 1139 1136 3408 1138 1138 1136 3409 1173 1173 1136 3410 1139 1139 1137 3411 1173 1173 1137 3412 1174 1174 1137 3413 1154 1154 1138 3414 1155 1155 1138 3415 1190 1190 1138 3416 1154 1154 1139 3417 1190 1190 1139 3418 1189 1189 1139 3419 1140 1140 1140 3420 1139 1139 1140 3421 1174 1174 1140 3422 1140 1140 1141 3423 1174 1174 1141 3424 1175 1175 1141 3425 1155 1155 1142 3426 1143 1143 1142 3427 1178 1178 1142 3428 1155 1155 1143 3429 1178 1178 1143 3430 1190 1190 1143 3431 1141 1141 1144 3432 1152 1152 1144 3433 1187 1187 1144 3434 1141 1141 1145 3435 1187 1187 1145 3436 1176 1176 1145 3437 1127 1127 1146 3438 1154 1154 1146 3439 1189 1189 1146 3440 1127 1127 1147 3441 1189 1189 1147 3442 1162 1162 1147 3443 1142 1142 1148 3444 1151 1151 1148 3445 1186 1186 1148 3446 1142 1142 1149 3447 1186 1186 1149 3448 1177 1177 1149 3449 1156 1156 1150 3450 1157 1157 1150 3451 1192 1192 1150 3452 1156 1156 1151 3453 1192 1192 1151 3454 1191 1191 1151 3455 1143 1143 1152 3456 1142 1142 1152 3457 1177 1177 1152 3458 1143 1143 1153 3459 1177 1177 1153 3460 1178 1178 1153 3461 1157 1157 1154 3462 1134 1134 1154 3463 1169 1169 1154 3464 1157 1157 1155 3465 1169 1169 1155 3466 1192 1192 1155 3467 3 3 1156 3468 2 2 1156 3469 1198 1198 1156 3470 3 3 1157 3471 1198 1198 1157 3472 1199 1199 1157 3473 7 7 1158 3474 54 54 1158 3475 1213 1213 1158 3476 7 7 1159 3477 1213 1213 1159 3478 1203 1203 1159 3479 43 43 1160 3480 11 11 1160 3481 1207 1207 1160 3482 43 43 1161 3483 1207 1207 1161 3484 1209 1209 1161 3485 53 53 1162 3486 0 0 1162 3487 1197 1197 1162 3488 53 53 1163 3489 1197 1197 1163 3490 1212 1212 1163 3491 4 4 1164 3492 3 3 1164 3493 1199 1199 1164 3494 4 4 1165 3495 1199 1199 1165 3496 1200 1200 1165 3497 5 5 1166 3498 4 4 1166 3499 1200 1200 1166 3500 5 5 1167 3501 1200 1200 1167 3502 1201 1201 1167 3503 2 2 1168 3504 52 52 1168 3505 1211 1211 1168 3506 2 2 1169 3507 1211 1211 1169 3508 1198 1198 1169 3509 6 6 1170 3510 5 5 1170 3511 1201 1201 1170 3512 6 6 1171 3513 1201 1201 1171 3514 1202 1202 1171 3515 8 8 1172 3516 7 7 1172 3517 1203 1203 1172 3518 8 8 1173 3519 1203 1203 1173 3520 1204 1204 1173 3521 41 41 1174 3522 9 9 1174 3523 1205 1205 1174 3524 41 41 1175 3525 1205 1205 1175 3526 1208 1208 1175 3527 44 44 1176 3528 8 8 1176 3529 1204 1204 1176 3530 44 44 1177 3531 1204 1204 1177 3532 1210 1210 1177 3533 9 9 1178 3534 44 44 1178 3535 1210 1210 1178 3536 9 9 1179 3537 1210 1210 1179 3538 1205 1205 1179 3539 52 52 1180 3540 53 53 1180 3541 1212 1212 1180 3542 52 52 1181 3543 1212 1212 1181 3544 1211 1211 1181 3545 1127 1127 1182 3546 1162 1162 1182 3547 1216 1216 1182 3548 1127 1127 1183 3549 1216 1216 1183 3550 1215 1215 1183 3551 54 54 1184 3552 55 55 1184 3553 1214 1214 1184 3554 54 54 1185 3555 1214 1214 1185 3556 1213 1213 1185 3557 55 55 1186 3558 6 6 1186 3559 1202 1202 1186 3560 55 55 1187 3561 1202 1202 1187 3562 1214 1214 1187 3563 10 10 1188 3564 41 41 1188 3565 1208 1208 1188 3566 10 10 1189 3567 1208 1208 1189 3568 1206 1206 1189 3569 11 11 1190 3570 10 10 1190 3571 1206 1206 1190 3572 11 11 1191 3573 1206 1206 1191 3574 1207 1207 1191 3575 1220 1220 1192 3576 1222 1222 1192 3577 1229 1229 1192 3578 1220 1220 1193 3579 1229 1229 1193 3580 1227 1227 1193 3581 1495 1495 1194 3582 1218 1218 1194 3583 1225 1225 1194 3584 1495 1495 1195 3585 1225 1225 1195 3586 1509 1509 1195 3587 1223 1223 1196 3588 1219 1219 1196 3589 1226 1226 1196 3590 1223 1223 1197 3591 1226 1226 1197 3592 1230 1230 1197 3593 1218 1218 1198 3594 1223 1223 1198 3595 1230 1230 1198 3596 1218 1218 1199 3597 1230 1230 1199 3598 1225 1225 1199 3599 1475 1475 1200 3600 1468 1468 1200 3601 1517 1517 1200 3602 1517 1517 1201 3603 1221 1221 1201 3604 1228 1228 1201 3605 1517 1517 1202 3606 1228 1228 1202 3607 1475 1475 1202 3608 1219 1219 1203 3609 1220 1220 1203 3610 1227 1227 1203 3611 1219 1219 1204 3612 1227 1227 1204 3613 1226 1226 1204 3614 13 13 1205 3615 12 12 1205 3616 1232 1232 1205 3617 13 13 1206 3618 1232 1232 1206 3619 1233 1233 1206 3620 1237 1237 1207 3621 1238 1238 1207 3622 1246 1246 1207 3623 1237 1237 1208 3624 1246 1246 1208 3625 1245 1245 1208 3626 1234 1234 1209 3627 1233 1233 1209 3628 1241 1241 1209 3629 1234 1234 1210 3630 1241 1241 1210 3631 1242 1242 1210 3632 1231 1231 1211 3633 1235 1235 1211 3634 1243 1243 1211 3635 1231 1231 1212 3636 1243 1243 1212 3637 1239 1239 1212 3638 1236 1236 1213 3639 1237 1237 1213 3640 1245 1245 1213 3641 1236 1236 1214 3642 1245 1245 1214 3643 1244 1244 1214 3644 1235 1235 1215 3645 1234 1234 1215 3646 1242 1242 1215 3647 1235 1235 1216 3648 1242 1242 1216 3649 1243 1243 1216 3650 1233 1233 1217 3651 1232 1232 1217 3652 1240 1240 1217 3653 1233 1233 1218 3654 1240 1240 1218 3655 1241 1241 1218 3656 1238 1238 1219 3657 1231 1231 1219 3658 1239 1239 1219 3659 1238 1238 1220 3660 1239 1239 1220 3661 1246 1246 1220 3662 1236 1236 1221 3663 1244 1244 1221 3664 1254 1254 1221 3665 1236 1236 1222 3666 1254 1254 1222 3667 1253 1253 1222 3668 1247 1247 1223 3669 1253 1253 1223 3670 1261 1261 1223 3671 1247 1247 1224 3672 1261 1261 1224 3673 1255 1255 1224 3674 1248 1248 1225 3675 1251 1251 1225 3676 1259 1259 1225 3677 1248 1248 1226 3678 1259 1259 1226 3679 1256 1256 1226 3680 1250 1250 1227 3681 1249 1249 1227 3682 1257 1257 1227 3683 1250 1250 1228 3684 1257 1257 1228 3685 1258 1258 1228 3686 1253 1253 1229 3687 1254 1254 1229 3688 1262 1262 1229 3689 1253 1253 1230 3690 1262 1262 1230 3691 1261 1261 1230 3692 1252 1252 1231 3693 1247 1247 1231 3694 1255 1255 1231 3695 1252 1252 1232 3696 1255 1255 1232 3697 1260 1260 1232 3698 1251 1251 1233 3699 1252 1252 1233 3700 1260 1260 1233 3701 1251 1251 1234 3702 1260 1260 1234 3703 1259 1259 1234 3704 1249 1249 1235 3705 1248 1248 1235 3706 1256 1256 1235 3707 1249 1249 1236 3708 1256 1256 1236 3709 1257 1257 1236 3710 71 71 1237 3711 66 66 1237 3712 1264 1264 1237 3713 71 71 1238 3714 1264 1264 1238 3715 1269 1269 1238 3716 67 67 1239 3717 71 71 1239 3718 1269 1269 1239 3719 67 67 1240 3720 1269 1269 1240 3721 1265 1265 1240 3722 1405 1405 1241 3723 67 67 1241 3724 1265 1265 1241 3725 1405 1405 1242 3726 1265 1265 1242 3727 1419 1419 1242 3728 69 69 1243 3729 70 70 1243 3730 1268 1268 1243 3731 69 69 1244 3732 1268 1268 1244 3733 1267 1267 1244 3734 66 66 1245 3735 69 69 1245 3736 1267 1267 1245 3737 66 66 1246 3738 1267 1267 1246 3739 1264 1264 1246 3740 1375 1375 1247 3741 68 68 1247 3742 1266 1266 1247 3743 1375 1375 1248 3744 1266 1266 1248 3745 1382 1382 1248 3746 38 38 1249 3747 37 37 1249 3748 1278 1278 1249 3749 38 38 1250 3750 1278 1278 1250 3751 1279 1279 1250 3752 32 32 1251 3753 31 31 1251 3754 1272 1272 1251 3755 32 32 1252 3756 1272 1272 1252 3757 1273 1273 1252 3758 36 36 1253 3759 35 35 1253 3760 1276 1276 1253 3761 36 36 1254 3762 1276 1276 1254 3763 1277 1277 1254 3764 39 39 1255 3765 38 38 1255 3766 1279 1279 1255 3767 39 39 1256 3768 1279 1279 1256 3769 1280 1280 1256 3770 676 676 1257 3771 29 29 1257 3772 1270 1270 1257 3773 676 676 1258 3774 1270 1270 1258 3775 1286 1286 1258 3776 33 33 1259 3777 32 32 1259 3778 1273 1273 1259 3779 33 33 1260 3780 1273 1273 1260 3781 1274 1274 1260 3782 59 59 1261 3783 34 34 1261 3784 1275 1275 1261 3785 59 59 1262 3786 1275 1275 1262 3787 1283 1283 1262 3788 29 29 1263 3789 60 60 1263 3790 1284 1284 1263 3791 29 29 1264 3792 1284 1284 1264 3793 1270 1270 1264 3794 58 58 1265 3795 59 59 1265 3796 1283 1283 1265 3797 58 58 1266 3798 1283 1283 1266 3799 1282 1282 1266 3800 40 40 1267 3801 39 39 1267 3802 1280 1280 1267 3803 40 40 1268 3804 1280 1280 1268 3805 1281 1281 1268 3806 35 35 1269 3807 58 58 1269 3808 1282 1282 1269 3809 35 35 1270 3810 1282 1282 1270 3811 1276 1276 1270 3812 37 37 1271 3813 36 36 1271 3814 1277 1277 1271 3815 37 37 1272 3816 1277 1277 1272 3817 1278 1278 1272 3818 61 61 1273 3819 40 40 1273 3820 1281 1281 1273 3821 61 61 1274 3822 1281 1281 1274 3823 1285 1285 1274 3824 34 34 1275 3825 33 33 1275 3826 1274 1274 1275 3827 34 34 1276 3828 1274 1274 1276 3829 1275 1275 1276 3830 31 31 1277 3831 30 30 1277 3832 1271 1271 1277 3833 31 31 1278 3834 1271 1271 1278 3835 1272 1272 1278 3836 60 60 1279 3837 61 61 1279 3838 1285 1285 1279 3839 60 60 1280 3840 1285 1285 1280 3841 1284 1284 1280 3842 648 648 1281 3843 647 647 1281 3844 1312 1312 1281 3845 648 648 1282 3846 1312 1312 1282 3847 1313 1313 1282 3848 644 644 1283 3849 643 643 1283 3850 1310 1310 1283 3851 644 644 1284 3852 1310 1310 1284 3853 1311 1311 1284 3854 656 656 1285 3855 655 655 1285 3856 1316 1316 1285 3857 656 656 1286 3858 1316 1316 1286 3859 1317 1317 1286 3860 1179 1179 1287 3861 1144 1144 1287 3862 1325 1325 1287 3863 1179 1179 1288 3864 1325 1325 1288 3865 1326 1326 1288 3866 665 665 1289 3867 664 664 1289 3868 1320 1320 1289 3869 665 665 1290 3870 1320 1320 1290 3871 1321 1321 1290 3872 638 638 1291 3873 637 637 1291 3874 1308 1308 1291 3875 638 638 1292 3876 1308 1308 1292 3877 1309 1309 1292 3878 73 73 1293 3879 1126 1126 1293 3880 1324 1324 1293 3881 73 73 1294 3882 1324 1324 1294 3883 1307 1307 1294 3884 671 671 1295 3885 670 670 1295 3886 1322 1322 1295 3887 671 671 1296 3888 1322 1322 1296 3889 1323 1323 1296 3890 650 650 1297 3891 649 649 1297 3892 1314 1314 1297 3893 650 650 1298 3894 1314 1314 1298 3895 1315 1315 1298 3896 659 659 1299 3897 658 658 1299 3898 1318 1318 1299 3899 659 659 1300 3900 1318 1318 1300 3901 1319 1319 1300 3902 1313 1313 1301 3903 1312 1312 1301 3904 1352 1352 1301 3905 1313 1313 1302 3906 1352 1352 1302 3907 1353 1353 1302 3908 1297 1297 1303 3909 1300 1300 1303 3910 1340 1340 1303 3911 1297 1297 1304 3912 1340 1340 1304 3913 1337 1337 1304 3914 1290 1290 1305 3915 1289 1289 1305 3916 1329 1329 1305 3917 1290 1290 1306 3918 1329 1329 1306 3919 1330 1330 1306 3920 1321 1321 1307 3921 1320 1320 1307 3922 1360 1360 1307 3923 1321 1321 1308 3924 1360 1360 1308 3925 1361 1361 1308 3926 1303 1303 1309 3927 1298 1298 1309 3928 1338 1338 1309 3929 1303 1303 1310 3930 1338 1338 1310 3931 1343 1343 1310 3932 1289 1289 1311 3933 1288 1288 1311 3934 1328 1328 1311 3935 1289 1289 1312 3936 1328 1328 1312 3937 1329 1329 1312 3938 1311 1311 1313 3939 1310 1310 1313 3940 1350 1350 1313 3941 1311 1311 1314 3942 1350 1350 1314 3943 1351 1351 1314 3944 1299 1299 1315 3945 1306 1306 1315 3946 1346 1346 1315 3947 1299 1299 1316 3948 1346 1346 1316 3949 1339 1339 1316 3950 1287 1287 1317 3951 1290 1290 1317 3952 1330 1330 1317 3953 1287 1287 1318 3954 1330 1330 1318 3955 1327 1327 1318 3956 1319 1319 1319 3957 1318 1318 1319 3958 1358 1358 1319 3959 1319 1319 1320 3960 1358 1358 1320 3961 1359 1359 1320 3962 1305 1305 1321 3963 1302 1302 1321 3964 1342 1342 1321 3965 1305 1305 1322 3966 1342 1342 1322 3967 1345 1345 1322 3968 1292 1292 1323 3969 1295 1295 1323 3970 1335 1335 1323 3971 1292 1292 1324 3972 1335 1335 1324 3973 1332 1332 1324 3974 1315 1315 1325 3975 1314 1314 1325 3976 1354 1354 1325 3977 1315 1315 1326 3978 1354 1354 1326 3979 1355 1355 1326 3980 1291 1291 1327 3981 1307 1307 1327 3982 1347 1347 1327 3983 1291 1291 1328 3984 1347 1347 1328 3985 1331 1331 1328 3986 1301 1301 1329 3987 1293 1293 1329 3988 1333 1333 1329 3989 1301 1301 1330 3990 1333 1333 1330 3991 1341 1341 1330 3992 1309 1309 1331 3993 1308 1308 1331 3994 1348 1348 1331 3995 1309 1309 1332 3996 1348 1348 1332 3997 1349 1349 1332 3998 1317 1317 1333 3999 1316 1316 1333 4000 1356 1356 1333 4001 1317 1317 1334 4002 1356 1356 1334 4003 1357 1357 1334 4004 1294 1294 1335 4005 1291 1291 1335 4006 1331 1331 1335 4007 1294 1294 1336 4008 1331 1331 1336 4009 1334 1334 1336 4010 1307 1307 1337 4011 1324 1324 1337 4012 1364 1364 1337 4013 1307 1307 1338 4014 1364 1364 1338 4015 1347 1347 1338 4016 1323 1323 1339 4017 1322 1322 1339 4018 1362 1362 1339 4019 1323 1323 1340 4020 1362 1362 1340 4021 1363 1363 1340 4022 1296 1296 1341 4023 1304 1304 1341 4024 1344 1344 1341 4025 1296 1296 1342 4026 1344 1344 1342 4027 1336 1336 1342 4028 1326 1326 1343 4029 1325 1325 1343 4030 1365 1365 1343 4031 1326 1326 1344 4032 1365 1365 1344 4033 1366 1366 1344 4034 1368 1368 1345 4035 1367 1367 1345 4036 1369 1369 1345 4037 1368 1368 1346 4038 1369 1369 1346 4039 1370 1370 1346 4040 1371 1371 1347 4041 1372 1372 1347 4042 1374 1374 1347 4043 1371 1371 1348 4044 1374 1374 1348 4045 1373 1373 1348 4046 70 70 1349 4047 1381 1381 1349 4048 1388 1388 1349 4049 70 70 1350 4050 1388 1388 1350 4051 1268 1268 1350 4052 1381 1381 1351 4053 1380 1380 1351 4054 1387 1387 1351 4055 1381 1381 1352 4056 1387 1387 1352 4057 1388 1388 1352 4058 1380 1380 1353 4059 1379 1379 1353 4060 1386 1386 1353 4061 1380 1380 1354 4062 1386 1386 1354 4063 1387 1387 1354 4064 1379 1379 1355 4065 1378 1378 1355 4066 1385 1385 1355 4067 1379 1379 1356 4068 1385 1385 1356 4069 1386 1386 1356 4070 1378 1378 1357 4071 1377 1377 1357 4072 1384 1384 1357 4073 1378 1378 1358 4074 1384 1384 1358 4075 1385 1385 1358 4076 1377 1377 1359 4077 1376 1376 1359 4078 1383 1383 1359 4079 1377 1377 1360 4080 1383 1383 1360 4081 1384 1384 1360 4082 1376 1376 1361 4083 1375 1375 1361 4084 1382 1382 1361 4085 1376 1376 1362 4086 1382 1382 1362 4087 1383 1383 1362 4088 64 64 1363 4089 1389 1389 1363 4090 1406 1406 1363 4091 64 64 1364 4092 1406 1406 1364 4093 1263 1263 1364 4094 1389 1389 1365 4095 1391 1391 1365 4096 1407 1407 1365 4097 1389 1389 1366 4098 1407 1407 1366 4099 1406 1406 1366 4100 1391 1391 1367 4101 1392 1392 1367 4102 1408 1408 1367 4103 1391 1391 1368 4104 1408 1408 1368 4105 1407 1407 1368 4106 1392 1392 1369 4107 1393 1393 1369 4108 1409 1409 1369 4109 1392 1392 1370 4110 1409 1409 1370 4111 1408 1408 1370 4112 1393 1393 1371 4113 1394 1394 1371 4114 1410 1410 1371 4115 1393 1393 1372 4116 1410 1410 1372 4117 1409 1409 1372 4118 1394 1394 1373 4119 1395 1395 1373 4120 1411 1411 1373 4121 1394 1394 1374 4122 1411 1411 1374 4123 1410 1410 1374 4124 1395 1395 1375 4125 1396 1396 1375 4126 1412 1412 1375 4127 1395 1395 1376 4128 1412 1412 1376 4129 1411 1411 1376 4130 1396 1396 1377 4131 1397 1397 1377 4132 1413 1413 1377 4133 1396 1396 1378 4134 1413 1413 1378 4135 1412 1412 1378 4136 1397 1397 1379 4137 1399 1399 1379 4138 1414 1414 1379 4139 1397 1397 1380 4140 1414 1414 1380 4141 1413 1413 1380 4142 1399 1399 1381 4143 1401 1401 1381 4144 1415 1415 1381 4145 1399 1399 1382 4146 1415 1415 1382 4147 1414 1414 1382 4148 1401 1401 1383 4149 1402 1402 1383 4150 1416 1416 1383 4151 1401 1401 1384 4152 1416 1416 1384 4153 1415 1415 1384 4154 1402 1402 1385 4155 1403 1403 1385 4156 1417 1417 1385 4157 1402 1402 1386 4158 1417 1417 1386 4159 1416 1416 1386 4160 1403 1403 1387 4161 1404 1404 1387 4162 1418 1418 1387 4163 1403 1403 1388 4164 1418 1418 1388 4165 1417 1417 1388 4166 1404 1404 1389 4167 1405 1405 1389 4168 1419 1419 1389 4169 1404 1404 1390 4170 1419 1419 1390 4171 1418 1418 1390 4172 1390 1390 1391 4173 65 65 1391 4174 1398 1398 1391 4175 1390 1390 1392 4176 1398 1398 1392 4177 1400 1400 1392 4178 1443 1443 1393 4179 1442 1442 1393 4180 1524 1524 1393 4181 1443 1443 1394 4182 1524 1524 1394 4183 1510 1510 1394 4184 1453 1453 1395 4185 1441 1441 1395 4186 1521 1521 1395 4187 1453 1453 1396 4188 1521 1521 1396 4189 1526 1526 1396 4190 1447 1447 1397 4191 1525 1525 1397 4192 1523 1523 1397 4193 1447 1447 1398 4194 1523 1523 1398 4195 1440 1440 1398 4196 1454 1454 1399 4197 1438 1438 1399 4198 1514 1514 1399 4199 1454 1454 1400 4200 1514 1514 1400 4201 1511 1511 1400 4202 1441 1441 1401 4203 1448 1448 1401 4204 1522 1522 1401 4205 1441 1441 1402 4206 1522 1522 1402 4207 1521 1521 1402 4208 1448 1448 1403 4209 1440 1440 1403 4210 1523 1523 1403 4211 1448 1448 1404 4212 1523 1523 1404 4213 1522 1522 1404 4214 1438 1438 1405 4215 1449 1449 1405 4216 1516 1516 1405 4217 1438 1438 1406 4218 1516 1516 1406 4219 1514 1514 1406 4220 1437 1437 1407 4221 1450 1450 1407 4222 1519 1519 1407 4223 1437 1437 1408 4224 1519 1519 1408 4225 1518 1518 1408 4226 1449 1449 1409 4227 1437 1437 1409 4228 1518 1518 1409 4229 1449 1449 1410 4230 1518 1518 1410 4231 1516 1516 1410 4232 1446 1446 1411 4233 2171 2171 1411 4234 1466 1466 1411 4235 2117 2117 1412 4236 1444 1444 1412 4237 1460 1460 1412 4238 2117 2117 1413 4239 1460 1460 1413 4240 2125 2125 1413 4241 1444 1444 1414 4242 2074 2074 1414 4243 2066 2066 1414 4244 1444 1444 1415 4245 2066 2066 1415 4246 1460 1460 1415 4247 1442 1442 1416 4248 1453 1453 1416 4249 1526 1526 1416 4250 1442 1442 1417 4251 1526 1526 1417 4252 1524 1524 1417 4253 2157 2157 1418 4254 1455 1455 1418 4255 1467 1467 1418 4256 2157 2157 1419 4257 1467 1467 1419 4258 2164 2164 1419 4259 1456 1456 1420 4260 1457 1457 1420 4261 1515 1515 1420 4262 1456 1456 1421 4263 1515 1515 1421 4264 1513 1513 1421 4265 1439 1439 1422 4266 1456 1456 1422 4267 1513 1513 1422 4268 1439 1439 1423 4269 1513 1513 1423 4270 1512 1512 1423 4271 1458 1458 1424 4272 2145 2145 1424 4273 1464 1464 1424 4274 2151 2151 1425 4275 1458 1458 1425 4276 2146 2146 1425 4277 2151 2151 1426 4278 2146 2146 1426 4279 2152 2152 1426 4280 2143 2143 1427 4281 2133 2133 1427 4282 1459 1459 1427 4283 2143 2143 1428 4284 1459 1459 1428 4285 2138 2138 1428 4286 1222 1222 1429 4287 1474 1474 1429 4288 1481 1481 1429 4289 1222 1222 1430 4290 1481 1481 1430 4291 1229 1229 1430 4292 1474 1474 1431 4293 1473 1473 1431 4294 1480 1480 1431 4295 1474 1474 1432 4296 1480 1480 1432 4297 1481 1481 1432 4298 1473 1473 1433 4299 1472 1472 1433 4300 1479 1479 1433 4301 1473 1473 1434 4302 1479 1479 1434 4303 1480 1480 1434 4304 1472 1472 1435 4305 1471 1471 1435 4306 1478 1478 1435 4307 1472 1472 1436 4308 1478 1478 1436 4309 1479 1479 1436 4310 1471 1471 1437 4311 1470 1470 1437 4312 1477 1477 1437 4313 1471 1471 1438 4314 1477 1477 1438 4315 1478 1478 1438 4316 1470 1470 1439 4317 1469 1469 1439 4318 1476 1476 1439 4319 1470 1470 1440 4320 1476 1476 1440 4321 1477 1477 1440 4322 1469 1469 1441 4323 1468 1468 1441 4324 1475 1475 1441 4325 1469 1469 1442 4326 1475 1475 1442 4327 1476 1476 1442 4328 1217 1217 1443 4329 1482 1482 1443 4330 1496 1496 1443 4331 1217 1217 1444 4332 1496 1496 1444 4333 1224 1224 1444 4334 1482 1482 1445 4335 1483 1483 1445 4336 1497 1497 1445 4337 1482 1482 1446 4338 1497 1497 1446 4339 1496 1496 1446 4340 1483 1483 1447 4341 1484 1484 1447 4342 1498 1498 1447 4343 1483 1483 1448 4344 1498 1498 1448 4345 1497 1497 1448 4346 1484 1484 1449 4347 1485 1485 1449 4348 1499 1499 1449 4349 1484 1484 1450 4350 1499 1499 1450 4351 1498 1498 1450 4352 1485 1485 1451 4353 1486 1486 1451 4354 1500 1500 1451 4355 1485 1485 1452 4356 1500 1500 1452 4357 1499 1499 1452 4358 1486 1486 1453 4359 1487 1487 1453 4360 1501 1501 1453 4361 1486 1486 1454 4362 1501 1501 1454 4363 1500 1500 1454 4364 1487 1487 1455 4365 1488 1488 1455 4366 1502 1502 1455 4367 1487 1487 1456 4368 1502 1502 1456 4369 1501 1501 1456 4370 1488 1488 1457 4371 1489 1489 1457 4372 1503 1503 1457 4373 1488 1488 1458 4374 1503 1503 1458 4375 1502 1502 1458 4376 1489 1489 1459 4377 1490 1490 1459 4378 1504 1504 1459 4379 1489 1489 1460 4380 1504 1504 1460 4381 1503 1503 1460 4382 1490 1490 1461 4383 1491 1491 1461 4384 1505 1505 1461 4385 1490 1490 1462 4386 1505 1505 1462 4387 1504 1504 1462 4388 1491 1491 1463 4389 1492 1492 1463 4390 1506 1506 1463 4391 1491 1491 1464 4392 1506 1506 1464 4393 1505 1505 1464 4394 1492 1492 1465 4395 1493 1493 1465 4396 1507 1507 1465 4397 1492 1492 1466 4398 1507 1507 1466 4399 1506 1506 1466 4400 1493 1493 1467 4401 1494 1494 1467 4402 1508 1508 1467 4403 1493 1493 1468 4404 1508 1508 1468 4405 1507 1507 1468 4406 1494 1494 1469 4407 1495 1495 1469 4408 1509 1509 1469 4409 1494 1494 1470 4410 1509 1509 1470 4411 1508 1508 1470 4412 1517 1517 1471 4413 1468 1468 1471 4414 1469 1469 1471 4415 1520 1520 1472 4416 1221 1221 1472 4417 1517 1517 1472 4418 1469 1469 1473 4419 1520 1520 1473 4420 1517 1517 1473 4421 1511 1511 1474 4422 1515 1515 1474 4423 1457 1457 1474 4424 1511 1511 1475 4425 1457 1457 1475 4426 1454 1454 1475 4427 1420 1420 1476 4428 2039 2039 1476 4429 2032 2032 1476 4430 1622 1622 1477 4431 1988 1988 1477 4432 1420 1420 1477 4433 1661 1661 1478 4434 2048 2048 1478 4435 2059 2059 1478 4436 1435 1435 1479 4437 1583 1583 1479 4438 1601 1601 1479 4439 1435 1435 1480 4440 1601 1601 1480 4441 1436 1436 1480 4442 1582 1582 1481 4443 1581 1581 1481 4444 1599 1599 1481 4445 1582 1582 1482 4446 1599 1599 1482 4447 1600 1600 1482 4448 1580 1580 1483 4449 1579 1579 1483 4450 1597 1597 1483 4451 1580 1580 1484 4452 1597 1597 1484 4453 1598 1598 1484 4454 1578 1578 1485 4455 1577 1577 1485 4456 1595 1595 1485 4457 1578 1578 1486 4458 1595 1595 1486 4459 1596 1596 1486 4460 1576 1576 1487 4461 1575 1575 1487 4462 1593 1593 1487 4463 1576 1576 1488 4464 1593 1593 1488 4465 1594 1594 1488 4466 1574 1574 1489 4467 1573 1573 1489 4468 1591 1591 1489 4469 1574 1574 1490 4470 1591 1591 1490 4471 1592 1592 1490 4472 1572 1572 1491 4473 1571 1571 1491 4474 1589 1589 1491 4475 1572 1572 1492 4476 1589 1589 1492 4477 1590 1590 1492 4478 1570 1570 1493 4479 1569 1569 1493 4480 1587 1587 1493 4481 1570 1570 1494 4482 1587 1587 1494 4483 1588 1588 1494 4484 1568 1568 1495 4485 1567 1567 1495 4486 1585 1585 1495 4487 1568 1568 1496 4488 1585 1585 1496 4489 1586 1586 1496 4490 1566 1566 1497 4491 1565 1565 1497 4492 2012 2012 1497 4493 1428 1428 1498 4494 1564 1564 1498 4495 1583 1583 1498 4496 1428 1428 1499 4497 1583 1583 1499 4498 1435 1435 1499 4499 1563 1563 1500 4500 1562 1562 1500 4501 1581 1581 1500 4502 1563 1563 1501 4503 1581 1581 1501 4504 1582 1582 1501 4505 1561 1561 1502 4506 1560 1560 1502 4507 1579 1579 1502 4508 1561 1561 1503 4509 1579 1579 1503 4510 1580 1580 1503 4511 1559 1559 1504 4512 1558 1558 1504 4513 1577 1577 1504 4514 1559 1559 1505 4515 1577 1577 1505 4516 1578 1578 1505 4517 1557 1557 1506 4518 1556 1556 1506 4519 1575 1575 1506 4520 1557 1557 1507 4521 1575 1575 1507 4522 1576 1576 1507 4523 1555 1555 1508 4524 1554 1554 1508 4525 1573 1573 1508 4526 1555 1555 1509 4527 1573 1573 1509 4528 1574 1574 1509 4529 1553 1553 1510 4530 1552 1552 1510 4531 1571 1571 1510 4532 1553 1553 1511 4533 1571 1571 1511 4534 1572 1572 1511 4535 1551 1551 1512 4536 1550 1550 1512 4537 1569 1569 1512 4538 1551 1551 1513 4539 1569 1569 1513 4540 1570 1570 1513 4541 1549 1549 1514 4542 1548 1548 1514 4543 1567 1567 1514 4544 1549 1549 1515 4545 1567 1567 1515 4546 1568 1568 1515 4547 1547 1547 1516 4548 1546 1546 1516 4549 1566 1566 1516 4550 1546 1546 1517 4551 2013 2013 1517 4552 1565 1565 1517 4553 1815 1815 1518 4554 1995 1995 1518 4555 2005 2005 1518 4556 1819 1819 1519 4557 1822 1822 1519 4558 1618 1618 1519 4559 1819 1819 1520 4560 1618 1618 1520 4561 1619 1619 1520 4562 1826 1826 1521 4563 1830 1830 1521 4564 1616 1616 1521 4565 1826 1826 1522 4566 1616 1616 1522 4567 1617 1617 1522 4568 1835 1835 1523 4569 1841 1841 1523 4570 1614 1614 1523 4571 1835 1835 1524 4572 1614 1614 1524 4573 1615 1615 1524 4574 1847 1847 1525 4575 1854 1854 1525 4576 1612 1612 1525 4577 1847 1847 1526 4578 1612 1612 1526 4579 1613 1613 1526 4580 1862 1862 1527 4581 1871 1871 1527 4582 1610 1610 1527 4583 1862 1862 1528 4584 1610 1610 1528 4585 1611 1611 1528 4586 1881 1881 1529 4587 1892 1892 1529 4588 1608 1608 1529 4589 1881 1881 1530 4590 1608 1608 1530 4591 1609 1609 1530 4592 1904 1904 1531 4593 1917 1917 1531 4594 1606 1606 1531 4595 1904 1904 1532 4596 1606 1606 1532 4597 1607 1607 1532 4598 1931 1931 1533 4599 1946 1946 1533 4600 1604 1604 1533 4601 1931 1931 1534 4602 1604 1604 1534 4603 1605 1605 1534 4604 1962 1962 1535 4605 1979 1979 1535 4606 1602 1602 1535 4607 1962 1962 1536 4608 1602 1602 1536 4609 1603 1603 1536 4610 1947 1947 1537 4611 2006 2006 1537 4612 1948 1948 1537 4613 1948 1948 1538 4614 1965 1965 1538 4615 1966 1966 1538 4616 1948 1948 1539 4617 1966 1966 1539 4618 1949 1949 1539 4619 1949 1949 1540 4620 1966 1966 1540 4621 1967 1967 1540 4622 1949 1949 1541 4623 1967 1967 1541 4624 1950 1950 1541 4625 1950 1950 1542 4626 1967 1967 1542 4627 1968 1968 1542 4628 1950 1950 1543 4629 1968 1968 1543 4630 1951 1951 1543 4631 1951 1951 1544 4632 1968 1968 1544 4633 1969 1969 1544 4634 1951 1951 1545 4635 1969 1969 1545 4636 1952 1952 1545 4637 1952 1952 1546 4638 1969 1969 1546 4639 1970 1970 1546 4640 1952 1952 1547 4641 1970 1970 1547 4642 1953 1953 1547 4643 1953 1953 1548 4644 1970 1970 1548 4645 1971 1971 1548 4646 1953 1953 1549 4647 1971 1971 1549 4648 1954 1954 1549 4649 1954 1954 1550 4650 1971 1971 1550 4651 1972 1972 1550 4652 1954 1954 1551 4653 1972 1972 1551 4654 1955 1955 1551 4655 1955 1955 1552 4656 1972 1972 1552 4657 1973 1973 1552 4658 1955 1955 1553 4659 1973 1973 1553 4660 1956 1956 1553 4661 1956 1956 1554 4662 1973 1973 1554 4663 1974 1974 1554 4664 1956 1956 1555 4665 1974 1974 1555 4666 1957 1957 1555 4667 1957 1957 1556 4668 1974 1974 1556 4669 1975 1975 1556 4670 1957 1957 1557 4671 1975 1975 1557 4672 1958 1958 1557 4673 1958 1958 1558 4674 1975 1975 1558 4675 1976 1976 1558 4676 1958 1958 1559 4677 1976 1976 1559 4678 1959 1959 1559 4679 1959 1959 1560 4680 1976 1976 1560 4681 1977 1977 1560 4682 1959 1959 1561 4683 1977 1977 1561 4684 1960 1960 1561 4685 1960 1960 1562 4686 1977 1977 1562 4687 1978 1978 1562 4688 1960 1960 1563 4689 1978 1978 1563 4690 1961 1961 1563 4691 1961 1961 1564 4692 1978 1978 1564 4693 1979 1979 1564 4694 1961 1961 1565 4695 1979 1979 1565 4696 1962 1962 1565 4697 1932 1932 1566 4698 1948 1948 1566 4699 1933 1933 1566 4700 1918 1918 1567 4701 1933 1933 1567 4702 1919 1919 1567 4703 1919 1919 1568 4704 1934 1934 1568 4705 1935 1935 1568 4706 1919 1919 1569 4707 1935 1935 1569 4708 1920 1920 1569 4709 1920 1920 1570 4710 1935 1935 1570 4711 1936 1936 1570 4712 1920 1920 1571 4713 1936 1936 1571 4714 1921 1921 1571 4715 1921 1921 1572 4716 1936 1936 1572 4717 1937 1937 1572 4718 1921 1921 1573 4719 1937 1937 1573 4720 1922 1922 1573 4721 1922 1922 1574 4722 1937 1937 1574 4723 1938 1938 1574 4724 1922 1922 1575 4725 1938 1938 1575 4726 1923 1923 1575 4727 1923 1923 1576 4728 1938 1938 1576 4729 1939 1939 1576 4730 1923 1923 1577 4731 1939 1939 1577 4732 1924 1924 1577 4733 1924 1924 1578 4734 1939 1939 1578 4735 1940 1940 1578 4736 1924 1924 1579 4737 1940 1940 1579 4738 1925 1925 1579 4739 1925 1925 1580 4740 1940 1940 1580 4741 1941 1941 1580 4742 1925 1925 1581 4743 1941 1941 1581 4744 1926 1926 1581 4745 1926 1926 1582 4746 1941 1941 1582 4747 1942 1942 1582 4748 1926 1926 1583 4749 1942 1942 1583 4750 1927 1927 1583 4751 1927 1927 1584 4752 1942 1942 1584 4753 1943 1943 1584 4754 1927 1927 1585 4755 1943 1943 1585 4756 1928 1928 1585 4757 1928 1928 1586 4758 1943 1943 1586 4759 1944 1944 1586 4760 1928 1928 1587 4761 1944 1944 1587 4762 1929 1929 1587 4763 1929 1929 1588 4764 1944 1944 1588 4765 1945 1945 1588 4766 1929 1929 1589 4767 1945 1945 1589 4768 1930 1930 1589 4769 1930 1930 1590 4770 1945 1945 1590 4771 1946 1946 1590 4772 1930 1930 1591 4773 1946 1946 1591 4774 1931 1931 1591 4775 1905 1905 1592 4776 1919 1919 1592 4777 1906 1906 1592 4778 1893 1893 1593 4779 1906 1906 1593 4780 1894 1894 1593 4781 1894 1894 1594 4782 1907 1907 1594 4783 1908 1908 1594 4784 1894 1894 1595 4785 1908 1908 1595 4786 1895 1895 1595 4787 1895 1895 1596 4788 1908 1908 1596 4789 1909 1909 1596 4790 1895 1895 1597 4791 1909 1909 1597 4792 1896 1896 1597 4793 1896 1896 1598 4794 1909 1909 1598 4795 1910 1910 1598 4796 1896 1896 1599 4797 1910 1910 1599 4798 1897 1897 1599 4799 1897 1897 1600 4800 1910 1910 1600 4801 1911 1911 1600 4802 1897 1897 1601 4803 1911 1911 1601 4804 1898 1898 1601 4805 1898 1898 1602 4806 1911 1911 1602 4807 1912 1912 1602 4808 1898 1898 1603 4809 1912 1912 1603 4810 1899 1899 1603 4811 1899 1899 1604 4812 1912 1912 1604 4813 1913 1913 1604 4814 1899 1899 1605 4815 1913 1913 1605 4816 1900 1900 1605 4817 1900 1900 1606 4818 1913 1913 1606 4819 1914 1914 1606 4820 1900 1900 1607 4821 1914 1914 1607 4822 1901 1901 1607 4823 1901 1901 1608 4824 1914 1914 1608 4825 1915 1915 1608 4826 1901 1901 1609 4827 1915 1915 1609 4828 1902 1902 1609 4829 1902 1902 1610 4830 1915 1915 1610 4831 1916 1916 1610 4832 1902 1902 1611 4833 1916 1916 1611 4834 1903 1903 1611 4835 1903 1903 1612 4836 1916 1916 1612 4837 1917 1917 1612 4838 1903 1903 1613 4839 1917 1917 1613 4840 1904 1904 1613 4841 1882 1882 1614 4842 1894 1894 1614 4843 1883 1883 1614 4844 1872 1872 1615 4845 1883 1883 1615 4846 1873 1873 1615 4847 1873 1873 1616 4848 1884 1884 1616 4849 1885 1885 1616 4850 1873 1873 1617 4851 1885 1885 1617 4852 1874 1874 1617 4853 1874 1874 1618 4854 1885 1885 1618 4855 1886 1886 1618 4856 1874 1874 1619 4857 1886 1886 1619 4858 1875 1875 1619 4859 1875 1875 1620 4860 1886 1886 1620 4861 1887 1887 1620 4862 1875 1875 1621 4863 1887 1887 1621 4864 1876 1876 1621 4865 1876 1876 1622 4866 1887 1887 1622 4867 1888 1888 1622 4868 1876 1876 1623 4869 1888 1888 1623 4870 1877 1877 1623 4871 1877 1877 1624 4872 1888 1888 1624 4873 1889 1889 1624 4874 1877 1877 1625 4875 1889 1889 1625 4876 1878 1878 1625 4877 1878 1878 1626 4878 1889 1889 1626 4879 1890 1890 1626 4880 1878 1878 1627 4881 1890 1890 1627 4882 1879 1879 1627 4883 1879 1879 1628 4884 1890 1890 1628 4885 1891 1891 1628 4886 1879 1879 1629 4887 1891 1891 1629 4888 1880 1880 1629 4889 1880 1880 1630 4890 1891 1891 1630 4891 1892 1892 1630 4892 1880 1880 1631 4893 1892 1892 1631 4894 1881 1881 1631 4895 1863 1863 1632 4896 1873 1873 1632 4897 1864 1864 1632 4898 1855 1855 1633 4899 1864 1864 1633 4900 1992 1992 1633 4901 1856 1856 1634 4902 1865 1865 1634 4903 1866 1866 1634 4904 1856 1856 1635 4905 1866 1866 1635 4906 1857 1857 1635 4907 1857 1857 1636 4908 1866 1866 1636 4909 1867 1867 1636 4910 1857 1857 1637 4911 1867 1867 1637 4912 1858 1858 1637 4913 1858 1858 1638 4914 1867 1867 1638 4915 1868 1868 1638 4916 1858 1858 1639 4917 1868 1868 1639 4918 1859 1859 1639 4919 1859 1859 1640 4920 1868 1868 1640 4921 1869 1869 1640 4922 1859 1859 1641 4923 1869 1869 1641 4924 1860 1860 1641 4925 1860 1860 1642 4926 1869 1869 1642 4927 1870 1870 1642 4928 1860 1860 1643 4929 1870 1870 1643 4930 1861 1861 1643 4931 1861 1861 1644 4932 1870 1870 1644 4933 1871 1871 1644 4934 1861 1861 1645 4935 1871 1871 1645 4936 1862 1862 1645 4937 1848 1848 1646 4938 2003 2003 1646 4939 2001 2001 1646 4940 1842 1842 1647 4941 1849 1849 1647 4942 1850 1850 1647 4943 1842 1842 1648 4944 1850 1850 1648 4945 1843 1843 1648 4946 1843 1843 1649 4947 1850 1850 1649 4948 1851 1851 1649 4949 1843 1843 1650 4950 1851 1851 1650 4951 1844 1844 1650 4952 1844 1844 1651 4953 1851 1851 1651 4954 1852 1852 1651 4955 1844 1844 1652 4956 1852 1852 1652 4957 1845 1845 1652 4958 1845 1845 1653 4959 1852 1852 1653 4960 1853 1853 1653 4961 1845 1845 1654 4962 1853 1853 1654 4963 1846 1846 1654 4964 1846 1846 1655 4965 1853 1853 1655 4966 1854 1854 1655 4967 1846 1846 1656 4968 1854 1854 1656 4969 1847 1847 1656 4970 1836 1836 1657 4971 1842 1842 1657 4972 2008 2008 1657 4973 1831 1831 1658 4974 2002 2002 1658 4975 2009 2009 1658 4976 1832 1832 1659 4977 1838 1838 1659 4978 1839 1839 1659 4979 1832 1832 1660 4980 1839 1839 1660 4981 1833 1833 1660 4982 1833 1833 1661 4983 1839 1839 1661 4984 1840 1840 1661 4985 1833 1833 1662 4986 1840 1840 1662 4987 1834 1834 1662 4988 1834 1834 1663 4989 1840 1840 1663 4990 1841 1841 1663 4991 1834 1834 1664 4992 1841 1841 1664 4993 1835 1835 1664 4994 1823 1823 1665 4995 1827 1827 1665 4996 2007 2007 1665 4997 1824 1824 1666 4998 1828 1828 1666 4999 1829 1829 1666 5000 1824 1824 1667 5001 1829 1829 1667 5002 1825 1825 1667 5003 1825 1825 1668 5004 1829 1829 1668 5005 1830 1830 1668 5006 1825 1825 1669 5007 1830 1830 1669 5008 1826 1826 1669 5009 1820 1820 1670 5010 2000 2000 1670 5011 1999 1999 1670 5012 1818 1818 1671 5013 1821 1821 1671 5014 1822 1822 1671 5015 1818 1818 1672 5016 1822 1822 1672 5017 1819 1819 1672 5018 1816 1816 1673 5019 1818 1818 1673 5020 1997 1997 1673 5021 1813 1813 1674 5022 2057 2057 1674 5023 2063 2063 1674 5024 1543 1543 1675 5025 1544 1544 1675 5026 1812 1812 1675 5027 1543 1543 1676 5028 1812 1812 1676 5029 1810 1810 1676 5030 1810 1810 1677 5031 1812 1812 1677 5032 1984 1984 1677 5033 1810 1810 1678 5034 1984 1984 1678 5035 1811 1811 1678 5036 1811 1811 1679 5037 1813 1813 1679 5038 2063 2063 1679 5039 1811 1811 1680 5040 2063 2063 1680 5041 2035 2035 1680 5042 1809 1809 1681 5043 2042 2042 1681 5044 2045 2045 1681 5045 1541 1541 1682 5046 1542 1542 1682 5047 1807 1807 1682 5048 1541 1541 1683 5049 1807 1807 1683 5050 1803 1803 1683 5051 1803 1803 1684 5052 1807 1807 1684 5053 1808 1808 1684 5054 1803 1803 1685 5055 1808 1808 1685 5056 1804 1804 1685 5057 1805 1805 1686 5058 1804 1804 1686 5059 1808 1808 1686 5060 1808 1808 1687 5061 1981 1981 1687 5062 1987 1987 1687 5063 1808 1808 1688 5064 1987 1987 1688 5065 1805 1805 1688 5066 1805 1805 1689 5067 1987 1987 1689 5068 1982 1982 1689 5069 1806 1806 1690 5070 2037 2037 1690 5071 2054 2054 1690 5072 1801 1801 1691 5073 1806 1806 1691 5074 2054 2054 1691 5075 1801 1801 1692 5076 2054 2054 1692 5077 1802 1802 1692 5078 1539 1539 1693 5079 1540 1540 1693 5080 1798 1798 1693 5081 1539 1539 1694 5082 1798 1798 1694 5083 1793 1793 1694 5084 1793 1793 1695 5085 1798 1798 1695 5086 1799 1799 1695 5087 1793 1793 1696 5088 1799 1799 1696 5089 1794 1794 1696 5090 1794 1794 1697 5091 1799 1799 1697 5092 1800 1800 1697 5093 1794 1794 1698 5094 1800 1800 1698 5095 1795 1795 1698 5096 1795 1795 1699 5097 1800 1800 1699 5098 1801 1801 1699 5099 1795 1795 1700 5100 1801 1801 1700 5101 1796 1796 1700 5102 1796 1796 1701 5103 1801 1801 1701 5104 1991 1991 1701 5105 1797 1797 1702 5106 1802 1802 1702 5107 2034 2034 1702 5108 1792 1792 1703 5109 2050 2050 1703 5110 2044 2044 1703 5111 1537 1537 1704 5112 1538 1538 1704 5113 1787 1787 1704 5114 1537 1537 1705 5115 1787 1787 1705 5116 1780 1780 1705 5117 1780 1780 1706 5118 1787 1787 1706 5119 1788 1788 1706 5120 1780 1780 1707 5121 1788 1788 1707 5122 1781 1781 1707 5123 1781 1781 1708 5124 1788 1788 1708 5125 1789 1789 1708 5126 1781 1781 1709 5127 1789 1789 1709 5128 1782 1782 1709 5129 1782 1782 1710 5130 1789 1789 1710 5131 1790 1790 1710 5132 1782 1782 1711 5133 1790 1790 1711 5134 1783 1783 1711 5135 1783 1783 1712 5136 1790 1790 1712 5137 1791 1791 1712 5138 1783 1783 1713 5139 1791 1791 1713 5140 1784 1784 1713 5141 1784 1784 1714 5142 1791 1791 1714 5143 1980 1980 1714 5144 1784 1784 1715 5145 1980 1980 1715 5146 1785 1785 1715 5147 1785 1785 1716 5148 1792 1792 1716 5149 2044 2044 1716 5150 1785 1785 1717 5151 2044 2044 1717 5152 1786 1786 1717 5153 1779 1779 1718 5154 1786 1786 1718 5155 2061 2061 1718 5156 1535 1535 1719 5157 1536 1536 1719 5158 1773 1773 1719 5159 1535 1535 1720 5160 1773 1773 1720 5161 1765 1765 1720 5162 1765 1765 1721 5163 1773 1773 1721 5164 1774 1774 1721 5165 1765 1765 1722 5166 1774 1774 1722 5167 1766 1766 1722 5168 1766 1766 1723 5169 1774 1774 1723 5170 1775 1775 1723 5171 1766 1766 1724 5172 1775 1775 1724 5173 1767 1767 1724 5174 1767 1767 1725 5175 1775 1775 1725 5176 1776 1776 1725 5177 1767 1767 1726 5178 1776 1776 1726 5179 1768 1768 1726 5180 1768 1768 1727 5181 1776 1776 1727 5182 1777 1777 1727 5183 1768 1768 1728 5184 1777 1777 1728 5185 1769 1769 1728 5186 1769 1769 1729 5187 1777 1777 1729 5188 1778 1778 1729 5189 1769 1769 1730 5190 1778 1778 1730 5191 1770 1770 1730 5192 1770 1770 1731 5193 1778 1778 1731 5194 1779 1779 1731 5195 1770 1770 1732 5196 1779 1779 1732 5197 1771 1771 1732 5198 1771 1771 1733 5199 1779 1779 1733 5200 1772 1772 1733 5201 1772 1772 1734 5202 2030 2030 1734 5203 2033 2033 1734 5204 1764 1764 1735 5205 2060 2060 1735 5206 2043 2043 1735 5207 1533 1533 1736 5208 1534 1534 1736 5209 1756 1756 1736 5210 1533 1533 1737 5211 1756 1756 1737 5212 1746 1746 1737 5213 1746 1746 1738 5214 1756 1756 1738 5215 1757 1757 1738 5216 1746 1746 1739 5217 1757 1757 1739 5218 1747 1747 1739 5219 1747 1747 1740 5220 1757 1757 1740 5221 1758 1758 1740 5222 1747 1747 1741 5223 1758 1758 1741 5224 1748 1748 1741 5225 1748 1748 1742 5226 1758 1758 1742 5227 1759 1759 1742 5228 1748 1748 1743 5229 1759 1759 1743 5230 1749 1749 1743 5231 1749 1749 1744 5232 1759 1759 1744 5233 1760 1760 1744 5234 1749 1749 1745 5235 1760 1760 1745 5236 1750 1750 1745 5237 1750 1750 1746 5238 1760 1760 1746 5239 1761 1761 1746 5240 1750 1750 1747 5241 1761 1761 1747 5242 1751 1751 1747 5243 1751 1751 1748 5244 1761 1761 1748 5245 1762 1762 1748 5246 1751 1751 1749 5247 1762 1762 1749 5248 1752 1752 1749 5249 1752 1752 1750 5250 1762 1762 1750 5251 1763 1763 1750 5252 1752 1752 1751 5253 1763 1763 1751 5254 1753 1753 1751 5255 1753 1753 1752 5256 1763 1763 1752 5257 1764 1764 1752 5258 1753 1753 1753 5259 1764 1764 1753 5260 1754 1754 1753 5261 1754 1754 1754 5262 1764 1764 1754 5263 1755 1755 1754 5264 1755 1755 1755 5265 2053 2053 1755 5266 2052 2052 1755 5267 1745 1745 1756 5268 2047 2047 1756 5269 2062 2062 1756 5270 1531 1531 1757 5271 1532 1532 1757 5272 1735 1735 1757 5273 1531 1531 1758 5274 1735 1735 1758 5275 1723 1723 1758 5276 1723 1723 1759 5277 1735 1735 1759 5278 1736 1736 1759 5279 1723 1723 1760 5280 1736 1736 1760 5281 1724 1724 1760 5282 1724 1724 1761 5283 1736 1736 1761 5284 1737 1737 1761 5285 1724 1724 1762 5286 1737 1737 1762 5287 1725 1725 1762 5288 1725 1725 1763 5289 1737 1737 1763 5290 1738 1738 1763 5291 1725 1725 1764 5292 1738 1738 1764 5293 1726 1726 1764 5294 1726 1726 1765 5295 1738 1738 1765 5296 1739 1739 1765 5297 1726 1726 1766 5298 1739 1739 1766 5299 1727 1727 1766 5300 1727 1727 1767 5301 1739 1739 1767 5302 1740 1740 1767 5303 1727 1727 1768 5304 1740 1740 1768 5305 1728 1728 1768 5306 1728 1728 1769 5307 1740 1740 1769 5308 1741 1741 1769 5309 1728 1728 1770 5310 1741 1741 1770 5311 1729 1729 1770 5312 1729 1729 1771 5313 1741 1741 1771 5314 1742 1742 1771 5315 1729 1729 1772 5316 1742 1742 1772 5317 1730 1730 1772 5318 1730 1730 1773 5319 1742 1742 1773 5320 1743 1743 1773 5321 1730 1730 1774 5322 1743 1743 1774 5323 1731 1731 1774 5324 1731 1731 1775 5325 1743 1743 1775 5326 1744 1744 1775 5327 1731 1731 1776 5328 1744 1744 1776 5329 1732 1732 1776 5330 1732 1732 1777 5331 1744 1744 1777 5332 1745 1745 1777 5333 1732 1732 1778 5334 1745 1745 1778 5335 1733 1733 1778 5336 1733 1733 1779 5337 1745 1745 1779 5338 1734 1734 1779 5339 1734 1734 1780 5340 2040 2040 1780 5341 2036 2036 1780 5342 1722 1722 1781 5343 2031 2031 1781 5344 2049 2049 1781 5345 1529 1529 1782 5346 1530 1530 1782 5347 1710 1710 1782 5348 1529 1529 1783 5349 1710 1710 1783 5350 1696 1696 1783 5351 1696 1696 1784 5352 1710 1710 1784 5353 1711 1711 1784 5354 1696 1696 1785 5355 1711 1711 1785 5356 1697 1697 1785 5357 1697 1697 1786 5358 1711 1711 1786 5359 1712 1712 1786 5360 1697 1697 1787 5361 1712 1712 1787 5362 1698 1698 1787 5363 1698 1698 1788 5364 1712 1712 1788 5365 1713 1713 1788 5366 1698 1698 1789 5367 1713 1713 1789 5368 1699 1699 1789 5369 1699 1699 1790 5370 1713 1713 1790 5371 1714 1714 1790 5372 1699 1699 1791 5373 1714 1714 1791 5374 1700 1700 1791 5375 1700 1700 1792 5376 1714 1714 1792 5377 1715 1715 1792 5378 1700 1700 1793 5379 1715 1715 1793 5380 1701 1701 1793 5381 1701 1701 1794 5382 1715 1715 1794 5383 1716 1716 1794 5384 1701 1701 1795 5385 1716 1716 1795 5386 1702 1702 1795 5387 1702 1702 1796 5388 1716 1716 1796 5389 1717 1717 1796 5390 1702 1702 1797 5391 1717 1717 1797 5392 1703 1703 1797 5393 1703 1703 1798 5394 1717 1717 1798 5395 1718 1718 1798 5396 1703 1703 1799 5397 1718 1718 1799 5398 1704 1704 1799 5399 1704 1704 1800 5400 1718 1718 1800 5401 1719 1719 1800 5402 1704 1704 1801 5403 1719 1719 1801 5404 1705 1705 1801 5405 1705 1705 1802 5406 1719 1719 1802 5407 1720 1720 1802 5408 1705 1705 1803 5409 1720 1720 1803 5410 1706 1706 1803 5411 1706 1706 1804 5412 1720 1720 1804 5413 1721 1721 1804 5414 1706 1706 1805 5415 1721 1721 1805 5416 1707 1707 1805 5417 1707 1707 1806 5418 1721 1721 1806 5419 1722 1722 1806 5420 1707 1707 1807 5421 1722 1722 1807 5422 1708 1708 1807 5423 1708 1708 1808 5424 1722 1722 1808 5425 1709 1709 1808 5426 1709 1709 1809 5427 2064 2064 1809 5428 2056 2056 1809 5429 1694 1694 1810 5430 2058 2058 1810 5431 1695 1695 1810 5432 1527 1527 1811 5433 1528 1528 1811 5434 1680 1680 1811 5435 1527 1527 1812 5436 1680 1680 1812 5437 1662 1662 1812 5438 1662 1662 1813 5439 1680 1680 1813 5440 1681 1681 1813 5441 1662 1662 1814 5442 1681 1681 1814 5443 1663 1663 1814 5444 1663 1663 1815 5445 1681 1681 1815 5446 1682 1682 1815 5447 1663 1663 1816 5448 1682 1682 1816 5449 1664 1664 1816 5450 1664 1664 1817 5451 1682 1682 1817 5452 1683 1683 1817 5453 1664 1664 1818 5454 1683 1683 1818 5455 1665 1665 1818 5456 1665 1665 1819 5457 1683 1683 1819 5458 1684 1684 1819 5459 1665 1665 1820 5460 1684 1684 1820 5461 1666 1666 1820 5462 1666 1666 1821 5463 1684 1684 1821 5464 1685 1685 1821 5465 1666 1666 1822 5466 1685 1685 1822 5467 1667 1667 1822 5468 1667 1667 1823 5469 1685 1685 1823 5470 1686 1686 1823 5471 1667 1667 1824 5472 1686 1686 1824 5473 1668 1668 1824 5474 1668 1668 1825 5475 1686 1686 1825 5476 1687 1687 1825 5477 1668 1668 1826 5478 1687 1687 1826 5479 1669 1669 1826 5480 1669 1669 1827 5481 1687 1687 1827 5482 1688 1688 1827 5483 1669 1669 1828 5484 1688 1688 1828 5485 1670 1670 1828 5486 1670 1670 1829 5487 1688 1688 1829 5488 1689 1689 1829 5489 1670 1670 1830 5490 1689 1689 1830 5491 1671 1671 1830 5492 1671 1671 1831 5493 1689 1689 1831 5494 1690 1690 1831 5495 1671 1671 1832 5496 1690 1690 1832 5497 1672 1672 1832 5498 1672 1672 1833 5499 1690 1690 1833 5500 1691 1691 1833 5501 1672 1672 1834 5502 1691 1691 1834 5503 1673 1673 1834 5504 1673 1673 1835 5505 1691 1691 1835 5506 1692 1692 1835 5507 1673 1673 1836 5508 1692 1692 1836 5509 1674 1674 1836 5510 1674 1674 1837 5511 1692 1692 1837 5512 1693 1693 1837 5513 1674 1674 1838 5514 1693 1693 1838 5515 1675 1675 1838 5516 1675 1675 1839 5517 1693 1693 1839 5518 1694 1694 1839 5519 1675 1675 1840 5520 1694 1694 1840 5521 1676 1676 1840 5522 1676 1676 1841 5523 1694 1694 1841 5524 1990 1990 1841 5525 1676 1676 1842 5526 1990 1990 1842 5527 1677 1677 1842 5528 1677 1677 1843 5529 1990 1990 1843 5530 1678 1678 1843 5531 1678 1678 1844 5532 2051 2051 1844 5533 2046 2046 1844 5534 1678 1678 1845 5535 2046 2046 1845 5536 1679 1679 1845 5537 1679 1679 1846 5538 2046 2046 1846 5539 2038 2038 1846 5540 1642 1642 1847 5541 1993 1993 1847 5542 1994 1994 1847 5543 1660 1660 1848 5544 2041 2041 1848 5545 2048 2048 1848 5546 1660 1660 1849 5547 2048 2048 1849 5548 1661 1661 1849 5549 1640 1640 1850 5550 2004 2004 1850 5551 1639 1639 1850 5552 1639 1639 1851 5553 1644 1644 1851 5554 1645 1645 1851 5555 1639 1639 1852 5556 1645 1645 1852 5557 1638 1638 1852 5558 1638 1638 1853 5559 1645 1645 1853 5560 1646 1646 1853 5561 1638 1638 1854 5562 1646 1646 1854 5563 1637 1637 1854 5564 1637 1637 1855 5565 1646 1646 1855 5566 1647 1647 1855 5567 1637 1637 1856 5568 1647 1647 1856 5569 1636 1636 1856 5570 1636 1636 1857 5571 1647 1647 1857 5572 1648 1648 1857 5573 1636 1636 1858 5574 1648 1648 1858 5575 1635 1635 1858 5576 1635 1635 1859 5577 1648 1648 1859 5578 1649 1649 1859 5579 1635 1635 1860 5580 1649 1649 1860 5581 1634 1634 1860 5582 1634 1634 1861 5583 1649 1649 1861 5584 1650 1650 1861 5585 1634 1634 1862 5586 1650 1650 1862 5587 1633 1633 1862 5588 1633 1633 1863 5589 1650 1650 1863 5590 1651 1651 1863 5591 1633 1633 1864 5592 1651 1651 1864 5593 1632 1632 1864 5594 1632 1632 1865 5595 1651 1651 1865 5596 1652 1652 1865 5597 1632 1632 1866 5598 1652 1652 1866 5599 1631 1631 1866 5600 1631 1631 1867 5601 1652 1652 1867 5602 1653 1653 1867 5603 1631 1631 1868 5604 1653 1653 1868 5605 1630 1630 1868 5606 1630 1630 1869 5607 1653 1653 1869 5608 1654 1654 1869 5609 1630 1630 1870 5610 1654 1654 1870 5611 1629 1629 1870 5612 1629 1629 1871 5613 1654 1654 1871 5614 1655 1655 1871 5615 1629 1629 1872 5616 1655 1655 1872 5617 1628 1628 1872 5618 1628 1628 1873 5619 1655 1655 1873 5620 1656 1656 1873 5621 1628 1628 1874 5622 1656 1656 1874 5623 1627 1627 1874 5624 1627 1627 1875 5625 1656 1656 1875 5626 1657 1657 1875 5627 1627 1627 1876 5628 1657 1657 1876 5629 1626 1626 1876 5630 1626 1626 1877 5631 1657 1657 1877 5632 1658 1658 1877 5633 1626 1626 1878 5634 1658 1658 1878 5635 1625 1625 1878 5636 1625 1625 1879 5637 1658 1658 1879 5638 1659 1659 1879 5639 1625 1625 1880 5640 1659 1659 1880 5641 1624 1624 1880 5642 1624 1624 1881 5643 1659 1659 1881 5644 1660 1660 1881 5645 1624 1624 1882 5646 1660 1660 1882 5647 1623 1623 1882 5648 1623 1623 1883 5649 1660 1660 1883 5650 1988 1988 1883 5651 1623 1623 1884 5652 1988 1988 1884 5653 1622 1622 1884 5654 1545 1545 1885 5655 1425 1425 1885 5656 1983 1983 1885 5657 1814 1814 1886 5658 1641 1641 1886 5659 2055 2055 1886 5660 1963 1963 1887 5661 1998 1998 1887 5662 1996 1996 1887 5663 2039 2039 1888 5664 1420 1420 1888 5665 1988 1988 1888 5666 1988 1988 1889 5667 1661 1661 1889 5668 2059 2059 1889 5669 1988 1988 1890 5670 2059 2059 1890 5671 2039 2039 1890 5672 1694 1694 1891 5673 1709 1709 1891 5674 2056 2056 1891 5675 1694 1694 1892 5676 2056 2056 1892 5677 2058 2058 1892 5678 1755 1755 1893 5679 1764 1764 1893 5680 2043 2043 1893 5681 1755 1755 1894 5682 2043 2043 1894 5683 2053 2053 1894 5684 1801 1801 1895 5685 1982 1982 1895 5686 1806 1806 1895 5687 1988 1988 1896 5688 1660 1660 1896 5689 1661 1661 1896 5690 1990 1990 1897 5691 1694 1694 1897 5692 1695 1695 1897 5693 1991 1991 1898 5694 1801 1801 1898 5695 1802 1802 1898 5696 1991 1991 1899 5697 1802 1802 1899 5698 1797 1797 1899 5699 1678 1678 1900 5700 1990 1990 1900 5701 1695 1695 1900 5702 1678 1678 1901 5703 1695 1695 1901 5704 2051 2051 1901 5705 1985 1985 1902 5706 1678 1678 1902 5707 1679 1679 1902 5708 1989 1989 1903 5709 1991 1991 1903 5710 1797 1797 1903 5711 1792 1792 1904 5712 1980 1980 1904 5713 1989 1989 1904 5714 1989 1989 1905 5715 1797 1797 1905 5716 2034 2034 1905 5717 2034 2034 1906 5718 2050 2050 1906 5719 1792 1792 1906 5720 1989 1989 1907 5721 2034 2034 1907 5722 1792 1792 1907 5723 1983 1983 1908 5724 1425 1425 1908 5725 1641 1641 1908 5726 1983 1983 1909 5727 1641 1641 1909 5728 1814 1814 1909 5729 1745 1745 1910 5730 1755 1755 1910 5731 2052 2052 1910 5732 1745 1745 1911 5733 2052 2052 1911 5734 2047 2047 1911 5735 1785 1785 1912 5736 1980 1980 1912 5737 1792 1792 1912 5738 1986 1986 1913 5739 1983 1983 1913 5740 1814 1814 1913 5741 1813 1813 1914 5742 1984 1984 1914 5743 1986 1986 1914 5744 1986 1986 1915 5745 1814 1814 1915 5746 2055 2055 1915 5747 2055 2055 1916 5748 2057 2057 1916 5749 1813 1813 1916 5750 1986 1986 1917 5751 2055 2055 1917 5752 1813 1813 1917 5753 1779 1779 1918 5754 1785 1785 1918 5755 1786 1786 1918 5756 1709 1709 1919 5757 1722 1722 1919 5758 2049 2049 1919 5759 1709 1709 1920 5760 2049 2049 1920 5761 2064 2064 1920 5762 1811 1811 1921 5763 1984 1984 1921 5764 1813 1813 1921 5765 1722 1722 1922 5766 1734 1734 1922 5767 2036 2036 1922 5768 1722 1722 1923 5769 2036 2036 1923 5770 2031 2031 1923 5771 1772 1772 1924 5772 1779 1779 1924 5773 2061 2061 1924 5774 1772 1772 1925 5775 2061 2061 1925 5776 2030 2030 1925 5777 1809 1809 1926 5778 1981 1981 1926 5779 1811 1811 1926 5780 1811 1811 1927 5781 2035 2035 1927 5782 2042 2042 1927 5783 1811 1811 1928 5784 2042 2042 1928 5785 1809 1809 1928 5786 2041 2041 1929 5787 1660 1660 1929 5788 1985 1985 1929 5789 1985 1985 1930 5790 1679 1679 1930 5791 2038 2038 1930 5792 1985 1985 1931 5793 2038 2038 1931 5794 2041 2041 1931 5795 1734 1734 1932 5796 1745 1745 1932 5797 2062 2062 1932 5798 1734 1734 1933 5799 2062 2062 1933 5800 2040 2040 1933 5801 1764 1764 1934 5802 1772 1772 1934 5803 2033 2033 1934 5804 1764 1764 1935 5805 2033 2033 1935 5806 2060 2060 1935 5807 1987 1987 1936 5808 1981 1981 1936 5809 1809 1809 1936 5810 1806 1806 1937 5811 1982 1982 1937 5812 1987 1987 1937 5813 1987 1987 1938 5814 1809 1809 1938 5815 2045 2045 1938 5816 2045 2045 1939 5817 2037 2037 1939 5818 1806 1806 1939 5819 1987 1987 1940 5820 2045 2045 1940 5821 1806 1806 1940 5822 1919 1919 1941 5823 1933 1933 1941 5824 1934 1934 1941 5825 1992 1992 1942 5826 1864 1864 1942 5827 1865 1865 1942 5828 1992 1992 1943 5829 1865 1865 1943 5830 1856 1856 1943 5831 1818 1818 1944 5832 1999 1999 1944 5833 1821 1821 1944 5834 1621 1621 1945 5835 2005 2005 1945 5836 1995 1995 1945 5837 1995 1995 1946 5838 1817 1817 1946 5839 1620 1620 1946 5840 1995 1995 1947 5841 1620 1620 1947 5842 1621 1621 1947 5843 1842 1842 1948 5844 2001 2001 1948 5845 1849 1849 1948 5846 1995 1995 1949 5847 1997 1997 1949 5848 1817 1817 1949 5849 1566 1566 1950 5850 1546 1546 1950 5851 1565 1565 1950 5852 2004 2004 1951 5853 1994 1994 1951 5854 1643 1643 1951 5855 1894 1894 1952 5856 1906 1906 1952 5857 1907 1907 1952 5858 1639 1639 1953 5859 2004 2004 1953 5860 1643 1643 1953 5861 1639 1639 1954 5862 1643 1643 1954 5863 1644 1644 1954 5864 2002 2002 1955 5865 2008 2008 1955 5866 1837 1837 1955 5867 2006 2006 1956 5868 1996 1996 1956 5869 1964 1964 1956 5870 1832 1832 1957 5871 2009 2009 1957 5872 2002 2002 1957 5873 2002 2002 1958 5874 1837 1837 1958 5875 1838 1838 1958 5876 2002 2002 1959 5877 1838 1838 1959 5878 1832 1832 1959 5879 1585 1585 1960 5880 1566 1566 1960 5881 2012 2012 1960 5882 1585 1585 1961 5883 2012 2012 1961 5884 1584 1584 1961 5885 1948 1948 1962 5886 2006 2006 1962 5887 1964 1964 1962 5888 1948 1948 1963 5889 1964 1964 1963 5890 1965 1965 1963 5891 1873 1873 1964 5892 1883 1883 1964 5893 1884 1884 1964 5894 2007 2007 1965 5895 1827 1827 1965 5896 1828 1828 1965 5897 2007 2007 1966 5898 1828 1828 1966 5899 1824 1824 1966 5900 1421 1421 1967 5901 2005 2005 1967 5902 1621 1621 1967 5903 1823 1823 1968 5904 2028 2028 1968 5905 1827 1827 1968 5906 1863 1863 1969 5907 1872 1872 1969 5908 1873 1873 1969 5909 1918 1918 1970 5910 1932 1932 1970 5911 1933 1933 1970 5912 2019 2019 1971 5913 2027 2027 1971 5914 1820 1820 1971 5915 1818 1818 1972 5916 2016 2016 1972 5917 2019 2019 1972 5918 2019 2019 1973 5919 1820 1820 1973 5920 1999 1999 1973 5921 2019 2019 1974 5922 1999 1999 1974 5923 1818 1818 1974 5924 1848 1848 1975 5925 2029 2029 1975 5926 1855 1855 1975 5927 1855 1855 1976 5928 1992 1992 1976 5929 2003 2003 1976 5930 1855 1855 1977 5931 2003 2003 1977 5932 1848 1848 1977 5933 1421 1421 1978 5934 2023 2023 1978 5935 2015 2015 1978 5936 2015 2015 1979 5937 1815 1815 1979 5938 2005 2005 1979 5939 2015 2015 1980 5940 2005 2005 1980 5941 1421 1421 1980 5942 1815 1815 1981 5943 2022 2022 1981 5944 1816 1816 1981 5945 1816 1816 1982 5946 1997 1997 1982 5947 1995 1995 1982 5948 1816 1816 1983 5949 1995 1995 1983 5950 1815 1815 1983 5951 2010 2010 1984 5952 2021 2021 1984 5953 1642 1642 1984 5954 1836 1836 1985 5955 2018 2018 1985 5956 1842 1842 1985 5957 1893 1893 1986 5958 1905 1905 1986 5959 1906 1906 1986 5960 2004 2004 1987 5961 1640 1640 1987 5962 2010 2010 1987 5963 2010 2010 1988 5964 1642 1642 1988 5965 1994 1994 1988 5966 2010 2010 1989 5967 1994 1994 1989 5968 2004 2004 1989 5969 2020 2020 1990 5970 2017 2017 1990 5971 1831 1831 1990 5972 1827 1827 1991 5973 2028 2028 1991 5974 2020 2020 1991 5975 2020 2020 1992 5976 1831 1831 1992 5977 2009 2009 1992 5978 2020 2020 1993 5979 2009 2009 1993 5980 1827 1827 1993 5981 1872 1872 1994 5982 1882 1882 1994 5983 1883 1883 1994 5984 1932 1932 1995 5985 1947 1947 1995 5986 1948 1948 1995 5987 1820 1820 1996 5988 2027 2027 1996 5989 1823 1823 1996 5990 1823 1823 1997 5991 2007 2007 1997 5992 2000 2000 1997 5993 1823 1823 1998 5994 2000 2000 1998 5995 1820 1820 1998 5996 1855 1855 1999 5997 1863 1863 1999 5998 1864 1864 1999 5999 2026 2026 2000 6000 1640 1640 2000 6001 1639 1639 2000 6002 1963 1963 2001 6003 2025 2025 2001 6004 2026 2026 2001 6005 2026 2026 2002 6006 1639 1639 2002 6007 1998 1998 2002 6008 2026 2026 2003 6009 1998 1998 2003 6010 1963 1963 2003 6011 1816 1816 2004 6012 2016 2016 2004 6013 1818 1818 2004 6014 2024 2024 2005 6015 2029 2029 2005 6016 1848 1848 2005 6017 1905 1905 2006 6018 1918 1918 2006 6019 1919 1919 2006 6020 1642 1642 2007 6021 2021 2021 2007 6022 2011 2011 2007 6023 2011 2011 2008 6024 1527 1527 2008 6025 1993 1993 2008 6026 2011 2011 2009 6027 1993 1993 2009 6028 1642 1642 2009 6029 1842 1842 2010 6030 2018 2018 2010 6031 2024 2024 2010 6032 2024 2024 2011 6033 1848 1848 2011 6034 2001 2001 2011 6035 2024 2024 2012 6036 2001 2001 2012 6037 1842 1842 2012 6038 2015 2015 2013 6039 2022 2022 2013 6040 1815 1815 2013 6041 1831 1831 2014 6042 2017 2017 2014 6043 1836 1836 2014 6044 1836 1836 2015 6045 2008 2008 2015 6046 2002 2002 2015 6047 1836 1836 2016 6048 2002 2002 2016 6049 1831 1831 2016 6050 1882 1882 2017 6051 1893 1893 2017 6052 1894 1894 2017 6053 2014 2014 2018 6054 2025 2025 2018 6055 1963 1963 2018 6056 2006 2006 2019 6057 1947 1947 2019 6058 2014 2014 2019 6059 2014 2014 2020 6060 1963 1963 2020 6061 1996 1996 2020 6062 2014 2014 2021 6063 1996 1996 2021 6064 2006 2006 2021 6065 2079 2079 2022 6066 2080 2080 2022 6067 2072 2072 2022 6068 2079 2079 2023 6069 2072 2072 2023 6070 2071 2071 2023 6071 1461 1461 2024 6072 2065 2065 2024 6073 1451 1451 2024 6074 2078 2078 2025 6075 2079 2079 2025 6076 2071 2071 2025 6077 2078 2078 2026 6078 2071 2071 2026 6079 2070 2070 2026 6080 2077 2077 2027 6081 2078 2078 2027 6082 2070 2070 2027 6083 2077 2077 2028 6084 2070 2070 2028 6085 2069 2069 2028 6086 2076 2076 2029 6087 2077 2077 2029 6088 2069 2069 2029 6089 2076 2076 2030 6090 2069 2069 2030 6091 2068 2068 2030 6092 2075 2075 2031 6093 2076 2076 2031 6094 2068 2068 2031 6095 2075 2075 2032 6096 2068 2068 2032 6097 2067 2067 2032 6098 2074 2074 2033 6099 2075 2075 2033 6100 2067 2067 2033 6101 2074 2074 2034 6102 2067 2067 2034 6103 2066 2066 2034 6104 2081 2081 2035 6105 2065 2065 2035 6106 1461 1461 2035 6107 2081 2081 2036 6108 1461 1461 2036 6109 2073 2073 2036 6110 795 795 2037 6111 2095 2095 2037 6112 2102 2102 2037 6113 795 795 2038 6114 2102 2102 2038 6115 796 796 2038 6116 2095 2095 2039 6117 2094 2094 2039 6118 2101 2101 2039 6119 2095 2095 2040 6120 2101 2101 2040 6121 2102 2102 2040 6122 2094 2094 2041 6123 2093 2093 2041 6124 2100 2100 2041 6125 2094 2094 2042 6126 2100 2100 2042 6127 2101 2101 2042 6128 2093 2093 2043 6129 2092 2092 2043 6130 2099 2099 2043 6131 2093 2093 2044 6132 2099 2099 2044 6133 2100 2100 2044 6134 2092 2092 2045 6135 2091 2091 2045 6136 2098 2098 2045 6137 2092 2092 2046 6138 2098 2098 2046 6139 2099 2099 2046 6140 2091 2091 2047 6141 2090 2090 2047 6142 2097 2097 2047 6143 2091 2091 2048 6144 2097 2097 2048 6145 2098 2098 2048 6146 2090 2090 2049 6147 2089 2089 2049 6148 2096 2096 2049 6149 2090 2090 2050 6150 2096 2096 2050 6151 2097 2097 2050 6152 794 794 2051 6153 2088 2088 2051 6154 2095 2095 2051 6155 794 794 2052 6156 2095 2095 2052 6157 795 795 2052 6158 2088 2088 2053 6159 2087 2087 2053 6160 2094 2094 2053 6161 2088 2088 2054 6162 2094 2094 2054 6163 2095 2095 2054 6164 2087 2087 2055 6165 2086 2086 2055 6166 2093 2093 2055 6167 2087 2087 2056 6168 2093 2093 2056 6169 2094 2094 2056 6170 2086 2086 2057 6171 2085 2085 2057 6172 2092 2092 2057 6173 2086 2086 2058 6174 2092 2092 2058 6175 2093 2093 2058 6176 2085 2085 2059 6177 2084 2084 2059 6178 2091 2091 2059 6179 2085 2085 2060 6180 2091 2091 2060 6181 2092 2092 2060 6182 2084 2084 2061 6183 2083 2083 2061 6184 2090 2090 2061 6185 2084 2084 2062 6186 2090 2090 2062 6187 2091 2091 2062 6188 2083 2083 2063 6189 2082 2082 2063 6190 2089 2089 2063 6191 2083 2083 2064 6192 2089 2089 2064 6193 2090 2090 2064 6194 2110 2110 2065 6195 2108 2108 2065 6196 1434 1434 2065 6197 2110 2110 2066 6198 1434 1434 2066 6199 1433 1433 2066 6200 2111 2111 2067 6201 2107 2107 2067 6202 1423 1423 2067 6203 2111 2111 2068 6204 1423 1423 2068 6205 1427 1427 2068 6206 2108 2108 2069 6207 2106 2106 2069 6208 1430 1430 2069 6209 2108 2108 2070 6210 1430 1430 2070 6211 1434 1434 2070 6212 2107 2107 2071 6213 2109 2109 2071 6214 1424 1424 2071 6215 2107 2107 2072 6216 1424 1424 2072 6217 1423 1423 2072 6218 2114 2114 2073 6219 2115 2115 2073 6220 1426 1426 2073 6221 2114 2114 2074 6222 1426 1426 2074 6223 1422 1422 2074 6224 2112 2112 2075 6225 2113 2113 2075 6226 1431 1431 2075 6227 2112 2112 2076 6228 1431 1431 2076 6229 1429 1429 2076 6230 2113 2113 2077 6231 2116 2116 2077 6232 1432 1432 2077 6233 2113 2113 2078 6234 1432 1432 2078 6235 1431 1431 2078 6236 2080 2080 2079 6237 2081 2081 2079 6238 2073 2073 2079 6239 2080 2080 2080 6240 2073 2073 2080 6241 2072 2072 2080 6242 1452 1452 2081 6243 2124 2124 2081 6244 2132 2132 2081 6245 1452 1452 2082 6246 2132 2132 2082 6247 1465 1465 2082 6248 2124 2124 2083 6249 2123 2123 2083 6250 2131 2131 2083 6251 2124 2124 2084 6252 2131 2131 2084 6253 2132 2132 2084 6254 2123 2123 2085 6255 2122 2122 2085 6256 2130 2130 2085 6257 2123 2123 2086 6258 2130 2130 2086 6259 2131 2131 2086 6260 2122 2122 2087 6261 2121 2121 2087 6262 2129 2129 2087 6263 2122 2122 2088 6264 2129 2129 2088 6265 2130 2130 2088 6266 2121 2121 2089 6267 2120 2120 2089 6268 2128 2128 2089 6269 2121 2121 2090 6270 2128 2128 2090 6271 2129 2129 2090 6272 2120 2120 2091 6273 2119 2119 2091 6274 2127 2127 2091 6275 2120 2120 2092 6276 2127 2127 2092 6277 2128 2128 2092 6278 2119 2119 2093 6279 2118 2118 2093 6280 2126 2126 2093 6281 2119 2119 2094 6282 2126 2126 2094 6283 2127 2127 2094 6284 2118 2118 2095 6285 2117 2117 2095 6286 2125 2125 2095 6287 2118 2118 2096 6288 2125 2125 2096 6289 2126 2126 2096 6290 1465 1465 2097 6291 2139 2139 2097 6292 2134 2134 2097 6293 1465 1465 2098 6294 2134 2134 2098 6295 1452 1452 2098 6296 1459 1459 2099 6297 2133 2133 2099 6298 1462 1462 2099 6299 2139 2139 2100 6300 2140 2140 2100 6301 2135 2135 2100 6302 2139 2139 2101 6303 2135 2135 2101 6304 2134 2134 2101 6305 2140 2140 2102 6306 2141 2141 2102 6307 2136 2136 2102 6308 2140 2140 2103 6309 2136 2136 2103 6310 2135 2135 2103 6311 2141 2141 2104 6312 2142 2142 2104 6313 2137 2137 2104 6314 2141 2141 2105 6315 2137 2137 2105 6316 2136 2136 2105 6317 2142 2142 2106 6318 2143 2143 2106 6319 2138 2138 2106 6320 2142 2142 2107 6321 2138 2138 2107 6322 2137 2137 2107 6323 1462 1462 2108 6324 2144 2144 2108 6325 1459 1459 2108 6326 1464 1464 2109 6327 2145 2145 2109 6328 2144 2144 2109 6329 1464 1464 2110 6330 2144 2144 2110 6331 1462 1462 2110 6332 2146 2146 2111 6333 1458 1458 2111 6334 1464 1464 2111 6335 1455 1455 2112 6336 2147 2147 2112 6337 2156 2156 2112 6338 1455 1455 2113 6339 2156 2156 2113 6340 1467 1467 2113 6341 2147 2147 2114 6342 2148 2148 2114 6343 2155 2155 2114 6344 2147 2147 2115 6345 2155 2155 2115 6346 2156 2156 2115 6347 2148 2148 2116 6348 2149 2149 2116 6349 2154 2154 2116 6350 2148 2148 2117 6351 2154 2154 2117 6352 2155 2155 2117 6353 2149 2149 2118 6354 2150 2150 2118 6355 2153 2153 2118 6356 2149 2149 2119 6357 2153 2153 2119 6358 2154 2154 2119 6359 2150 2150 2120 6360 2151 2151 2120 6361 2152 2152 2120 6362 2150 2150 2121 6363 2152 2152 2121 6364 2153 2153 2121 6365 1445 1445 2122 6366 2163 2163 2122 6367 2170 2170 2122 6368 1445 1445 2123 6369 2170 2170 2123 6370 1463 1463 2123 6371 2163 2163 2124 6372 2162 2162 2124 6373 2169 2169 2124 6374 2163 2163 2125 6375 2169 2169 2125 6376 2170 2170 2125 6377 2162 2162 2126 6378 2161 2161 2126 6379 2168 2168 2126 6380 2162 2162 2127 6381 2168 2168 2127 6382 2169 2169 2127 6383 2161 2161 2128 6384 2160 2160 2128 6385 2167 2167 2128 6386 2161 2161 2129 6387 2167 2167 2129 6388 2168 2168 2129 6389 2160 2160 2130 6390 2159 2159 2130 6391 2166 2166 2130 6392 2160 2160 2131 6393 2166 2166 2131 6394 2167 2167 2131 6395 2159 2159 2132 6396 2158 2158 2132 6397 2165 2165 2132 6398 2159 2159 2133 6399 2165 2165 2133 6400 2166 2166 2133 6401 2158 2158 2134 6402 2157 2157 2134 6403 2164 2164 2134 6404 2158 2158 2135 6405 2164 2164 2135 6406 2165 2165 2135 6407 1466 1466 2136 6408 2171 2171 2136 6409 2199 2199 2136 6410 1466 1466 2137 6411 2199 2199 2137 6412 2185 2185 2137 6413 2172 2172 2138 6414 2186 2186 2138 6415 1445 1445 2138 6416 2172 2172 2139 6417 1445 1445 2139 6418 1463 1463 2139 6419 2185 2185 2140 6420 2199 2199 2140 6421 2198 2198 2140 6422 2185 2185 2141 6423 2198 2198 2141 6424 2184 2184 2141 6425 2184 2184 2142 6426 2198 2198 2142 6427 2197 2197 2142 6428 2184 2184 2143 6429 2197 2197 2143 6430 2183 2183 2143 6431 2183 2183 2144 6432 2197 2197 2144 6433 2196 2196 2144 6434 2183 2183 2145 6435 2196 2196 2145 6436 2182 2182 2145 6437 2182 2182 2146 6438 2196 2196 2146 6439 2195 2195 2146 6440 2182 2182 2147 6441 2195 2195 2147 6442 2181 2181 2147 6443 2181 2181 2148 6444 2195 2195 2148 6445 2194 2194 2148 6446 2181 2181 2149 6447 2194 2194 2149 6448 2180 2180 2149 6449 2180 2180 2150 6450 2194 2194 2150 6451 2193 2193 2150 6452 2180 2180 2151 6453 2193 2193 2151 6454 2179 2179 2151 6455 2179 2179 2152 6456 2193 2193 2152 6457 2192 2192 2152 6458 2179 2179 2153 6459 2192 2192 2153 6460 2178 2178 2153 6461 2178 2178 2154 6462 2192 2192 2154 6463 2191 2191 2154 6464 2178 2178 2155 6465 2191 2191 2155 6466 2177 2177 2155 6467 2177 2177 2156 6468 2191 2191 2156 6469 2190 2190 2156 6470 2177 2177 2157 6471 2190 2190 2157 6472 2176 2176 2157 6473 2176 2176 2158 6474 2190 2190 2158 6475 2189 2189 2158 6476 2176 2176 2159 6477 2189 2189 2159 6478 2175 2175 2159 6479 2175 2175 2160 6480 2189 2189 2160 6481 2188 2188 2160 6482 2175 2175 2161 6483 2188 2188 2161 6484 2174 2174 2161 6485 2174 2174 2162 6486 2188 2188 2162 6487 2187 2187 2162 6488 2174 2174 2163 6489 2187 2187 2163 6490 2173 2173 2163 6491 2173 2173 2164 6492 2187 2187 2164 6493 2186 2186 2164 6494 2173 2173 2165 6495 2186 2186 2165 6496 2172 2172 2165 6497</p>
                </triangles>
            </mesh>
        </geometry>
    </library_geometries>
    <library_visual_scenes>
        <visual_scene id="VisualSceneNode" name="VisualScene">
            <node id="node" name="node">
                <instance_geometry url="#shape0-lib">
                    <bind_material>
                        <technique_common>
                            <instance_material symbol="material0" target="#material0">
                                <bind_vertex_input semantic="UVSET0" input_semantic="TEXCOORD"/>
                            </instance_material>
                        </technique_common>
                    </bind_material>
                </instance_geometry>
            </node>
        </visual_scene>
    </library_visual_scenes>
    <scene>
        <instance_visual_scene url="#VisualSceneNode"/>
    </scene>
</COLLADA>
