<?xml version="1.0" encoding="UTF-8"?>
<COLLADA xmlns="http://www.collada.org/2005/11/COLLADASchema" version="1.4.1">
    <asset>
        <contributor>
            <author>VCGLab</author>
            <authoring_tool>VCGLib | MeshLab</authoring_tool>
        </contributor>
        <created>Tue May 5 19:27:37 2026 GMT</created>
        <modified>Tue May 5 19:27:37 2026 GMT</modified>
        <up_axis>Y_UP</up_axis>
    </asset>
    <library_images>
        <image id="texture0" name="texture0">
            <init_from>notexture.png</init_from>
        </image>
    </library_images>
    <library_materials>
        <material id="material0" name="material0">
            <instance_effect url="#material0-fx"/>
        </material>
    </library_materials>
    <library_effects>
        <effect id="material0-fx">
            <profile_COMMON>
                <newparam sid="texture0-surface">
                    <surface type="2D">
                        <init_from>texture0</init_from>
                        <format>R8G8B8</format>
                    </surface>
                </newparam>
                <newparam sid="texture0-sampler">
                    <sampler2D>
                        <source>texture0-surface</source>
                        <minfilter>LINEAR</minfilter>
                        <magfilter>LINEAR</magfilter>
                    </sampler2D>
                </newparam>
                <technique sid="common">
                    <blinn>
                        <diffuse>
                            <texture texture="texture0-sampler" texcoord="UVSET0"/>
                        </diffuse>
                    </blinn>
                </technique>
            </profile_COMMON>
        </effect>
    </library_effects>
    <library_geometries>
        <geometry id="shape0-lib" name="shape0">
            <mesh>
                <source id="shape0-lib-positions" name="position">
                    <float_array id="shape0-lib-positions-array" count="11961">36.8536 142.712 0.0719063 30.4486 141.382 0.0719063 30.4483 138.452 0.0719063 36.8539 137.12 0.0719063 -81.5489 137.483 0.0719063 -75.1489 138.452 0.0719063 -75.1489 141.382 0.0719063 -81.5489 142.35 0.0719063 142.451 137.121 0.0719063 148.851 138.452 0.0719063 148.851 141.382 0.0719063 142.451 142.711 0.0719063 -158.349 155.916 0.0719063 -158.349 -164.084 0.0719063 161.651 155.916 0.0719063 161.651 -164.084 0.0719063 17.8119 -68.2449 0.0719063 129.651 155.916 0.0719063 113.651 155.916 0.0719063 97.6511 155.916 0.0719063 81.6511 155.916 0.0719063 65.6511 155.916 0.0719063 49.6511 155.916 0.0719063 17.6511 155.916 0.0719063 17.8119 -99.9232 0.0719063 1.65105 155.916 0.0719063 -14.3489 155.916 0.0719063 -30.3489 155.916 0.0719063 -46.3489 155.916 0.0719063 -62.3489 155.916 0.0719063 -94.3489 155.916 0.0719063 -110.349 155.916 0.0719063 49.4902 -99.9232 0.0719063 -126.349 155.916 0.0719063 -126.349 -164.084 0.0719063 -110.349 -164.084 0.0719063 -94.3489 -164.084 0.0719063 49.4902 -68.2449 0.0719063 -62.3489 -164.084 0.0719063 -46.3489 -164.084 0.0719063 -30.3489 -164.084 0.0719063 -14.3489 -164.084 0.0719063 1.65106 -164.084 0.0719063 17.6511 -164.084 0.0719063 49.6511 -164.084 0.0719063 65.6511 -164.084 0.0719063 81.6511 -164.084 0.0719063 97.6511 -164.084 0.0719063 113.651 -164.084 0.0719063 129.651 -164.084 0.0719063 -158.349 123.916 0.0719063 -158.349 107.916 0.0719063 -158.349 91.9159 0.0719063 -158.349 75.9159 0.0719063 -158.349 59.9159 0.0719063 -158.349 27.9159 0.0719063 -158.349 11.9159 0.0719063 -158.349 -4.08407 0.0719063 -158.349 -20.0841 0.0719063 -158.349 -36.0841 0.0719063 -158.349 -52.0841 0.0719063 -158.349 -68.0841 0.0719063 -158.349 -100.084 0.0719063 -158.349 -116.084 0.0719063 -158.349 -132.084 0.0719063 -158.349 -148.084 0.0719063 161.651 -148.084 0.0719063 161.651 -132.084 0.0719063 161.651 -116.084 0.0719063 161.651 -100.084 0.0719063 161.651 -68.0841 0.0719063 161.651 -52.0841 0.0719063 161.651 -36.0841 0.0719063 161.651 -20.0841 0.0719063 161.651 -4.08406 0.0719063 161.651 27.9159 0.0719063 161.651 59.9159 0.0719063 161.651 75.9159 0.0719063 161.651 91.9159 0.0719063 161.651 107.916 0.0719063 161.651 123.916 0.0719063 -126.349 -148.084 0.0719063 -126.349 -132.084 0.0719063 -126.349 -116.084 0.0719063 -126.349 -100.084 0.0719063 -126.349 -68.0841 0.0719063 -126.349 -52.084 0.0719063 -126.349 -36.084 0.0719063 -126.349 -20.084 0.0719063 -126.349 -4.08405 0.0719063 -126.349 11.916 0.0719063 -126.349 27.916 0.0719063 -126.349 59.916 0.0719063 -126.349 75.916 0.0719063 -126.349 91.916 0.0719063 -126.349 107.916 0.0719063 -126.349 123.916 0.0719063 -110.349 -100.084 0.0719063 -110.349 -68.0841 0.0719063 -110.349 27.916 0.0719063 -110.349 59.916 0.0719063 -110.349 123.916 0.0719063 -94.3489 -148.084 0.0719063 -94.3489 -132.084 0.0719063 -94.3489 -116.084 0.0719063 -94.3489 -100.084 0.0719063 -94.3489 -68.0841 0.0719063 -94.3489 -52.084 0.0719063 -94.3489 -36.084 0.0719063 -94.3489 -20.084 0.0719063 -94.3489 -4.08405 0.0719063 -94.3489 11.916 0.0719063 -94.3489 27.916 0.0719063 -94.3489 59.916 0.0719063 -94.3489 75.916 0.0719063 -94.3489 91.916 0.0719063 -94.3489 107.916 0.0719063 -94.3489 123.916 0.0719063 -62.3489 -148.084 0.0719063 -62.3489 -132.084 0.0719063 -62.3489 -116.084 0.0719063 -62.3489 -100.084 0.0719063 -62.3489 -68.0841 0.0719063 -62.3489 -52.084 0.0719063 -62.3489 -36.084 0.0719063 -62.3489 -20.0841 0.0719063 -62.3489 -4.08405 0.0719063 -62.3489 11.9159 0.0719063 -62.3489 27.916 0.0719063 -62.3489 59.9159 0.0719063 -62.3489 75.9159 0.0719063 -62.3489 91.916 0.0719063 -62.3489 107.916 0.0719063 -62.3489 123.916 0.0719063 -46.3489 -100.084 0.0719063 -46.3489 -68.0841 0.0719063 -46.3489 27.916 0.0719063 -46.3489 59.9159 0.0719063 -46.3489 123.916 0.0719063 -30.3489 -100.084 0.0719063 -30.3489 -68.0841 0.0719063 -30.3489 27.9159 0.0719063 -30.3489 59.9159 0.0719063 -30.3489 123.916 0.0719063 -14.3489 27.9159 0.0719063 -14.3489 59.9159 0.0719063 -14.3489 123.916 0.0719063 1.65106 27.9159 0.0719063 1.65106 59.9159 0.0719063 1.65105 123.916 0.0719063 17.6511 -148.084 0.0719063 17.6511 -100.084 0.0719063 17.6511 -68.0841 0.0719063 17.6511 -20.0841 0.0719063 17.6511 -4.08405 0.0719063 17.6511 11.9159 0.0719063 17.6511 27.9159 0.0719063 17.6511 59.9159 0.0719063 17.6511 75.9159 0.0719063 17.6511 91.916 0.0719063 17.6511 107.916 0.0719063 17.6511 123.916 0.0719063 49.6511 -148.084 0.0719063 49.6511 -100.084 0.0719063 49.6511 -68.0841 0.0719063 49.6511 -20.0841 0.0719063 49.6511 -4.08405 0.0719063 49.6511 11.9159 0.0719063 49.6511 27.9159 0.0719063 49.6511 59.9159 0.0719063 49.6511 75.9159 0.0719063 49.6511 91.916 0.0719063 49.6511 107.916 0.0719063 49.6511 123.916 0.0719063 65.6511 27.9159 0.0719063 65.6511 59.9159 0.0719063 65.6511 123.916 0.0719063 81.6511 27.9159 0.0719063 81.6511 59.9159 0.0719063 81.6511 123.916 0.0719063 97.6511 -100.084 0.0719063 97.6511 -68.0841 0.0719063 97.6511 27.9159 0.0719063 97.6511 59.9159 0.0719063 97.6511 123.916 0.0719063 113.651 -100.084 0.0719063 113.651 -68.0841 0.0719063 113.651 27.9159 0.0719063 113.651 59.9159 0.0719063 113.651 123.916 0.0719063 129.651 -148.084 0.0719063 129.651 -132.084 0.0719063 129.651 -116.084 0.0719063 129.651 -100.084 0.0719063 129.651 -68.0841 0.0719063 129.651 -52.0841 0.0719063 129.651 -36.0841 0.0719063 129.651 -20.0841 0.0719063 129.651 -4.08406 0.0719063 129.651 11.9159 0.0719063 129.651 27.9159 0.0719063 129.651 59.9159 0.0719063 129.651 75.9159 0.0719063 129.651 91.9159 0.0719063 129.651 107.916 0.0719063 129.651 123.916 0.0719063 241.651 27.9159 0.0719063 225.651 27.9159 0.0719063 209.651 27.9159 0.0719063 193.651 27.9159 0.0719063 177.651 27.9159 0.0719063 241.651 11.9159 0.0719063 177.651 123.916 0.0719063 193.651 123.916 0.0719063 209.651 123.916 0.0719063 225.651 123.916 0.0719063 241.651 123.916 0.0719063 273.651 155.916 0.0719063 257.651 155.916 0.0719063 241.651 155.916 0.0719063 225.651 155.916 0.0719063 209.651 155.916 0.0719063 193.651 155.916 0.0719063 177.651 155.916 0.0719063 241.651 91.9159 0.0719063 225.651 91.9159 0.0719063 225.651 75.9159 0.0719063 241.651 75.9159 0.0719063 241.651 107.916 0.0719063 225.651 107.916 0.0719063 241.651 59.9159 0.0719063 225.651 59.9159 0.0719063 -158.349 -196.084 0.0719063 161.651 -196.084 0.0719063 -126.349 -196.084 0.0719063 -110.349 -196.084 0.0719063 -94.3489 -196.084 0.0719063 -62.3489 -196.084 0.0719063 -46.3489 -196.084 0.0719063 -30.3489 -196.084 0.0719063 -14.3489 -196.084 0.0719063 1.65106 -196.084 0.0719063 17.6511 -196.084 0.0719063 49.6511 -196.084 0.0719063 65.6511 -196.084 0.0719063 81.6511 -196.084 0.0719063 97.6511 -196.084 0.0719063 113.651 -196.084 0.0719063 129.651 -196.084 0.0719063 18.0078 -100.084 0.0719063 49.6511 -99.7273 0.0719063 17.8119 -68.2449 0.0719063 18.0078 -68.0841 0.0719063 49.6511 -68.4408 0.0719063 49.2943 -68.0841 0.0719063 49.2943 -100.084 0.0719063 17.7274 -68.3478 0.0719063 17.6511 -68.4408 0.0719063 17.6511 -99.7273 0.0719063 87.0356 -68.0841 0.0719063 85.3883 -62.6538 0.0719063 88.575 -73.1626 0.0719063 87.0356 -100.084 0.0719063 88.575 -95.0055 0.0719063 85.3883 -105.514 0.0719063 65.6511 -38.2506 0.0719063 73.249 -44.4861 0.0719063 79.4846 -52.0841 0.0719063 80.2134 -52.9721 0.0719063 79.4845 -116.084 0.0719063 80.2134 -115.196 0.0719063 65.6511 -129.918 0.0719063 73.249 -123.682 0.0719063 49.6511 -30.6995 0.0719063 55.0813 -32.3468 0.0719063 62.0732 -36.0841 0.0719063 64.763 -37.5218 0.0719063 62.0732 -132.084 0.0719063 64.763 -130.646 0.0719063 49.6511 -137.469 0.0719063 55.0813 -135.821 0.0719063 33.6512 -28.0841 0.0719063 44.5691 -29.1601 0.0719063 44.5761 -139.008 0.0719063 44.5761 -139.008 0.0719063 22.7364 -29.1601 0.0719063 22.7364 -29.1601 0.0719063 17.6511 -30.6995 0.0719063 17.6511 -137.469 0.0719063 22.726 -139.008 0.0719063 33.6511 -140.084 0.0719063 33.6511 -140.084 0.0719063 12.2208 -32.3468 0.0719063 5.22888 -36.0841 0.0719063 2.53913 -37.5218 0.0719063 1.65106 -129.918 0.0719063 2.53912 -130.646 0.0719063 5.22889 -132.084 0.0719063 12.2208 -135.821 0.0719063 -12.1824 -52.0841 0.0719063 -5.94692 -44.4861 0.0719063 -14.3489 -55.6619 0.0719063 -12.9112 -52.9721 0.0719063 -12.9112 -115.196 0.0719063 -14.3489 -112.506 0.0719063 -12.1824 -116.084 0.0719063 -5.94692 -123.682 0.0719063 -19.7334 -68.0841 0.0719063 -18.0862 -62.6538 0.0719063 -21.2729 -73.1626 0.0719063 -19.7335 -100.084 0.0719063 -21.2729 -95.0055 0.0719063 -18.0862 -105.514 0.0719063 87.0356 -68.0841 0.0719063 81.6511 -55.6619 0.0719063 87.0356 -100.084 0.0719063 81.6511 -112.506 0.0719063 49.6511 -30.6995 0.0719063 49.6511 -137.469 0.0719063 17.6511 -30.6995 0.0719063 17.6511 -137.469 0.0719063 1.65106 -38.2506 0.0719063 -19.7334 -68.0841 0.0719063 -19.7335 -100.084 0.0719063 49.6511 -28.0723 0.0719063 129.651 -12.0841 0.0719063 49.6511 -12.0841 0.0719063 17.6511 -12.0841 0.0719063 -62.3489 -12.0841 0.0719063 -94.3489 -12.084 0.0719063 -126.349 -12.084 0.0719063 -158.349 -12.0841 0.0719063 161.651 -12.0841 0.0719063 -62.3489 -60.0841 0.0719063 -94.3489 -60.0841 0.0719063 -126.349 -60.0841 0.0719063 -158.349 -60.0841 0.0719063 -62.3489 -44.0841 0.0719063 -94.3489 -44.0841 0.0719063 -126.349 -44.084 0.0719063 -158.349 -44.0841 0.0719063 -102.349 -164.084 0.0719063 -102.349 155.916 0.0719063 -102.349 123.916 0.0719063 -102.349 59.916 0.0719063 -102.349 27.916 0.0719063 -102.349 -68.0841 0.0719063 -102.349 -100.084 0.0719063 -102.349 -196.084 0.0719063 -84.9935 -148.084 0.0719063 -84.9935 -164.084 0.0719063 -86.3489 155.916 0.0719063 -86.3489 123.916 0.0719063 -84.9935 107.916 0.0719063 -84.9935 91.916 0.0719063 -84.9935 75.916 0.0719063 -84.9934 59.916 0.0719063 -84.9934 27.916 0.0719063 -84.9934 11.916 0.0719063 -84.9934 -4.08405 0.0719063 -84.9934 -20.084 0.0719063 -84.9934 -36.084 0.0719063 -84.9934 -52.084 0.0719063 -86.3489 -68.0841 0.0719063 -86.3489 -100.084 0.0719063 -84.9935 -116.084 0.0719063 -84.9935 -132.084 0.0719063 -86.3489 -196.084 0.0719063 -84.9934 -12.084 0.0719063 -86.3489 -60.0841 0.0719063 -84.9934 -44.0841 0.0719063 129.651 3.91594 0.0719063 49.6511 3.91595 0.0719063 17.6511 3.91595 0.0719063 -62.3489 3.91595 0.0719063 -94.3489 3.91595 0.0719063 -126.349 3.91595 0.0719063 -158.349 3.91594 0.0719063 161.651 3.91594 0.0719063 177.651 5.27142 0.0719063 193.651 5.27142 0.0719063 209.651 5.27142 0.0719063 225.651 5.27142 0.0719063 241.651 3.91594 0.0719063 257.651 3.91594 0.0719063 -86.3489 3.91595 0.0719063 -30.3489 -77.4395 0.0719063 -46.3489 -77.4395 0.0719063 -62.3489 -77.4395 0.0719063 -94.3489 -77.4395 0.0719063 -110.349 -77.4395 0.0719063 -126.349 -77.4395 0.0719063 -158.349 -76.0841 0.0719063 -102.349 -77.4395 0.0719063 -86.3489 -76.0841 0.0719063 -71.7044 -148.084 0.0719063 -71.7044 -164.084 0.0719063 -70.3489 155.916 0.0719063 -70.3489 123.916 0.0719063 -71.7044 107.916 0.0719063 -71.7044 91.916 0.0719063 -71.7044 75.916 0.0719063 -71.7044 59.916 0.0719063 -71.7044 27.916 0.0719063 -71.7044 11.9159 0.0719063 -71.7044 -4.08405 0.0719063 -71.7044 -20.0841 0.0719063 -71.7044 -36.084 0.0719063 -71.7044 -52.084 0.0719063 -70.3489 -68.0841 0.0719063 -70.3489 -100.084 0.0719063 -71.7044 -116.084 0.0719063 -71.7044 -132.084 0.0719063 -70.3489 -196.084 0.0719063 -71.7044 -12.0841 0.0719063 -70.3489 -60.0841 0.0719063 -71.7044 -44.0841 0.0719063 -70.3489 3.91595 0.0719063 -70.3489 -76.0841 0.0719063 -145.549 155.916 0.0719063 -139.149 155.916 0.0719063 -143.949 -164.084 0.0719063 -140.749 -164.084 0.0719063 -140.749 -148.084 0.0719063 -143.949 -148.084 0.0719063 -143.949 -132.084 0.0719063 -140.749 -132.084 0.0719063 -143.949 -116.084 0.0719063 -140.749 -116.084 0.0719063 -143.949 -100.084 0.0719063 -140.749 -100.084 0.0719063 -139.149 -68.0841 0.0719063 -145.549 -68.0841 0.0719063 -140.749 -52.084 0.0719063 -143.949 -52.0841 0.0719063 -143.949 -36.0841 0.0719063 -140.749 -36.084 0.0719063 -140.749 -20.084 0.0719063 -143.949 -20.0841 0.0719063 -140.749 -4.08405 0.0719063 -143.949 -4.08405 0.0719063 -143.949 11.9159 0.0719063 -140.749 11.916 0.0719063 -143.949 27.916 0.0719063 -140.749 27.916 0.0719063 -143.949 59.9159 0.0719063 -140.749 59.916 0.0719063 -143.949 75.9159 0.0719063 -140.749 75.9159 0.0719063 -143.949 91.916 0.0719063 -140.749 91.916 0.0719063 -143.949 107.916 0.0719063 -140.749 107.916 0.0719063 -143.949 123.916 0.0719063 -140.749 123.916 0.0719063 -139.149 -196.084 0.0719063 -145.549 -196.084 0.0719063 -143.949 -12.0841 0.0719063 -140.749 -12.084 0.0719063 -145.549 -60.0841 0.0719063 -139.149 -60.0841 0.0719063 -143.949 -44.0841 0.0719063 -140.749 -44.084 0.0719063 -145.549 3.91595 0.0719063 -139.149 3.91595 0.0719063 -145.549 -76.0841 0.0719063 -139.149 -76.0841 0.0719063 257.651 27.1159 0.0719063 257.651 28.7159 0.0719063 256.851 27.9159 0.0719063 257.651 11.1159 0.0719063 257.651 12.7159 0.0719063 256.851 11.9159 0.0719063 257.651 123.116 0.0719063 257.651 124.716 0.0719063 256.851 123.916 0.0719063 273.651 124.716 0.0719063 257.651 91.1159 0.0719063 257.651 92.7159 0.0719063 256.851 91.9159 0.0719063 257.651 75.1159 0.0719063 257.651 76.7159 0.0719063 256.851 75.9159 0.0719063 257.651 43.1159 0.0719063 257.651 44.7159 0.0719063 257.651 107.116 0.0719063 257.651 108.716 0.0719063 256.851 107.916 0.0719063 257.651 59.1159 0.0719063 257.651 60.7159 0.0719063 256.851 59.9159 0.0719063 177.651 -3.68406 0.0719063 193.651 -3.68406 0.0719063 209.651 -3.68406 0.0719063 225.651 -3.68406 0.0719063 241.651 -3.68406 0.0719063 257.651 -3.68406 0.0719063 129.651 -3.68406 0.0719063 161.651 -3.68406 0.0719063 -158.349 136.986 0.0719063 -158.349 142.846 0.0719063 161.651 138.452 0.0719063 161.651 141.382 0.0719063 -126.349 141.382 0.0719063 -126.349 138.452 0.0719063 -110.349 138.452 0.0719063 -110.349 141.382 0.0719063 -94.3489 138.452 0.0719063 -94.3489 141.382 0.0719063 -62.3489 141.382 0.0719063 -62.3489 138.452 0.0719063 -46.3489 141.382 0.0719063 -46.3489 138.452 0.0719063 -30.3489 141.382 0.0719063 -30.3489 138.452 0.0719063 -14.3489 141.382 0.0719063 -14.3489 138.452 0.0719063 1.65105 141.382 0.0719063 1.65105 138.452 0.0719063 17.6511 141.382 0.0719063 17.6511 138.452 0.0719063 49.6511 141.382 0.0719063 49.6511 138.452 0.0719063 65.6511 141.382 0.0719063 65.6511 138.452 0.0719063 81.6511 141.382 0.0719063 81.6511 138.452 0.0719063 97.6511 141.382 0.0719063 97.6511 138.452 0.0719063 113.651 141.382 0.0719063 113.651 138.452 0.0719063 129.651 141.382 0.0719063 129.651 138.452 0.0719063 273.651 137.132 0.0719063 273.651 142.846 0.0719063 257.651 138.525 0.0719063 257.651 141.382 0.0719063 241.651 138.452 0.0719063 241.651 141.382 0.0719063 225.651 138.452 0.0719063 225.651 141.382 0.0719063 209.651 138.452 0.0719063 209.651 141.382 0.0719063 193.651 138.452 0.0719063 193.651 141.382 0.0719063 177.651 138.452 0.0719063 177.651 141.382 0.0719063 -102.349 141.382 0.0719063 -102.349 138.452 0.0719063 -86.3489 141.382 0.0719063 -86.3489 138.452 0.0719063 -70.3489 141.382 0.0719063 -70.3489 138.452 0.0719063 -145.549 142.846 0.0719063 -145.549 136.986 0.0719063 -139.149 136.986 0.0719063 -139.149 142.846 0.0719063 30.4487 155.916 0.0719063 36.8535 155.916 0.0719063 35.2832 -20.0841 0.0719063 32.0203 -20.0841 0.0719063 35.2694 -4.08405 0.0719063 32.0336 -4.08405 0.0719063 32.0412 11.9159 0.0719063 35.2616 11.9159 0.0719063 32.0436 27.9159 0.0719063 35.2591 27.9159 0.0719063 30.4423 59.9159 0.0719063 36.8601 59.9159 0.0719063 32.0479 75.9159 0.0719063 35.2547 75.9159 0.0719063 32.0487 91.916 0.0719063 35.2539 91.916 0.0719063 32.0492 107.916 0.0719063 35.2534 107.916 0.0719063 35.253 123.916 0.0719063 32.0496 123.916 0.0719063 32.0102 -28.4073 0.0719063 32.0102 -28.4073 0.0719063 35.2936 -28.0841 0.0719063 35.2936 -28.0841 0.0719063 33.6512 -28.0841 0.0719063 33.6512 -28.0841 0.0719063 33.6512 -28.0841 0.0719063 33.6512 -28.0841 0.0719063 32.0279 -12.0841 0.0719063 35.2753 -12.0841 0.0719063 32.0379 3.91595 0.0719063 35.265 3.91595 0.0719063 36.8536 142.712 0.0719063 30.4486 141.382 0.0719063 30.4483 138.452 0.0719063 36.8539 137.12 0.0719063 -158.349 40.7159 0.0719063 -158.349 47.1159 0.0719063 161.651 40.7159 0.0719063 161.651 47.1159 0.0719063 -126.349 45.5159 0.0719063 -126.349 42.3159 0.0719063 -110.349 42.3159 0.0719063 -110.349 45.5159 0.0719063 -94.3489 42.3159 0.0719063 -94.3489 45.5159 0.0719063 -62.3489 45.5159 0.0719063 -62.3489 42.3159 0.0719063 -46.3489 45.5159 0.0719063 -46.3489 42.3159 0.0719063 -30.3489 45.5159 0.0719063 -30.3489 42.3159 0.0719063 -14.3489 45.5159 0.0719063 -14.3489 42.3159 0.0719063 1.65106 45.5159 0.0719063 1.65106 42.3159 0.0719063 17.6511 42.3159 0.0719063 17.6511 45.5159 0.0719063 49.6511 45.5159 0.0719063 49.6511 42.3159 0.0719063 65.6511 45.5159 0.0719063 65.6511 42.3159 0.0719063 81.6511 45.5159 0.0719063 81.6511 42.3159 0.0719063 97.6511 45.5159 0.0719063 97.6511 42.3159 0.0719063 113.651 45.5159 0.0719063 113.651 42.3159 0.0719063 129.651 45.5159 0.0719063 129.651 42.3159 0.0719063 241.651 40.7159 0.0719063 241.651 47.1159 0.0719063 225.651 40.7159 0.0719063 225.651 47.1159 0.0719063 -102.349 45.5159 0.0719063 -102.349 42.3159 0.0719063 -86.3489 47.116 0.0719063 -86.3489 40.716 0.0719063 -70.3489 47.116 0.0719063 -70.3489 40.716 0.0719063 -143.949 47.116 0.0719063 -145.401 40.7159 0.0719063 -139.297 40.716 0.0719063 -140.749 47.116 0.0719063 257.651 44.7159 0.0719063 257.651 43.1159 0.0719063 30.4401 47.116 0.0719063 30.4388 40.7159 0.0719063 36.8637 40.7159 0.0719063 36.8624 47.116 0.0719063 -158.349 -87.2841 0.0719063 -158.349 -80.8841 0.0719063 -126.349 -82.4841 0.0719063 -126.349 -85.6841 0.0719063 -110.349 -85.6841 0.0719063 -110.349 -82.4841 0.0719063 -94.3489 -85.6841 0.0719063 -94.3489 -82.4841 0.0719063 -62.3489 -82.4841 0.0719063 -62.3489 -85.6841 0.0719063 -46.3489 -82.4841 0.0719063 -46.3489 -85.6841 0.0719063 -30.3489 -82.4841 0.0719063 -30.3489 -85.6841 0.0719063 -22.0338 -82.4841 0.0719063 -22.0338 -85.6841 0.0719063 -102.349 -82.4841 0.0719063 -102.349 -85.6841 0.0719063 -86.3489 -80.884 0.0719063 -86.3489 -87.284 0.0719063 -70.3489 -80.884 0.0719063 -70.3489 -87.284 0.0719063 -139.149 -87.284 0.0719063 -139.149 -80.884 0.0719063 -145.549 -80.8841 0.0719063 -145.549 -87.284 0.0719063 -46.3489 -180.845 0.0719063 -46.3489 -177.645 0.0719063 -62.3489 -177.645 0.0719063 -62.3489 -180.845 0.0719063 81.6511 -180.845 0.0719063 81.6511 -177.645 0.0719063 65.6511 -177.645 0.0719063 65.6511 -180.845 0.0719063 -30.3489 -180.845 0.0719063 -30.3489 -177.645 0.0719063 -158.349 -182.445 0.0719063 -158.349 -176.045 0.0719063 97.6511 -180.845 0.0719063 97.6511 -177.645 0.0719063 -14.3489 -180.845 0.0719063 -14.3489 -177.645 0.0719063 -126.349 -177.645 0.0719063 -126.349 -180.845 0.0719063 113.651 -180.845 0.0719063 113.651 -177.645 0.0719063 161.651 -176.045 0.0719063 161.651 -182.445 0.0719063 1.65106 -180.845 0.0719063 1.65106 -177.645 0.0719063 -110.349 -180.845 0.0719063 -110.349 -177.645 0.0719063 129.651 -180.845 0.0719063 129.651 -177.645 0.0719063 17.6511 -180.845 0.0719063 17.6511 -177.645 0.0719063 -94.3489 -180.845 0.0719063 -94.3489 -177.645 0.0719063 49.6511 -180.845 0.0719063 49.6511 -177.645 0.0719063 -102.349 -177.645 0.0719063 -102.349 -180.845 0.0719063 -86.3489 -176.045 0.0719063 -86.3489 -182.445 0.0719063 -70.3489 -182.445 0.0719063 -70.3489 -176.045 0.0719063 -140.749 -182.445 0.0719063 -140.749 -176.045 0.0719063 -143.949 -176.045 0.0719063 -143.949 -182.445 0.0719063 32.0209 -164.084 0.0719063 35.2794 -164.084 0.0719063 35.2862 -148.084 0.0719063 32.0139 -148.084 0.0719063 36.8928 -196.084 0.0719063 30.4081 -196.084 0.0719063 36.9417 -139.76 0.0719063 36.9417 -139.76 0.0719063 36.9417 -139.76 0.0719063 30.3578 -140.084 0.0719063 30.3578 -140.084 0.0719063 33.6511 -140.084 0.0719063 33.6511 -140.084 0.0719063 33.6511 -140.084 0.0719063 33.6511 -140.084 0.0719063 33.6511 -140.084 0.0719063 33.6511 -140.084 0.0719063 30.4063 -182.445 0.0719063 36.8945 -182.445 0.0719063 36.8997 -176.045 0.0719063 30.401 -176.045 0.0719063 -81.5489 155.916 0.0719063 -75.1489 155.916 0.0719063 -79.9489 -164.084 0.0719063 -76.7489 -164.084 0.0719063 -76.7489 -148.084 0.0719063 -79.9489 -148.084 0.0719063 -79.9489 -132.084 0.0719063 -76.7489 -132.084 0.0719063 -79.9489 -116.084 0.0719063 -76.7489 -116.084 0.0719063 -75.1489 -100.084 0.0719063 -81.5489 -100.084 0.0719063 -75.1489 -68.0841 0.0719063 -81.5489 -68.0841 0.0719063 -76.7489 -52.084 0.0719063 -79.9489 -52.084 0.0719063 -79.9489 -36.084 0.0719063 -76.7489 -36.084 0.0719063 -76.7489 -20.0841 0.0719063 -79.9489 -20.0841 0.0719063 -76.7489 -4.08405 0.0719063 -79.9489 -4.08405 0.0719063 -79.9489 11.9159 0.0719063 -76.7489 11.9159 0.0719063 -76.7489 27.916 0.0719063 -79.9489 27.916 0.0719063 -79.9489 59.916 0.0719063 -76.7489 59.916 0.0719063 -79.9489 75.916 0.0719063 -76.7489 75.916 0.0719063 -79.9489 91.916 0.0719063 -76.7489 91.916 0.0719063 -79.9489 107.916 0.0719063 -76.7489 107.916 0.0719063 -75.1489 123.916 0.0719063 -81.5489 123.916 0.0719063 -75.1489 -196.084 0.0719063 -81.5489 -196.084 0.0719063 -79.9489 -12.084 0.0719063 -76.7489 -12.0841 0.0719063 -81.5489 -60.0841 0.0719063 -75.1489 -60.0841 0.0719063 -79.9489 -44.0841 0.0719063 -76.7489 -44.0841 0.0719063 -81.5489 3.91595 0.0719063 -75.1489 3.91595 0.0719063 -81.5489 -76.0841 0.0719063 -75.1489 -76.0841 0.0719063 -81.5489 137.483 0.0719063 -75.1489 138.452 0.0719063 -75.1489 141.382 0.0719063 -81.5489 142.35 0.0719063 -81.5489 40.716 0.0719063 -75.1489 40.716 0.0719063 -75.1489 47.116 0.0719063 -81.5489 47.116 0.0719063 -81.5489 -87.284 0.0719063 -75.1489 -87.284 0.0719063 -75.1489 -80.884 0.0719063 -81.5489 -80.884 0.0719063 -81.5489 -182.445 0.0719063 -75.1489 -182.445 0.0719063 -75.1489 -176.045 0.0719063 -81.5489 -176.045 0.0719063 142.451 155.916 0.0719063 148.851 155.916 0.0719063 144.051 -164.084 0.0719063 147.251 -164.084 0.0719063 147.251 -148.084 0.0719063 144.051 -148.084 0.0719063 144.051 -132.084 0.0719063 147.251 -132.084 0.0719063 144.051 -116.084 0.0719063 147.251 -116.084 0.0719063 142.451 -100.084 0.0719063 148.851 -100.084 0.0719063 142.451 -68.0841 0.0719063 148.851 -68.0841 0.0719063 144.051 -52.0841 0.0719063 147.251 -52.0841 0.0719063 144.051 -36.0841 0.0719063 147.251 -36.0841 0.0719063 147.251 -20.0841 0.0719063 144.051 -20.0841 0.0719063 147.251 -4.08406 0.0719063 144.051 -4.08406 0.0719063 144.051 11.9159 0.0719063 147.251 11.9159 0.0719063 147.251 27.9159 0.0719063 144.051 27.9159 0.0719063 144.051 59.9159 0.0719063 147.251 59.9159 0.0719063 144.051 75.9159 0.0719063 147.251 75.9159 0.0719063 144.051 91.9159 0.0719063 147.251 91.9159 0.0719063 144.051 107.916 0.0719063 147.251 107.916 0.0719063 148.851 123.916 0.0719063 142.451 123.916 0.0719063 148.851 -196.084 0.0719063 142.451 -196.084 0.0719063 144.051 -12.0841 0.0719063 147.251 -12.0841 0.0719063 142.457 3.91594 0.0719063 148.845 3.91594 0.0719063 144.051 -3.68406 0.0719063 147.251 -3.68406 0.0719063 142.451 137.121 0.0719063 148.851 138.452 0.0719063 148.851 141.382 0.0719063 142.451 142.711 0.0719063 142.451 40.7159 0.0719063 148.851 40.7159 0.0719063 148.851 47.1159 0.0719063 142.451 47.1159 0.0719063 148.851 -176.045 0.0719063 142.451 -176.045 0.0719063 142.451 -182.445 0.0719063 148.851 -182.445 0.0719063 161.651 -80.8841 0.0719063 161.651 -87.2841 0.0719063 97.6511 -82.4841 0.0719063 97.6511 -85.6841 0.0719063 113.651 -82.4841 0.0719063 113.651 -85.6841 0.0719063 129.651 -85.6841 0.0719063 129.651 -82.4841 0.0719063 89.3359 -85.6841 0.0719063 89.3359 -82.4841 0.0719063 142.451 -80.8841 0.0719063 142.451 -87.2841 0.0719063 148.851 -87.2841 0.0719063 148.851 -80.8841 0.0719063 161.651 8.71594 0.0719063 161.651 15.1159 0.0719063 158.451 11.9159 0.0719063 177.651 10.3159 0.0719063 177.651 13.5159 0.0719063 193.651 10.3159 0.0719063 193.651 13.5159 0.0719063 209.651 10.3159 0.0719063 209.651 13.5159 0.0719063 225.651 13.5159 0.0719063 225.651 10.3159 0.0719063 228.851 11.9159 0.0719063 -143.949 -164.084 0.0719063 -140.749 -164.084 0.0719063 -140.749 -148.084 0.0719063 -143.949 -148.084 0.0719063 -143.949 -132.084 0.0719063 -140.749 -132.084 0.0719063 -143.949 -116.084 0.0719063 -140.749 -116.084 0.0719063 -143.949 -100.084 0.0719063 -140.749 -100.084 0.0719063 -140.749 -52.084 0.0719063 -143.949 -52.0841 0.0719063 -143.949 -36.0841 0.0719063 -140.749 -36.084 0.0719063 -140.749 -20.084 0.0719063 -143.949 -20.0841 0.0719063 -140.749 -4.08405 0.0719063 -143.949 -4.08405 0.0719063 -143.949 11.9159 0.0719063 -140.749 11.916 0.0719063 -143.949 27.916 0.0719063 -140.749 27.916 0.0719063 -143.949 59.9159 0.0719063 -140.749 59.916 0.0719063 -143.949 75.9159 0.0719063 -140.749 75.9159 0.0719063 -143.949 91.916 0.0719063 -140.749 91.916 0.0719063 -143.949 107.916 0.0719063 -140.749 107.916 0.0719063 -143.949 123.916 0.0719063 -140.749 123.916 0.0719063 -143.949 -12.0841 0.0719063 -140.749 -12.084 0.0719063 -143.949 -44.0841 0.0719063 -140.749 -44.084 0.0719063 161.651 138.452 0.0719063 161.651 141.382 0.0719063 -126.349 141.382 0.0719063 -126.349 138.452 0.0719063 -110.349 138.452 0.0719063 -110.349 141.382 0.0719063 -94.3489 138.452 0.0719063 -94.3489 141.382 0.0719063 -62.3489 141.382 0.0719063 -62.3489 138.452 0.0719063 -46.3489 141.382 0.0719063 -46.3489 138.452 0.0719063 -30.3489 141.382 0.0719063 -30.3489 138.452 0.0719063 -14.3489 141.382 0.0719063 -14.3489 138.452 0.0719063 1.65105 141.382 0.0719063 1.65105 138.452 0.0719063 17.6511 141.382 0.0719063 17.6511 138.452 0.0719063 49.6511 141.382 0.0719063 49.6511 138.452 0.0719063 65.6511 141.382 0.0719063 65.6511 138.452 0.0719063 81.6511 141.382 0.0719063 81.6511 138.452 0.0719063 97.6511 141.382 0.0719063 97.6511 138.452 0.0719063 113.651 141.382 0.0719063 113.651 138.452 0.0719063 129.651 141.382 0.0719063 129.651 138.452 0.0719063 257.651 138.525 0.0719063 257.651 141.382 0.0719063 241.651 138.452 0.0719063 241.651 141.382 0.0719063 225.651 138.452 0.0719063 225.651 141.382 0.0719063 209.651 138.452 0.0719063 209.651 141.382 0.0719063 193.651 138.452 0.0719063 193.651 141.382 0.0719063 177.651 138.452 0.0719063 177.651 141.382 0.0719063 -102.349 141.382 0.0719063 -102.349 138.452 0.0719063 -86.3489 141.382 0.0719063 -86.3489 138.452 0.0719063 -70.3489 141.382 0.0719063 -70.3489 138.452 0.0719063 35.2832 -20.0841 0.0719063 32.0203 -20.0841 0.0719063 35.2694 -4.08405 0.0719063 32.0336 -4.08405 0.0719063 32.0412 11.9159 0.0719063 35.2616 11.9159 0.0719063 32.0436 27.9159 0.0719063 35.2591 27.9159 0.0719063 32.0479 75.9159 0.0719063 35.2547 75.9159 0.0719063 32.0487 91.916 0.0719063 35.2539 91.916 0.0719063 32.0492 107.916 0.0719063 35.2534 107.916 0.0719063 35.253 123.916 0.0719063 32.0496 123.916 0.0719063 32.0102 -28.4073 0.0719063 35.2936 -28.0841 0.0719063 32.0279 -12.0841 0.0719063 35.2753 -12.0841 0.0719063 32.0379 3.91595 0.0719063 35.265 3.91595 0.0719063 30.4486 141.382 0.0719063 30.4483 138.452 0.0719063 -126.349 45.5159 0.0719063 -126.349 42.3159 0.0719063 -110.349 42.3159 0.0719063 -110.349 45.5159 0.0719063 -94.3489 42.3159 0.0719063 -94.3489 45.5159 0.0719063 -62.3489 45.5159 0.0719063 -62.3489 42.3159 0.0719063 -46.3489 45.5159 0.0719063 -46.3489 42.3159 0.0719063 -30.3489 45.5159 0.0719063 -30.3489 42.3159 0.0719063 -14.3489 45.5159 0.0719063 -14.3489 42.3159 0.0719063 1.65106 45.5159 0.0719063 1.65106 42.3159 0.0719063 17.6511 42.3159 0.0719063 17.6511 45.5159 0.0719063 49.6511 45.5159 0.0719063 49.6511 42.3159 0.0719063 65.6511 45.5159 0.0719063 65.6511 42.3159 0.0719063 81.6511 45.5159 0.0719063 81.6511 42.3159 0.0719063 97.6511 45.5159 0.0719063 97.6511 42.3159 0.0719063 113.651 45.5159 0.0719063 113.651 42.3159 0.0719063 129.651 45.5159 0.0719063 129.651 42.3159 0.0719063 -102.349 45.5159 0.0719063 -102.349 42.3159 0.0719063 -143.949 47.116 0.0719063 -126.349 -82.4841 0.0719063 -126.349 -85.6841 0.0719063 -110.349 -85.6841 0.0719063 -110.349 -82.4841 0.0719063 -94.3489 -85.6841 0.0719063 -94.3489 -82.4841 0.0719063 -62.3489 -82.4841 0.0719063 -62.3489 -85.6841 0.0719063 -46.3489 -82.4841 0.0719063 -46.3489 -85.6841 0.0719063 -30.3489 -82.4841 0.0719063 -30.3489 -85.6841 0.0719063 -22.0338 -82.4841 0.0719063 -22.0338 -85.6841 0.0719063 -102.349 -82.4841 0.0719063 -102.349 -85.6841 0.0719063 -46.3489 -180.845 0.0719063 -46.3489 -177.645 0.0719063 -62.3489 -177.645 0.0719063 -62.3489 -180.845 0.0719063 81.6511 -180.845 0.0719063 81.6511 -177.645 0.0719063 65.6511 -177.645 0.0719063 65.6511 -180.845 0.0719063 -30.3489 -180.845 0.0719063 -30.3489 -177.645 0.0719063 97.6511 -180.845 0.0719063 97.6511 -177.645 0.0719063 -14.3489 -180.845 0.0719063 -14.3489 -177.645 0.0719063 -126.349 -177.645 0.0719063 -126.349 -180.845 0.0719063 113.651 -180.845 0.0719063 113.651 -177.645 0.0719063 1.65106 -180.845 0.0719063 1.65106 -177.645 0.0719063 -110.349 -180.845 0.0719063 -110.349 -177.645 0.0719063 129.651 -180.845 0.0719063 129.651 -177.645 0.0719063 17.6511 -180.845 0.0719063 17.6511 -177.645 0.0719063 -94.3489 -180.845 0.0719063 -94.3489 -177.645 0.0719063 49.6511 -180.845 0.0719063 49.6511 -177.645 0.0719063 -102.349 -177.645 0.0719063 -102.349 -180.845 0.0719063 -140.749 -182.445 0.0719063 -140.749 -176.045 0.0719063 -143.949 -176.045 0.0719063 -143.949 -182.445 0.0719063 32.0209 -164.084 0.0719063 35.2794 -164.084 0.0719063 35.2862 -148.084 0.0719063 32.0139 -148.084 0.0719063 -79.9489 -164.084 0.0719063 -76.7489 -164.084 0.0719063 -76.7489 -148.084 0.0719063 -79.9489 -148.084 0.0719063 -79.9489 -132.084 0.0719063 -76.7489 -132.084 0.0719063 -79.9489 -116.084 0.0719063 -76.7489 -116.084 0.0719063 -76.7489 -52.084 0.0719063 -79.9489 -52.084 0.0719063 -79.9489 -36.084 0.0719063 -76.7489 -36.084 0.0719063 -76.7489 -20.0841 0.0719063 -79.9489 -20.0841 0.0719063 -76.7489 -4.08405 0.0719063 -79.9489 -4.08405 0.0719063 -79.9489 11.9159 0.0719063 -76.7489 11.9159 0.0719063 -76.7489 27.916 0.0719063 -79.9489 27.916 0.0719063 -79.9489 59.916 0.0719063 -76.7489 59.916 0.0719063 -79.9489 75.916 0.0719063 -76.7489 75.916 0.0719063 -79.9489 91.916 0.0719063 -76.7489 91.916 0.0719063 -79.9489 107.916 0.0719063 -76.7489 107.916 0.0719063 -79.9489 -12.084 0.0719063 -76.7489 -12.0841 0.0719063 -79.9489 -44.0841 0.0719063 -76.7489 -44.0841 0.0719063 -75.1489 138.452 0.0719063 -75.1489 141.382 0.0719063 144.051 -164.084 0.0719063 147.251 -164.084 0.0719063 147.251 -148.084 0.0719063 144.051 -148.084 0.0719063 144.051 -132.084 0.0719063 147.251 -132.084 0.0719063 144.051 -116.084 0.0719063 147.251 -116.084 0.0719063 144.051 -52.0841 0.0719063 147.251 -52.0841 0.0719063 144.051 -36.0841 0.0719063 147.251 -36.0841 0.0719063 147.251 -20.0841 0.0719063 144.051 -20.0841 0.0719063 147.251 -4.08406 0.0719063 144.051 -4.08406 0.0719063 144.051 11.9159 0.0719063 147.251 11.9159 0.0719063 147.251 27.9159 0.0719063 144.051 27.9159 0.0719063 144.051 59.9159 0.0719063 147.251 59.9159 0.0719063 144.051 75.9159 0.0719063 147.251 75.9159 0.0719063 144.051 91.9159 0.0719063 147.251 91.9159 0.0719063 144.051 107.916 0.0719063 147.251 107.916 0.0719063 144.051 -12.0841 0.0719063 147.251 -12.0841 0.0719063 144.051 -3.68406 0.0719063 147.251 -3.68406 0.0719063 148.851 138.452 0.0719063 148.851 141.382 0.0719063 97.6511 -82.4841 0.0719063 97.6511 -85.6841 0.0719063 113.651 -82.4841 0.0719063 113.651 -85.6841 0.0719063 129.651 -85.6841 0.0719063 129.651 -82.4841 0.0719063 89.3359 -85.6841 0.0719063 89.3359 -82.4841 0.0719063 177.651 10.3159 0.0719063 177.651 13.5159 0.0719063 193.651 10.3159 0.0719063 193.651 13.5159 0.0719063 209.651 10.3159 0.0719063 209.651 13.5159 0.0719063 -143.416 -164.084 0.0719063 -142.882 -164.084 0.0719063 -141.816 -164.084 0.0719063 -141.282 -164.084 0.0719063 -141.282 -176.045 0.0719063 -141.816 -176.045 0.0719063 -142.882 -176.045 0.0719063 -143.416 -176.045 0.0719063 -143.416 -182.445 0.0719063 -142.882 -182.445 0.0719063 -141.816 -182.445 0.0719063 -141.282 -182.445 0.0719063 -126.349 -178.178 0.0719063 -126.349 -178.711 0.0719063 -126.349 -179.778 0.0719063 -126.349 -180.311 0.0719063 -110.349 -180.311 0.0719063 -110.349 -179.778 0.0719063 -110.349 -178.711 0.0719063 -110.349 -178.178 0.0719063 -102.349 -178.178 0.0719063 -102.349 -178.711 0.0719063 -102.349 -179.778 0.0719063 -102.349 -180.311 0.0719063 -94.3489 -180.311 0.0719063 -94.3489 -179.778 0.0719063 -94.3489 -178.711 0.0719063 -94.3489 -178.178 0.0719063 -46.3489 -180.311 0.0719063 -46.3489 -179.778 0.0719063 -46.3489 -178.711 0.0719063 -46.3489 -178.178 0.0719063 -62.3489 -178.178 0.0719063 -62.3489 -178.711 0.0719063 -62.3489 -179.778 0.0719063 -62.3489 -180.311 0.0719063 -30.3489 -180.311 0.0719063 -30.3489 -179.778 0.0719063 -30.3489 -178.711 0.0719063 -30.3489 -178.178 0.0719063 -14.3489 -180.311 0.0719063 -14.3489 -179.778 0.0719063 -14.3489 -178.711 0.0719063 -14.3489 -178.178 0.0719063 1.65106 -180.311 0.0719063 1.65106 -179.778 0.0719063 1.65106 -178.711 0.0719063 1.65106 -178.178 0.0719063 17.6511 -180.311 0.0719063 17.6511 -179.778 0.0719063 17.6511 -178.711 0.0719063 17.6511 -178.178 0.0719063 65.6511 -178.178 0.0719063 65.6511 -178.711 0.0719063 65.6511 -179.778 0.0719063 65.6511 -180.311 0.0719063 49.6511 -180.311 0.0719063 49.6511 -179.778 0.0719063 49.6511 -178.711 0.0719063 49.6511 -178.178 0.0719063 81.6511 -180.311 0.0719063 81.6511 -179.778 0.0719063 81.6511 -178.711 0.0719063 81.6511 -178.178 0.0719063 97.6511 -180.311 0.0719063 97.6511 -179.778 0.0719063 97.6511 -178.711 0.0719063 97.6511 -178.178 0.0719063 113.651 -180.311 0.0719063 113.651 -179.778 0.0719063 113.651 -178.711 0.0719063 113.651 -178.178 0.0719063 129.651 -180.311 0.0719063 129.651 -179.778 0.0719063 129.651 -178.711 0.0719063 129.651 -178.178 0.0719063 144.584 -164.084 0.0719063 145.118 -164.084 0.0719063 146.184 -164.084 0.0719063 146.718 -164.084 0.0719063 146.718 -148.084 0.0719063 146.184 -148.084 0.0719063 145.118 -148.084 0.0719063 144.584 -148.084 0.0719063 144.584 -116.084 0.0719063 145.118 -116.084 0.0719063 146.184 -116.084 0.0719063 146.718 -116.084 0.0719063 144.584 -132.084 0.0719063 145.118 -132.084 0.0719063 146.184 -132.084 0.0719063 146.718 -132.084 0.0719063 144.584 -36.0841 0.0719063 145.118 -36.0841 0.0719063 146.184 -36.0841 0.0719063 146.718 -36.0841 0.0719063 144.584 -52.0841 0.0719063 145.118 -52.0841 0.0719063 146.184 -52.0841 0.0719063 146.718 -52.0841 0.0719063 144.584 -12.0841 0.0719063 145.118 -12.0841 0.0719063 146.184 -12.0841 0.0719063 146.718 -12.0841 0.0719063 146.718 -4.08406 0.0719063 146.184 -4.08406 0.0719063 145.118 -4.08406 0.0719063 144.584 -4.08406 0.0719063 146.718 -20.0841 0.0719063 146.184 -20.0841 0.0719063 145.118 -20.0841 0.0719063 144.584 -20.0841 0.0719063 144.584 -3.68406 0.0719063 145.118 -3.68406 0.0719063 146.184 -3.68406 0.0719063 146.718 -3.68406 0.0719063 144.584 11.9159 0.0719063 145.118 11.9159 0.0719063 146.184 11.9159 0.0719063 146.718 11.9159 0.0719063 146.718 27.9159 0.0719063 146.184 27.9159 0.0719063 145.118 27.9159 0.0719063 144.584 27.9159 0.0719063 177.651 10.8493 0.0719063 177.651 11.3826 0.0719063 177.651 12.4493 0.0719063 177.651 12.9826 0.0719063 193.651 10.8493 0.0719063 193.651 11.3826 0.0719063 193.651 12.4493 0.0719063 193.651 12.9826 0.0719063 209.651 10.8493 0.0719063 209.651 11.3826 0.0719063 209.651 12.4493 0.0719063 209.651 12.9826 0.0719063 144.584 75.9159 0.0719063 145.118 75.9159 0.0719063 146.184 75.9159 0.0719063 146.718 75.9159 0.0719063 144.584 59.9159 0.0719063 145.118 59.9159 0.0719063 146.184 59.9159 0.0719063 146.718 59.9159 0.0719063 144.584 107.916 0.0719063 145.118 107.916 0.0719063 146.184 107.916 0.0719063 146.718 107.916 0.0719063 144.584 91.9159 0.0719063 145.118 91.9159 0.0719063 146.184 91.9159 0.0719063 146.718 91.9159 0.0719063 161.651 138.94 0.0719063 161.651 139.429 0.0719063 161.651 140.406 0.0719063 161.651 140.894 0.0719063 148.851 138.94 0.0719063 148.851 139.429 0.0719063 148.851 140.406 0.0719063 148.851 140.894 0.0719063 177.651 138.94 0.0719063 177.651 139.429 0.0719063 177.651 140.406 0.0719063 177.651 140.894 0.0719063 193.651 138.94 0.0719063 193.651 139.429 0.0719063 193.651 140.406 0.0719063 193.651 140.894 0.0719063 209.651 138.94 0.0719063 209.651 139.429 0.0719063 209.651 140.406 0.0719063 209.651 140.894 0.0719063 225.651 138.94 0.0719063 225.651 139.429 0.0719063 225.651 140.406 0.0719063 225.651 140.894 0.0719063 241.651 138.94 0.0719063 241.651 139.429 0.0719063 241.651 140.406 0.0719063 241.651 140.894 0.0719063 257.651 139.001 0.0719063 257.651 139.478 0.0719063 257.651 140.43 0.0719063 257.651 140.906 0.0719063 129.651 140.894 0.0719063 129.651 140.406 0.0719063 129.651 139.429 0.0719063 129.651 138.94 0.0719063 113.651 140.894 0.0719063 113.651 140.406 0.0719063 113.651 139.429 0.0719063 113.651 138.94 0.0719063 97.6511 140.894 0.0719063 97.6511 140.406 0.0719063 97.6511 139.429 0.0719063 97.6511 138.94 0.0719063 81.6511 140.894 0.0719063 81.6511 140.406 0.0719063 81.6511 139.429 0.0719063 81.6511 138.94 0.0719063 65.6511 140.894 0.0719063 65.6511 140.406 0.0719063 65.6511 139.429 0.0719063 65.6511 138.94 0.0719063 49.6511 140.894 0.0719063 49.6511 140.406 0.0719063 49.6511 139.429 0.0719063 49.6511 138.94 0.0719063 17.6511 140.894 0.0719063 17.6511 140.406 0.0719063 17.6511 139.429 0.0719063 17.6511 138.94 0.0719063 30.4485 140.894 0.0719063 30.4485 140.406 0.0719063 30.4484 139.429 0.0719063 30.4483 138.94 0.0719063 1.65105 140.894 0.0719063 1.65105 140.406 0.0719063 1.65105 139.429 0.0719063 1.65105 138.94 0.0719063 -14.3489 140.894 0.0719063 -14.3489 140.406 0.0719063 -14.3489 139.429 0.0719063 -14.3489 138.94 0.0719063 -30.3489 140.894 0.0719063 -30.3489 140.406 0.0719063 -30.3489 139.429 0.0719063 -30.3489 138.94 0.0719063 -46.3489 140.894 0.0719063 -46.3489 140.406 0.0719063 -46.3489 139.429 0.0719063 -46.3489 138.94 0.0719063 -62.3489 140.894 0.0719063 -62.3489 140.406 0.0719063 -62.3489 139.429 0.0719063 -62.3489 138.94 0.0719063 -70.3489 140.894 0.0719063 -70.3489 140.406 0.0719063 -70.3489 139.429 0.0719063 -70.3489 138.94 0.0719063 -75.1489 138.94 0.0719063 -75.1489 139.429 0.0719063 -75.1489 140.406 0.0719063 -75.1489 140.894 0.0719063 -79.4156 107.916 0.0719063 -78.8823 107.916 0.0719063 -77.8156 107.916 0.0719063 -77.2823 107.916 0.0719063 -79.4156 91.916 0.0719063 -78.8823 91.916 0.0719063 -77.8156 91.916 0.0719063 -77.2823 91.916 0.0719063 -79.4156 75.916 0.0719063 -78.8823 75.916 0.0719063 -77.8156 75.916 0.0719063 -77.2823 75.916 0.0719063 -79.4156 59.916 0.0719063 -78.8823 59.916 0.0719063 -77.8156 59.916 0.0719063 -77.2823 59.916 0.0719063 -86.3489 140.894 0.0719063 -86.3489 140.406 0.0719063 -86.3489 139.429 0.0719063 -86.3489 138.94 0.0719063 -102.349 140.894 0.0719063 -102.349 140.406 0.0719063 -102.349 139.429 0.0719063 -102.349 138.94 0.0719063 -94.3489 138.94 0.0719063 -94.3489 139.429 0.0719063 -94.3489 140.406 0.0719063 -94.3489 140.894 0.0719063 -126.349 140.894 0.0719063 -126.349 140.406 0.0719063 -126.349 139.429 0.0719063 -126.349 138.94 0.0719063 -110.349 138.94 0.0719063 -110.349 139.429 0.0719063 -110.349 140.406 0.0719063 -110.349 140.894 0.0719063 -143.416 123.916 0.0719063 -142.882 123.916 0.0719063 -141.816 123.916 0.0719063 -141.282 123.916 0.0719063 -143.416 107.916 0.0719063 -142.882 107.916 0.0719063 -141.816 107.916 0.0719063 -141.282 107.916 0.0719063 -143.416 91.916 0.0719063 -142.882 91.916 0.0719063 -141.816 91.916 0.0719063 -141.282 91.916 0.0719063 -143.416 75.9159 0.0719063 -142.882 75.9159 0.0719063 -141.816 75.9159 0.0719063 -141.282 75.9159 0.0719063 -143.416 59.9159 0.0719063 -142.882 59.9159 0.0719063 -141.816 59.9159 0.0719063 -141.282 59.916 0.0719063 -142.882 47.116 0.0719063 -143.416 47.116 0.0719063 -126.349 44.9826 0.0719063 -126.349 44.4493 0.0719063 -126.349 43.3826 0.0719063 -126.349 42.8493 0.0719063 -110.349 42.8493 0.0719063 -110.349 43.3826 0.0719063 -110.349 44.4493 0.0719063 -110.349 44.9826 0.0719063 -102.349 44.9826 0.0719063 -102.349 44.4493 0.0719063 -102.349 43.3826 0.0719063 -102.349 42.8493 0.0719063 -94.3489 42.8493 0.0719063 -94.3489 43.3826 0.0719063 -94.3489 44.4493 0.0719063 -94.3489 44.9826 0.0719063 -46.3489 44.9826 0.0719063 -46.3489 44.4493 0.0719063 -46.3489 43.3826 0.0719063 -46.3489 42.8493 0.0719063 -62.3489 44.9826 0.0719063 -62.3489 44.4493 0.0719063 -62.3489 43.3826 0.0719063 -62.3489 42.8493 0.0719063 -14.3489 44.9826 0.0719063 -14.3489 44.4493 0.0719063 -14.3489 43.3826 0.0719063 -14.3489 42.8493 0.0719063 -30.3489 44.9826 0.0719063 -30.3489 44.4493 0.0719063 -30.3489 43.3826 0.0719063 -30.3489 42.8493 0.0719063 1.65106 44.9826 0.0719063 1.65106 44.4493 0.0719063 1.65106 43.3826 0.0719063 1.65106 42.8493 0.0719063 17.6511 42.8493 0.0719063 17.6511 43.3826 0.0719063 17.6511 44.4493 0.0719063 17.6511 44.9826 0.0719063 65.6511 44.9826 0.0719063 65.6511 44.4493 0.0719063 65.6511 43.3826 0.0719063 65.6511 42.8493 0.0719063 49.6511 44.9826 0.0719063 49.6511 44.4493 0.0719063 49.6511 43.3826 0.0719063 49.6511 42.8493 0.0719063 97.6511 44.9826 0.0719063 97.6511 44.4493 0.0719063 97.6511 43.3826 0.0719063 97.6511 42.8493 0.0719063 81.6511 44.9826 0.0719063 81.6511 44.4493 0.0719063 81.6511 43.3826 0.0719063 81.6511 42.8493 0.0719063 129.651 44.9826 0.0719063 129.651 44.4493 0.0719063 129.651 43.3826 0.0719063 129.651 42.8493 0.0719063 113.651 44.9826 0.0719063 113.651 44.4493 0.0719063 113.651 43.3826 0.0719063 113.651 42.8493 0.0719063 32.5829 91.916 0.0719063 33.1171 91.916 0.0719063 34.1855 91.916 0.0719063 34.7197 91.916 0.0719063 32.5824 75.9159 0.0719063 33.1168 75.9159 0.0719063 34.1858 75.9159 0.0719063 34.7202 75.9159 0.0719063 32.5832 107.916 0.0719063 33.1173 107.916 0.0719063 34.1853 107.916 0.0719063 34.7193 107.916 0.0719063 34.7191 123.916 0.0719063 34.1852 123.916 0.0719063 33.1174 123.916 0.0719063 32.5835 123.916 0.0719063 32.5796 27.9159 0.0719063 33.1155 27.9159 0.0719063 34.1873 27.9159 0.0719063 34.7232 27.9159 0.0719063 32.5779 11.9159 0.0719063 33.1147 11.9159 0.0719063 34.1881 11.9159 0.0719063 34.7249 11.9159 0.0719063 32.5758 3.91595 0.0719063 33.1136 3.91595 0.0719063 34.1893 3.91595 0.0719063 34.7271 3.91595 0.0719063 32.5691 -12.0841 0.0719063 33.1104 -12.0841 0.0719063 34.1928 -12.0841 0.0719063 34.7341 -12.0841 0.0719063 34.7301 -4.08405 0.0719063 34.1908 -4.08405 0.0719063 33.1122 -4.08405 0.0719063 32.5729 -4.08405 0.0719063 34.7394 -20.0841 0.0719063 34.1955 -20.0841 0.0719063 33.1079 -20.0841 0.0719063 32.5641 -20.0841 0.0719063 32.5574 -28.3534 0.0719063 33.1046 -28.2996 0.0719063 34.1991 -28.1918 0.0719063 34.7463 -28.1379 0.0719063 -143.416 27.916 0.0719063 -142.882 27.916 0.0719063 -141.816 27.916 0.0719063 -141.282 27.916 0.0719063 -143.416 11.9159 0.0719063 -142.882 11.9159 0.0719063 -141.816 11.916 0.0719063 -141.282 11.916 0.0719063 -143.416 -12.0841 0.0719063 -142.882 -12.084 0.0719063 -141.816 -12.084 0.0719063 -141.282 -12.084 0.0719063 -141.282 -4.08405 0.0719063 -141.816 -4.08405 0.0719063 -142.882 -4.08405 0.0719063 -143.416 -4.08405 0.0719063 -141.282 -20.084 0.0719063 -141.816 -20.084 0.0719063 -142.882 -20.084 0.0719063 -143.416 -20.084 0.0719063 -143.418 -36.0841 0.0719063 -142.885 -36.0841 0.0719063 -141.818 -36.084 0.0719063 -141.285 -36.084 0.0719063 -143.418 -44.0841 0.0719063 -142.885 -44.0841 0.0719063 -141.818 -44.0841 0.0719063 -141.285 -44.084 0.0719063 -141.285 -52.084 0.0719063 -141.818 -52.084 0.0719063 -142.885 -52.084 0.0719063 -143.418 -52.0841 0.0719063 -126.349 -83.0174 0.0719063 -126.349 -83.5507 0.0719063 -126.349 -84.6174 0.0719063 -126.349 -85.1507 0.0719063 -110.349 -85.1507 0.0719063 -110.349 -84.6174 0.0719063 -110.349 -83.5507 0.0719063 -110.349 -83.0174 0.0719063 -102.349 -83.0174 0.0719063 -102.349 -83.5507 0.0719063 -102.349 -84.6174 0.0719063 -102.349 -85.1507 0.0719063 -94.3489 -85.1507 0.0719063 -94.3489 -84.6174 0.0719063 -94.3489 -83.5507 0.0719063 -94.3489 -83.0174 0.0719063 -46.3489 -83.0174 0.0719063 -46.3489 -83.5507 0.0719063 -46.3489 -84.6174 0.0719063 -46.3489 -85.1507 0.0719063 -62.3489 -83.0174 0.0719063 -62.3489 -83.5507 0.0719063 -62.3489 -84.6174 0.0719063 -62.3489 -85.1507 0.0719063 -30.3489 -83.0174 0.0719063 -30.3489 -83.5507 0.0719063 -30.3489 -84.6174 0.0719063 -30.3489 -85.1507 0.0719063 -22.0338 -85.1507 0.0719063 -22.0338 -84.6174 0.0719063 -22.0338 -83.5507 0.0719063 -22.0338 -83.0174 0.0719063 -79.4156 -116.084 0.0719063 -78.8823 -116.084 0.0719063 -77.8156 -116.084 0.0719063 -77.2823 -116.084 0.0719063 -79.4156 -132.084 0.0719063 -78.8823 -132.084 0.0719063 -77.8156 -132.084 0.0719063 -77.2823 -132.084 0.0719063 -79.4156 -164.084 0.0719063 -78.8823 -164.084 0.0719063 -77.8156 -164.084 0.0719063 -77.2823 -164.084 0.0719063 -77.2823 -148.084 0.0719063 -77.8156 -148.084 0.0719063 -78.8823 -148.084 0.0719063 -79.4156 -148.084 0.0719063 -141.282 -148.084 0.0719063 -141.816 -148.084 0.0719063 -142.882 -148.084 0.0719063 -143.416 -148.084 0.0719063 -143.416 -132.084 0.0719063 -142.882 -132.084 0.0719063 -141.816 -132.084 0.0719063 -141.282 -132.084 0.0719063 -143.416 -100.084 0.0719063 -142.882 -100.084 0.0719063 -141.816 -100.084 0.0719063 -141.282 -100.084 0.0719063 -143.416 -116.084 0.0719063 -142.882 -116.084 0.0719063 -141.816 -116.084 0.0719063 -141.282 -116.084 0.0719063 32.564 -164.084 0.0719063 33.1071 -164.084 0.0719063 34.1932 -164.084 0.0719063 34.7363 -164.084 0.0719063 34.7408 -148.084 0.0719063 34.1955 -148.084 0.0719063 33.1047 -148.084 0.0719063 32.5593 -148.084 0.0719063 113.651 -83.0174 0.0719063 113.651 -83.5507 0.0719063 113.651 -84.6174 0.0719063 113.651 -85.1507 0.0719063 129.651 -85.1507 0.0719063 129.651 -84.6174 0.0719063 129.651 -83.5507 0.0719063 129.651 -83.0174 0.0719063 97.6511 -83.0174 0.0719063 97.6511 -83.5507 0.0719063 97.6511 -84.6174 0.0719063 97.6511 -85.1507 0.0719063 89.3359 -83.0174 0.0719063 89.3359 -83.5507 0.0719063 89.3359 -84.6174 0.0719063 89.3359 -85.1507 0.0719063 -79.4156 -36.084 0.0719063 -78.8823 -36.084 0.0719063 -77.8156 -36.084 0.0719063 -77.2823 -36.084 0.0719063 -79.4156 -44.0841 0.0719063 -78.8823 -44.0841 0.0719063 -77.8156 -44.0841 0.0719063 -77.2823 -44.0841 0.0719063 -77.2823 -52.084 0.0719063 -77.8156 -52.084 0.0719063 -78.8823 -52.084 0.0719063 -79.4156 -52.084 0.0719063 -79.4156 -12.084 0.0719063 -78.8823 -12.084 0.0719063 -77.8156 -12.084 0.0719063 -77.2823 -12.084 0.0719063 -77.2823 -4.08405 0.0719063 -77.8156 -4.08405 0.0719063 -78.8823 -4.08405 0.0719063 -79.4156 -4.08405 0.0719063 -77.2823 -20.0841 0.0719063 -77.8156 -20.0841 0.0719063 -78.8823 -20.0841 0.0719063 -79.4156 -20.0841 0.0719063 -79.4156 11.9159 0.0719063 -78.8823 11.9159 0.0719063 -77.8156 11.9159 0.0719063 -77.2823 11.9159 0.0719063 -77.2823 27.916 0.0719063 -77.8156 27.916 0.0719063 -78.8823 27.916 0.0719063 -79.4156 27.916 0.0719063 -158.349 -164.084 0.0719063 -158.349 -116.084 0.0719063 -158.349 -132.084 0.0719063 -158.349 -148.084 0.0719063 -158.349 -196.084 0.0719063 -158.349 -182.445 0.0719063 -158.349 -176.045 0.0719063 -158.349 -196.084 0.0719063 -126.349 -196.084 0.0719063 -110.349 -196.084 0.0719063 -102.349 -196.084 0.0719063 -139.149 -196.084 0.0719063 -145.549 -196.084 0.0719063 -158.349 -196.084 0.0719063 273.651 155.916 0.0719063 273.651 124.716 0.0719063 273.651 137.132 0.0719063 273.651 142.846 0.0719063 161.651 155.916 0.0719063 177.651 155.916 0.0719063 161.651 47.7255 0.0719063 161.651 48.335 0.0719063 161.651 48.9445 0.0719063 161.651 49.554 0.0719063 161.651 50.1636 0.0719063 161.651 50.7731 0.0719063 161.651 51.3826 0.0719063 161.651 51.9921 0.0719063 161.651 52.6017 0.0719063 161.651 53.2112 0.0719063 161.651 53.8207 0.0719063 161.651 54.4302 0.0719063 161.651 55.0398 0.0719063 161.651 55.6493 0.0719063 161.651 56.2588 0.0719063 161.651 56.8683 0.0719063 161.651 57.4778 0.0719063 161.651 58.0874 0.0719063 161.651 58.6969 0.0719063 161.651 59.3064 0.0719063 -140.749 59.3064 0.0719063 -140.749 58.6969 0.0719063 -140.749 58.0874 0.0719063 -140.749 57.4779 0.0719063 -140.749 56.8683 0.0719063 -140.749 56.2588 0.0719063 -140.749 55.6493 0.0719063 -140.749 55.0398 0.0719063 -140.749 54.4302 0.0719063 -140.749 53.8207 0.0719063 -140.749 53.2112 0.0719063 -140.749 52.6017 0.0719063 -140.749 51.9921 0.0719063 -140.749 51.3826 0.0719063 -140.749 50.7731 0.0719063 -140.749 50.1636 0.0719063 -140.749 49.5541 0.0719063 -140.749 48.9445 0.0719063 -140.749 48.335 0.0719063 -140.749 47.7255 0.0719063 -126.349 46.2017 0.0719063 -126.349 46.8874 0.0719063 -126.349 47.5731 0.0719063 -126.349 48.2588 0.0719063 -126.349 48.9445 0.0719063 -126.349 49.6302 0.0719063 -126.349 50.3159 0.0719063 -126.349 51.0017 0.0719063 -126.349 51.6874 0.0719063 -126.349 52.3731 0.0719063 -126.349 53.0588 0.0719063 -126.349 53.7445 0.0719063 -126.349 54.4302 0.0719063 -126.349 55.116 0.0719063 -126.349 55.8017 0.0719063 -126.349 56.4874 0.0719063 -126.349 57.1731 0.0719063 -126.349 57.8588 0.0719063 -126.349 58.5445 0.0719063 -126.349 59.2302 0.0719063 -110.349 46.2017 0.0719063 -110.349 46.8874 0.0719063 -110.349 47.5731 0.0719063 -110.349 48.2588 0.0719063 -110.349 48.9445 0.0719063 -110.349 49.6302 0.0719063 -110.349 50.3159 0.0719063 -110.349 51.0017 0.0719063 -110.349 51.6874 0.0719063 -110.349 52.3731 0.0719063 -110.349 53.0588 0.0719063 -110.349 53.7445 0.0719063 -110.349 54.4302 0.0719063 -110.349 55.116 0.0719063 -110.349 55.8017 0.0719063 -110.349 56.4874 0.0719063 -110.349 57.1731 0.0719063 -110.349 57.8588 0.0719063 -110.349 58.5445 0.0719063 -110.349 59.2302 0.0719063 -102.349 46.2017 0.0719063 -102.349 46.8874 0.0719063 -102.349 47.5731 0.0719063 -102.349 48.2588 0.0719063 -102.349 48.9445 0.0719063 -102.349 49.6302 0.0719063 -102.349 50.3159 0.0719063 -102.349 51.0017 0.0719063 -102.349 51.6874 0.0719063 -102.349 52.3731 0.0719063 -102.349 53.0588 0.0719063 -102.349 53.7445 0.0719063 -102.349 54.4302 0.0719063 -102.349 55.116 0.0719063 -102.349 55.8017 0.0719063 -102.349 56.4874 0.0719063 -102.349 57.1731 0.0719063 -102.349 57.8588 0.0719063 -102.349 58.5445 0.0719063 -102.349 59.2302 0.0719063 -94.3489 59.2302 0.0719063 -94.3489 58.5445 0.0719063 -94.3489 57.8588 0.0719063 -94.3489 57.1731 0.0719063 -94.3489 56.4874 0.0719063 -94.3489 55.8017 0.0719063 -94.3489 55.116 0.0719063 -94.3489 54.4302 0.0719063 -94.3489 53.7445 0.0719063 -94.3489 53.0588 0.0719063 -94.3489 52.3731 0.0719063 -94.3489 51.6874 0.0719063 -94.3489 51.0017 0.0719063 -94.3489 50.3159 0.0719063 -94.3489 49.6302 0.0719063 -94.3489 48.9445 0.0719063 -94.3489 48.2588 0.0719063 -94.3489 47.5731 0.0719063 -94.3489 46.8874 0.0719063 -94.3489 46.2017 0.0719063 -86.2844 47.7255 0.0719063 -86.2198 48.335 0.0719063 -86.1553 48.9445 0.0719063 -86.0908 49.554 0.0719063 -86.0262 50.1636 0.0719063 -85.9617 50.7731 0.0719063 -85.8971 51.3826 0.0719063 -85.8326 51.9921 0.0719063 -85.768 52.6017 0.0719063 -85.7035 53.2112 0.0719063 -85.6389 53.8207 0.0719063 -85.5744 54.4302 0.0719063 -85.5098 55.0398 0.0719063 -85.4453 55.6493 0.0719063 -85.3807 56.2588 0.0719063 -85.3162 56.8683 0.0719063 -85.2516 57.4779 0.0719063 -85.1871 58.0874 0.0719063 -85.1225 58.6969 0.0719063 -85.058 59.3064 0.0719063 -70.4135 47.7255 0.0719063 -70.478 48.335 0.0719063 -70.5426 48.9445 0.0719063 -70.6071 49.554 0.0719063 -70.6717 50.1636 0.0719063 -70.7362 50.7731 0.0719063 -70.8008 51.3826 0.0719063 -70.8653 51.9921 0.0719063 -70.9298 52.6017 0.0719063 -70.9944 53.2112 0.0719063 -71.0589 53.8207 0.0719063 -71.1235 54.4302 0.0719063 -71.188 55.0398 0.0719063 -71.2526 55.6493 0.0719063 -71.3171 56.2588 0.0719063 -71.3817 56.8683 0.0719063 -71.4462 57.4779 0.0719063 -71.5108 58.0874 0.0719063 -71.5753 58.6969 0.0719063 -71.6399 59.3064 0.0719063 -62.3489 46.2017 0.0719063 -62.3489 46.8874 0.0719063 -62.3489 47.5731 0.0719063 -62.3489 48.2588 0.0719063 -62.3489 48.9445 0.0719063 -62.3489 49.6302 0.0719063 -62.3489 50.3159 0.0719063 -62.3489 51.0017 0.0719063 -62.3489 51.6874 0.0719063 -62.3489 52.3731 0.0719063 -62.3489 53.0588 0.0719063 -62.3489 53.7445 0.0719063 -62.3489 54.4302 0.0719063 -62.3489 55.116 0.0719063 -62.3489 55.8017 0.0719063 -62.3489 56.4874 0.0719063 -62.3489 57.1731 0.0719063 -62.3489 57.8588 0.0719063 -62.3489 58.5445 0.0719063 -62.3489 59.2302 0.0719063 -46.3489 46.2017 0.0719063 -46.3489 46.8874 0.0719063 -46.3489 47.5731 0.0719063 -46.3489 48.2588 0.0719063 -46.3489 48.9445 0.0719063 -46.3489 49.6302 0.0719063 -46.3489 50.3159 0.0719063 -46.3489 51.0017 0.0719063 -46.3489 51.6874 0.0719063 -46.3489 52.3731 0.0719063 -46.3489 53.0588 0.0719063 -46.3489 53.7445 0.0719063 -46.3489 54.4302 0.0719063 -46.3489 55.116 0.0719063 -46.3489 55.8017 0.0719063 -46.3489 56.4874 0.0719063 -46.3489 57.1731 0.0719063 -46.3489 57.8588 0.0719063 -46.3489 58.5445 0.0719063 -46.3489 59.2302 0.0719063 -30.3489 46.2017 0.0719063 -30.3489 46.8874 0.0719063 -30.3489 47.5731 0.0719063 -30.3489 48.2588 0.0719063 -30.3489 48.9445 0.0719063 -30.3489 49.6302 0.0719063 -30.3489 50.3159 0.0719063 -30.3489 51.0017 0.0719063 -30.3489 51.6874 0.0719063 -30.3489 52.3731 0.0719063 -30.3489 53.0588 0.0719063 -30.3489 53.7445 0.0719063 -30.3489 54.4302 0.0719063 -30.3489 55.116 0.0719063 -30.3489 55.8017 0.0719063 -30.3489 56.4874 0.0719063 -30.3489 57.1731 0.0719063 -30.3489 57.8588 0.0719063 -30.3489 58.5445 0.0719063 -30.3489 59.2302 0.0719063 -14.3489 46.2017 0.0719063 -14.3489 46.8874 0.0719063 -14.3489 47.5731 0.0719063 -14.3489 48.2588 0.0719063 -14.3489 48.9445 0.0719063 -14.3489 49.6302 0.0719063 -14.3489 50.3159 0.0719063 -14.3489 51.0017 0.0719063 -14.3489 51.6874 0.0719063 -14.3489 52.3731 0.0719063 -14.3489 53.0588 0.0719063 -14.3489 53.7445 0.0719063 -14.3489 54.4302 0.0719063 -14.3489 55.116 0.0719063 -14.3489 55.8017 0.0719063 -14.3489 56.4874 0.0719063 -14.3489 57.1731 0.0719063 -14.3489 57.8588 0.0719063 -14.3489 58.5445 0.0719063 -14.3489 59.2302 0.0719063 1.65106 46.2017 0.0719063 1.65106 46.8874 0.0719063 1.65106 47.5731 0.0719063 1.65106 48.2588 0.0719063 1.65106 48.9445 0.0719063 1.65106 49.6302 0.0719063 1.65106 50.3159 0.0719063 1.65106 51.0017 0.0719063 1.65106 51.6874 0.0719063 1.65106 52.3731 0.0719063 1.65106 53.0588 0.0719063 1.65106 53.7445 0.0719063 1.65106 54.4302 0.0719063 1.65106 55.116 0.0719063 1.65106 55.8017 0.0719063 1.65106 56.4874 0.0719063 1.65106 57.1731 0.0719063 1.65106 57.8588 0.0719063 1.65106 58.5445 0.0719063 1.65106 59.2302 0.0719063 17.6511 46.2017 0.0719063 17.6511 46.8874 0.0719063 17.6511 47.5731 0.0719063 17.6511 48.2588 0.0719063 17.6511 48.9445 0.0719063 17.6511 49.6302 0.0719063 17.6511 50.3159 0.0719063 17.6511 51.0017 0.0719063 17.6511 51.6874 0.0719063 17.6511 52.3731 0.0719063 17.6511 53.0588 0.0719063 17.6511 53.7445 0.0719063 17.6511 54.4302 0.0719063 17.6511 55.116 0.0719063 17.6511 55.8017 0.0719063 17.6511 56.4874 0.0719063 17.6511 57.1731 0.0719063 17.6511 57.8588 0.0719063 17.6511 58.5445 0.0719063 17.6511 59.2302 0.0719063 30.4402 47.7255 0.0719063 30.4403 48.335 0.0719063 30.4404 48.9445 0.0719063 30.4405 49.554 0.0719063 30.4406 50.1636 0.0719063 30.4407 50.7731 0.0719063 30.4408 51.3826 0.0719063 30.4409 51.9921 0.0719063 30.441 52.6017 0.0719063 30.4411 53.2112 0.0719063 30.4412 53.8207 0.0719063 30.4413 54.4302 0.0719063 30.4414 55.0398 0.0719063 30.4415 55.6493 0.0719063 30.4416 56.2588 0.0719063 30.4417 56.8683 0.0719063 30.4419 57.4779 0.0719063 30.442 58.0874 0.0719063 30.4421 58.6969 0.0719063 30.4422 59.3064 0.0719063 36.8602 59.3064 0.0719063 36.8603 58.6969 0.0719063 36.8604 58.0874 0.0719063 36.8605 57.4779 0.0719063 36.8606 56.8683 0.0719063 36.8607 56.2588 0.0719063 36.8609 55.6493 0.0719063 36.861 55.0398 0.0719063 36.8611 54.4302 0.0719063 36.8612 53.8207 0.0719063 36.8613 53.2112 0.0719063 36.8614 52.6017 0.0719063 36.8615 51.9921 0.0719063 36.8616 51.3826 0.0719063 36.8617 50.7731 0.0719063 36.8618 50.1636 0.0719063 36.8619 49.554 0.0719063 36.862 48.9445 0.0719063 36.8622 48.335 0.0719063 36.8623 47.7255 0.0719063 49.6511 46.2017 0.0719063 49.6511 46.8874 0.0719063 49.6511 47.5731 0.0719063 49.6511 48.2588 0.0719063 49.6511 48.9445 0.0719063 49.6511 49.6302 0.0719063 49.6511 50.3159 0.0719063 49.6511 51.0017 0.0719063 49.6511 51.6874 0.0719063 49.6511 52.3731 0.0719063 49.6511 53.0588 0.0719063 49.6511 53.7445 0.0719063 49.6511 54.4302 0.0719063 49.6511 55.116 0.0719063 49.6511 55.8017 0.0719063 49.6511 56.4874 0.0719063 49.6511 57.1731 0.0719063 49.6511 57.8588 0.0719063 49.6511 58.5445 0.0719063 49.6511 59.2302 0.0719063 65.6511 46.2017 0.0719063 65.6511 46.8874 0.0719063 65.6511 47.5731 0.0719063 65.6511 48.2588 0.0719063 65.6511 48.9445 0.0719063 65.6511 49.6302 0.0719063 65.6511 50.3159 0.0719063 65.6511 51.0017 0.0719063 65.6511 51.6874 0.0719063 65.6511 52.3731 0.0719063 65.6511 53.0588 0.0719063 65.6511 53.7445 0.0719063 65.6511 54.4302 0.0719063 65.6511 55.116 0.0719063 65.6511 55.8017 0.0719063 65.6511 56.4874 0.0719063 65.6511 57.1731 0.0719063 65.6511 57.8588 0.0719063 65.6511 58.5445 0.0719063 65.6511 59.2302 0.0719063 81.6511 46.2017 0.0719063 81.6511 46.8874 0.0719063 81.6511 47.5731 0.0719063 81.6511 48.2588 0.0719063 81.6511 48.9445 0.0719063 81.6511 49.6302 0.0719063 81.6511 50.3159 0.0719063 81.6511 51.0017 0.0719063 81.6511 51.6874 0.0719063 81.6511 52.3731 0.0719063 81.6511 53.0588 0.0719063 81.6511 53.7445 0.0719063 81.6511 54.4302 0.0719063 81.6511 55.116 0.0719063 81.6511 55.8017 0.0719063 81.6511 56.4874 0.0719063 81.6511 57.1731 0.0719063 81.6511 57.8588 0.0719063 81.6511 58.5445 0.0719063 81.6511 59.2302 0.0719063 97.6511 46.2017 0.0719063 97.6511 46.8874 0.0719063 97.6511 47.5731 0.0719063 97.6511 48.2588 0.0719063 97.6511 48.9445 0.0719063 97.6511 49.6302 0.0719063 97.6511 50.3159 0.0719063 97.6511 51.0017 0.0719063 97.6511 51.6874 0.0719063 97.6511 52.3731 0.0719063 97.6511 53.0588 0.0719063 97.6511 53.7445 0.0719063 97.6511 54.4302 0.0719063 97.6511 55.116 0.0719063 97.6511 55.8017 0.0719063 97.6511 56.4874 0.0719063 97.6511 57.1731 0.0719063 97.6511 57.8588 0.0719063 97.6511 58.5445 0.0719063 97.6511 59.2302 0.0719063 113.651 46.2017 0.0719063 113.651 46.8874 0.0719063 113.651 47.5731 0.0719063 113.651 48.2588 0.0719063 113.651 48.9445 0.0719063 113.651 49.6302 0.0719063 113.651 50.3159 0.0719063 113.651 51.0017 0.0719063 113.651 51.6874 0.0719063 113.651 52.3731 0.0719063 113.651 53.0588 0.0719063 113.651 53.7445 0.0719063 113.651 54.4302 0.0719063 113.651 55.116 0.0719063 113.651 55.8017 0.0719063 113.651 56.4874 0.0719063 113.651 57.1731 0.0719063 113.651 57.8588 0.0719063 113.651 58.5445 0.0719063 113.651 59.2302 0.0719063 129.651 46.2017 0.0719063 129.651 46.8874 0.0719063 129.651 47.5731 0.0719063 129.651 48.2588 0.0719063 129.651 48.9445 0.0719063 129.651 49.6302 0.0719063 129.651 50.3159 0.0719063 129.651 51.0017 0.0719063 129.651 51.6874 0.0719063 129.651 52.3731 0.0719063 129.651 53.0588 0.0719063 129.651 53.7445 0.0719063 129.651 54.4302 0.0719063 129.651 55.116 0.0719063 129.651 55.8017 0.0719063 129.651 56.4874 0.0719063 129.651 57.1731 0.0719063 129.651 57.8588 0.0719063 129.651 58.5445 0.0719063 129.651 59.2302 0.0719063 -80.0251 59.3064 0.0719063 -80.1013 58.6969 0.0719063 -80.1775 58.0874 0.0719063 -80.2537 57.4779 0.0719063 -80.3299 56.8683 0.0719063 -80.4061 56.2588 0.0719063 -80.4823 55.6493 0.0719063 -80.5585 55.0398 0.0719063 -80.6346 54.4302 0.0719063 -80.7108 53.8207 0.0719063 -80.787 53.2112 0.0719063 -80.8632 52.6017 0.0719063 -80.9394 51.9921 0.0719063 -81.0156 51.3826 0.0719063 -81.0918 50.7731 0.0719063 -81.168 50.1636 0.0719063 -81.2442 49.5541 0.0719063 -81.3204 48.9445 0.0719063 -81.3966 48.335 0.0719063 -81.4727 47.7255 0.0719063 -75.2251 47.7255 0.0719063 -75.3013 48.335 0.0719063 -75.3775 48.9445 0.0719063 -75.4537 49.554 0.0719063 -75.5299 50.1636 0.0719063 -75.6061 50.7731 0.0719063 -75.6823 51.3826 0.0719063 -75.7585 51.9921 0.0719063 -75.8346 52.6017 0.0719063 -75.9108 53.2112 0.0719063 -75.987 53.8207 0.0719063 -76.0632 54.4302 0.0719063 -76.1394 55.0398 0.0719063 -76.2156 55.6493 0.0719063 -76.2918 56.2588 0.0719063 -76.368 56.8683 0.0719063 -76.4442 57.4779 0.0719063 -76.5204 58.0874 0.0719063 -76.5966 58.6969 0.0719063 -76.6727 59.3064 0.0719063 143.975 59.3064 0.0719063 143.899 58.6969 0.0719063 143.823 58.0874 0.0719063 143.746 57.4779 0.0719063 143.67 56.8683 0.0719063 143.594 56.2588 0.0719063 143.518 55.6493 0.0719063 143.442 55.0398 0.0719063 143.365 54.4302 0.0719063 143.289 53.8207 0.0719063 143.213 53.2112 0.0719063 143.137 52.6017 0.0719063 143.061 51.9921 0.0719063 142.984 51.3826 0.0719063 142.908 50.7731 0.0719063 142.832 50.1636 0.0719063 142.756 49.554 0.0719063 142.68 48.9445 0.0719063 142.603 48.335 0.0719063 142.527 47.7255 0.0719063 148.775 47.7255 0.0719063 148.699 48.335 0.0719063 148.622 48.9445 0.0719063 148.546 49.554 0.0719063 148.47 50.1636 0.0719063 148.394 50.7731 0.0719063 148.318 51.3826 0.0719063 148.242 51.9921 0.0719063 148.165 52.6017 0.0719063 148.089 53.2112 0.0719063 148.013 53.8207 0.0719063 147.937 54.4302 0.0719063 147.861 55.0398 0.0719063 147.784 55.6493 0.0719063 147.708 56.2588 0.0719063 147.632 56.8683 0.0719063 147.556 57.4778 0.0719063 147.48 58.0874 0.0719063 147.403 58.6969 0.0719063 147.327 59.3064 0.0719063 -140.749 59.3064 0.0719063 -140.749 58.0874 0.0719063 -140.749 57.4779 0.0719063 -140.749 56.8683 0.0719063 -140.749 56.2588 0.0719063 -140.749 55.6493 0.0719063 -140.749 55.0398 0.0719063 -140.749 54.4302 0.0719063 -140.749 53.8207 0.0719063 -140.749 53.2112 0.0719063 -140.749 52.6017 0.0719063 -140.749 51.9921 0.0719063 -140.749 51.3826 0.0719063 -140.749 50.7731 0.0719063 -140.749 50.1636 0.0719063 -140.749 49.5541 0.0719063 -140.749 48.9445 0.0719063 -140.749 48.335 0.0719063 -140.749 47.7255 0.0719063 -141.282 59.3064 0.0719063 -141.282 58.6969 0.0719063 -141.282 58.0874 0.0719063 -141.282 57.4779 0.0719063 -141.282 56.8683 0.0719063 -141.282 56.2588 0.0719063 -141.282 55.6493 0.0719063 -141.282 55.0398 0.0719063 -141.282 54.4302 0.0719063 -141.282 53.8207 0.0719063 -141.282 53.2112 0.0719063 -141.282 52.6017 0.0719063 -141.282 51.9921 0.0719063 -141.282 51.3826 0.0719063 -141.282 50.7731 0.0719063 -141.282 50.1636 0.0719063 -141.282 49.5541 0.0719063 -141.282 48.9445 0.0719063 -141.282 48.335 0.0719063 -141.282 47.7255 0.0719063 -141.816 59.3064 0.0719063 -141.816 58.6969 0.0719063 -141.816 58.0874 0.0719063 -141.816 57.4779 0.0719063 -141.816 56.8683 0.0719063 -141.816 56.2588 0.0719063 -141.816 55.6493 0.0719063 -141.816 55.0398 0.0719063 -141.816 54.4302 0.0719063 -141.816 53.8207 0.0719063 -141.816 53.2112 0.0719063 -141.816 52.6017 0.0719063 -141.816 51.9921 0.0719063 -141.816 51.3826 0.0719063 -141.816 50.7731 0.0719063 -141.816 50.1636 0.0719063 -141.816 49.554 0.0719063 -141.816 48.9445 0.0719063 -141.816 48.335 0.0719063 -141.816 47.7255 0.0719063 -126.349 60.6779 0.0719063 -126.349 61.4398 0.0719063 -126.349 62.2017 0.0719063 -126.349 62.9636 0.0719063 -126.349 63.7255 0.0719063 -126.349 64.4874 0.0719063 -126.349 65.2493 0.0719063 -126.349 66.0112 0.0719063 -126.349 66.7731 0.0719063 -126.349 67.535 0.0719063 -126.349 68.2969 0.0719063 -126.349 69.0588 0.0719063 -126.349 69.8207 0.0719063 -126.349 70.5826 0.0719063 -126.349 71.3445 0.0719063 -126.349 72.1064 0.0719063 -126.349 72.8683 0.0719063 -126.349 73.6302 0.0719063 -126.349 74.3921 0.0719063 -158.349 75.154 0.0719063 -158.349 74.3921 0.0719063 -158.349 73.6302 0.0719063 -158.349 72.8683 0.0719063 -158.349 72.1064 0.0719063 -158.349 71.3445 0.0719063 -158.349 70.5826 0.0719063 -158.349 69.8207 0.0719063 -158.349 69.0588 0.0719063 -158.349 68.2969 0.0719063 -158.349 67.535 0.0719063 -158.349 66.7731 0.0719063 -158.349 66.0112 0.0719063 -158.349 65.2493 0.0719063 -158.349 64.4874 0.0719063 -158.349 63.7255 0.0719063 -158.349 62.9636 0.0719063 -158.349 62.2017 0.0719063 -158.349 61.4398 0.0719063 -158.349 60.6778 0.0719063 -140.749 60.6779 0.0719063 -140.749 61.4398 0.0719063 -140.749 62.2017 0.0719063 -140.749 62.9636 0.0719063 -140.749 63.7255 0.0719063 -140.749 64.4874 0.0719063 -140.749 65.2493 0.0719063 -140.749 66.0112 0.0719063 -140.749 66.7731 0.0719063 -140.749 67.535 0.0719063 -140.749 68.2969 0.0719063 -140.749 69.0588 0.0719063 -140.749 69.8207 0.0719063 -140.749 70.5826 0.0719063 -140.749 71.3445 0.0719063 -140.749 72.1064 0.0719063 -140.749 72.8683 0.0719063 -140.749 73.6302 0.0719063 -140.749 74.3921 0.0719063 -140.749 75.154 0.0719063 -143.949 75.154 0.0719063 -143.949 74.3921 0.0719063 -143.949 73.6302 0.0719063 -143.949 72.8683 0.0719063 -143.949 72.1064 0.0719063 -143.949 71.3445 0.0719063 -143.949 70.5826 0.0719063 -143.949 69.8207 0.0719063 -143.949 69.0588 0.0719063 -143.949 68.2969 0.0719063 -143.949 67.535 0.0719063 -143.949 66.7731 0.0719063 -143.949 66.0112 0.0719063 -143.949 65.2493 0.0719063 -143.949 64.4874 0.0719063 -143.949 63.7255 0.0719063 -143.949 62.9636 0.0719063 -143.949 62.2017 0.0719063 -143.949 61.4398 0.0719063 -143.949 60.6779 0.0719063 -126.958 155.916 0.0719063 -127.568 155.916 0.0719063 -128.178 155.916 0.0719063 -128.787 155.916 0.0719063 -129.397 155.916 0.0719063 -130.006 155.916 0.0719063 -130.616 155.916 0.0719063 -131.225 155.916 0.0719063 -131.835 155.916 0.0719063 -132.444 155.916 0.0719063 -133.054 155.916 0.0719063 -133.663 155.916 0.0719063 -134.273 155.916 0.0719063 -134.882 155.916 0.0719063 -135.492 155.916 0.0719063 -136.101 155.916 0.0719063 -136.711 155.916 0.0719063 -137.32 155.916 0.0719063 -137.93 155.916 0.0719063 -138.539 155.916 0.0719063 -127.035 -148.084 0.0719063 -127.72 -148.084 0.0719063 -128.406 -148.084 0.0719063 -129.092 -148.084 0.0719063 -129.778 -148.084 0.0719063 -130.463 -148.084 0.0719063 -131.149 -148.084 0.0719063 -131.835 -148.084 0.0719063 -132.52 -148.084 0.0719063 -133.206 -148.084 0.0719063 -133.892 -148.084 0.0719063 -134.578 -148.084 0.0719063 -135.263 -148.084 0.0719063 -135.949 -148.084 0.0719063 -136.635 -148.084 0.0719063 -137.32 -148.084 0.0719063 -138.006 -148.084 0.0719063 -138.692 -148.084 0.0719063 -139.378 -148.084 0.0719063 -140.063 -148.084 0.0719063 -140.063 -164.084 0.0719063 -139.378 -164.084 0.0719063 -138.692 -164.084 0.0719063 -138.006 -164.084 0.0719063 -137.32 -164.084 0.0719063 -136.635 -164.084 0.0719063 -135.949 -164.084 0.0719063 -135.263 -164.084 0.0719063 -134.578 -164.084 0.0719063 -133.892 -164.084 0.0719063 -133.206 -164.084 0.0719063 -132.52 -164.084 0.0719063 -131.835 -164.084 0.0719063 -131.149 -164.084 0.0719063 -130.463 -164.084 0.0719063 -129.778 -164.084 0.0719063 -129.092 -164.084 0.0719063 -128.406 -164.084 0.0719063 -127.72 -164.084 0.0719063 -127.035 -164.084 0.0719063 -127.035 -132.084 0.0719063 -127.72 -132.084 0.0719063 -128.406 -132.084 0.0719063 -129.092 -132.084 0.0719063 -129.778 -132.084 0.0719063 -130.463 -132.084 0.0719063 -131.149 -132.084 0.0719063 -131.835 -132.084 0.0719063 -132.52 -132.084 0.0719063 -133.206 -132.084 0.0719063 -133.892 -132.084 0.0719063 -134.578 -132.084 0.0719063 -135.263 -132.084 0.0719063 -135.949 -132.084 0.0719063 -136.635 -132.084 0.0719063 -137.32 -132.084 0.0719063 -138.006 -132.084 0.0719063 -138.692 -132.084 0.0719063 -139.378 -132.084 0.0719063 -140.063 -132.084 0.0719063 -127.035 -116.084 0.0719063 -127.72 -116.084 0.0719063 -128.406 -116.084 0.0719063 -129.092 -116.084 0.0719063 -129.778 -116.084 0.0719063 -130.463 -116.084 0.0719063 -131.149 -116.084 0.0719063 -131.835 -116.084 0.0719063 -132.52 -116.084 0.0719063 -133.206 -116.084 0.0719063 -133.892 -116.084 0.0719063 -134.578 -116.084 0.0719063 -135.263 -116.084 0.0719063 -135.949 -116.084 0.0719063 -136.635 -116.084 0.0719063 -137.32 -116.084 0.0719063 -138.006 -116.084 0.0719063 -138.692 -116.084 0.0719063 -139.378 -116.084 0.0719063 -140.063 -116.084 0.0719063 -127.035 -100.084 0.0719063 -127.72 -100.084 0.0719063 -128.406 -100.084 0.0719063 -129.092 -100.084 0.0719063 -129.778 -100.084 0.0719063 -130.463 -100.084 0.0719063 -131.149 -100.084 0.0719063 -131.835 -100.084 0.0719063 -132.52 -100.084 0.0719063 -133.206 -100.084 0.0719063 -133.892 -100.084 0.0719063 -134.578 -100.084 0.0719063 -135.263 -100.084 0.0719063 -135.949 -100.084 0.0719063 -136.635 -100.084 0.0719063 -137.32 -100.084 0.0719063 -138.006 -100.084 0.0719063 -138.692 -100.084 0.0719063 -139.378 -100.084 0.0719063 -140.063 -100.084 0.0719063 -126.958 -77.375 0.0719063 -127.568 -77.3105 0.0719063 -128.178 -77.2459 0.0719063 -128.787 -77.1814 0.0719063 -129.397 -77.1168 0.0719063 -130.006 -77.0523 0.0719063 -130.616 -76.9877 0.0719063 -131.225 -76.9232 0.0719063 -131.835 -76.8586 0.0719063 -132.444 -76.7941 0.0719063 -133.054 -76.7295 0.0719063 -133.663 -76.665 0.0719063 -134.273 -76.6004 0.0719063 -134.882 -76.5359 0.0719063 -135.492 -76.4713 0.0719063 -136.101 -76.4068 0.0719063 -136.711 -76.3422 0.0719063 -137.32 -76.2777 0.0719063 -137.93 -76.2132 0.0719063 -138.539 -76.1486 0.0719063 -126.958 -68.0841 0.0719063 -127.568 -68.0841 0.0719063 -128.178 -68.0841 0.0719063 -128.787 -68.0841 0.0719063 -129.397 -68.0841 0.0719063 -130.006 -68.0841 0.0719063 -130.616 -68.0841 0.0719063 -131.225 -68.0841 0.0719063 -131.835 -68.0841 0.0719063 -132.444 -68.0841 0.0719063 -133.054 -68.0841 0.0719063 -133.663 -68.0841 0.0719063 -134.273 -68.0841 0.0719063 -134.882 -68.0841 0.0719063 -135.492 -68.0841 0.0719063 -136.101 -68.0841 0.0719063 -136.711 -68.0841 0.0719063 -137.32 -68.0841 0.0719063 -137.93 -68.0841 0.0719063 -138.539 -68.0841 0.0719063 -126.958 -60.0841 0.0719063 -127.568 -60.0841 0.0719063 -128.178 -60.0841 0.0719063 -128.787 -60.0841 0.0719063 -129.397 -60.0841 0.0719063 -130.006 -60.0841 0.0719063 -130.616 -60.0841 0.0719063 -131.225 -60.0841 0.0719063 -131.835 -60.0841 0.0719063 -132.444 -60.0841 0.0719063 -133.054 -60.0841 0.0719063 -133.663 -60.0841 0.0719063 -134.273 -60.0841 0.0719063 -134.882 -60.0841 0.0719063 -135.492 -60.0841 0.0719063 -136.101 -60.0841 0.0719063 -136.711 -60.0841 0.0719063 -137.32 -60.0841 0.0719063 -137.93 -60.0841 0.0719063 -138.539 -60.0841 0.0719063 -127.035 -52.084 0.0719063 -127.72 -52.084 0.0719063 -128.406 -52.084 0.0719063 -129.092 -52.084 0.0719063 -129.778 -52.084 0.0719063 -130.463 -52.084 0.0719063 -131.149 -52.084 0.0719063 -131.835 -52.084 0.0719063 -132.52 -52.084 0.0719063 -133.206 -52.084 0.0719063 -133.892 -52.084 0.0719063 -134.578 -52.084 0.0719063 -135.263 -52.084 0.0719063 -135.949 -52.084 0.0719063 -136.635 -52.084 0.0719063 -137.32 -52.084 0.0719063 -138.006 -52.084 0.0719063 -138.692 -52.084 0.0719063 -139.378 -52.084 0.0719063 -140.063 -52.084 0.0719063 -127.035 -44.084 0.0719063 -127.72 -44.084 0.0719063 -128.406 -44.084 0.0719063 -129.092 -44.084 0.0719063 -129.778 -44.084 0.0719063 -130.463 -44.084 0.0719063 -131.149 -44.084 0.0719063 -131.835 -44.084 0.0719063 -132.52 -44.084 0.0719063 -133.206 -44.084 0.0719063 -133.892 -44.084 0.0719063 -134.578 -44.084 0.0719063 -135.263 -44.084 0.0719063 -135.949 -44.084 0.0719063 -136.635 -44.084 0.0719063 -137.32 -44.084 0.0719063 -138.006 -44.084 0.0719063 -138.692 -44.084 0.0719063 -139.378 -44.084 0.0719063 -140.063 -44.084 0.0719063 -127.035 -20.084 0.0719063 -127.72 -20.084 0.0719063 -128.406 -20.084 0.0719063 -129.092 -20.084 0.0719063 -129.778 -20.084 0.0719063 -130.463 -20.084 0.0719063 -131.149 -20.084 0.0719063 -131.835 -20.084 0.0719063 -132.52 -20.084 0.0719063 -133.206 -20.084 0.0719063 -133.892 -20.084 0.0719063 -134.578 -20.084 0.0719063 -135.263 -20.084 0.0719063 -135.949 -20.084 0.0719063 -136.635 -20.084 0.0719063 -137.32 -20.084 0.0719063 -138.006 -20.084 0.0719063 -138.692 -20.084 0.0719063 -139.378 -20.084 0.0719063 -140.063 -20.084 0.0719063 -140.063 -36.084 0.0719063 -139.378 -36.084 0.0719063 -138.692 -36.084 0.0719063 -138.006 -36.084 0.0719063 -137.32 -36.084 0.0719063 -136.635 -36.084 0.0719063 -135.949 -36.084 0.0719063 -135.263 -36.084 0.0719063 -134.578 -36.084 0.0719063 -133.892 -36.084 0.0719063 -133.206 -36.084 0.0719063 -132.52 -36.084 0.0719063 -131.835 -36.084 0.0719063 -131.149 -36.084 0.0719063 -130.463 -36.084 0.0719063 -129.778 -36.084 0.0719063 -129.092 -36.084 0.0719063 -128.406 -36.084 0.0719063 -127.72 -36.084 0.0719063 -127.035 -36.084 0.0719063 -127.035 -12.084 0.0719063 -127.72 -12.084 0.0719063 -128.406 -12.084 0.0719063 -129.092 -12.084 0.0719063 -129.778 -12.084 0.0719063 -130.463 -12.084 0.0719063 -131.149 -12.084 0.0719063 -131.835 -12.084 0.0719063 -132.52 -12.084 0.0719063 -133.206 -12.084 0.0719063 -133.892 -12.084 0.0719063 -134.578 -12.084 0.0719063 -135.263 -12.084 0.0719063 -135.949 -12.084 0.0719063 -136.635 -12.084 0.0719063 -137.32 -12.084 0.0719063 -138.006 -12.084 0.0719063 -138.692 -12.084 0.0719063 -139.378 -12.084 0.0719063 -140.063 -12.084 0.0719063 -127.035 -4.08405 0.0719063 -127.72 -4.08405 0.0719063 -128.406 -4.08405 0.0719063 -129.092 -4.08405 0.0719063 -129.778 -4.08405 0.0719063 -130.463 -4.08405 0.0719063 -131.149 -4.08405 0.0719063 -131.835 -4.08405 0.0719063 -132.52 -4.08405 0.0719063 -133.206 -4.08405 0.0719063 -133.892 -4.08405 0.0719063 -134.578 -4.08405 0.0719063 -135.263 -4.08405 0.0719063 -135.949 -4.08405 0.0719063 -136.635 -4.08405 0.0719063 -137.32 -4.08405 0.0719063 -138.006 -4.08405 0.0719063 -138.692 -4.08405 0.0719063 -139.378 -4.08405 0.0719063 -140.063 -4.08405 0.0719063 -126.958 3.91595 0.0719063 -127.568 3.91595 0.0719063 -128.178 3.91595 0.0719063 -128.787 3.91595 0.0719063 -129.397 3.91595 0.0719063 -130.006 3.91595 0.0719063 -130.616 3.91595 0.0719063 -131.225 3.91595 0.0719063 -131.835 3.91595 0.0719063 -132.444 3.91595 0.0719063 -133.054 3.91595 0.0719063 -133.663 3.91595 0.0719063 -134.273 3.91595 0.0719063 -134.882 3.91595 0.0719063 -135.492 3.91595 0.0719063 -136.101 3.91595 0.0719063 -136.711 3.91595 0.0719063 -137.32 3.91595 0.0719063 -137.93 3.91595 0.0719063 -138.539 3.91595 0.0719063 -127.035 27.916 0.0719063 -127.72 27.916 0.0719063 -128.406 27.916 0.0719063 -129.092 27.916 0.0719063 -129.778 27.916 0.0719063 -130.463 27.916 0.0719063 -131.149 27.916 0.0719063 -131.835 27.916 0.0719063 -132.52 27.916 0.0719063 -133.206 27.916 0.0719063 -133.892 27.916 0.0719063 -134.578 27.916 0.0719063 -135.263 27.916 0.0719063 -135.949 27.916 0.0719063 -136.635 27.916 0.0719063 -137.32 27.916 0.0719063 -138.006 27.916 0.0719063 -138.692 27.916 0.0719063 -139.378 27.916 0.0719063 -140.063 27.916 0.0719063 -140.063 11.916 0.0719063 -139.378 11.916 0.0719063 -138.692 11.916 0.0719063 -138.006 11.916 0.0719063 -137.32 11.916 0.0719063 -136.635 11.916 0.0719063 -135.949 11.916 0.0719063 -135.263 11.916 0.0719063 -134.578 11.916 0.0719063 -133.892 11.916 0.0719063 -133.206 11.916 0.0719063 -132.52 11.916 0.0719063 -131.835 11.916 0.0719063 -131.149 11.916 0.0719063 -130.463 11.916 0.0719063 -129.778 11.916 0.0719063 -129.092 11.916 0.0719063 -128.406 11.916 0.0719063 -127.72 11.916 0.0719063 -127.035 11.916 0.0719063 -127.035 59.916 0.0719063 -127.72 59.916 0.0719063 -128.406 59.916 0.0719063 -129.092 59.916 0.0719063 -129.778 59.916 0.0719063 -130.463 59.916 0.0719063 -131.149 59.916 0.0719063 -131.835 59.916 0.0719063 -132.52 59.916 0.0719063 -133.206 59.916 0.0719063 -133.892 59.916 0.0719063 -134.578 59.916 0.0719063 -135.263 59.916 0.0719063 -135.949 59.916 0.0719063 -136.635 59.916 0.0719063 -137.32 59.916 0.0719063 -138.006 59.916 0.0719063 -138.692 59.916 0.0719063 -139.378 59.916 0.0719063 -140.063 59.916 0.0719063 -127.035 75.916 0.0719063 -127.72 75.916 0.0719063 -128.406 75.916 0.0719063 -129.092 75.916 0.0719063 -129.778 75.916 0.0719063 -130.463 75.916 0.0719063 -131.149 75.916 0.0719063 -131.835 75.916 0.0719063 -132.52 75.916 0.0719063 -133.206 75.916 0.0719063 -133.892 75.916 0.0719063 -134.578 75.916 0.0719063 -135.263 75.916 0.0719063 -135.949 75.916 0.0719063 -136.635 75.916 0.0719063 -137.32 75.916 0.0719063 -138.006 75.916 0.0719063 -138.692 75.916 0.0719063 -139.378 75.916 0.0719063 -140.063 75.916 0.0719063 -127.035 91.916 0.0719063 -127.72 91.916 0.0719063 -128.406 91.916 0.0719063 -129.092 91.916 0.0719063 -129.778 91.916 0.0719063 -130.463 91.916 0.0719063 -131.149 91.916 0.0719063 -131.835 91.916 0.0719063 -132.52 91.916 0.0719063 -133.206 91.916 0.0719063 -133.892 91.916 0.0719063 -134.578 91.916 0.0719063 -135.263 91.916 0.0719063 -135.949 91.916 0.0719063 -136.635 91.916 0.0719063 -137.32 91.916 0.0719063 -138.006 91.916 0.0719063 -138.692 91.916 0.0719063 -139.378 91.916 0.0719063 -140.063 91.916 0.0719063 -127.035 107.916 0.0719063 -127.72 107.916 0.0719063 -128.406 107.916 0.0719063 -129.092 107.916 0.0719063 -129.778 107.916 0.0719063 -130.463 107.916 0.0719063 -131.149 107.916 0.0719063 -131.835 107.916 0.0719063 -132.52 107.916 0.0719063 -133.206 107.916 0.0719063 -133.892 107.916 0.0719063 -134.578 107.916 0.0719063 -135.263 107.916 0.0719063 -135.949 107.916 0.0719063 -136.635 107.916 0.0719063 -137.32 107.916 0.0719063 -138.006 107.916 0.0719063 -138.692 107.916 0.0719063 -139.378 107.916 0.0719063 -140.063 107.916 0.0719063 -127.035 123.916 0.0719063 -127.72 123.916 0.0719063 -128.406 123.916 0.0719063 -129.092 123.916 0.0719063 -129.778 123.916 0.0719063 -130.463 123.916 0.0719063 -131.149 123.916 0.0719063 -131.835 123.916 0.0719063 -132.52 123.916 0.0719063 -133.206 123.916 0.0719063 -133.892 123.916 0.0719063 -134.578 123.916 0.0719063 -135.263 123.916 0.0719063 -135.949 123.916 0.0719063 -136.635 123.916 0.0719063 -137.32 123.916 0.0719063 -138.006 123.916 0.0719063 -138.692 123.916 0.0719063 -139.378 123.916 0.0719063 -140.063 123.916 0.0719063 -138.539 -196.084 0.0719063 -137.93 -196.084 0.0719063 -137.32 -196.084 0.0719063 -136.711 -196.084 0.0719063 -136.101 -196.084 0.0719063 -135.492 -196.084 0.0719063 -134.882 -196.084 0.0719063 -134.273 -196.084 0.0719063 -133.663 -196.084 0.0719063 -133.054 -196.084 0.0719063 -132.444 -196.084 0.0719063 -131.835 -196.084 0.0719063 -131.225 -196.084 0.0719063 -130.616 -196.084 0.0719063 -130.006 -196.084 0.0719063 -129.397 -196.084 0.0719063 -128.787 -196.084 0.0719063 -128.178 -196.084 0.0719063 -127.568 -196.084 0.0719063 -126.958 -196.084 0.0719063 -138.539 137.055 0.0719063 -137.93 137.125 0.0719063 -137.32 137.195 0.0719063 -136.711 137.265 0.0719063 -136.101 137.335 0.0719063 -135.492 137.405 0.0719063 -134.882 137.474 0.0719063 -134.273 137.544 0.0719063 -133.663 137.614 0.0719063 -133.054 137.684 0.0719063 -132.444 137.754 0.0719063 -131.835 137.824 0.0719063 -131.225 137.893 0.0719063 -130.616 137.963 0.0719063 -130.006 138.033 0.0719063 -129.397 138.103 0.0719063 -128.787 138.173 0.0719063 -128.177 138.243 0.0719063 -127.568 138.312 0.0719063 -126.958 138.382 0.0719063 -126.958 141.452 0.0719063 -127.568 141.522 0.0719063 -128.178 141.591 0.0719063 -128.787 141.661 0.0719063 -129.397 141.731 0.0719063 -130.006 141.801 0.0719063 -130.616 141.87 0.0719063 -131.225 141.94 0.0719063 -131.835 142.01 0.0719063 -132.444 142.079 0.0719063 -133.054 142.149 0.0719063 -133.663 142.219 0.0719063 -134.273 142.289 0.0719063 -134.882 142.358 0.0719063 -135.492 142.428 0.0719063 -136.101 142.498 0.0719063 -136.711 142.567 0.0719063 -137.32 142.637 0.0719063 -137.93 142.707 0.0719063 -138.539 142.777 0.0719063 -127.035 45.5921 0.0719063 -127.72 45.6683 0.0719063 -128.406 45.7445 0.0719063 -129.092 45.8207 0.0719063 -129.778 45.8969 0.0719063 -130.463 45.9731 0.0719063 -131.149 46.0493 0.0719063 -131.835 46.1255 0.0719063 -132.52 46.2017 0.0719063 -133.206 46.2779 0.0719063 -133.892 46.354 0.0719063 -134.578 46.4302 0.0719063 -135.263 46.5064 0.0719063 -135.949 46.5826 0.0719063 -136.635 46.6588 0.0719063 -137.32 46.735 0.0719063 -138.006 46.8112 0.0719063 -138.692 46.8874 0.0719063 -139.378 46.9636 0.0719063 -140.063 47.0398 0.0719063 -138.68 40.7921 0.0719063 -138.064 40.8683 0.0719063 -137.447 40.9445 0.0719063 -136.831 41.0207 0.0719063 -136.214 41.0969 0.0719063 -135.598 41.1731 0.0719063 -134.981 41.2493 0.0719063 -134.364 41.3255 0.0719063 -133.748 41.4017 0.0719063 -133.131 41.4779 0.0719063 -132.515 41.5541 0.0719063 -131.898 41.6302 0.0719063 -131.282 41.7064 0.0719063 -130.665 41.7826 0.0719063 -130.048 41.8588 0.0719063 -129.432 41.935 0.0719063 -128.815 42.0112 0.0719063 -128.199 42.0874 0.0719063 -127.582 42.1636 0.0719063 -126.966 42.2398 0.0719063 -126.958 -82.4079 0.0719063 -127.568 -82.3317 0.0719063 -128.178 -82.2555 0.0719063 -128.787 -82.1793 0.0719063 -129.397 -82.1031 0.0719063 -130.006 -82.0269 0.0719063 -130.616 -81.9507 0.0719063 -131.225 -81.8745 0.0719063 -131.835 -81.7983 0.0719063 -132.444 -81.7222 0.0719063 -133.054 -81.646 0.0719063 -133.663 -81.5698 0.0719063 -134.273 -81.4936 0.0719063 -134.882 -81.4174 0.0719063 -135.492 -81.3412 0.0719063 -136.101 -81.265 0.0719063 -136.711 -81.1888 0.0719063 -137.32 -81.1126 0.0719063 -137.93 -81.0364 0.0719063 -138.539 -80.9602 0.0719063 -138.539 -87.2079 0.0719063 -137.93 -87.1317 0.0719063 -137.32 -87.0555 0.0719063 -136.711 -86.9793 0.0719063 -136.101 -86.9031 0.0719063 -135.492 -86.8269 0.0719063 -134.882 -86.7507 0.0719063 -134.273 -86.6745 0.0719063 -133.663 -86.5984 0.0719063 -133.054 -86.5222 0.0719063 -132.444 -86.446 0.0719063 -131.835 -86.3698 0.0719063 -131.225 -86.2936 0.0719063 -130.616 -86.2174 0.0719063 -130.006 -86.1412 0.0719063 -129.397 -86.065 0.0719063 -128.787 -85.9888 0.0719063 -128.178 -85.9126 0.0719063 -127.568 -85.8364 0.0719063 -126.958 -85.7603 0.0719063 -140.063 -182.368 0.0719063 -139.378 -182.292 0.0719063 -138.692 -182.216 0.0719063 -138.006 -182.14 0.0719063 -137.32 -182.064 0.0719063 -136.635 -181.988 0.0719063 -135.949 -181.911 0.0719063 -135.263 -181.835 0.0719063 -134.578 -181.759 0.0719063 -133.892 -181.683 0.0719063 -133.206 -181.607 0.0719063 -132.52 -181.53 0.0719063 -131.835 -181.454 0.0719063 -131.149 -181.378 0.0719063 -130.463 -181.302 0.0719063 -129.778 -181.226 0.0719063 -129.092 -181.149 0.0719063 -128.406 -181.073 0.0719063 -127.72 -180.997 0.0719063 -127.035 -180.921 0.0719063 -127.035 -177.568 0.0719063 -127.72 -177.492 0.0719063 -128.406 -177.416 0.0719063 -129.092 -177.34 0.0719063 -129.778 -177.264 0.0719063 -130.463 -177.188 0.0719063 -131.149 -177.111 0.0719063 -131.835 -177.035 0.0719063 -132.52 -176.959 0.0719063 -133.206 -176.883 0.0719063 -133.892 -176.807 0.0719063 -134.578 -176.73 0.0719063 -135.263 -176.654 0.0719063 -135.949 -176.578 0.0719063 -136.635 -176.502 0.0719063 -137.32 -176.426 0.0719063 -138.006 -176.349 0.0719063 -138.692 -176.273 0.0719063 -139.378 -176.197 0.0719063 -140.063 -176.121 0.0719063 -138.539 -196.084 0.0719063 -137.93 -196.084 0.0719063 -137.32 -196.084 0.0719063 -136.711 -196.084 0.0719063 -136.101 -196.084 0.0719063 -135.492 -196.084 0.0719063 -134.882 -196.084 0.0719063 -134.273 -196.084 0.0719063 -133.663 -196.084 0.0719063 -133.054 -196.084 0.0719063 -132.444 -196.084 0.0719063 -131.835 -196.084 0.0719063 -131.225 -196.084 0.0719063 -130.616 -196.084 0.0719063 -130.006 -196.084 0.0719063 -129.397 -196.084 0.0719063 -128.787 -196.084 0.0719063 -128.178 -196.084 0.0719063 -127.568 -196.084 0.0719063 -126.958 -196.084 0.0719063 -139.378 59.2992 0.0719063 -138.692 59.2955 0.0719063 -138.006 59.2919 0.0719063 -137.32 59.2883 0.0719063 -136.635 59.2847 0.0719063 -135.949 59.281 0.0719063 -135.263 59.2774 0.0719063 -134.578 59.2738 0.0719063 -133.892 59.2702 0.0719063 -133.206 59.2665 0.0719063 -132.52 59.2629 0.0719063 -131.835 59.2593 0.0719063 -131.149 59.2556 0.0719063 -130.463 59.252 0.0719063 -129.778 59.2484 0.0719063 -129.092 59.2448 0.0719063 -128.406 59.2411 0.0719063 -127.72 59.2375 0.0719063 -140.063 58.6897 0.0719063 -139.378 58.6824 0.0719063 -138.692 58.6751 0.0719063 -138.006 58.6679 0.0719063 -137.32 58.6606 0.0719063 -136.635 58.6534 0.0719063 -135.949 58.6461 0.0719063 -135.263 58.6389 0.0719063 -134.578 58.6316 0.0719063 -133.892 58.6244 0.0719063 -133.206 58.6171 0.0719063 -132.52 58.6098 0.0719063 -131.835 58.6026 0.0719063 -131.149 58.5953 0.0719063 -130.463 58.5881 0.0719063 -129.778 58.5808 0.0719063 -129.092 58.5736 0.0719063 -127.72 58.559 0.0719063 -127.035 58.5518 0.0719063 -140.063 58.0765 0.0719063 -139.378 58.0656 0.0719063 -138.692 58.0547 0.0719063 -138.006 58.0438 0.0719063 -137.32 58.033 0.0719063 -136.635 58.0221 0.0719063 -135.949 58.0112 0.0719063 -135.263 58.0003 0.0719063 -134.578 57.9894 0.0719063 -133.892 57.9785 0.0719063 -133.206 57.9677 0.0719063 -132.52 57.9568 0.0719063 -131.835 57.9459 0.0719063 -131.149 57.935 0.0719063 -130.463 57.9241 0.0719063 -129.778 57.9132 0.0719063 -129.092 57.9024 0.0719063 -128.406 57.8915 0.0719063 -127.72 57.8806 0.0719063 -127.035 57.8697 0.0719063 -140.063 57.4633 0.0719063 -139.378 57.4488 0.0719063 -138.692 57.4343 0.0719063 -138.006 57.4198 0.0719063 -137.32 57.4053 0.0719063 -136.635 57.3908 0.0719063 -135.949 57.3763 0.0719063 -135.263 57.3618 0.0719063 -134.578 57.3473 0.0719063 -133.892 57.3327 0.0719063 -133.206 57.3182 0.0719063 -132.52 57.3037 0.0719063 -131.835 57.2892 0.0719063 -131.149 57.2747 0.0719063 -130.463 57.2602 0.0719063 -129.778 57.2457 0.0719063 -129.092 57.2311 0.0719063 -128.406 57.2166 0.0719063 -127.72 57.2021 0.0719063 -127.035 57.1876 0.0719063 -140.063 56.8502 0.0719063 -139.378 56.8321 0.0719063 -138.692 56.8139 0.0719063 -138.006 56.7958 0.0719063 -137.32 56.7776 0.0719063 -136.635 56.7595 0.0719063 -135.949 56.7414 0.0719063 -135.263 56.7232 0.0719063 -134.578 56.7051 0.0719063 -133.892 56.6869 0.0719063 -133.206 56.6688 0.0719063 -132.52 56.6507 0.0719063 -131.835 56.6325 0.0719063 -131.149 56.6144 0.0719063 -130.463 56.5962 0.0719063 -129.778 56.5781 0.0719063 -129.092 56.5599 0.0719063 -128.406 56.5418 0.0719063 -127.72 56.5237 0.0719063 -127.035 56.5055 0.0719063 -140.063 56.237 0.0719063 -139.378 56.2153 0.0719063 -138.692 56.1935 0.0719063 -138.006 56.1717 0.0719063 -137.32 56.15 0.0719063 -136.635 56.1282 0.0719063 -135.949 56.1064 0.0719063 -135.263 56.0847 0.0719063 -134.578 56.0629 0.0719063 -133.892 56.0411 0.0719063 -133.206 56.0194 0.0719063 -132.52 55.9976 0.0719063 -131.835 55.9758 0.0719063 -131.149 55.954 0.0719063 -130.463 55.9323 0.0719063 -129.778 55.9105 0.0719063 -129.092 55.8887 0.0719063 -128.406 55.867 0.0719063 -127.72 55.8452 0.0719063 -127.035 55.8234 0.0719063 -140.063 55.6239 0.0719063 -139.378 55.5985 0.0719063 -138.692 55.5731 0.0719063 -138.006 55.5477 0.0719063 -137.32 55.5223 0.0719063 -136.635 55.4969 0.0719063 -135.949 55.4715 0.0719063 -135.263 55.4461 0.0719063 -134.578 55.4207 0.0719063 -133.892 55.3953 0.0719063 -133.206 55.3699 0.0719063 -132.52 55.3445 0.0719063 -131.835 55.3191 0.0719063 -131.149 55.2937 0.0719063 -130.463 55.2683 0.0719063 -129.778 55.2429 0.0719063 -129.092 55.2175 0.0719063 -128.406 55.1921 0.0719063 -127.72 55.1667 0.0719063 -127.035 55.1413 0.0719063 -140.063 55.0107 0.0719063 -139.378 54.9817 0.0719063 -138.692 54.9527 0.0719063 -138.006 54.9237 0.0719063 -137.32 54.8946 0.0719063 -136.635 54.8656 0.0719063 -135.949 54.8366 0.0719063 -135.263 54.8076 0.0719063 -134.578 54.7785 0.0719063 -133.892 54.7495 0.0719063 -133.206 54.7205 0.0719063 -132.52 54.6915 0.0719063 -131.835 54.6624 0.0719063 -131.149 54.6334 0.0719063 -130.463 54.6044 0.0719063 -129.778 54.5754 0.0719063 -129.092 54.5463 0.0719063 -128.406 54.5173 0.0719063 -127.72 54.4883 0.0719063 -127.035 54.4593 0.0719063 -140.063 54.3976 0.0719063 -139.378 54.3649 0.0719063 -138.692 54.3323 0.0719063 -138.006 54.2996 0.0719063 -137.32 54.267 0.0719063 -136.635 54.2343 0.0719063 -135.949 54.2017 0.0719063 -135.263 54.169 0.0719063 -134.578 54.1364 0.0719063 -133.892 54.1037 0.0719063 -133.206 54.071 0.0719063 -132.52 54.0384 0.0719063 -131.835 54.0057 0.0719063 -131.149 53.9731 0.0719063 -130.463 53.9404 0.0719063 -129.778 53.9078 0.0719063 -129.092 53.8751 0.0719063 -128.406 53.8425 0.0719063 -127.72 53.8098 0.0719063 -127.035 53.7772 0.0719063 -140.063 53.7844 0.0719063 -139.378 53.7482 0.0719063 -138.692 53.7119 0.0719063 -138.006 53.6756 0.0719063 -137.32 53.6393 0.0719063 -136.635 53.603 0.0719063 -135.949 53.5667 0.0719063 -135.263 53.5305 0.0719063 -134.578 53.4942 0.0719063 -133.892 53.4579 0.0719063 -133.206 53.4216 0.0719063 -132.52 53.3853 0.0719063 -131.835 53.3491 0.0719063 -131.149 53.3128 0.0719063 -130.463 53.2765 0.0719063 -129.778 53.2402 0.0719063 -129.092 53.2039 0.0719063 -128.406 53.1676 0.0719063 -127.72 53.1314 0.0719063 -127.035 53.0951 0.0719063 -140.063 53.1713 0.0719063 -139.378 53.1314 0.0719063 -138.692 53.0915 0.0719063 -138.006 53.0516 0.0719063 -137.32 53.0116 0.0719063 -136.635 52.9717 0.0719063 -135.949 52.9318 0.0719063 -135.263 52.8919 0.0719063 -134.578 52.852 0.0719063 -133.892 52.8121 0.0719063 -133.206 52.7722 0.0719063 -132.52 52.7323 0.0719063 -131.835 52.6924 0.0719063 -131.149 52.6525 0.0719063 -130.463 52.6126 0.0719063 -129.778 52.5726 0.0719063 -129.092 52.5327 0.0719063 -128.406 52.4928 0.0719063 -127.72 52.4529 0.0719063 -127.035 52.413 0.0719063 -140.063 52.5581 0.0719063 -139.378 52.5146 0.0719063 -138.692 52.4711 0.0719063 -138.006 52.4275 0.0719063 -137.32 52.384 0.0719063 -136.635 52.3404 0.0719063 -135.949 52.2969 0.0719063 -135.263 52.2534 0.0719063 -134.578 52.2098 0.0719063 -133.892 52.1663 0.0719063 -133.206 52.1228 0.0719063 -132.52 52.0792 0.0719063 -131.835 52.0357 0.0719063 -131.149 51.9921 0.0719063 -130.463 51.9486 0.0719063 -129.778 51.9051 0.0719063 -129.092 51.8615 0.0719063 -128.406 51.818 0.0719063 -127.72 51.7745 0.0719063 -127.035 51.7309 0.0719063 -140.063 51.945 0.0719063 -139.378 51.8978 0.0719063 -138.692 51.8507 0.0719063 -138.006 51.8035 0.0719063 -137.32 51.7563 0.0719063 -135.949 51.662 0.0719063 -135.263 51.6148 0.0719063 -134.578 51.5677 0.0719063 -133.892 51.5205 0.0719063 -133.206 51.4733 0.0719063 -132.52 51.4262 0.0719063 -131.835 51.379 0.0719063 -131.149 51.3318 0.0719063 -130.463 51.2847 0.0719063 -129.778 51.2375 0.0719063 -129.092 51.1903 0.0719063 -128.406 51.1432 0.0719063 -127.72 51.096 0.0719063 -127.035 51.0488 0.0719063 -140.063 51.3318 0.0719063 -139.378 51.281 0.0719063 -138.692 51.2302 0.0719063 -138.006 51.1795 0.0719063 -136.635 51.0779 0.0719063 -135.949 51.0271 0.0719063 -135.263 50.9763 0.0719063 -134.578 50.9255 0.0719063 -133.892 50.8747 0.0719063 -133.206 50.8239 0.0719063 -132.52 50.7731 0.0719063 -131.835 50.7223 0.0719063 -131.149 50.6715 0.0719063 -130.463 50.6207 0.0719063 -129.778 50.5699 0.0719063 -129.092 50.5191 0.0719063 -128.406 50.4683 0.0719063 -127.72 50.4175 0.0719063 -127.035 50.3667 0.0719063 -140.063 50.7187 0.0719063 -139.378 50.6643 0.0719063 -138.692 50.6098 0.0719063 -138.006 50.5554 0.0719063 -137.32 50.501 0.0719063 -136.635 50.4466 0.0719063 -135.949 50.3921 0.0719063 -135.263 50.3377 0.0719063 -134.578 50.2833 0.0719063 -133.892 50.2289 0.0719063 -133.206 50.1745 0.0719063 -132.52 50.12 0.0719063 -131.835 50.0656 0.0719063 -131.149 50.0112 0.0719063 -130.463 49.9568 0.0719063 -129.778 49.9023 0.0719063 -129.092 49.8479 0.0719063 -128.406 49.7935 0.0719063 -127.72 49.7391 0.0719063 -127.035 49.6847 0.0719063 -140.063 50.1055 0.0719063 -139.378 50.0475 0.0719063 -138.692 49.9894 0.0719063 -137.32 49.8733 0.0719063 -136.635 49.8153 0.0719063 -135.949 49.7572 0.0719063 -135.263 49.6992 0.0719063 -134.578 49.6411 0.0719063 -133.892 49.5831 0.0719063 -133.206 49.525 0.0719063 -132.52 49.467 0.0719063 -131.835 49.4089 0.0719063 -131.149 49.3509 0.0719063 -130.463 49.2928 0.0719063 -129.778 49.2348 0.0719063 -129.092 49.1767 0.0719063 -128.406 49.1187 0.0719063 -127.72 49.0606 0.0719063 -127.035 49.0026 0.0719063 -140.063 49.4924 0.0719063 -139.378 49.4307 0.0719063 -138.006 49.3073 0.0719063 -137.32 49.2457 0.0719063 -136.635 49.184 0.0719063 -135.949 49.1223 0.0719063 -135.263 49.0606 0.0719063 -134.578 48.9989 0.0719063 -133.892 48.9373 0.0719063 -133.206 48.8756 0.0719063 -132.52 48.8139 0.0719063 -131.835 48.7522 0.0719063 -131.149 48.6906 0.0719063 -130.463 48.6289 0.0719063 -129.778 48.5672 0.0719063 -129.092 48.5055 0.0719063 -128.406 48.4438 0.0719063 -127.72 48.3822 0.0719063 -127.035 48.3205 0.0719063 -140.063 48.8792 0.0719063 -139.378 48.8139 0.0719063 -138.692 48.7486 0.0719063 -138.006 48.6833 0.0719063 -137.32 48.618 0.0719063 -136.635 48.5527 0.0719063 -135.949 48.4874 0.0719063 -135.263 48.4221 0.0719063 -134.578 48.3568 0.0719063 -133.892 48.2915 0.0719063 -133.206 48.2261 0.0719063 -132.52 48.1608 0.0719063 -131.835 48.0955 0.0719063 -131.149 48.0302 0.0719063 -130.463 47.9649 0.0719063 -129.778 47.8996 0.0719063 -129.092 47.8343 0.0719063 -128.406 47.769 0.0719063 -127.72 47.7037 0.0719063 -127.035 47.6384 0.0719063 -140.063 48.2661 0.0719063 -138.692 48.1282 0.0719063 -138.006 48.0593 0.0719063 -137.32 47.9903 0.0719063 -136.635 47.9214 0.0719063 -135.949 47.8525 0.0719063 -135.263 47.7835 0.0719063 -134.578 47.7146 0.0719063 -133.892 47.6456 0.0719063 -133.206 47.5767 0.0719063 -132.52 47.5078 0.0719063 -131.835 47.4388 0.0719063 -131.149 47.3699 0.0719063 -130.463 47.301 0.0719063 -129.778 47.232 0.0719063 -129.092 47.1631 0.0719063 -128.406 47.0942 0.0719063 -127.72 47.0252 0.0719063 -127.035 46.9563 0.0719063 -139.378 47.5804 0.0719063 -138.692 47.5078 0.0719063 -138.006 47.4352 0.0719063 -137.32 47.3627 0.0719063 -136.635 47.2901 0.0719063 -135.949 47.2175 0.0719063 -135.263 47.145 0.0719063 -134.578 47.0724 0.0719063 -133.892 46.9998 0.0719063 -133.206 46.9273 0.0719063 -132.52 46.8547 0.0719063 -131.835 46.7822 0.0719063 -131.149 46.7096 0.0719063 -130.463 46.637 0.0719063 -129.778 46.5645 0.0719063 -129.092 46.4919 0.0719063 -128.406 46.4193 0.0719063 -127.72 46.3468 0.0719063 -127.035 46.2742 0.0719063 -140.063 75.154 0.0719063 -139.378 75.154 0.0719063 -138.692 75.154 0.0719063 -138.006 75.154 0.0719063 -137.32 75.154 0.0719063 -136.635 75.154 0.0719063 -135.949 75.154 0.0719063 -135.263 75.154 0.0719063 -134.578 75.154 0.0719063 -133.892 75.154 0.0719063 -133.206 75.154 0.0719063 -132.52 75.154 0.0719063 -131.835 75.154 0.0719063 -131.149 75.154 0.0719063 -130.463 75.154 0.0719063 -129.778 75.154 0.0719063 -129.092 75.154 0.0719063 -128.406 75.154 0.0719063 -127.72 75.154 0.0719063 -140.063 74.3921 0.0719063 -139.378 74.3921 0.0719063 -138.692 74.3921 0.0719063 -138.006 74.3921 0.0719063 -137.32 74.3921 0.0719063 -136.635 74.3921 0.0719063 -135.949 74.3921 0.0719063 -135.263 74.3921 0.0719063 -134.578 74.3921 0.0719063 -133.892 74.3921 0.0719063 -133.206 74.3921 0.0719063 -132.52 74.3921 0.0719063 -131.835 74.3921 0.0719063 -131.149 74.3921 0.0719063 -130.463 74.3921 0.0719063 -129.778 74.3921 0.0719063 -129.092 74.3921 0.0719063 -128.406 74.3921 0.0719063 -127.72 74.3921 0.0719063 -127.035 74.3921 0.0719063 -140.063 73.6302 0.0719063 -139.378 73.6302 0.0719063 -138.692 73.6302 0.0719063 -138.006 73.6302 0.0719063 -137.32 73.6302 0.0719063 -136.635 73.6302 0.0719063 -135.949 73.6302 0.0719063 -135.263 73.6302 0.0719063 -134.578 73.6302 0.0719063 -133.892 73.6302 0.0719063 -133.206 73.6302 0.0719063 -132.52 73.6302 0.0719063 -131.835 73.6302 0.0719063 -131.149 73.6302 0.0719063 -130.463 73.6302 0.0719063 -129.778 73.6302 0.0719063 -129.092 73.6302 0.0719063 -128.406 73.6302 0.0719063 -127.72 73.6302 0.0719063 -127.035 73.6302 0.0719063 -140.063 72.8683 0.0719063 -139.378 72.8683 0.0719063 -138.692 72.8683 0.0719063 -138.006 72.8683 0.0719063 -137.32 72.8683 0.0719063 -136.635 72.8683 0.0719063 -135.949 72.8683 0.0719063 -135.263 72.8683 0.0719063 -134.578 72.8683 0.0719063 -133.892 72.8683 0.0719063 -133.206 72.8683 0.0719063 -132.52 72.8683 0.0719063 -131.835 72.8683 0.0719063 -131.149 72.8683 0.0719063 -130.463 72.8683 0.0719063 -129.778 72.8683 0.0719063 -129.092 72.8683 0.0719063 -127.72 72.8683 0.0719063 -127.035 72.8683 0.0719063 -140.063 72.1064 0.0719063 -139.378 72.1064 0.0719063 -138.692 72.1064 0.0719063 -138.006 72.1064 0.0719063 -137.32 72.1064 0.0719063 -136.635 72.1064 0.0719063 -135.949 72.1064 0.0719063 -135.263 72.1064 0.0719063 -134.578 72.1064 0.0719063 -133.892 72.1064 0.0719063 -133.206 72.1064 0.0719063 -132.52 72.1064 0.0719063 -131.835 72.1064 0.0719063 -131.149 72.1064 0.0719063 -130.463 72.1064 0.0719063 -129.778 72.1064 0.0719063 -129.092 72.1064 0.0719063 -128.406 72.1064 0.0719063 -127.72 72.1064 0.0719063 -127.035 72.1064 0.0719063 -140.063 71.3445 0.0719063 -139.378 71.3445 0.0719063 -138.692 71.3445 0.0719063 -138.006 71.3445 0.0719063 -137.32 71.3445 0.0719063 -136.635 71.3445 0.0719063 -135.949 71.3445 0.0719063 -135.263 71.3445 0.0719063 -134.578 71.3445 0.0719063 -133.892 71.3445 0.0719063 -133.206 71.3445 0.0719063 -132.52 71.3445 0.0719063 -131.835 71.3445 0.0719063 -131.149 71.3445 0.0719063 -130.463 71.3445 0.0719063 -129.778 71.3445 0.0719063 -129.092 71.3445 0.0719063 -128.406 71.3445 0.0719063 -127.72 71.3445 0.0719063 -127.035 71.3445 0.0719063 -140.063 70.5826 0.0719063 -139.378 70.5826 0.0719063 -138.692 70.5826 0.0719063 -138.006 70.5826 0.0719063 -137.32 70.5826 0.0719063 -136.635 70.5826 0.0719063 -135.949 70.5826 0.0719063 -135.263 70.5826 0.0719063 -134.578 70.5826 0.0719063 -133.892 70.5826 0.0719063 -133.206 70.5826 0.0719063 -132.52 70.5826 0.0719063 -131.835 70.5826 0.0719063 -131.149 70.5826 0.0719063 -130.463 70.5826 0.0719063 -129.092 70.5826 0.0719063 -128.406 70.5826 0.0719063 -127.72 70.5826 0.0719063 -127.035 70.5826 0.0719063 -140.063 69.8207 0.0719063 -139.378 69.8207 0.0719063 -138.692 69.8207 0.0719063 -138.006 69.8207 0.0719063 -137.32 69.8207 0.0719063 -136.635 69.8207 0.0719063 -135.949 69.8207 0.0719063 -135.263 69.8207 0.0719063 -134.578 69.8207 0.0719063 -133.892 69.8207 0.0719063 -133.206 69.8207 0.0719063 -132.52 69.8207 0.0719063 -131.835 69.8207 0.0719063 -131.149 69.8207 0.0719063 -130.463 69.8207 0.0719063 -129.778 69.8207 0.0719063 -129.092 69.8207 0.0719063 -128.406 69.8207 0.0719063 -127.72 69.8207 0.0719063 -127.035 69.8207 0.0719063 -140.063 69.0588 0.0719063 -139.378 69.0588 0.0719063 -138.692 69.0588 0.0719063 -138.006 69.0588 0.0719063 -137.32 69.0588 0.0719063 -136.635 69.0588 0.0719063 -135.949 69.0588 0.0719063 -135.263 69.0588 0.0719063 -134.578 69.0588 0.0719063 -133.892 69.0588 0.0719063 -133.206 69.0588 0.0719063 -132.52 69.0588 0.0719063 -131.835 69.0588 0.0719063 -131.149 69.0588 0.0719063 -130.463 69.0588 0.0719063 -129.778 69.0588 0.0719063 -129.092 69.0588 0.0719063 -128.406 69.0588 0.0719063 -127.72 69.0588 0.0719063 -127.035 69.0588 0.0719063 -140.063 68.2969 0.0719063 -139.378 68.2969 0.0719063 -138.692 68.2969 0.0719063 -138.006 68.2969 0.0719063 -137.32 68.2969 0.0719063 -136.635 68.2969 0.0719063 -135.949 68.2969 0.0719063 -135.263 68.2969 0.0719063 -134.578 68.2969 0.0719063 -133.892 68.2969 0.0719063 -133.206 68.2969 0.0719063 -132.52 68.2969 0.0719063 -131.835 68.2969 0.0719063 -130.463 68.2969 0.0719063 -129.778 68.2969 0.0719063 -129.092 68.2969 0.0719063 -128.406 68.2969 0.0719063 -127.72 68.2969 0.0719063 -127.035 68.2969 0.0719063 -140.063 67.535 0.0719063 -139.378 67.535 0.0719063 -138.692 67.535 0.0719063 -138.006 67.535 0.0719063 -137.32 67.535 0.0719063 -136.635 67.535 0.0719063 -135.949 67.535 0.0719063 -135.263 67.535 0.0719063 -134.578 67.535 0.0719063 -133.892 67.535 0.0719063 -133.206 67.535 0.0719063 -132.52 67.535 0.0719063 -131.835 67.535 0.0719063 -131.149 67.535 0.0719063 -130.463 67.535 0.0719063 -129.778 67.535 0.0719063 -129.092 67.535 0.0719063 -128.406 67.535 0.0719063 -127.72 67.535 0.0719063 -127.035 67.535 0.0719063 -140.063 66.7731 0.0719063 -139.378 66.7731 0.0719063 -138.692 66.7731 0.0719063 -138.006 66.7731 0.0719063 -137.32 66.7731 0.0719063 -136.635 66.7731 0.0719063 -135.949 66.7731 0.0719063 -135.263 66.7731 0.0719063 -134.578 66.7731 0.0719063 -133.892 66.7731 0.0719063 -133.206 66.7731 0.0719063 -132.52 66.7731 0.0719063 -131.835 66.7731 0.0719063 -131.149 66.7731 0.0719063 -130.463 66.7731 0.0719063 -129.778 66.7731 0.0719063 -129.092 66.7731 0.0719063 -128.406 66.7731 0.0719063 -127.72 66.7731 0.0719063 -127.035 66.7731 0.0719063 -140.063 66.0112 0.0719063 -139.378 66.0112 0.0719063 -138.692 66.0112 0.0719063 -138.006 66.0112 0.0719063 -137.32 66.0112 0.0719063 -136.635 66.0112 0.0719063 -135.949 66.0112 0.0719063 -135.263 66.0112 0.0719063 -134.578 66.0112 0.0719063 -133.892 66.0112 0.0719063 -133.206 66.0112 0.0719063 -132.52 66.0112 0.0719063 -131.835 66.0112 0.0719063 -131.149 66.0112 0.0719063 -130.463 66.0112 0.0719063 -129.778 66.0112 0.0719063 -129.092 66.0112 0.0719063 -128.406 66.0112 0.0719063 -127.72 66.0112 0.0719063 -127.035 66.0112 0.0719063 -140.063 65.2493 0.0719063 -139.378 65.2493 0.0719063 -138.692 65.2493 0.0719063 -138.006 65.2493 0.0719063 -137.32 65.2493 0.0719063 -136.635 65.2493 0.0719063 -135.949 65.2493 0.0719063 -135.263 65.2493 0.0719063 -134.578 65.2493 0.0719063 -133.892 65.2493 0.0719063 -133.206 65.2493 0.0719063 -132.52 65.2493 0.0719063 -131.835 65.2493 0.0719063 -131.149 65.2493 0.0719063 -130.463 65.2493 0.0719063 -129.778 65.2493 0.0719063 -129.092 65.2493 0.0719063 -128.406 65.2493 0.0719063 -127.72 65.2493 0.0719063 -127.035 65.2493 0.0719063 -140.063 64.4874 0.0719063 -139.378 64.4874 0.0719063 -138.692 64.4874 0.0719063 -138.006 64.4874 0.0719063 -137.32 64.4874 0.0719063 -136.635 64.4874 0.0719063 -135.949 64.4874 0.0719063 -135.263 64.4874 0.0719063 -134.578 64.4874 0.0719063 -133.892 64.4874 0.0719063 -133.206 64.4874 0.0719063 -132.52 64.4874 0.0719063 -131.835 64.4874 0.0719063 -131.149 64.4874 0.0719063 -130.463 64.4874 0.0719063 -129.778 64.4874 0.0719063 -129.092 64.4874 0.0719063 -128.406 64.4874 0.0719063 -127.72 64.4874 0.0719063 -127.035 64.4874 0.0719063 -140.063 63.7255 0.0719063 -139.378 63.7255 0.0719063 -138.692 63.7255 0.0719063 -138.006 63.7255 0.0719063 -137.32 63.7255 0.0719063 -136.635 63.7255 0.0719063 -135.949 63.7255 0.0719063 -135.263 63.7255 0.0719063 -134.578 63.7255 0.0719063 -133.892 63.7255 0.0719063 -133.206 63.7255 0.0719063 -132.52 63.7255 0.0719063 -131.835 63.7255 0.0719063 -131.149 63.7255 0.0719063 -130.463 63.7255 0.0719063 -129.778 63.7255 0.0719063 -129.092 63.7255 0.0719063 -128.406 63.7255 0.0719063 -127.72 63.7255 0.0719063 -127.035 63.7255 0.0719063 -140.063 62.9636 0.0719063 -139.378 62.9636 0.0719063 -138.692 62.9636 0.0719063 -138.006 62.9636 0.0719063 -137.32 62.9636 0.0719063 -136.635 62.9636 0.0719063 -135.949 62.9636 0.0719063 -135.263 62.9636 0.0719063 -134.578 62.9636 0.0719063 -133.892 62.9636 0.0719063 -133.206 62.9636 0.0719063 -132.52 62.9636 0.0719063 -131.835 62.9636 0.0719063 -131.149 62.9636 0.0719063 -130.463 62.9636 0.0719063 -129.778 62.9636 0.0719063 -129.092 62.9636 0.0719063 -128.406 62.9636 0.0719063 -127.72 62.9636 0.0719063 -127.035 62.9636 0.0719063 -140.063 62.2017 0.0719063 -139.378 62.2017 0.0719063 -138.692 62.2017 0.0719063 -138.006 62.2017 0.0719063 -137.32 62.2017 0.0719063 -136.635 62.2017 0.0719063 -135.949 62.2017 0.0719063 -135.263 62.2017 0.0719063 -134.578 62.2017 0.0719063 -133.892 62.2017 0.0719063 -133.206 62.2017 0.0719063 -132.52 62.2017 0.0719063 -131.835 62.2017 0.0719063 -131.149 62.2017 0.0719063 -130.463 62.2017 0.0719063 -129.778 62.2017 0.0719063 -129.092 62.2017 0.0719063 -128.406 62.2017 0.0719063 -127.72 62.2017 0.0719063 -127.035 62.2017 0.0719063 -140.063 61.4398 0.0719063 -139.378 61.4398 0.0719063 -138.692 61.4398 0.0719063 -138.006 61.4398 0.0719063 -137.32 61.4398 0.0719063 -136.635 61.4398 0.0719063 -135.949 61.4398 0.0719063 -135.263 61.4398 0.0719063 -134.578 61.4398 0.0719063 -133.892 61.4398 0.0719063 -133.206 61.4398 0.0719063 -132.52 61.4398 0.0719063 -131.835 61.4398 0.0719063 -131.149 61.4398 0.0719063 -130.463 61.4398 0.0719063 -129.778 61.4398 0.0719063 -129.092 61.4398 0.0719063 -128.406 61.4398 0.0719063 -127.72 61.4398 0.0719063 -127.035 61.4398 0.0719063 -140.063 60.6779 0.0719063 -139.378 60.6779 0.0719063 -138.692 60.6779 0.0719063 -137.32 60.6779 0.0719063 -136.635 60.6779 0.0719063 -135.949 60.6779 0.0719063 -135.263 60.6779 0.0719063 -134.578 60.6779 0.0719063 -133.892 60.6779 0.0719063 -133.206 60.6779 0.0719063 -132.52 60.6779 0.0719063 -131.835 60.6779 0.0719063 -131.149 60.6779 0.0719063 -130.463 60.6779 0.0719063 -129.778 60.6779 0.0719063 -129.092 60.6779 0.0719063 -128.406 60.6779 0.0719063 -127.72 60.6779 0.0719063 -127.035 60.6779 0.0719063 -137.095 51.7408 0.0719063 -138.924 49.3899 0.0719063 -138.467 49.9704 0.0719063 -140.295 47.6775 0.0719063 -139.838 48.2435 0.0719063 -128.406 58.9055 0.0719063 -140.063 47.9649 0.0719063 -137.32 51.4479 0.0719063 -137.552 51.1459 0.0719063 -131.378 67.535 0.0719063 -140.063 59.1033 0.0719063 -139.729 59.301 0.0719063 -137.663 60.6779 0.0719063 -127.263 74.3921 0.0719063 -138.006 60.4239 0.0719063 -128.178 72.8683 0.0719063 -128.406 72.4874 0.0719063 -130.92 68.2969 0.0719063 -131.149 67.9159 0.0719063 -128.635 72.1064 0.0719063 -130.006 69.8207 0.0719063 -129.549 70.5826 0.0719063 -140.063 59.5293 0.0719063 -140.749 59.0919 0.0719063 -141.787 58.0874 0.0719063 -140.749 59.0919 0.0719063 -138.006 60.9091 0.0719063 -127.035 75.3609 0.0719063 -128.178 73.6302 0.0719063 -130.006 70.5826 0.0719063 -130.92 69.0588 0.0719063 -128.406 73.2493 0.0719063 -129.778 70.9635 0.0719063 -140.461 59.3049 0.0719063 -127.181 75.1541 0.0719063 -126.642 75.916 0.0719063 -131.149 68.6778 0.0719063 -138.305 60.6779 0.0719063 -138.692 60.403 0.0719063 -128.635 72.8683 0.0719063 -129.549 71.3445 0.0719063 -131.378 68.2969 0.0719063 -135.263 52.921 0.0719063 -131.835 56.0411 0.0719063 -125.317 59.916 0.0719063 -134.63 53.497 0.0719063 -136.867 51.0951 0.0719063 -138.708 48.7501 0.0719063 -131.904 55.978 0.0719063 -138.006 49.6357 0.0719063 -128.325 58.5654 0.0719063 -126.349 59.4526 0.0719063 -132.52 55.4171 0.0719063 -127.72 58.8369 0.0719063 -138.692 48.7704 0.0719063 -133.96 54.1069 0.0719063 -136.41 51.6937 0.0719063 -138.249 49.3292 0.0719063 -128.406 58.529 0.0719063 -133.206 54.7931 0.0719063 -127.035 59.1448 0.0719063 -131.203 56.6158 0.0719063 -136.635 51.399 0.0719063 -129.092 58.2211 0.0719063 -133.282 54.7237 0.0719063 -133.892 54.169 0.0719063 -137.787 49.9128 0.0719063 -139.615 47.6055 0.0719063 -130.494 57.2608 0.0719063 -139.378 47.9051 0.0719063 -130.463 57.2892 0.0719063 -126.839 59.2328 0.0719063 -134.578 53.545 0.0719063 -135.293 52.8937 0.0719063 -132.597 55.3474 0.0719063 -139.163 48.1756 0.0719063 -131.149 56.6652 0.0719063 223.651 11.3826 0.0719063 223.651 11.9159 0.0719063 223.651 12.4493 0.0719063 224.651 11.3826 0.0719063 224.651 11.9159 0.0719063 224.651 12.4493 0.0719063 211.651 10.3159 0.0719063 213.651 10.3159 0.0719063 215.651 10.3159 0.0719063 217.651 10.3159 0.0719063 219.651 10.3159 0.0719063 221.651 10.3159 0.0719063 223.651 10.3159 0.0719063 223.651 10.8493 0.0719063 221.651 10.8493 0.0719063 219.651 10.8493 0.0719063 217.651 10.8493 0.0719063 215.651 10.8493 0.0719063 213.651 10.8493 0.0719063 211.651 10.8493 0.0719063 223.651 11.3826 0.0719063 221.651 11.3826 0.0719063 219.651 11.3826 0.0719063 217.651 11.3826 0.0719063 215.651 11.3826 0.0719063 213.651 11.3826 0.0719063 211.651 11.3826 0.0719063 211.651 5.27142 0.0719063 213.651 5.27142 0.0719063 215.651 5.27142 0.0719063 217.651 5.27142 0.0719063 219.651 5.27142 0.0719063 221.651 5.27142 0.0719063 223.651 5.27142 0.0719063 211.651 -3.68406 0.0719063 213.651 -3.68406 0.0719063 215.651 -3.68406 0.0719063 217.651 -3.68406 0.0719063 219.651 -3.68406 0.0719063 221.651 -3.68406 0.0719063 223.651 -3.68406 0.0719063 211.651 10.3159 0.0719063 213.651 10.3159 0.0719063 215.651 10.3159 0.0719063 217.651 10.3159 0.0719063 219.651 10.3159 0.0719063 221.651 10.3159 0.0719063 223.651 10.3159 0.0719063 224.651 10.3159 0.0719063 224.651 5.27142 0.0719063 224.651 10.8493 0.0719063 224.651 -3.68406 0.0719063 224.651 11.3826 0.0719063 224.651 10.3159 0.0719063 224.642 13.5159 0.0719063 224.647 12.9826 0.0719063 224.526 27.9159 0.0719063 224.642 13.5159 0.0719063 224.666 12.4493 0.0719063</float_array>
                    <technique_common>
                        <accessor count="3987" source="#shape0-lib-positions-array" stride="3">
                            <param name="X" type="float"/>
                            <param name="Y" type="float"/>
                            <param name="Z" type="float"/>
                        </accessor>
                    </technique_common>
                </source>
                <source id="shape0-lib-normals" name="normal">
                    <float_array id="shape0-lib-normals-array" count="16761">0 0 1 0 0 1 0 0 1 0 0 1 0 0 1 0 0 1 0 0 1 0 0 1 0 0 0 0 0 0 0 0 0 0 0 1 0 0 1 0 0 1 0 0 1 0 0 0 0 0 0 0 0 1 0 0 1 0 0 1 0 0 1 0 0 1 0 0 1 0 0 1 0 0 0 0 0 0 0 0 0 0 0 1 0 0 1 0 0 1 0 0 1 0 0 1 0 0 1 0 0 1 0 0 1 0 0 1 0 0 1 0 0 1 0 0 1 0 0 1 0 0 1 0 0 1 0 0 1 0 0 1 0 0 1 0 0 1 0 0 1 0 0 1 0 0 1 0 0 1 0 0 1 0 0 1 0 0 1 0 0 1 0 0 1 0 0 1 0 0 1 0 0 1 0 0 1 0 0 1 0 0 1 0 0 1 0 0 1 0 0 1 0 0 1 0 0 1 0 0 1 0 0 1 0 0 1 0 0 1 0 0 1 0 0 1 0 0 1 0 0 1 0 0 1 0 0 1 0 0 1 0 0 1 0 0 1 0 0 1 0 0 1 0 0 1 0 0 1 0 0 1 0 0 1 0 0 1 0 0 1 0 0 1 0 0 1 0 0 1 0 0 1 0 0 1 0 0 1 0 0 1 0 0 1 0 0 1 0 0 1 0 0 1 0 0 1 0 0 1 0 0 1 0 0 1 0 0 1 0 0 1 0 0 1 0 0 1 0 0 1 0 0 1 0 0 1 0 0 1 0 0 1 0 0 1 0 0 1 0 0 1 0 0 1 0 0 1 0 0 1 0 0 1 0 0 1 0 0 1 0 0 1 0 0 1 0 0 1 0 0 1 0 0 1 0 0 1 0 0 1 0 0 1 0 0 1 0 0 1 0 0 1 0 0 1 0 0 1 0 0 1 0 0 1 0 0 1 0 0 1 0 0 1 0 0 1 0 0 1 0 0 1 0 0 1 0 0 1 0 0 1 0 0 1 0 0 1 0 0 1 0 0 1 0 0 1 0 0 1 0 0 1 0 0 1 0 0 1 0 0 1 0 0 1 0 0 1 0 0 1 0 0 1 0 0 1 0 0 1 0 0 1 0 0 1 0 0 1 0 0 1 0 0 1 0 0 1 0 0 1 0 0 1 0 0 1 0 0 1 0 0 1 0 0 1 0 0 1 0 0 1 0 0 1 0 0 1 0 0 1 0 0 1 0 0 1 0 0 1 0 0 1 0 0 1 0 0 1 0 0 1 0 0 1 0 0 1 0 0 1 0 0 1 0 0 1 0 0 1 0 0 1 0 0 1 0 0 1 0 0 1 0 0 1 0 0 1 0 0 1 0 0 1 0 0 1 0 0 1 0 0 1 0 0 1 0 0 1 0 0 1 0 0 1 0 0 1 0 0 1 0 0 1 0 0 1 0 0 1 0 0 1 0 0 1 0 0 1 0 0 1 0 0 1 0 0 1 0 0 1 0 0 1 0 0 1 0 0 1 0 0 1 0 0 1 0 0 1 0 0 1 0 0 1 0 0 1 0 0 1 0 0 1 0 0 1 0 0 1 0 0 1 0 0 1 0 0 1 0 0 1 0 0 1 0 0 1 0 0 1 0 0 1 0 0 1 0 0 1 0 0 1 0 0 1 0 0 1 0 0 1 0 0 1 0 0 1 0 0 1 0 0 1 0 0 1 0 0 1 0 0 1 0 0 1 0 0 1 0 0 1 0 0 1 0 0 1 0 0 1 0 0 1 0 0 1 0 0 1 0 0 1 0 0 1 0 0 1 0 0 1 0 0 1 0 0 1 0 0 1 0 0 1 0 0 1 0 0 1 0 0 1 0 0 1 0 0 1 0 0 1 0 0 1 0 0 1 0 0 1 0 0 1 0 0 1 0 0 1 0 0 1 0 0 1 0 0 1 0 0 1 0 0 1 0 0 1 0 0 1 0 0 1 0 0 1 0 0 1 0 0 1 0 0 1 0 0 1 0 0 1 0 0 1 0 0 1 0 0 1 0 0 1 0 0 1 0 0 1 0 0 1 0 0 1 0 0 1 0 0 1 0 0 1 0 0 1 0 0 1 0 0 1 0 0 1 0 0 1 0 0 1 0 0 1 0 0 1 0 0 1 0 0 1 0 0 1 0 0 1 0 0 1 0 0 1 0 0 1 0 0 1 0 0 1 0 0 1 0 0 1 0 0 1 0 0 1 0 0 1 0 0 1 0 0 1 0 0 1 0 0 1 0 0 1 0 0 1 0 0 1 0 0 1 0 0 1 0 0 1 0 0 1 0 0 1 0 0 1 0 0 1 0 0 1 0 0 1 0 0 1 0 0 1 0 0 1 0 0 1 0 0 1 0 0 1 0 0 1 0 0 1 0 0 1 0 0 1 0 0 1 0 0 1 0 0 1 0 0 1 0 0 1 0 0 1 0 0 1 0 0 1 0 0 1 0 0 1 0 0 1 0 0 1 0 0 1 0 0 1 0 0 1 0 0 1 0 0 1 0 0 1 0 0 1 0 0 1 0 0 1 0 0 1 0 0 1 0 0 1 0 0 1 0 0 1 0 0 1 0 0 1 0 0 1 0 0 1 0 0 1 0 0 1 0 0 1 0 0 1 0 0 1 0 0 1 0 0 1 0 0 1 0 0 0 0 0 -1 0 0 1 0 0 1 0 0 1 0 0 1 0 0 1 0 0 1 0 0 1 0 0 1 0 0 1 0 0 1 0 0 1 0 0 1 0 0 1 0 0 1 0 0 1 0 0 1 0 0 1 0 0 1 0 0 1 0 0 1 0 0 1 0 0 1 0 0 1 0 0 1 0 0 1 0 0 1 0 0 1 0 0 1 0 0 1 0 0 1 0 0 1 0 0 1 0 0 1 0 0 1 0 0 1 0 0 1 0 0 1 0 0 1 0 0 1 0 0 1 0 0 1 0 0 1 0 0 1 0 0 1 0 0 1 0 0 1 0 0 1 0 0 1 0 0 1 0 0 1 0 0 1 0 0 1 0 0 1 0 0 1 0 0 1 0 0 1 0 0 1 0 0 1 0 0 0 0 0 -1 0 0 1 0 0 1 0 0 1 0 0 1 0 0 1 0 0 1 0 0 1 0 0 1 0 0 1 0 0 1 0 0 1 0 0 1 0 0 1 0 0 1 0 0 1 0 0 1 0 0 1 0 0 1 0 0 1 0 0 1 0 0 1 0 0 1 0 0 1 0 0 1 0 0 1 0 0 1 0 0 1 0 0 1 0 0 1 0 0 1 0 0 1 0 0 1 0 0 1 0 0 1 0 0 1 0 0 1 0 0 1 0 0 1 0 0 1 0 0 1 0 0 1 0 0 1 0 0 1 0 0 1 0 0 1 0 0 1 0 0 1 0 0 1 0 0 1 0 0 1 0 0 1 0 0 1 0 0 1 0 0 1 0 0 1 0 0 1 0 0 1 0 0 1 0 0 1 0 0 1 0 0 1 0 0 1 0 0 1 0 0 1 0 0 1 0 0 1 0 0 1 0 0 1 0 0 1 0 0 1 0 0 1 0 0 1 0 0 1 0 0 1 0 0 1 0 0 1 0 0 1 0 0 1 0 0 1 0 0 1 0 0 1 0 0 1 0 0 1 0 0 1 0 0 1 0 0 1 0 0 1 0 0 1 0 0 1 0 0 1 0 0 1 0 0 1 0 0 1 0 0 1 0 0 1 0 0 1 0 0 1 0 0 1 0 0 1 0 0 1 0 0 1 0 0 1 0 0 1 0 0 1 0 0 1 0 0 1 0 0 1 0 0 1 0 0 1 0 0 1 0 0 1 0 0 1 0 0 1 0 0 1 0 0 0 0 0 1 0 0 1 0 0 1 0 0 0 0 0 1 0 0 1 0 0 1 0 0 0 0 0 0 0 0 1 0 0 1 0 0 1 0 0 1 0 0 1 0 0 1 0 0 1 0 0 1 0 0 1 0 0 1 0 0 1 0 0 1 0 0 1 0 0 1 0 0 1 0 0 1 0 0 1 0 0 1 0 0 1 0 0 1 0 0 1 0 0 1 0 0 1 0 0 1 0 0 1 0 0 1 0 0 1 0 0 1 0 0 1 0 0 1 0 0 1 0 0 1 0 0 1 0 0 1 0 0 1 0 0 1 0 0 1 0 0 1 0 0 1 0 0 1 0 0 1 0 0 1 0 0 1 0 0 1 0 0 1 0 0 1 0 0 1 0 0 1 0 0 1 0 0 1 0 0 1 0 0 1 0 0 1 0 0 1 0 0 1 0 0 1 0 0 1 0 0 1 0 0 1 0 0 1 0 0 1 0 0 1 0 0 1 0 0 1 0 0 1 0 0 1 0 0 1 0 0 1 0 0 1 0 0 1 0 0 1 0 0 1 0 0 1 0 0 1 0 0 1 0 0 1 0 0 1 0 0 1 0 0 1 0 0 1 0 0 1 0 0 1 0 0 1 0 0 1 0 0 1 0 0 1 0 0 1 0 0 1 0 0 1 0 0 1 0 0 1 0 0 1 0 0 1 0 0 1 0 0 1 0 0 1 0 0 1 0 0 1 0 0 1 0 0 1 0 0 1 0 0 1 0 0 1 0 0 1 0 0 1 0 0 1 0 0 1 0 0 1 0 0 1 0 0 1 0 0 1 0 0 1 0 0 1 0 0 1 0 0 1 0 0 1 0 0 1 0 0 1 0 0 1 0 0 1 0 0 1 0 0 1 0 0 1 0 0 1 0 0 1 0 0 1 0 0 1 0 0 1 0 0 1 0 0 1 0 0 1 0 0 1 0 0 1 0 0 1 0 0 1 0 0 1 0 0 1 0 0 1 0 0 1 0 0 1 0 0 1 0 0 1 0 0 1 0 0 1 0 0 1 0 0 1 0 0 1 0 0 1 0 0 1 0 0 1 0 0 1 0 0 1 0 0 1 0 0 1 0 0 1 0 0 0 0 0 -1 0 0 1 0 0 1 0 0 1 0 0 1 0 0 1 0 0 1 0 0 1 0 0 1 0 0 1 0 0 1 0 0 1 0 0 1 0 0 1 0 0 1 0 0 1 0 0 1 0 0 1 0 0 1 0 0 1 0 0 1 0 0 1 0 0 1 0 0 1 0 0 1 0 0 1 0 0 1 0 0 0 0 0 1 0 0 1 0 0 1 0 0 1 0 0 1 0 0 1 0 0 1 0 0 1 0 0 1 0 0 1 0 0 1 0 0 1 0 0 1 0 0 1 0 0 1 0 0 1 0 0 1 0 0 1 0 0 1 0 0 1 0 0 1 0 0 1 0 0 1 0 0 1 0 0 1 0 0 1 0 0 1 0 0 1 0 0 1 0 0 1 0 0 1 0 0 1 0 0 1 0 0 1 0 0 1 0 0 1 0 0 1 0 0 1 0 0 1 0 0 1 0 0 1 0 0 1 0 0 1 0 0 1 0 0 1 0 0 1 0 0 1 0 0 1 0 0 1 0 0 1 0 0 1 0 0 1 0 0 1 0 0 1 0 0 1 0 0 1 0 0 1 0 0 1 0 0 1 0 0 1 0 0 1 0 0 1 0 0 1 0 0 1 0 0 1 0 0 1 0 0 1 0 0 1 0 0 1 0 0 1 0 0 1 0 0 1 0 0 1 0 0 1 0 0 1 0 0 1 0 0 1 0 0 1 0 0 1 0 0 1 0 0 1 0 0 1 0 0 1 0 0 1 0 0 1 0 0 1 0 0 1 0 0 1 0 0 1 0 0 1 0 0 1 0 0 1 0 0 1 0 0 1 0 0 1 0 0 1 0 0 1 0 0 1 0 0 1 0 0 1 0 0 1 0 0 1 0 0 1 0 0 1 0 0 1 0 0 1 0 0 1 0 0 1 0 0 1 0 0 1 0 0 1 0 0 1 0 0 1 0 0 1 0 0 1 0 0 1 0 0 1 0 0 1 0 0 1 0 0 1 0 0 1 0 0 1 0 0 1 0 0 1 0 0 1 0 0 1 0 0 1 0 0 1 0 0 1 0 0 1 0 0 1 0 0 1 0 0 1 0 0 1 0 0 1 0 0 1 0 0 1 0 0 1 0 0 1 0 0 1 0 0 1 0 0 1 0 0 1 0 0 1 0 0 1 0 0 1 0 0 1 0 0 1 0 0 1 0 0 1 0 0 1 0 0 1 0 0 1 0 0 1 0 0 1 0 0 1 0 0 1 0 0 1 0 0 1 0 0 1 0 0 1 0 0 1 0 0 1 0 0 1 0 0 1 0 0 1 0 0 1 0 0 1 0 0 1 0 0 1 0 0 1 0 0 1 0 0 1 0 0 1 0 0 1 0 0 1 0 0 1 0 0 1 0 0 1 0 0 1 0 0 1 0 0 1 0 0 1 0 0 1 0 0 1 0 0 1 0 0 1 0 0 1 0 0 1 0 0 1 0 0 1 0 0 1 0 0 1 0 0 1 0 0 1 0 0 1 0 0 1 0 0 1 0 0 1 0 0 1 0 0 1 0 0 1 0 0 1 0 0 1 0 0 1 0 0 1 0 0 1 0 0 1 0 0 1 0 0 1 0 0 1 0 0 1 0 0 1 0 0 1 0 0 1 0 0 1 0 0 1 0 0 1 0 0 1 0 0 1 0 0 1 0 0 1 0 0 1 0 0 1 0 0 1 0 0 1 0 0 1 0 0 1 0 0 1 0 0 1 0 0 1 0 0 1 0 0 1 0 0 1 0 0 1 0 0 1 0 0 1 0 0 1 0 0 1 0 0 1 0 0 1 0 0 1 0 0 1 0 0 1 0 0 1 0 0 1 0 0 1 0 0 1 0 0 1 0 0 1 0 0 1 0 0 1 0 0 1 0 0 1 0 0 1 0 0 1 0 0 1 0 0 1 0 0 1 0 0 1 0 0 1 0 0 1 0 0 1 0 0 1 0 0 1 0 0 1 0 0 1 0 0 1 0 0 1 0 0 1 0 0 1 0 0 1 0 0 1 0 0 1 0 0 1 0 0 1 0 0 1 0 0 1 0 0 1 0 0 1 0 0 1 0 0 1 0 0 1 0 0 1 0 0 1 0 0 1 0 0 1 0 0 1 0 0 1 0 0 1 0 0 1 0 0 1 0 0 1 0 0 1 0 0 1 0 0 1 0 0 1 0 0 1 0 0 1 0 0 1 0 0 1 0 0 1 0 0 1 0 0 1 0 0 1 0 0 1 0 0 1 0 0 1 0 0 1 0 0 1 0 0 1 0 0 1 0 0 1 0 0 1 0 0 1 0 0 1 0 0 1 0 0 1 0 0 1 0 0 1 0 0 1 0 0 1 0 0 1 0 0 1 0 0 1 0 0 1 0 0 1 0 0 1 0 0 1 0 0 1 0 0 1 0 0 1 0 0 1 0 0 1 0 0 1 0 0 1 0 0 1 0 0 1 0 0 1 0 0 1 0 0 1 0 0 1 0 0 1 0 0 1 0 0 1 0 0 1 0 0 1 0 0 1 0 0 1 0 0 1 0 0 1 0 0 1 0 0 1 0 0 1 0 0 1 0 0 1 0 0 1 0 0 1 0 0 1 0 0 1 0 0 1 0 0 1 0 0 1 0 0 1 0 0 1 0 0 1 0 0 1 0 0 1 0 0 1 0 0 1 0 0 1 0 0 1 0 0 1 0 0 1 0 0 1 0 0 1 0 0 1 0 0 1 0 0 1 0 0 1 0 0 1 0 0 1 0 0 0 0 0 1 0 0 1 0 0 0 0 0 0 0 0 1 0 0 1 0 0 1 0 0 1 0 0 1 0 0 1 0 0 1 0 0 1 0 0 1 0 0 1 0 0 1 0 0 1 0 0 1 0 0 1 0 0 1 0 0 1 0 0 1 0 0 1 0 0 1 0 0 1 0 0 1 0 0 1 0 0 1 0 0 1 0 0 1 0 0 1 0 0 1 0 0 1 0 0 1 0 0 1 0 0 1 0 0 1 0 0 1 0 0 1 0 0 1 0 0 1 0 0 1 0 0 1 0 0 1 0 0 1 0 0 1 0 0 1 0 0 1 0 0 1 0 0 1 0 0 1 0 0 1 0 0 1 0 0 1 0 0 1 0 0 1 0 0 1 0 0 1 0 0 1 0 0 1 0 0 1 0 0 1 0 0 1 0 0 1 0 0 1 0 0 1 0 0 1 0 0 1 0 0 1 0 0 1 0 0 1 0 0 1 0 0 1 0 0 1 0 0 1 0 0 1 0 0 1 0 0 1 0 0 1 0 0 1 0 0 1 0 0 1 0 0 1 0 0 1 0 0 1 0 0 1 0 0 1 0 0 1 0 0 1 0 0 1 0 0 1 0 0 1 0 0 1 0 0 1 0 0 1 0 0 1 0 0 1 0 0 1 0 0 1 0 0 1 0 0 1 0 0 1 0 0 1 0 0 1 0 0 1 0 0 1 0 0 1 0 0 1 0 0 1 0 0 1 0 0 1 0 0 1 0 0 1 0 0 1 0 0 1 0 0 1 0 0 1 0 0 1 0 0 1 0 0 1 0 0 1 0 0 1 0 0 1 0 0 1 0 0 1 0 0 1 0 0 1 0 0 1 0 0 1 0 0 1 0 0 1 0 0 1 0 0 1 0 0 1 0 0 1 0 0 1 0 0 1 0 0 1 0 0 1 0 0 1 0 0 1 0 0 1 0 0 1 0 0 1 0 0 1 0 0 1 0 0 1 0 0 1 0 0 1 0 0 1 0 0 1 0 0 1 0 0 1 0 0 1 0 0 1 0 0 1 0 0 1 0 0 1 0 0 1 0 0 1 0 0 1 0 0 1 0 0 1 0 0 1 0 0 1 0 0 1 0 0 1 0 0 1 0 0 1 0 0 1 0 0 1 0 0 1 0 0 1 0 0 1 0 0 1 0 0 1 0 0 1 0 0 1 0 0 1 0 0 1 0 0 1 0 0 1 0 0 1 0 0 1 0 0 1 0 0 1 0 0 1 0 0 1 0 0 1 0 0 1 0 0 1 0 0 1 0 0 1 0 0 1 0 0 1 0 0 1 0 0 1 0 0 1 0 0 1 0 0 1 0 0 1 0 0 1 0 0 1 0 0 1 0 0 1 0 0 1 0 0 1 0 0 1 0 0 1 0 0 1 0 0 1 0 0 1 0 0 1 0 0 1 0 0 1 0 0 1 0 0 1 0 0 1 0 0 1 0 0 1 0 0 1 0 0 1 0 0 1 0 0 1 0 0 1 0 0 1 0 0 1 0 0 1 0 0 1 0 0 1 0 0 1 0 0 1 0 0 1 0 0 1 0 0 1 0 0 1 0 0 1 0 0 1 0 0 1 0 0 1 0 0 1 0 0 1 0 0 1 0 0 1 0 0 1 0 0 1 0 0 1 0 0 1 0 0 1 0 0 1 0 0 1 0 0 1 0 0 1 0 0 1 0 0 1 0 0 1 0 0 1 0 0 1 0 0 1 0 0 1 0 0 1 0 0 1 0 0 1 0 0 1 0 0 1 0 0 1 0 0 1 0 0 1 0 0 1 0 0 1 0 0 1 0 0 1 0 0 1 0 0 1 0 0 1 0 0 1 0 0 1 0 0 1 0 0 1 0 0 1 0 0 1 0 0 1 0 0 1 0 0 1 0 0 1 0 0 1 0 0 1 0 0 1 0 0 1 0 0 1 0 0 1 0 0 1 0 0 1 0 0 1 0 0 1 0 0 1 0 0 1 0 0 1 0 0 1 0 0 1 0 0 1 0 0 1 0 0 1 0 0 1 0 0 1 0 0 1 0 0 1 0 0 1 0 0 1 0 0 1 0 0 1 0 0 1 0 0 1 0 0 1 0 0 1 0 0 1 0 0 1 0 0 1 0 0 1 0 0 1 0 0 1 0 0 1 0 0 1 0 0 1 0 0 1 0 0 1 0 0 1 0 0 1 0 0 1 0 0 1 0 0 1 0 0 1 0 0 1 0 0 1 0 0 1 0 0 1 0 0 1 0 0 1 0 0 1 0 0 1 0 0 1 0 0 1 0 0 1 0 0 1 0 0 1 0 0 1 0 0 1 0 0 1 0 0 1 0 0 1 0 0 1 0 0 1 0 0 1 0 0 1 0 0 1 0 0 1 0 0 1 0 0 1 0 0 1 0 0 1 0 0 1 0 0 1 0 0 1 0 0 1 0 0 1 0 0 1 0 0 1 0 0 1 0 0 1 0 0 1 0 0 1 0 0 1 0 0 1 0 0 1 0 0 1 0 0 1 0 0 1 0 0 1 0 0 1 0 0 1 0 0 1 0 0 1 0 0 1 0 0 1 0 0 1 0 0 1 0 0 1 0 0 1 0 0 1 0 0 1 0 0 1 0 0 1 0 0 1 0 0 1 0 0 1 0 0 1 0 0 1 0 0 1 0 0 1 0 0 1 0 0 1 0 0 1 0 0 1 0 0 1 0 0 1 0 0 1 0 0 1 0 0 1 0 0 1 0 0 1 0 0 1 0 0 1 0 0 1 0 0 1 0 0 1 0 0 1 0 0 1 0 0 1 0 0 1 0 0 1 0 0 1 0 0 1 0 0 1 0 0 1 0 0 1 0 0 1 0 0 1 0 0 1 0 0 1 0 0 1 0 0 1 0 0 1 0 0 1 0 0 1 0 0 1 0 0 1 0 0 1 0 0 1 0 0 1 0 0 1 0 0 1 0 0 1 0 0 1 0 0 1 0 0 1 0 0 1 0 0 1 0 0 1 0 0 1 0 0 1 0 0 1 0 0 1 0 0 1 0 0 1 0 0 1 0 0 1 0 0 1 0 0 1 0 0 1 0 0 1 0 0 1 0 0 1 0 0 1 0 0 1 0 0 1 0 0 1 0 0 1 0 0 1 0 0 1 0 0 1 0 0 1 0 0 1 0 0 1 0 0 1 0 0 1 0 0 1 0 0 1 0 0 1 0 0 1 0 0 1 0 0 1 0 0 1 0 0 1 0 0 1 0 0 1 0 0 1 0 0 1 0 0 1 0 0 1 0 0 1 0 0 1 0 0 1 0 0 1 0 0 1 0 0 1 0 0 1 0 0 1 0 0 1 0 0 1 0 0 1 0 0 1 0 0 1 0 0 1 0 0 1 0 0 1 0 0 1 0 0 1 0 0 1 0 0 1 0 0 1 0 0 1 0 0 1 0 0 1 0 0 1 0 0 1 0 0 1 0 0 1 0 0 1 0 0 1 0 0 1 0 0 1 0 0 1 0 0 1 0 0 1 0 0 1 0 0 1 0 0 1 0 0 1 0 0 1 0 0 1 0 0 1 0 0 1 0 0 1 0 0 1 0 0 1 0 0 1 0 0 1 0 0 1 0 0 1 0 0 1 0 0 1 0 0 1 0 0 1 0 0 1 0 0 1 0 0 1 0 0 1 0 0 1 0 0 1 0 0 1 0 0 1 0 0 1 0 0 1 0 0 1 0 0 1 0 0 1 0 0 1 0 0 1 0 0 1 0 0 1 0 0 1 0 0 1 0 0 1 0 0 1 0 0 1 0 0 1 0 0 1 0 0 1 0 0 1 0 0 1 0 0 1 0 0 1 0 0 1 0 0 1 0 0 1 0 0 1 0 0 1 0 0 1 0 0 1 0 0 1 0 0 1 0 0 1 0 0 1 0 0 1 0 0 1 0 0 1 0 0 1 0 0 1 0 0 1 0 0 1 0 0 1 0 0 1 0 0 1 0 0 1 0 0 1 0 0 1 0 0 1 0 0 1 0 0 1 0 0 1 0 0 1 0 0 1 0 0 1 0 0 1 0 0 1 0 0 1 0 0 1 0 0 1 0 0 1 0 0 1 0 0 1 0 0 1 0 0 1 0 0 1 0 0 1 0 0 1 0 0 1 0 0 1 0 0 1 0 0 1 0 0 1 0 0 1 0 0 1 0 0 1 0 0 1 0 0 1 0 0 1 0 0 1 0 0 1 0 0 1 0 0 1 0 0 1 0 0 1 0 0 1 0 0 1 0 0 1 0 0 1 0 0 1 0 0 1 0 0 1 0 0 1 0 0 1 0 0 1 0 0 1 0 0 1 0 0 1 0 0 1 0 0 1 0 0 1 0 0 1 0 0 1 0 0 1 0 0 0 0 0 0 0 0 0 0 0 0 0 0 0 0 0 0 0 0 0 0 0 0 0 0 0 0 0 0 0 0 0 0 0 0 0 0 0 0 0 0 0 0 0 0 0 0 0 0 0 0 0 0 0 0 0 0 0 0 0 0 0 0 0 0 0 0 0 0 0 0 0 0 0 0 0 0 0 0 0 0 0 0 0 0 0 0 0 0 0 0 0 0 0 0 0 0 1 0 0 1 0 0 1 0 0 1 0 0 1 0 0 1 0 0 1 0 0 1 0 0 1 0 0 1 0 0 1 0 0 1 0 0 1 0 0 1 0 0 1 0 0 1 0 0 1 0 0 1 0 0 1 0 0 1 0 0 1 0 0 1 0 0 1 0 0 1 0 0 1 0 0 1 0 0 1 0 0 1 0 0 1 0 0 1 0 0 1 0 0 1 0 0 1 0 0 1 0 0 1 0 0 1 0 0 1 0 0 1 0 0 1 0 0 1 0 0 1 0 0 1 0 0 1 0 0 1 0 0 1 0 0 1 0 0 1 0 0 1 0 0 1 0 0 1 0 0 1 0 0 1 0 0 1 0 0 1 0 0 1 0 0 1 0 0 1 0 0 1 0 0 1 0 0 1 0 0 1 0 0 1 0 0 1 0 0 1 0 0 1 0 0 1 0 0 1 0 0 1 0 0 1 0 0 1 0 0 1 0 0 1 0 0 1 0 0 1 0 0 1 0 0 1 0 0 1 0 0 1 0 0 1 0 0 1 0 0 1 0 0 1 0 0 1 0 0 1 0 0 1 0 0 1 0 0 1 0 0 1 0 0 1 0 0 1 0 0 1 0 0 1 0 0 1 0 0 1 0 0 1 0 0 1 0 0 1 0 0 1 0 0 1 0 0 1 0 0 1 0 0 1 0 0 1 0 0 1 0 0 1 0 0 1 0 0 1 0 0 1 0 0 1 0 0 1 0 0 1 0 0 1 0 0 1 0 0 1 0 0 1 0 0 1 0 0 1 0 0 1 0 0 1 0 0 1 0 0 1 0 0 1 0 0 1 0 0 1 0 0 1 0 0 1 0 0 1 0 0 1 0 0 1 0 0 1 0 0 1 0 0 1 0 0 1 0 0 1 0 0 1 0 0 1 0 0 1 0 0 1 0 0 1 0 0 1 0 0 1 0 0 1 0 0 1 0 0 1 0 0 1 0 0 1 0 0 1 0 0 1 0 0 1 0 0 1 0 0 1 0 0 1 0 0 1 0 0 1 0 0 1 0 0 1 0 0 1 0 0 1 0 0 1 0 0 1 0 0 1 0 0 1 0 0 1 0 0 1 0 0 1 0 0 1 0 0 1 0 0 1 0 0 1 0 0 1 0 0 1 0 0 1 0 0 1 0 0 1 0 0 1 0 0 1 0 0 1 0 0 1 0 0 1 0 0 1 0 0 1 0 0 1 0 0 1 0 0 1 0 0 1 0 0 1 0 0 1 0 0 1 0 0 1 0 0 1 0 0 1 0 0 1 0 0 1 0 0 1 0 0 1 0 0 1 0 0 1 0 0 1 0 0 1 0 0 1 0 0 1 0 0 1 0 0 1 0 0 1 0 0 1 0 0 1 0 0 1 0 0 1 0 0 1 0 0 1 0 0 1 0 0 1 0 0 1 0 0 1 0 0 1 0 0 1 0 0 1 0 0 1 0 0 1 0 0 1 0 0 1 0 0 1 0 0 1 0 0 1 0 0 1 0 0 1 0 0 1 0 0 1 0 0 1 0 0 1 0 0 1 0 0 1 0 0 1 0 0 1 0 0 1 0 0 1 0 0 1 0 0 1 0 0 1 0 0 1 0 0 1 0 0 1 0 0 1 0 0 1 0 0 1 0 0 1 0 0 1 0 0 1 0 0 1 0 0 1 0 0 1 0 0 1 0 0 1 0 0 1 0 0 1 0 0 1 0 0 1 0 0 1 0 0 1 0 0 1 0 0 1 0 0 1 0 0 1 0 0 1 0 0 1 0 0 1 0 0 1 0 0 1 0 0 1 0 0 1 0 0 1 0 0 1 0 0 1 0 0 1 0 0 1 0 0 1 0 0 1 0 0 1 0 0 1 0 0 1 0 0 1 0 0 1 0 0 1 0 0 1 0 0 1 0 0 1 0 0 1 0 0 1 0 0 1 0 0 1 0 0 1 0 0 1 0 0 1 0 0 1 0 0 1 0 0 1 0 0 1 0 0 1 0 0 1 0 0 1 0 0 1 0 0 1 0 0 1 0 0 1 0 0 1 0 0 1 0 0 1 0 0 1 0 0 1 0 0 1 0 0 1 0 0 1 0 0 1 0 0 1 0 0 1 0 0 1 0 0 1 0 0 1 0 0 1 0 0 1 0 0 1 0 0 1 0 0 1 0 0 1 0 0 1 0 0 1 0 0 1 0 0 1 0 0 1 0 0 1 0 0 1 0 0 1 0 0 1 0 0 1 0 0 1 0 0 1 0 0 1 0 0 1 0 0 1 0 0 1 0 0 1 0 0 1 0 0 1 0 0 1 0 0 1 0 0 1 0 0 1 0 0 1 0 0 1 0 0 1 0 0 1 0 0 1 0 0 1 0 0 1 0 0 1 0 0 1 0 0 1 0 0 1 0 0 1 0 0 1 0 0 1 0 0 1 0 0 1 0 0 1 0 0 1 0 0 1 0 0 1 0 0 1 0 0 1 0 0 1 0 0 1 0 0 1 0 0 1 0 0 1 0 0 1 0 0 1 0 0 1 0 0 1 0 0 1 0 0 1 0 0 1 0 0 1 0 0 1 0 0 1 0 0 1 0 0 1 0 0 1 0 0 1 0 0 1 0 0 1 0 0 1 0 0 1 0 0 1 0 0 1 0 0 1 0 0 1 0 0 1 0 0 1 0 0 1 0 0 1 0 0 1 0 0 1 0 0 1 0 0 1 0 0 1 0 0 1 0 0 1 0 0 1 0 0 1 0 0 1 0 0 1 0 0 1 0 0 1 0 0 1 0 0 1 0 0 1 0 0 1 0 0 1 0 0 1 0 0 1 0 0 1 0 0 1 0 0 1 0 0 1 0 0 1 0 0 1 0 0 1 0 0 1 0 0 1 0 0 1 0 0 1 0 0 1 0 0 1 0 0 1 0 0 1 0 0 1 0 0 1 0 0 1 0 0 1 0 0 1 0 0 1 0 0 1 0 0 1 0 0 1 0 0 1 0 0 1 0 0 1 0 0 1 0 0 1 0 0 1 0 0 1 0 0 1 0 0 1 0 0 1 0 0 1 0 0 1 0 0 1 0 0 1 0 0 1 0 0 1 0 0 1 0 0 1 0 0 1 0 0 1 0 0 1 0 0 1 0 0 1 0 0 1 0 0 1 0 0 1 0 0 1 0 0 1 0 0 1 0 0 1 0 0 1 0 0 1 0 0 1 0 0 1 0 0 1 0 0 1 0 0 1 0 0 1 0 0 1 0 0 1 0 0 1 0 0 1 0 0 1 0 0 1 0 0 1 0 0 1 0 0 1 0 0 1 0 0 1 0 0 1 0 0 1 0 0 1 0 0 1 0 0 1 0 0 1 0 0 1 0 0 1 0 0 1 0 0 1 0 0 1 0 0 1 0 0 1 0 0 1 0 0 1 0 0 1 0 0 1 0 0 1 0 0 1 0 0 1 0 0 1 0 0 1 0 0 1 0 0 1 0 0 1 0 0 1 0 0 1 0 0 1 0 0 1 0 0 1 0 0 1 0 0 1 0 0 1 0 0 1 0 0 1 0 0 1 0 0 1 0 0 1 0 0 1 0 0 1 0 0 1 0 0 1 0 0 1 0 0 1 0 0 1 0 0 1 0 0 1 0 0 1 0 0 1 0 0 1 0 0 1 0 0 1 0 0 1 0 0 1 0 0 1 0 0 1 0 0 1 0 0 1 0 0 1 0 0 1 0 0 1 0 0 1 0 0 1 0 0 1 0 0 1 0 0 1 0 0 1 0 0 1 0 0 1 0 0 1 0 0 1 0 0 1 0 0 1 0 0 1 0 0 1 0 0 1 0 0 1 0 0 1 0 0 1 0 0 1 0 0 1 0 0 1 0 0 1 0 0 1 0 0 1 0 0 1 0 0 1 0 0 1 0 0 1 0 0 1 0 0 1 0 0 1 0 0 1 0 0 1 0 0 1 0 0 1 0 0 1 0 0 1 0 0 1 0 0 1 0 0 1 0 0 1 0 0 1 0 0 1 0 0 1 0 0 1 0 0 1 0 0 1 0 0 1 0 0 1 0 0 1 0 0 1 0 0 1 0 0 1 0 0 1 0 0 1 0 0 1 0 0 1 0 0 1 0 0 1 0 0 1 0 0 1 0 0 1 0 0 1 0 0 1 0 0 1 0 0 1 0 0 1 0 0 1 0 0 1 0 0 1 0 0 1 0 0 1 0 0 1 0 0 1 0 0 1 0 0 1 0 0 1 0 0 1 0 0 1 0 0 1 0 0 1 0 0 1 0 0 1 0 0 1 0 0 1 0 0 1 0 0 1 0 0 1 0 0 1 0 0 1 0 0 1 0 0 1 0 0 1 0 0 1 0 0 1 0 0 1 0 0 1 0 0 1 0 0 1 0 0 1 0 0 1 0 0 1 0 0 1 0 0 1 0 0 1 0 0 1 0 0 1 0 0 1 0 0 1 0 0 1 0 0 1 0 0 1 0 0 1 0 0 1 0 0 1 0 0 1 0 0 1 0 0 1 0 0 1 0 0 1 0 0 1 0 0 1 0 0 1 0 0 1 0 0 1 0 0 1 0 0 1 0 0 1 0 0 1 0 0 1 0 0 1 0 0 1 0 0 1 0 0 1 0 0 1 0 0 1 0 0 1 0 0 1 0 0 1 0 0 1 0 0 1 0 0 1 0 0 1 0 0 1 0 0 1 0 0 1 0 0 1 0 0 1 0 0 1 0 0 1 0 0 1 0 0 1 0 0 1 0 0 1 0 0 1 0 0 1 0 0 1 0 0 1 0 0 1 0 0 1 0 0 1 0 0 1 0 0 1 0 0 1 0 0 1 0 0 1 0 0 1 0 0 1 0 0 1 0 0 1 0 0 1 0 0 1 0 0 1 0 0 1 0 0 1 0 0 1 0 0 1 0 0 1 0 0 1 0 0 1 0 0 1 0 0 1 0 0 1 0 0 1 0 0 1 0 0 1 0 0 1 0 0 1 0 0 1 0 0 1 0 0 1 0 0 1 0 0 1 0 0 1 0 0 1 0 0 1 0 0 1 0 0 1 0 0 1 0 0 1 0 0 1 0 0 1 0 0 1 0 0 1 0 0 1 0 0 1 0 0 1 0 0 1 0 0 1 0 0 1 0 0 1 0 0 1 0 0 1 0 0 1 0 0 1 0 0 1 0 0 1 0 0 1 0 0 1 0 0 1 0 0 1 0 0 1 0 0 1 0 0 1 0 0 1 0 0 1 0 0 1 0 0 1 0 0 1 0 0 1 0 0 1 0 0 1 0 0 1 0 0 1 0 0 1 0 0 1 0 0 1 0 0 1 0 0 1 0 0 1 0 0 1 0 0 1 0 0 1 0 0 1 0 0 1 0 0 1 0 0 1 0 0 1 0 0 1 0 0 1 0 0 1 0 0 1 0 0 1 0 0 1 0 0 1 0 0 1 0 0 1 0 0 1 0 0 1 0 0 1 0 0 1 0 0 1 0 0 1 0 0 1 0 0 1 0 0 1 0 0 1 0 0 1 0 0 1 0 0 1 0 0 1 0 0 1 0 0 1 0 0 1 0 0 1 0 0 1 0 0 1 0 0 1 0 0 1 0 0 1 0 0 1 0 0 1 0 0 1 0 0 1 0 0 1 0 0 1 0 0 1 0 0 1 0 0 1 0 0 1 0 0 1 0 0 1 0 0 1 0 0 1 0 0 1 0 0 1 0 0 1 0 0 1 0 0 1 0 0 1 0 0 1 0 0 1 0 0 1 0 0 1 0 0 1 0 0 1 0 0 1 0 0 1 0 0 1 0 0 1 0 0 1 0 0 1 0 0 1 0 0 1 0 0 1 0 0 1 0 0 1 0 0 1 0 0 1 0 0 1 0 0 1 0 0 1 0 0 1 0 0 1 0 0 1 0 0 1 0 0 1 0 0 1 0 0 1 0 0 1 0 0 1 0 0 1 0 0 1 0 0 1 0 0 1 0 0 1 0 0 1 0 0 1 0 0 1 0 0 1 0 0 1 0 0 1 0 0 1 0 0 1 0 0 1 0 0 1 0 0 1 0 0 1 0 0 1 0 0 1 0 0 1 0 0 1 0 0 1 0 0 1 0 0 1 0 0 1 0 0 1 0 0 1 0 0 1 0 0 1 0 0 1 0 0 1 0 0 1 0 0 1 0 0 1 0 0 1 0 0 1 0 0 1 0 0 1 0 0 1 0 0 1 0 0 1 0 0 1 0 0 1 0 0 1 0 0 1 0 0 1 0 0 1 0 0 1 0 0 1 0 0 1 0 0 1 0 0 1 0 0 1 0 0 1 0 0 1 0 0 1 0 0 1 0 0 1 0 0 1 0 0 1 0 0 1 0 0 1 0 0 1 0 0 1 0 0 1 0 0 1 0 0 1 0 0 1 0 0 1 0 0 1 0 0 1 0 0 1 0 0 1 0 0 1 0 0 1 0 0 1 0 0 1 0 0 1 0 0 1 0 0 1 0 0 1 0 0 1 0 0 1 0 0 1 0 0 1 0 0 1 0 0 1 0 0 1 0 0 1 0 0 1 0 0 1 0 0 1 0 0 1 0 0 1 0 0 1 0 0 1 0 0 1 0 0 1 0 0 1 0 0 1 0 0 1 0 0 1 0 0 1 0 0 1 0 0 1 0 0 1 0 0 1 0 0 1 0 0 1 0 0 1 0 0 1 0 0 1 0 0 1 0 0 1 0 0 1 0 0 1 0 0 1 0 0 1 0 0 1 0 0 1 0 0 1 0 0 1 0 0 1 0 0 1 0 0 1 0 0 1 0 0 1 0 0 1 0 0 1 0 0 1 0 0 1 0 0 1 0 0 1 0 0 1 0 0 1 0 0 1 0 0 1 0 0 1 0 0 1 0 0 1 0 0 1 0 0 1 0 0 1 0 0 1 0 0 1 0 0 1 0 0 1 0 0 1 0 0 1 0 0 1 0 0 1 0 0 1 0 0 1 0 0 1 0 0 1 0 0 1 0 0 1 0 0 1 0 0 1 0 0 1 0 0 1 0 0 1 0 0 1 0 0 1 0 0 1 0 0 1 0 0 1 0 0 1 0 0 1 0 0 1 0 0 1 0 0 1 0 0 1 0 0 1 0 0 1 0 0 1 0 0 1 0 0 1 0 0 1 0 0 1 0 0 1 0 0 1 0 0 1 0 0 1 0 0 1 0 0 1 0 0 1 0 0 1 0 0 1 0 0 1 0 0 1 0 0 1 0 0 1 0 0 1 0 0 1 0 0 1 0 0 1 0 0 1 0 0 1 0 0 1 0 0 1 0 0 1 0 0 1 0 0 1 0 0 1 0 0 1 0 0 1 0 0 1 0 0 1 0 0 1 0 0 1 0 0 1 0 0 1 0 0 1 0 0 1 0 0 1 0 0 1 0 0 1 0 0 1 0 0 1 0 0 1 0 0 1 0 0 1 0 0 1 0 0 1 0 0 1 0 0 1 0 0 1 0 0 1 0 0 1 0 0 1 0 0 1 0 0 1 0 0 1 0 0 1 0 0 1 0 0 1 0 0 1 0 0 1 0 0 1 0 0 1 0 0 1 0 0 1 0 0 1 0 0 1 0 0 1 0 0 1 0 0 1 0 0 1 0 0 1 0 0 1 0 0 1 0 0 1 0 0 1 0 0 1 0 0 1 0 0 1 0 0 1 0 0 1 0 0 1 0 0 1 0 0 1 0 0 1 0 0 1 0 0 1 0 0 1 0 0 1 0 0 1 0 0 1 0 0 1 0 0 1 0 0 1 0 0 1 0 0 1 0 0 1 0 0 1 0 0 1 0 0 1 0 0 1 0 0 1 0 0 1 0 0 1 0 0 1 0 0 1 0 0 1 0 0 1 0 0 1 0 0 1 0 0 1 0 0 1 0 0 1 0 0 1 0 0 1 0 0 1 0 0 1 0 0 1 0 0 1 0 0 1 0 0 1 0 0 1 0 0 1 0 0 1 0 0 1 0 0 1 0 0 1 0 0 1 0 0 1 0 0 1 0 0 1 0 0 1 0 0 1 0 0 1 0 0 1 0 0 1 0 0 1 0 0 1 0 0 1 0 0 1 0 0 1 0 0 1 0 0 1 0 0 1 0 0 1 0 0 1 0 0 1 0 0 1 0 0 1 0 0 1 0 0 1 0 0 1 0 0 1 0 0 1 0 0 1 0 0 1 0 0 1 0 0 1 0 0 1 0 0 1 0 0 1 0 0 1 0 0 1 0 0 1 0 0 1 0 0 1 0 0 1 0 0 1 0 0 1 0 0 1 0 0 1 0 0 1 0 0 1 0 0 1 0 0 1 0 0 1 0 0 1 0 0 1 0 0 1 0 0 1 0 0 1 0 0 1 0 0 1 0 0 1 0 0 1 0 0 1 0 0 1 0 0 1 0 0 1 0 0 1 0 0 1 0 0 1 0 0 1 0 0 1 0 0 1 0 0 1 0 0 1 0 0 1 0 0 1 0 0 1 0 0 1 0 0 1 0 0 1 0 0 1 0 0 1 0 0 1 0 0 1 0 0 1 0 0 1 0 0 1 0 0 1 0 0 1 0 0 1 0 0 1 0 0 1 0 0 1 0 0 1 0 0 1 0 0 1 0 0 1 0 0 1 0 0 1 0 0 1 0 0 1 0 0 1 0 0 1 0 0 1 0 0 1 0 0 1 0 0 1 0 0 1 0 0 1 0 0 1 0 0 1 0 0 1 0 0 1 0 0 1 0 0 1 0 0 1 0 0 1 0 0 1 0 0 1 0 0 1 0 0 1 0 0 1 0 0 1 0 0 1 0 0 1 0 0 1 0 0 1 0 0 1 0 0 1 0 0 1 0 0 1 0 0 1 0 0 1 0 0 1 0 0 1 0 0 1 0 0 1 0 0 1 0 0 1 0 0 1 0 0 1 0 0 1 0 0 1 0 0 1 0 0 1 0 0 1 0 0 1 0 0 1 0 0 1 0 0 1 0 0 1 0 0 1 0 0 1 0 0 1 0 0 1 0 0 1 0 0 1 0 0 1 0 0 1 0 0 1 0 0 1 0 0 1 0 0 1 0 0 1 0 0 1 0 0 1 0 0 1 0 0 1 0 0 1 0 0 1 0 0 1 0 0 1 0 0 1 0 0 1 0 0 1 0 0 1 0 0 1 0 0 1 0 0 1 0 0 1 0 0 1 0 0 1 0 0 1 0 0 1 0 0 1 0 0 1 0 0 1 0 0 1 0 0 1 0 0 1 0 0 1 0 0 1 0 0 1 0 0 1 0 0 1 0 0 1 0 0 1 0 0 1 0 0 1 0 0 1 0 0 1 0 0 1 0 0 1 0 0 1 0 0 1 0 0 1 0 0 1 0 0 1 0 0 1 0 0 1 0 0 1 0 0 1 0 0 1 0 0 1 0 0 1 0 0 1 0 0 1 0 0 1 0 0 1 0 0 1 0 0 1 0 0 1 0 0 1 0 0 1 0 0 1 0 0 1 0 0 1 0 0 1 0 0 1 0 0 1 0 0 1 0 0 1 0 0 1 0 0 1 0 0 1 0 0 1 0 0 1 0 0 1 0 0 1 0 0 1 0 0 1 0 0 1 0 0 1 0 0 1 0 0 1 0 0 1 0 0 1 0 0 1 0 0 1 0 0 1 0 0 1 0 0 1 0 0 1 0 0 1 0 0 1 0 0 1 0 0 1 0 0 1 0 0 1 0 0 1 0 0 1 0 0 1 0 0 1 0 0 1 0 0 1 0 0 1 0 0 1 0 0 1 0 0 1 0 0 1 0 0 1 0 0 1 0 0 1 0 0 1 0 0 1 0 0 1 0 0 1 0 0 1 0 0 1 0 0 1 0 0 1 0 0 1 0 0 1 0 0 1 0 0 1 0 0 1 0 0 1 0 0 1 0 0 1 0 0 1 0 0 1 0 0 1 0 0 1 0 0 1 0 0 1 0 0 1 0 0 1 0 0 1 0 0 1 0 0 1 0 0 1 0 0 1 0 0 1 0 0 1 0 0 1 0 0 1 0 0 1 0 0 1 0 0 1 0 0 1 0 0 1 0 0 1 0 0 1 0 0 1 0 0 1 0 0 1 0 0 1 0 0 1 0 0 1 0 0 1 0 0 1 0 0 1 0 0 1 0 0 1 0 0 1 0 0 1 0 0 1 0 0 1 0 0 1 0 0 1 0 0 1 0 0 1 0 0 1 0 0 1 0 0 1 0 0 1 0 0 1 0 0 1 0 0 1 0 0 1 0 0 1 0 0 1 0 0 1 0 0 1 0 0 1 0 0 1 0 0 1 0 0 1 0 0 1 0 0 1 0 0 1 0 0 1 0 0 1 0 0 1 0 0 1 0 0 1 0 0 1 0 0 1 0 0 1 0 0 1 0 0 1 0 0 1 0 0 1 0 0 1 0 0 1 0 0 1 0 0 1 0 0 1 0 0 1 0 0 1 0 0 1 0 0 1 0 0 1 0 0 1 0 0 1 0 0 1 0 0 1 0 0 1 0 0 1 0 0 1 0 0 1 0 0 1 0 0 1 0 0 1 0 0 1 0 0 1 0 0 1 0 0 1 0 0 1 0 0 1 0 0 1 0 0 1 0 0 1 0 0 1 0 0 1 0 0 1 0 0 1 0 0 1 0 0 1 0 0 1 0 0 1 0 0 1 0 0 1 0 0 1 0 0 1 0 0 1 0 0 1 0 0 1 0 0 1 0 0 1 0 0 1 0 0 1 0 0 1 0 0 1 0 0 1 0 0 1 0 0 1 0 0 1 0 0 1 0 0 1 0 0 1 0 0 1 0 0 1 0 0 1 0 0 1 0 0 1 0 0 1 0 0 1 0 0 1 0 0 1 0 0 1 0 0 1 0 0 1 0 0 1 0 0 1 0 0 1 0 0 1 0 0 1 0 0 1 0 0 1 0 0 1 0 0 1 0 0 1 0 0 1 0 0 1 0 0 1 0 0 1 0 0 1 0 0 1 0 0 1 0 0 1 0 0 1 0 0 1 0 0 1 0 0 1 0 0 1 0 0 1 0 0 1 0 0 1 0 0 1 0 0 1 0 0 1 0 0 1 0 0 1 0 0 1 0 0 1 0 0 1 0 0 1 0 0 1 0 0 1 0 0 1 0 0 1 0 0 1 0 0 1 0 0 1 0 0 1 0 0 1 0 0 1 0 0 1 0 0 1 0 0 1 0 0 1 0 0 1 0 0 1 0 0 1 0 0 1 0 0 1 0 0 1 0 0 1 0 0 1 0 0 1 0 0 1 0 0 1 0 0 1 0 0 1 0 0 1 0 0 1 0 0 1 0 0 1 0 0 1 0 0 1 0 0 1 0 0 1 0 0 1 0 0 1 0 0 1 0 0 1 0 0 1 0 0 1 0 0 1 0 0 1 0 0 1 0 0 1 0 0 1 0 0 1 0 0 1 0 0 1 0 0 1 0 0 1 0 0 1 0 0 1 0 0 1 0 0 1 0 0 1 0 0 1 0 0 1 0 0 1 0 0 1 0 0 1 0 0 1 0 0 1 0 0 1 0 0 1 0 0 1 0 0 1 0 0 1 0 0 1 0 0 1 0 0 1 0 0 1 0 0 1 0 0 1 0 0 1 0 0 1 0 0 1 0 0 1 0 0 1 0 0 1 0 0 1 0 0 1 0 0 1 0 0 1 0 0 1 0 0 1 0 0 1 0 0 1 0 0 1 0 0 1 0 0 1 0 0 1 0 0 1 0 0 1 0 0 1 0 0 1 0 0 1 0 0 1 0 0 1 0 0 1 0 0 1 0 0 1 0 0 1 0 0 1 0 0 1 0 0 1 0 0 1 0 0 1 0 0 1 0 0 1 0 0 1 0 0 1 0 0 1 0 0 1 0 0 1 0 0 1 0 0 1 0 0 1 0 0 1 0 0 1 0 0 1 0 0 1 0 0 1 0 0 1 0 0 1 0 0 1 0 0 1 0 0 1 0 0 1 0 0 1 0 0 1 0 0 1 0 0 1 0 0 1 0 0 1 0 0 1 0 0 1 0 0 1 0 0 1 0 0 1 0 0 1 0 0 1 0 0 1 0 0 1 0 0 1 0 0 1 0 0 1 0 0 1 0 0 1 0 0 1 0 0 1 0 0 1 0 0 1 0 0 1 0 0 1 0 0 1 0 0 1 0 0 1 0 0 1 0 0 1 0 0 1 0 0 1 0 0 1 0 0 1 0 0 1 0 0 1 0 0 1 0 0 1 0 0 1 0 0 1 0 0 1 0 0 1 0 0 1 0 0 1 0 0 1 0 0 1 0 0 1 0 0 1 0 0 1 0 0 1 0 0 1 0 0 1 0 0 1 0 0 1 0 0 1 0 0 1 0 0 1 0 0 1 0 0 1 0 0 1 0 0 1 0 0 1 0 0 1 0 0 1 0 0 1 0 0 1 0 0 1 0 0 1 0 0 1 0 0 1 0 0 1 0 0 1 0 0 1 0 0 1 0 0 1 0 0 1 0 0 1 0 0 1 0 0 1 0 0 1 0 0 1 0 0 1 0 0 1 0 0 1 0 0 1 0 0 1 0 0 1 0 0 1 0 0 1 0 0 1 0 0 1 0 0 1 0 0 1 0 0 1 0 0 1 0 0 1 0 0 1 0 0 1 0 0 1 0 0 1 0 0 1 0 0 1 0 0 1 0 0 1 0 0 1 0 0 1 0 0 1 0 0 1 0 0 1 0 0 1 0 0 1 0 0 1 0 0 1 0 0 1 0 0 1 0 0 1 0 0 1 0 0 1 0 0 1 0 0 1 0 0 1 0 0 1 0 0 1 0 0 1 0 0 1 0 0 1 0 0 1 0 0 1 0 0 1 0 0 1 0 0 1 0 0 1 0 0 1 0 0 1 0 0 1 0 0 1 0 0 1 0 0 1 0 0 1 0 0 1 0 0 1 0 0 1 0 0 1 0 0 1 0 0 1 0 0 1 0 0 1 0 0 1 0 0 1 0 0 1 0 0 1 0 0 1 0 0 1 0 0 1 0 0 1 0 0 1 0 0 1 0 0 1 0 0 1 0 0 1 0 0 1 0 0 1 0 0 1 0 0 1 0 0 1 0 0 1 0 0 1 0 0 1 0 0 1 0 0 1 0 0 1 0 0 1 0 0 1 0 0 1 0 0 1 0 0 1 0 0 1 0 0 1 0 0 1 0 0 1 0 0 1 0 0 1 0 0 1 0 0 1 0 0 1 0 0 1 0 0 1 0 0 1 0 0 1 0 0 1 0 0 1 0 0 1 0 0 1 0 0 1 0 0 1 0 0 1 0 0 1 0 0 1 0 0 1 0 0 1 0 0 1 0 0 1 0 0 1 0 0 1 0 0 1 0 0 1 0 0 1 0 0 1 0 0 1 0 0 1 0 0 1 0 0 1 0 0 1 0 0 1 0 0 1 0 0 1 0 0 1 0 0 1 0 0 1 0 0 1 0 0 1 0 0 1 0 0 1 0 0 1 0 0 1 0 0 1 0 0 1 0 0 1 0 0 1 0 0 1 0 0 1 0 0 1 0 0 1 0 0 1 0 0 1 0 0 1 0 0 1 0 0 1 0 0 1 0 0 1 0 0 1 0 0 1 0 0 1 0 0 1 0 0 1 0 0 1 0 0 1 0 0 1 0 0 1 0 0 1 0 0 1 0 0 1 0 0 1 0 0 1 0 0 1 0 0 1 0 0 1 0 0 1 0 0 1 0 0 1 0 0 1 0 0 1 0 0 1 0 0 1 0 0 1 0 0 1 0 0 1 0 0 1 0 0 1 0 0 1 0 0 1 0 0 1 0 0 1 0 0 1 0 0 1 0 0 1 0 0 1 0 0 1 0 0 1 0 0 1 0 0 1 0 0 1 0 0 1 0 0 1 0 0 1 0 0 1 0 0 1 0 0 1 0 0 1 0 0 1 0 0 1 0 0 1 0 0 1 0 0 1 0 0 1 0 0 1 0 0 1 0 0 1 0 0 1 0 0 1 0 0 1 0 0 1 0 0 1 0 0 1 0 0 1 0 0 1 0 0 1 0 0 1 0 0 1 0 0 1 0 0 1 0 0 1 0 0 1 0 0 1 0 0 1 0 0 1 0 0 1 0 0 1 0 0 1 0 0 1 0 0 1 0 0 1 0 0 1 0 0 1 0 0 1 0 0 1 0 0 1 0 0 1 0 0 1 0 0 1 0 0 1 0 0 1 0 0 1 0 0 1 0 0 1 0 0 1 0 0 1 0 0 1 0 0 1 0 0 1 0 0 1 0 0 1 0 0 1 0 0 1 0 0 1 0 0 1 0 0 1 0 0 1 0 0 1 0 0 1 0 0 1 0 0 1 0 0 1 0 0 1 0 0 1 0 0 1 0 0 1 0 0 1 0 0 1 0 0 1 0 0 1 0 0 1 0 0 1 0 0 1 0 0 1 0 0 1 0 0 1 0 0 1 0 0 1 0 0 1 0 0 1 0 0 1 0 0 1 0 0 1 0 0 1 0 0 1 0 0 1 0 0 1 0 0 1 0 0 1 0 0 1 0 0 1 0 0 1 0 0 1 0 0 1 0 0 1 0 0 1 0 0 1 0 0 1 0 0 1 0 0 1 0 0 1 0 0 1 0 0 1 0 0 1 0 0 1 0 0 1 0 0 1 0 0 1 0 0 1 0 0 1 0 0 1 0 0 1 0 0 1 0 0 1 0 0 1 0 0 1 0 0 1 0 0 1 0 0 1 0 0 1 0 0 1 0 0 1 0 0 1 0 0 1 0 0 1 0 0 1 0 0 1 0 0 1 0 0 1 0 0 1 0 0 1 0 0 1 0 0 1 0 0 1 0 0 1 0 0 1 0 0 1 0 0 1 0 0 1 0 0 1 0 0 1 0 0 1 0 0 1 0 0 1 0 0 1 0 0 1 0 0 1 0 0 1 0 0 1 0 0 1 0 0 1 0 0 1 0 0 1 0 0 1 0 0 1 0 0 1 0 0 1 0 0 1 0 0 1 0 0 1 0 0 1 0 0 1 0 0 1 0 0 1 0 0 1 0 0 1 0 0 1 0 0 1 0 0 1 0 0 1 0 0 1 0 0 1 0 0 1 0 0 1 0 0 1 0 0 1 0 0 1 0 0 1 0 0 1 0 0 1 0 0 1 0 0 1 0 0 1 0 0 1 0 0 1 0 0 1 0 0 1 0 0 1 0 0 1 0 0 1 0 0 1 0 0 1 0 0 1 0 0 1 0 0 1 0 0 1 0 0 1 0 0 1 0 0 1 0 0 1 0 0 1 0 0 1 0 0 1 0 0 1 0 0 1 0 0 1 0 0 1 0 0 1 0 0 1 0 0 1 0 0 1 0 0 1 0 0 1 0 0 1 0 0 1 0 0 1 0 0 1 0 0 1 0 0 1 0 0 1 0 0 1 0 0 1 0 0 1 0 0 1 0 0 1 0 0 1 0 0 1 0 0 1 0 0 1 0 0 1 0 0 1 0 0 1 0 0 1 0 0 1 0 0 1 0 0 1 0 0 1 0 0 1 0 0 1 0 0 1 0 0 1 0 0 1 0 0 1 0 0 1 0 0 1 0 0 1 0 0 1 0 0 1 0 0 1 0 0 1 0 0 0 0 0 0 0 0 0 0 0 0 0 0 0 0 0 0 0 0 0 0 0 0 0 0 0 0 0 0 0 0 0 0 0 0 0 0 0 0 0 0 0 0 0 0 0 0 0 0 0 0 0 0 0 0 0 0 0 0 0 0 0 0 0 0 0 0 0 0 0 0 0 0 0 0 0 0 0 0 0 0 0 0 0 0 0 0 0 0 0 0 0 0 0 0 0 0 0 0 0 0 0 0 0 0 0 0 0 0 0 0 0 0 0 0 0 0 0 0 0 0 1 0 0 1 0 0 1 0 0 1 0 0 1 0 0 1 0 0 1 0 0 1 0 0 1 0 0 1 0 0 1 0 0 1 0 0 1 0 0 1 0 0 1 0 0 1 0 0 1 0 0 1 0 0 1 0 0 1 0 0 1 0 0 1 0 0 1 0 0 1 0 0 1 0 0 1 0 0 1 0 0 1 0 0 1 0 0 1 0 0 1 0 0 1 0 0 1 0 0 1 0 0 1 0 0 1 0 0 1 0 0 1 0 0 1 0 0 1 0 0 1 0 0 1 0 0 1 0 0 1 0 0 1 0 0 1 0 0 1 0 0 1 0 0 1 0 0 1 0 0 1 0 0 1 0 0 1 0 0 1 0 0 1 0 0 1 0 0 1 0 0 1 0 0 1 0 0 1 0 0 1 0 0 1 0 0 1 0 0 1 0 0 1 0 0 1 0 0 1 0 0 1 0 0 1 0 0 1 0 0 1 0 0 1 0 0 1 0 0 1 0 0 1 0 0 1 0 0 1 0 0 1 0 0 1 0 0 1 0 0 1 0 0 1 0 0 1 0 0 1 0 0 1 0 0 1 0 0 1 0 0 1 0 0 1 0 0 1 0 0 1 0 0 1 0 0 1 0 0 1 0 0 1 0 0 1 0 0 1 0 0 1 0 0 1 0 0 1 0 0 1 0 0 1 0 0 1 0 0 1 0 0 1 0 0 1 0 0 1 0 0 1 0 0 1 0 0 1 0 0 1 0 0 1 0 0 1 0 0 1 0 0 1 0 0 1 0 0 1 0 0 1 0 0 1 0 0 1 0 0 1 0 0 1 0 0 1 0 0 1 0 0 1 0 0 1 0 0 1 0 0 1 0 0 1 0 0 1 0 0 1 0 0 1 0 0 1 0 0 1 0 0 1 0 0 1 0 0 1 0 0 1 0 0 1 0 0 1 0 0 1 0 0 1 0 0 1 0 0 1 0 0 1 0 0 1 0 0 1 0 0 1 0 0 1 0 0 1 0 0 1 0 0 1 0 0 1 0 0 1 0 0 1 0 0 1 0 0 1 0 0 1 0 0 1 0 0 1 0 0 1 0 0 1 0 0 1 0 0 1 0 0 1 0 0 1 0 0 1 0 0 1 0 0 1 0 0 1 0 0 1 0 0 1 0 0 1 0 0 1 0 0 1 0 0 1 0 0 1 0 0 1 0 0 1 0 0 1 0 0 1 0 0 1 0 0 1 0 0 1 0 0 1 0 0 1 0 0 1 0 0 1 0 0 1 0 0 1 0 0 1 0 0 1 0 0 1 0 0 1 0 0 1 0 0 1 0 0 1 0 0 1 0 0 1 0 0 1 0 0 1 0 0 1 0 0 1 0 0 1 0 0 1 0 0 1 0 0 1 0 0 1 0 0 1 0 0 1 0 0 1 0 0 1 0 0 1 0 0 1 0 0 1 0 0 1 0 0 1 0 0 1 0 0 1 0 0 1 0 0 1 0 0 1 0 0 1 0 0 1 0 0 1 0 0 1 0 0 1 0 0 1 0 0 1 0 0 1 0 0 1 0 0 1 0 0 1 0 0 1 0 0 1 0 0 1 0 0 1 0 0 1 0 0 1 0 0 1 0 0 1 0 0 1 0 0 1 0 0 1 0 0 1 0 0 1 0 0 1 0 0 1 0 0 1 0 0 1 0 0 1 0 0 1 0 0 1 0 0 1 0 0 1 0 0 1 0 0 1 0 0 1 0 0 1 0 0 1 0 0 1 0 0 1 0 0 1 0 0 1 0 0 1 0 0 1 0 0 1 0 0 1 0 0 1 0 0 1 0 0 1 0 0 1 0 0 1 0 0 1 0 0 1 0 0 1 0 0 1 0 0 1 0 0 1 0 0 1 0 0 1 0 0 1 0 0 1 0 0 1 0 0 1 0 0 1 0 0 1 0 0 1 0 0 1 0 0 1 0 0 1 0 0 1 0 0 1 0 0 1 0 0 1 0 0 1 0 0 1 0 0 1 0 0 1 0 0 1 0 0 1 0 0 1 0 0 1 0 0 1 0 0 1 0 0 1 0 0 1 0 0 1 0 0 1 0 0 1 0 0 1 0 0 1 0 0 1 0 0 1 0 0 1 0 0 1 0 0 1 0 0 1 0 0 1 0 0 1 0 0 1 0 0 1 0 0 1 0 0 1 0 0 1 0 0 1 0 0 1 0 0 1 0 0 1 0 0 1 0 0 1 0 0 1 0 0 1 0 0 1 0 0 1 0 0 1 0 0 1 0 0 1 0 0 1 0 0 1 0 0 1 0 0 1 0 0 1 0 0 1 0 0 1 0 0 1 0 0 1 0 0 1 0 0 1 0 0 1 0 0 1 0 0 1 0 0 1 0 0 1 0 0 1 0 0 1 0 0 1 0 0 1 0 0 1 0 0 1 0 0 1 0 0 1 0 0 1 0 0 1 0 0 1 0 0 1 0 0 1 0 0 1 0 0 1 0 0 1 0 0 1 0 0 1 0 0 1 0 0 1 0 0 1 0 0 1 0 0 1 0 0 1 0 0 1 0 0 1 0 0 1 0 0 1 0 0 1 0 0 1 0 0 1 0 0 1 0 0 1 0 0 1 0 0 1 0 0 1 0 0 1 0 0 1 0 0 1 0 0 1 0 0 1 0 0 1 0 0 1 0 0 1 0 0 1 0 0 1 0 0 1 0 0 1 0 0 1 0 0 1 0 0 1 0 0 1 0 0 1 0 0 1 0 0 1 0 0 1 0 0 1 0 0 1 0 0 1 0 0 1 0 0 1 0 0 1 0 0 1 0 0 1 0 0 1 0 0 1 0 0 1 0 0 1 0 0 1 0 0 1 0 0 1 0 0 1 0 0 1 0 0 1 0 0 1 0 0 1 0 0 1 0 0 1 0 0 1 0 0 1 0 0 1 0 0 1 0 0 1 0 0 1 0 0 1 0 0 1 0 0 1 0 0 1 0 0 1 0 0 1 0 0 1 0 0 1 0 0 1 0 0 1 0 0 1 0 0 1 0 0 1 0 0 1 0 0 1 0 0 1 0 0 1 0 0 1 0 0 1 0 0 1 0 0 1 0 0 1 0 0 1 0 0 1 0 0 1 0 0 1 0 0 1 0 0 1 0 0 1 0 0 1 0 0 1 0 0 1 0 0 1 0 0 1 0 0 1 0 0 1 0 0 1 0 0 1 0 0 1 0 0 1 0 0 1 0 0 1 0 0 1 0 0 1 0 0 1 0 0 1 0 0 1 0 0 1 0 0 1 0 0 1 0 0 1 0 0 1 0 0 1 0 0 1 0 0 1 0 0 1 0 0 1 0 0 1 0 0 1 0 0 1 0 0 1 0 0 1 0 0 1 0 0 1 0 0 1 0 0 1 0 0 1 0 0 1 0 0 1 0 0 1 0 0 1 0 0 1 0 0 1 0 0 1 0 0 1 0 0 1 0 0 1 0 0 1 0 0 1 0 0 1 0 0 1 0 0 1 0 0 1 0 0 1 0 0 1 0 0 1 0 0 1 0 0 1 0 0 1 0 0 1 0 0 1 0 0 1 0 0 1 0 0 1 0 0 1 0 0 1 0 0 1 0 0 1 0 0 1 0 0 1 0 0 1 0 0 1 0 0 1 0 0 1 0 0 1 0 0 1 0 0 1 0 0 1 0 0 1 0 0 1 0 0 1 0 0 1 0 0 1 0 0 1 0 0 1 0 0 1 0 0 1 0 0 1 0 0 1 0 0 1 0 0 1 0 0 1 0 0 1 0 0 1 0 0 1 0 0 1 0 0 1 0 0 1 0 0 1 0 0 1 0 0 1 0 0 1 0 0 1 0 0 1 0 0 1 0 0 1 0 0 1 0 0 1 0 0 1 0 0 1 0 0 1 0 0 1 0 0 1 0 0 1 0 0 1 0 0 1 0 0 1 0 0 1 0 0 1 0 0 1 0 0 1 0 0 1 0 0 1 0 0 1 0 0 1 0 0 1 0 0 1 0 0 1 0 0 1 0 0 1 0 0 1 0 0 1 0 0 1 0 0 1 0 0 1 0 0 1 0 0 1 0 0 1 0 0 1 0 0 1 0 0 1 0 0 1 0 0 1 0 0 1 0 0 1 0 0 1 0 0 1 0 0 1 0 0 1 0 0 1 0 0 1 0 0 1 0 0 1 0 0 1 0 0 1 0 0 1 0 0 1 0 0 1 0 0 1 0 0 1 0 0 1 0 0 1 0 0 1 0 0 1 0 0 1 0 0 1 0 0 1 0 0 1 0 0 1 0 0 1 0 0 1 0 0 1 0 0 1 0 0 1 0 0 1 0 0 1 0 0 1 0 0 1 0 0 1 0 0 1 0 0 1 0 0 1 0 0 1 0 0 1 0 0 1 0 0 1 0 0 1 0 0 1 0 0 1 0 0 1 0 0 1 0 0 1 0 0 1 0 0 1 0 0 1 0 0 1 0 0 1 0 0 1 0 0 1 0 0 1 0 0 1 0 0 1 0 0 1 0 0 1 0 0 1 0 0 1 0 0 1 0 0 1 0 0 1 0 0 1 0 0 1 0 0 1 0 0 1 0 0 1 0 0 1 0 0 1 0 0 1 0 0 1 0 0 1 0 0 1 0 0 1 0 0 1 0 0 1 0 0 1 0 0 1 0 0 1 0 0 1 0 0 1 0 0 1 0 0 1 0 0 1 0 0 1 0 0 1 0 0 1 0 0 1 0 0 1 0 0 1 0 0 1 0 0 1 0 0 1 0 0 1 0 0 1 0 0 1 0 0 1 0 0 1 0 0 1 0 0 1 0 0 1 0 0 1 0 0 1 0 0 1 0 0 1 0 0 1 0 0 1 0 0 1 0 0 1 0 0 1 0 0 1 0 0 1 0 0 1 0 0 1 0 0 1 0 0 1 0 0 1 0 0 1 0 0 1 0 0 1 0 0 1 0 0 1 0 0 1 0 0 1 0 0 1 0 0 1 0 0 1 0 0 1 0 0 1 0 0 1 0 0 1 0 0 1 0 0 1 0 0 1 0 0 1 0 0 1 0 0 1 0 0 1 0 0 1 0 0 1 0 0 1 0 0 1 0 0 1 0 0 1 0 0 1 0 0 1 0 0 1 0 0 1 0 0 1 0 0 1 0 0 1 0 0 1 0 0 1 0 0 1 0 0 1 0 0 1 0 0 1 0 0 1 0 0 1 0 0 1 0 0 1 0 0 1 0 0 1 0 0 1 0 0 1 0 0 1 0 0 1 0 0 1 0 0 1 0 0 1 0 0 1 0 0 1 0 0 1 0 0 1 0 0 1 0 0 1 0 0 1 0 0 1 0 0 1 0 0 1 0 0 1 0 0 1 0 0 1 0 0 1 0 0 1 0 0 1 0 0 1 0 0 1 0 0 1 0 0 1 0 0 1 0 0 1 0 0 1 0 0 1 0 0 1 0 0 1 0 0 1 0 0 1 0 0 1 0 0 1 0 0 1 0 0 1 0 0 1 0 0 1 0 0 1 0 0 1 0 0 1 0 0 1 0 0 1 0 0 1 0 0 1 0 0 1 0 0 1 0 0 1 0 0 1 0 0 1 0 0 1 0 0 1 0 0 1 0 0 1 0 0 1 0 0 1 0 0 1 0 0 1 0 0 1 0 0 1 0 0 1 0 0 1 0 0 1 0 0 1 0 0 1 0 0 1 0 0 1 0 0 1 0 0 1 0 0 1 0 0 1 0 0 1 0 0 1 0 0 1 0 0 1 0 0 1 0 0 1 0 0 1 0 0 1 0 0 1 0 0 1 0 0 1 0 0 1 0 0 1 0 0 1 0 0 1 0 0 1 0 0 1 0 0 1 0 0 1 0 0 1 0 0 1 0 0 1 0 0 1 0 0 1 0 0 1 0 0 1 0 0 1 0 0 1 0 0 1 0 0 1 0 0 1 0 0 1 0 0 1 0 0 1 0 0 1 0 0 1 0 0 1 0 0 1 0 0 1 0 0 1 0 0 1 0 0 1 0 0 1 0 0 1 0 0 1 0 0 1 0 0 1 0 0 1 0 0 1 0 0 1 0 0 1 0 0 1 0 0 1 0 0 1 0 0 1 0 0 1 0 0 1 0 0 1 0 0 1 0 0 1 0 0 1 0 0 1 0 0 1 0 0 1 0 0 1 0 0 1 0 0 1 0 0 1 0 0 1 0 0 1 0 0 1 0 0 1 0 0 1 0 0 1 0 0 1 0 0 1 0 0 1 0 0 1 0 0 1 0 0 1 0 0 1 0 0 1 0 0 1 0 0 1 0 0 1 0 0 1 0 0 1 0 0 1 0 0 1 0 0 1 0 0 1 0 0 1 0 0 1 0 0 1 0 0 1 0 0 1 0 0 1 0 0 1 0 0 1 0 0 1 0 0 1 0 0 1 0 0 1 0 0 1 0 0 1 0 0 1 0 0 1 0 0 1 0 0 1 0 0 1 0 0 1 0 0 1 0 0 1 0 0 1 0 0 1 0 0 1 0 0 1 0 0 1 0 0 1 0 0 1 0 0 1 0 0 1 0 0 1 0 0 1 0 0 1 0 0 1 0 0 1 0 0 1 0 0 1 0 0 1 0 0 1 0 0 1 0 0 1 0 0 1 0 0 1 0 0 1 0 0 1 0 0 1 0 0 1 0 0 1 0 0 1 0 0 1 0 0 1 0 0 1 0 0 1 0 0 1 0 0 1 0 0 1 0 0 1 0 0 1 0 0 1 0 0 1 0 0 1 0 0 1 0 0 1 0 0 1 0 0 1 0 0 1 0 0 1 0 0 1 0 0 1 0 0 1 0 0 1 0 0 1 0 0 1 0 0 1 0 0 1 0 0 1 0 0 1 0 0 1 0 0 1 0 0 1 0 0 1 0 0 1 0 0 1 0 0 1 0 0 1 0 0 1 0 0 1 0 0 1 0 0 1 0 0 1 0 0 1 0 0 1 0 0 1 0 0 1 0 0 1 0 0 1 0 0 1 0 0 1 0 0 1 0 0 1 0 0 1 0 0 1 0 0 1 0 0 1 0 0 1 0 0 1 0 0 1 0 0 1 0 0 1 0 0 1 0 0 1 0 0 1 0 0 1 0 0 1 0 0 1 0 0 1 0 0 1 0 0 1 0 0 1 0 0 1 0 0 1 0 0 1 0 0 1 0 0 1 0 0 1 0 0 1 0 0 1 0 0 1 0 0 1 0 0 1 0 0 1 0 0 1 0 0 1 0 0 1 0 0 1 0 0 1 0 0 1 0 0 1 0 0 1 0 0 1 0 0 1 0 0 1 0 0 1 0 0 1 0 0 1 0 0 1 0 0 1 0 0 1 0 0 1 0 0 1 0 0 1 0 0 1 0 0 1 0 0 1 0 0 1 0 0 1 0 0 1 0 0 1 0 0 1 0 0 1 0 0 1 0 0 1 0 0 1 0 0 1 0 0 1 0 0 1 0 0 1 0 0 1 0 0 1 0 0 1 0 0 1 0 0 1 0 0 1 0 0 1 0 0 1 0 0 1 0 0 1 0 0 1 0 0 1 0 0 1 0 0 1 0 0 1 0 0 1 0 0 1 0 0 1 0 0 1 0 0 1 0 0 1 0 0 1 0 0 1 0 0 1 0 0 1 0 0 1 0 0 1 0 0 1 0 0 1 0 0 1 0 0 1 0 0 1 0 0 1 0 0 1 0 0 1 0 0 1 0 0 1 0 0 1 0 0 1 0 0 1 0 0 1 0 0 1 0 0 1 0 0 1 0 0 1 0 0 1 0 0 1 0 0 1 0 0 1 0 0 1 0 0 1 0 0 1 0 0 1 0 0 1 0 0 1 0 0 1 0 0 1 0 0 1 0 0 1 0 0 1 0 0 1 0 0 1 0 0 1 0 0 1 0 0 1 0 0 1 0 0 1 0 0 1 0 0 1 0 0 1 0 0 1 0 0 1 0 0 1 0 0 1 0 0 1 0 0 1 0 0 1 0 0 1 0 0 1 0 0 1 0 0 1 0 0 1 0 0 1 0 0 1 0 0 1 0 0 1 0 0 1 0 0 1 0 0 1 0 0 1 0 0 1 0 0 1 0 0 1 0 0 1 0 0 1 0 0 1 0 0 1 0 0 1 0 0 1 0 0 1 0 0 1 0 0 1 0 0 1 0 0 1 0 0 1 0 0 1 0 0 1 0 0 1 0 0 1 0 0 1 0 0 1 0 0 1 0 0 1 0 0 1 0 0 1 0 0 1 0 0 1 0 0 1 0 0 1 0 0 1 0 0 1 0 0 1 0 0 1 0 0 1 0 0 1 0 0 1 0 0 1 0 0 1 0 0 1 0 0 1 0 0 1 0 0 1 0 0 1 0 0 1 0 0 1 0 0 1 0 0 1 0 0 1 0 0 1 0 0 1 0 0 1 0 0 1 0 0 1 0 0 1 0 0 1 0 0 1 0 0 1 0 0 1 0 0 1 0 0 1 0 0 1 0 0 1 0 0 1 0 0 1 0 0 1 0 0 1 0 0 1 0 0 1 0 0 1 0 0 1 0 0 1 0 0 1 0 0 1 0 0 1 0 0 1 0 0 1 0 0 1 0 0 1 0 0 1 0 0 1 0 0 1 0 0 1 0 0 1 0 0 1 0 0 1 0 0 1 0 0 1 0 0 1 0 0 1 0 0 1 0 0 1 0 0 1 0 0 1 0 0 1 0 0 1 0 0 1 0 0 1 0 0 1 0 0 1 0 0 1 0 0 1 0 0 1 0 0 1 0 0 1 0 0 1 0 0 1 0 0 1 0 0 1 0 0 1 0 0 1 0 0 1 0 0 1 0 0 1 0 0 1 0 0 1 0 0 1 0 0 1 0 0 1 0 0 1 0 0 1 0 0 1 0 0 1 0 0 1 0 0 1 0 0 1 0 0 1 0 0 1 0 0 1 0 0 1 0 0 1 0 0 1 0 0 1 0 0 1 0 0 1 0 0 1 0 0 1 0 0 1 0 0 1 0 0 1 0 0 1 0 0 1 0 0 1 0 0 1 0 0 1 0 0 1 0 0 1 0 0 1 0 0 1 0 0 1 0 0 1 0 0 1 0 0 1 0 0 1 0 0 1 0 0 1 0 0 1 0 0 1 0 0 1 0 0 1 0 0 1 0 0 1 0 0 1 0 0 1 0 0 1 0 0 1 0 0 1 0 0 1 0 0 1 0 0 1 0 0 1 0 0 1 0 0 1 0 0 1 0 0 1 0 0 1 0 0 1 0 0 1 0 0 1 0 0 1 0 0 1 0 0 1 0 0 1 0 0 1 0 0 1 0 0 1 0 0 1 0 0 1 0 0 1 0 0 1 0 0 1 0 0 1 0 0 1 0 0 1 0 0 1</float_array>
                    <technique_common>
                        <accessor count="5587" source="#shape0-lib-normals-array" stride="3">
                            <param name="X" type="float"/>
                            <param name="Y" type="float"/>
                            <param name="Z" type="float"/>
                        </accessor>
                    </technique_common>
                </source>
                <source id="shape0-lib-vcolor" name="vcolor">
                    <float_array id="shape0-lib-vcolor-array" count="15948">0 0 0 1 0 0 0 1 0 0 0 1 0 0 0 1 0 0 0 1 0 0 0 1 0 0 0 1 0 0 0 1 0 0 0 1 0 0 0 1 0 0 0 1 0 0 0 1 0 0 0 1 0 0 0 1 0 0 0 1 0 0 0 1 0 0 0 1 0 0 0 1 0 0 0 1 0 0 0 1 0 0 0 1 0 0 0 1 0 0 0 1 0 0 0 1 0 0 0 1 0 0 0 1 0 0 0 1 0 0 0 1 0 0 0 1 0 0 0 1 0 0 0 1 0 0 0 1 0 0 0 1 0 0 0 1 0 0 0 1 0 0 0 1 0 0 0 1 0 0 0 1 0 0 0 1 0 0 0 1 0 0 0 1 0 0 0 1 0 0 0 1 0 0 0 1 0 0 0 1 0 0 0 1 0 0 0 1 0 0 0 1 0 0 0 1 0 0 0 1 0 0 0 1 0 0 0 1 0 0 0 1 0 0 0 1 0 0 0 1 0 0 0 1 0 0 0 1 0 0 0 1 0 0 0 1 0 0 0 1 0 0 0 1 0 0 0 1 0 0 0 1 0 0 0 1 0 0 0 1 0 0 0 1 0 0 0 1 0 0 0 1 0 0 0 1 0 0 0 1 0 0 0 1 0 0 0 1 0 0 0 1 0 0 0 1 0 0 0 1 0 0 0 1 0 0 0 1 0 0 0 1 0 0 0 1 0 0 0 1 0 0 0 1 0 0 0 1 0 0 0 1 0 0 0 1 0 0 0 1 0 0 0 1 0 0 0 1 0 0 0 1 0 0 0 1 0 0 0 1 0 0 0 1 0 0 0 1 0 0 0 1 0 0 0 1 0 0 0 1 0 0 0 1 0 0 0 1 0 0 0 1 0 0 0 1 0 0 0 1 0 0 0 1 0 0 0 1 0 0 0 1 0 0 0 1 0 0 0 1 0 0 0 1 0 0 0 1 0 0 0 1 0 0 0 1 0 0 0 1 0 0 0 1 0 0 0 1 0 0 0 1 0 0 0 1 0 0 0 1 0 0 0 1 0 0 0 1 0 0 0 1 0 0 0 1 0 0 0 1 0 0 0 1 0 0 0 1 0 0 0 1 0 0 0 1 0 0 0 1 0 0 0 1 0 0 0 1 0 0 0 1 0 0 0 1 0 0 0 1 0 0 0 1 0 0 0 1 0 0 0 1 0 0 0 1 0 0 0 1 0 0 0 1 0 0 0 1 0 0 0 1 0 0 0 1 0 0 0 1 0 0 0 1 0 0 0 1 0 0 0 1 0 0 0 1 0 0 0 1 0 0 0 1 0 0 0 1 0 0 0 1 0 0 0 1 0 0 0 1 0 0 0 1 0 0 0 1 0 0 0 1 0 0 0 1 0 0 0 1 0 0 0 1 0 0 0 1 0 0 0 1 0 0 0 1 0 0 0 1 0 0 0 1 0 0 0 1 0 0 0 1 0 0 0 1 0 0 0 1 0 0 0 1 0 0 0 1 0 0 0 1 0 0 0 1 0 0 0 1 0 0 0 1 0 0 0 1 0 0 0 1 0 0 0 1 0 0 0 1 0 0 0 1 0 0 0 1 0 0 0 1 0 0 0 1 0 0 0 1 0 0 0 1 0 0 0 1 0 0 0 1 0 0 0 1 0 0 0 1 0 0 0 1 0 0 0 1 0 0 0 1 0 0 0 1 0 0 0 1 0 0 0 1 0 0 0 1 0 0 0 1 0 0 0 1 0 0 0 1 0 0 0 1 0 0 0 1 0 0 0 1 0 0 0 1 0 0 0 1 0 0 0 1 0 0 0 1 0 0 0 1 0 0 0 1 0 0 0 1 0 0 0 1 0 0 0 1 0 0 0 1 0 0 0 1 0 0 0 1 0 0 0 1 0 0 0 1 0 0 0 1 0 0 0 1 0 0 0 1 0 0 0 1 0 0 0 1 0 0 0 1 0 0 0 1 0 0 0 1 0 0 0 1 0 0 0 1 0 0 0 1 0 0 0 1 0 0 0 1 0 0 0 1 0 0 0 1 0 0 0 1 0 0 0 1 0 0 0 1 0 0 0 1 0 0 0 1 0 0 0 1 0 0 0 1 0 0 0 1 0 0 0 1 0 0 0 1 0 0 0 1 0 0 0 1 0 0 0 1 0 0 0 1 0 0 0 1 0 0 0 1 0 0 0 1 0 0 0 1 0 0 0 1 0 0 0 1 0 0 0 1 0 0 0 1 0 0 0 1 0 0 0 1 0 0 0 1 0 0 0 1 0 0 0 1 0 0 0 1 0 0 0 1 0 0 0 1 0 0 0 1 0 0 0 1 0 0 0 1 0 0 0 1 0 0 0 1 0 0 0 1 0 0 0 1 0 0 0 1 0 0 0 1 0 0 0 1 0 0 0 1 0 0 0 1 0 0 0 1 0 0 0 1 0 0 0 1 0 0 0 1 0 0 0 1 0 0 0 1 0 0 0 1 0 0 0 1 0 0 0 1 0 0 0 1 0 0 0 1 0 0 0 1 0 0 0 1 0 0 0 1 0 0 0 1 0 0 0 1 0 0 0 1 0 0 0 1 0 0 0 1 0 0 0 1 0 0 0 1 0 0 0 1 0 0 0 1 0 0 0 1 0 0 0 1 0 0 0 1 0 0 0 1 0 0 0 1 0 0 0 1 0 0 0 1 0 0 0 1 0 0 0 1 0 0 0 1 0 0 0 1 0 0 0 1 0 0 0 1 0 0 0 1 0 0 0 1 0 0 0 1 0 0 0 1 0 0 0 1 0 0 0 1 0 0 0 1 0 0 0 1 0 0 0 1 0 0 0 1 0 0 0 1 0 0 0 1 0 0 0 1 0 0 0 1 0 0 0 1 0 0 0 1 0 0 0 1 0 0 0 1 0 0 0 1 0 0 0 1 0 0 0 1 0 0 0 1 0 0 0 1 0 0 0 1 0 0 0 1 0 0 0 1 0 0 0 1 0 0 0 1 0 0 0 1 0 0 0 1 0 0 0 1 0 0 0 1 0 0 0 1 0 0 0 1 0 0 0 1 0 0 0 1 0 0 0 1 0 0 0 1 0 0 0 1 0 0 0 1 0 0 0 1 0 0 0 1 0 0 0 1 0 0 0 1 0 0 0 1 0 0 0 1 0 0 0 1 0 0 0 1 0 0 0 1 0 0 0 1 0 0 0 1 0 0 0 1 0 0 0 1 0 0 0 1 0 0 0 1 0 0 0 1 0 0 0 1 0 0 0 1 0 0 0 1 0 0 0 1 0 0 0 1 0 0 0 1 0 0 0 1 0 0 0 1 0 0 0 1 0 0 0 1 0 0 0 1 0 0 0 1 0 0 0 1 0 0 0 1 0 0 0 1 0 0 0 1 0 0 0 1 0 0 0 1 0 0 0 1 0 0 0 1 0 0 0 1 0 0 0 1 0 0 0 1 0 0 0 1 0 0 0 1 0 0 0 1 0 0 0 1 0 0 0 1 0 0 0 1 0 0 0 1 0 0 0 1 0 0 0 1 0 0 0 1 0 0 0 1 0 0 0 1 0 0 0 1 0 0 0 1 0 0 0 1 0 0 0 1 0 0 0 1 0 0 0 1 0 0 0 1 0 0 0 1 0 0 0 1 0 0 0 1 0 0 0 1 0 0 0 1 0 0 0 1 0 0 0 1 0 0 0 1 0 0 0 1 0 0 0 1 0 0 0 1 0 0 0 1 0 0 0 1 0 0 0 1 0 0 0 1 0 0 0 1 0 0 0 1 0 0 0 1 0 0 0 1 0 0 0 1 0 0 0 1 0 0 0 1 0 0 0 1 0 0 0 1 0 0 0 1 0 0 0 1 0 0 0 1 0 0 0 1 0 0 0 1 0 0 0 1 0 0 0 1 0 0 0 1 0 0 0 1 0 0 0 1 0 0 0 1 0 0 0 1 0 0 0 1 0 0 0 1 0 0 0 1 0 0 0 1 0 0 0 1 0 0 0 1 0 0 0 1 0 0 0 1 0 0 0 1 0 0 0 1 0 0 0 1 0 0 0 1 0 0 0 1 0 0 0 1 0 0 0 1 0 0 0 1 0 0 0 1 0 0 0 1 0 0 0 1 0 0 0 1 0 0 0 1 0 0 0 1 0 0 0 1 0 0 0 1 0 0 0 1 0 0 0 1 0 0 0 1 0 0 0 1 0 0 0 1 0 0 0 1 0 0 0 1 0 0 0 1 0 0 0 1 0 0 0 1 0 0 0 1 0 0 0 1 0 0 0 1 0 0 0 1 0 0 0 1 0 0 0 1 0 0 0 1 0 0 0 1 0 0 0 1 0 0 0 1 0 0 0 1 0 0 0 1 0 0 0 1 0 0 0 1 0 0 0 1 0 0 0 1 0 0 0 1 0 0 0 1 0 0 0 1 0 0 0 1 0 0 0 1 0 0 0 1 0 0 0 1 0 0 0 1 0 0 0 1 0 0 0 1 0 0 0 1 0 0 0 1 0 0 0 1 0 0 0 1 0 0 0 1 0 0 0 1 0 0 0 1 0 0 0 1 0 0 0 1 0 0 0 1 0 0 0 1 0 0 0 1 0 0 0 1 0 0 0 1 0 0 0 1 0 0 0 1 0 0 0 1 0 0 0 1 0 0 0 1 0 0 0 1 0 0 0 1 0 0 0 1 0 0 0 1 0 0 0 1 0 0 0 1 0 0 0 1 0 0 0 1 0 0 0 1 0 0 0 1 0 0 0 1 0 0 0 1 0 0 0 1 0 0 0 1 0 0 0 1 0 0 0 1 0 0 0 1 0 0 0 1 0 0 0 1 0 0 0 1 0 0 0 1 0 0 0 1 0 0 0 1 0 0 0 1 0 0 0 1 0 0 0 1 0 0 0 1 0 0 0 1 0 0 0 1 0 0 0 1 0 0 0 1 0 0 0 1 0 0 0 1 0 0 0 1 0 0 0 1 0 0 0 1 0 0 0 1 0 0 0 1 0 0 0 1 0 0 0 1 0 0 0 1 0 0 0 1 0 0 0 1 0 0 0 1 0 0 0 1 0 0 0 1 0 0 0 1 0 0 0 1 0 0 0 1 0 0 0 1 0 0 0 1 0 0 0 1 0 0 0 1 0 0 0 1 0 0 0 1 0 0 0 1 0 0 0 1 0 0 0 1 0 0 0 1 0 0 0 1 0 0 0 1 0 0 0 1 0 0 0 1 0 0 0 1 0 0 0 1 0 0 0 1 0 0 0 1 0 0 0 1 0 0 0 1 0 0 0 1 0 0 0 1 0 0 0 1 0 0 0 1 0 0 0 1 0 0 0 1 0 0 0 1 0 0 0 1 0 0 0 1 0 0 0 1 0 0 0 1 0 0 0 1 0 0 0 1 0 0 0 1 0 0 0 1 0 0 0 1 0 0 0 1 0 0 0 1 0 0 0 1 0 0 0 1 0 0 0 1 0 0 0 1 0 0 0 1 0 0 0 1 0 0 0 1 0 0 0 1 0 0 0 1 0 0 0 1 0 0 0 1 0 0 0 1 0 0 0 1 0 0 0 1 0 0 0 1 0 0 0 1 0 0 0 1 0 0 0 1 0 0 0 1 0 0 0 1 0 0 0 1 0 0 0 1 0 0 0 1 0 0 0 1 0 0 0 1 0 0 0 1 0 0 0 1 0 0 0 1 0 0 0 1 0 0 0 1 0 0 0 1 0 0 0 1 0 0 0 1 0 0 0 1 0 0 0 1 0 0 0 1 0 0 0 1 0 0 0 1 0 0 0 1 0 0 0 1 0 0 0 1 0 0 0 1 0 0 0 1 0 0 0 1 0 0 0 1 0 0 0 1 0 0 0 1 0 0 0 1 0 0 0 1 0 0 0 1 0 0 0 1 0 0 0 1 0 0 0 1 0 0 0 1 0 0 0 1 0 0 0 1 0 0 0 1 0 0 0 1 0 0 0 1 0 0 0 1 0 0 0 1 0 0 0 1 0 0 0 1 0 0 0 1 0 0 0 1 0 0 0 1 0 0 0 1 0 0 0 1 0 0 0 1 0 0 0 1 0 0 0 1 0 0 0 1 0 0 0 1 0 0 0 1 0 0 0 1 0 0 0 1 0 0 0 1 0 0 0 1 0 0 0 1 0 0 0 1 0 0 0 1 0 0 0 1 0 0 0 1 0 0 0 1 0 0 0 1 0 0 0 1 0 0 0 1 0 0 0 1 0 0 0 1 0 0 0 1 0 0 0 1 0 0 0 1 0 0 0 1 0 0 0 1 0 0 0 1 0 0 0 1 0 0 0 1 0 0 0 1 0 0 0 1 0 0 0 1 0 0 0 1 0 0 0 1 0 0 0 1 0 0 0 1 0 0 0 1 0 0 0 1 0 0 0 1 0 0 0 1 0 0 0 1 0 0 0 1 0 0 0 1 0 0 0 1 0 0 0 1 0 0 0 1 0 0 0 1 0 0 0 1 0 0 0 1 0 0 0 1 0 0 0 1 0 0 0 1 0 0 0 1 0 0 0 1 0 0 0 1 0 0 0 1 0 0 0 1 0 0 0 1 0 0 0 1 0 0 0 1 0 0 0 1 0 0 0 1 0 0 0 1 0 0 0 1 0 0 0 1 0 0 0 1 0 0 0 1 0 0 0 1 0 0 0 1 0 0 0 1 0 0 0 1 0 0 0 1 0 0 0 1 0 0 0 1 0 0 0 1 0 0 0 1 0 0 0 1 0 0 0 1 0 0 0 1 0 0 0 1 0 0 0 1 0 0 0 1 0 0 0 1 0 0 0 1 0 0 0 1 0 0 0 1 0 0 0 1 0 0 0 1 0 0 0 1 0 0 0 1 0 0 0 1 0 0 0 1 0 0 0 1 0 0 0 1 0 0 0 1 0 0 0 1 0 0 0 1 0 0 0 1 0 0 0 1 0 0 0 1 0 0 0 1 0 0 0 1 0 0 0 1 0 0 0 1 0 0 0 1 0 0 0 1 0 0 0 1 0 0 0 1 0 0 0 1 0 0 0 1 0 0 0 1 0 0 0 1 0 0 0 1 0 0 0 1 0 0 0 1 0 0 0 1 0 0 0 1 0 0 0 1 0 0 0 1 0 0 0 1 0 0 0 1 0 0 0 1 0 0 0 1 0 0 0 1 0 0 0 1 0 0 0 1 0 0 0 1 0 0 0 1 0 0 0 1 0 0 0 1 0 0 0 1 0 0 0 1 0 0 0 1 0 0 0 1 0 0 0 1 0 0 0 1 0 0 0 1 0 0 0 1 0 0 0 1 0 0 0 1 0 0 0 1 0 0 0 1 0 0 0 1 0 0 0 1 0 0 0 1 0 0 0 1 0 0 0 1 0 0 0 1 0 0 0 1 0 0 0 1 0 0 0 1 0 0 0 1 0 0 0 1 0 0 0 1 0 0 0 1 0 0 0 1 0 0 0 1 0 0 0 1 0 0 0 1 0 0 0 1 0 0 0 1 0 0 0 1 0 0 0 1 0 0 0 1 0 0 0 1 0 0 0 1 0 0 0 1 0 0 0 1 0 0 0 1 0 0 0 1 0 0 0 1 0 0 0 1 0 0 0 1 0 0 0 1 0 0 0 1 0 0 0 1 0 0 0 1 0 0 0 1 0 0 0 1 0 0 0 1 0 0 0 1 0 0 0 1 0 0 0 1 0 0 0 1 0 0 0 1 0 0 0 1 0 0 0 1 0 0 0 1 0 0 0 1 0 0 0 1 0 0 0 1 0 0 0 1 0 0 0 1 0 0 0 1 0 0 0 1 0 0 0 1 0 0 0 1 0 0 0 1 0 0 0 1 0 0 0 1 0 0 0 1 0 0 0 1 0 0 0 1 0 0 0 1 0 0 0 1 0 0 0 1 0 0 0 1 0 0 0 1 0 0 0 1 0 0 0 1 0 0 0 1 0 0 0 1 0 0 0 1 0 0 0 1 0 0 0 1 0 0 0 1 0 0 0 1 0 0 0 1 0 0 0 1 0 0 0 1 0 0 0 1 0 0 0 1 0 0 0 1 0 0 0 1 0 0 0 1 0 0 0 1 0 0 0 1 0 0 0 1 0 0 0 1 0 0 0 1 0 0 0 1 0 0 0 1 0 0 0 1 0 0 0 1 0 0 0 1 0 0 0 1 0 0 0 1 0 0 0 1 0 0 0 1 0 0 0 1 0 0 0 1 0 0 0 1 0 0 0 1 0 0 0 1 0 0 0 1 0 0 0 1 0 0 0 1 0 0 0 1 0 0 0 1 0 0 0 1 0 0 0 1 0 0 0 1 0 0 0 1 0 0 0 1 0 0 0 1 0 0 0 1 0 0 0 1 0 0 0 1 0 0 0 1 0 0 0 1 0 0 0 1 0 0 0 1 0 0 0 1 0 0 0 1 0 0 0 1 0 0 0 1 0 0 0 1 0 0 0 1 0 0 0 1 0 0 0 1 0 0 0 1 0 0 0 1 0 0 0 1 0 0 0 1 0 0 0 1 0 0 0 1 0 0 0 1 0 0 0 1 0 0 0 1 0 0 0 1 0 0 0 1 0 0 0 1 0 0 0 1 0 0 0 1 0 0 0 1 0 0 0 1 0 0 0 1 0 0 0 1 0 0 0 1 0 0 0 1 0 0 0 1 0 0 0 1 0 0 0 1 0 0 0 1 0 0 0 1 0 0 0 1 0 0 0 1 0 0 0 1 0 0 0 1 0 0 0 1 0 0 0 1 0 0 0 1 0 0 0 1 0 0 0 1 0 0 0 1 0 0 0 1 0 0 0 1 0 0 0 1 0 0 0 1 0 0 0 1 0 0 0 1 0 0 0 1 0 0 0 1 0 0 0 1 0 0 0 1 0 0 0 1 0 0 0 1 0 0 0 1 0 0 0 1 0 0 0 1 0 0 0 1 0 0 0 1 0 0 0 1 0 0 0 1 0 0 0 1 0 0 0 1 0 0 0 1 0 0 0 1 0 0 0 1 0 0 0 1 0 0 0 1 0 0 0 1 0 0 0 1 0 0 0 1 0 0 0 1 0 0 0 1 0 0 0 1 0 0 0 1 0 0 0 1 0 0 0 1 0 0 0 1 0 0 0 1 0 0 0 1 0 0 0 1 0 0 0 1 0 0 0 1 0 0 0 1 0 0 0 1 0 0 0 1 0 0 0 1 0 0 0 1 0 0 0 1 0 0 0 1 0 0 0 1 0 0 0 1 0 0 0 1 0 0 0 1 0 0 0 1 0 0 0 1 0 0 0 1 0 0 0 1 0 0 0 1 0 0 0 1 0 0 0 1 0 0 0 1 0 0 0 1 0 0 0 1 0 0 0 1 0 0 0 1 0 0 0 1 0 0 0 1 0 0 0 1 0 0 0 1 0 0 0 1 0 0 0 1 0 0 0 1 0 0 0 1 0 0 0 1 0 0 0 1 0 0 0 1 0 0 0 1 0 0 0 1 0 0 0 1 0 0 0 1 0 0 0 1 0 0 0 1 0 0 0 1 0 0 0 1 0 0 0 1 0 0 0 1 0 0 0 1 0 0 0 1 0 0 0 1 0 0 0 1 0 0 0 1 0 0 0 1 0 0 0 1 0 0 0 1 0 0 0 1 0 0 0 1 0 0 0 1 0 0 0 1 0 0 0 1 0 0 0 1 0 0 0 1 0 0 0 1 0 0 0 1 0 0 0 1 0 0 0 1 0 0 0 1 0 0 0 1 0 0 0 1 0 0 0 1 0 0 0 1 0 0 0 1 0 0 0 1 0 0 0 1 0 0 0 1 0 0 0 1 0 0 0 1 0 0 0 1 0 0 0 1 0 0 0 1 0 0 0 1 0 0 0 1 0 0 0 1 0 0 0 1 0 0 0 1 0 0 0 1 0 0 0 1 0 0 0 1 0 0 0 1 0 0 0 1 0 0 0 1 0 0 0 1 0 0 0 1 0 0 0 1 0 0 0 1 0 0 0 1 0 0 0 1 0 0 0 1 0 0 0 1 0 0 0 1 0 0 0 1 0 0 0 1 0 0 0 1 0 0 0 1 0 0 0 1 0 0 0 1 0 0 0 1 0 0 0 1 0 0 0 1 0 0 0 1 0 0 0 1 0 0 0 1 0 0 0 1 0 0 0 1 0 0 0 1 0 0 0 1 0 0 0 1 0 0 0 1 0 0 0 1 0 0 0 1 0 0 0 1 0 0 0 1 0 0 0 1 0 0 0 1 0 0 0 1 0 0 0 1 0 0 0 1 0 0 0 1 0 0 0 1 0 0 0 1 0 0 0 1 0 0 0 1 0 0 0 1 0 0 0 1 0 0 0 1 0 0 0 1 0 0 0 1 0 0 0 1 0 0 0 1 0 0 0 1 0 0 0 1 0 0 0 1 0 0 0 1 0 0 0 1 0 0 0 1 0 0 0 1 0 0 0 1 0 0 0 1 0 0 0 1 0 0 0 1 0 0 0 1 0 0 0 1 0 0 0 1 0 0 0 1 0 0 0 1 0 0 0 1 0 0 0 1 0 0 0 1 0 0 0 1 0 0 0 1 0 0 0 1 0 0 0 1 0 0 0 1 0 0 0 1 0 0 0 1 0 0 0 1 0 0 0 1 0 0 0 1 0 0 0 1 0 0 0 1 0 0 0 1 0 0 0 1 0 0 0 1 0 0 0 1 0 0 0 1 0 0 0 1 0 0 0 1 0 0 0 1 0 0 0 1 0 0 0 1 0 0 0 1 0 0 0 1 0 0 0 1 0 0 0 1 0 0 0 1 0 0 0 1 0 0 0 1 0 0 0 1 0 0 0 1 0 0 0 1 0 0 0 1 0 0 0 1 0 0 0 1 0 0 0 1 0 0 0 1 0 0 0 1 0 0 0 1 0 0 0 1 0 0 0 1 0 0 0 1 0 0 0 1 0 0 0 1 0 0 0 1 0 0 0 1 0 0 0 1 0 0 0 1 0 0 0 1 0 0 0 1 0 0 0 1 0 0 0 1 0 0 0 1 0 0 0 1 0 0 0 1 0 0 0 1 0 0 0 1 0 0 0 1 0 0 0 1 0 0 0 1 0 0 0 1 0 0 0 1 0 0 0 1 0 0 0 1 0 0 0 1 0 0 0 1 0 0 0 1 0 0 0 1 0 0 0 1 0 0 0 1 0 0 0 1 0 0 0 1 0 0 0 1 0 0 0 1 0 0 0 1 0 0 0 1 0 0 0 1 0 0 0 1 0 0 0 1 0 0 0 1 0 0 0 1 0 0 0 1 0 0 0 1 0 0 0 1 0 0 0 1 0 0 0 1 0 0 0 1 0 0 0 1 0 0 0 1 0 0 0 1 0 0 0 1 0 0 0 1 0 0 0 1 0 0 0 1 0 0 0 1 0 0 0 1 0 0 0 1 0 0 0 1 0 0 0 1 0 0 0 1 0 0 0 1 0 0 0 1 0 0 0 1 0 0 0 1 0 0 0 1 0 0 0 1 0 0 0 1 0 0 0 1 0 0 0 1 0 0 0 1 0 0 0 1 0 0 0 1 0 0 0 1 0 0 0 1 0 0 0 1 0 0 0 1 0 0 0 1 0 0 0 1 0 0 0 1 0 0 0 1 0 0 0 1 0 0 0 1 0 0 0 1 0 0 0 1 0 0 0 1 0 0 0 1 0 0 0 1 0 0 0 1 0 0 0 1 0 0 0 1 0 0 0 1 0 0 0 1 0 0 0 1 0 0 0 1 0 0 0 1 0 0 0 1 0 0 0 1 0 0 0 1 0 0 0 1 0 0 0 1 0 0 0 1 0 0 0 1 0 0 0 1 0 0 0 1 0 0 0 1 0 0 0 1 0 0 0 1 0 0 0 1 0 0 0 1 0 0 0 1 0 0 0 1 0 0 0 1 0 0 0 1 0 0 0 1 0 0 0 1 0 0 0 1 0 0 0 1 0 0 0 1 0 0 0 1 0 0 0 1 0 0 0 1 0 0 0 1 0 0 0 1 0 0 0 1 0 0 0 1 0 0 0 1 0 0 0 1 0 0 0 1 0 0 0 1 0 0 0 1 0 0 0 1 0 0 0 1 0 0 0 1 0 0 0 1 0 0 0 1 0 0 0 1 0 0 0 1 0 0 0 1 0 0 0 1 0 0 0 1 0 0 0 1 0 0 0 1 0 0 0 1 0 0 0 1 0 0 0 1 0 0 0 1 0 0 0 1 0 0 0 1 0 0 0 1 0 0 0 1 0 0 0 1 0 0 0 1 0 0 0 1 0 0 0 1 0 0 0 1 0 0 0 1 0 0 0 1 0 0 0 1 0 0 0 1 0 0 0 1 0 0 0 1 0 0 0 1 0 0 0 1 0 0 0 1 0 0 0 1 0 0 0 1 0 0 0 1 0 0 0 1 0 0 0 1 0 0 0 1 0 0 0 1 0 0 0 1 0 0 0 1 0 0 0 1 0 0 0 1 0 0 0 1 0 0 0 1 0 0 0 1 0 0 0 1 0 0 0 1 0 0 0 1 0 0 0 1 0 0 0 1 0 0 0 1 0 0 0 1 0 0 0 1 0 0 0 1 0 0 0 1 0 0 0 1 0 0 0 1 0 0 0 1 0 0 0 1 0 0 0 1 0 0 0 1 0 0 0 1 0 0 0 1 0 0 0 1 0 0 0 1 0 0 0 1 0 0 0 1 0 0 0 1 0 0 0 1 0 0 0 1 0 0 0 1 0 0 0 1 0 0 0 1 0 0 0 1 0 0 0 1 0 0 0 1 0 0 0 1 0 0 0 1 0 0 0 1 0 0 0 1 0 0 0 1 0 0 0 1 0 0 0 1 0 0 0 1 0 0 0 1 0 0 0 1 0 0 0 1 0 0 0 1 0 0 0 1 0 0 0 1 0 0 0 1 0 0 0 1 0 0 0 1 0 0 0 1 0 0 0 1 0 0 0 1 0 0 0 1 0 0 0 1 0 0 0 1 0 0 0 1 0 0 0 1 0 0 0 1 0 0 0 1 0 0 0 1 0 0 0 1 0 0 0 1 0 0 0 1 0 0 0 1 0 0 0 1 0 0 0 1 0 0 0 1 0 0 0 1 0 0 0 1 0 0 0 1 0 0 0 1 0 0 0 1 0 0 0 1 0 0 0 1 0 0 0 1 0 0 0 1 0 0 0 1 0 0 0 1 0 0 0 1 0 0 0 1 0 0 0 1 0 0 0 1 0 0 0 1 0 0 0 1 0 0 0 1 0 0 0 1 0 0 0 1 0 0 0 1 0 0 0 1 0 0 0 1 0 0 0 1 0 0 0 1 0 0 0 1 0 0 0 1 0 0 0 1 0 0 0 1 0 0 0 1 0 0 0 1 0 0 0 1 0 0 0 1 0 0 0 1 0 0 0 1 0 0 0 1 0 0 0 1 0 0 0 1 0 0 0 1 0 0 0 1 0 0 0 1 0 0 0 1 0 0 0 1 0 0 0 1 0 0 0 1 0 0 0 1 0 0 0 1 0 0 0 1 0 0 0 1 0 0 0 1 0 0 0 1 0 0 0 1 0 0 0 1 0 0 0 1 0 0 0 1 0 0 0 1 0 0 0 1 0 0 0 1 0 0 0 1 0 0 0 1 0 0 0 1 0 0 0 1 0 0 0 1 0 0 0 1 0 0 0 1 0 0 0 1 0 0 0 1 0 0 0 1 0 0 0 1 0 0 0 1 0 0 0 1 0 0 0 1 0 0 0 1 0 0 0 1 0 0 0 1 0 0 0 1 0 0 0 1 0 0 0 1 0 0 0 1 0 0 0 1 0 0 0 1 0 0 0 1 0 0 0 1 0 0 0 1 0 0 0 1 0 0 0 1 0 0 0 1 0 0 0 1 0 0 0 1 0 0 0 1 0 0 0 1 0 0 0 1 0 0 0 1 0 0 0 1 0 0 0 1 0 0 0 1 0 0 0 1 0 0 0 1 0 0 0 1 0 0 0 1 0 0 0 1 0 0 0 1 0 0 0 1 0 0 0 1 0 0 0 1 0 0 0 1 0 0 0 1 0 0 0 1 0 0 0 1 0 0 0 1 0 0 0 1 0 0 0 1 0 0 0 1 0 0 0 1 0 0 0 1 0 0 0 1 0 0 0 1 0 0 0 1 0 0 0 1 0 0 0 1 0 0 0 1 0 0 0 1 0 0 0 1 0 0 0 1 0 0 0 1 0 0 0 1 0 0 0 1 0 0 0 1 0 0 0 1 0 0 0 1 0 0 0 1 0 0 0 1 0 0 0 1 0 0 0 1 0 0 0 1 0 0 0 1 0 0 0 1 0 0 0 1 0 0 0 1 0 0 0 1 0 0 0 1 0 0 0 1 0 0 0 1 0 0 0 1 0 0 0 1 0 0 0 1 0 0 0 1 0 0 0 1 0 0 0 1 0 0 0 1 0 0 0 1 0 0 0 1 0 0 0 1 0 0 0 1 0 0 0 1 0 0 0 1 0 0 0 1 0 0 0 1 0 0 0 1 0 0 0 1 0 0 0 1 0 0 0 1 0 0 0 1 0 0 0 1 0 0 0 1 0 0 0 1 0 0 0 1 0 0 0 1 0 0 0 1 0 0 0 1 0 0 0 1 0 0 0 1 0 0 0 1 0 0 0 1 0 0 0 1 0 0 0 1 0 0 0 1 0 0 0 1 0 0 0 1 0 0 0 1 0 0 0 1 0 0 0 1 0 0 0 1 0 0 0 1 0 0 0 1 0 0 0 1 0 0 0 1 0 0 0 1 0 0 0 1 0 0 0 1 0 0 0 1 0 0 0 1 0 0 0 1 0 0 0 1 0 0 0 1 0 0 0 1 0 0 0 1 0 0 0 1 0 0 0 1 0 0 0 1 0 0 0 1 0 0 0 1 0 0 0 1 0 0 0 1 0 0 0 1 0 0 0 1 0 0 0 1 0 0 0 1 0 0 0 1 0 0 0 1 0 0 0 1 0 0 0 1 0 0 0 1 0 0 0 1 0 0 0 1 0 0 0 1 0 0 0 1 0 0 0 1 0 0 0 1 0 0 0 1 0 0 0 1 0 0 0 1 0 0 0 1 0 0 0 1 0 0 0 1 0 0 0 1 0 0 0 1 0 0 0 1 0 0 0 1 0 0 0 1 0 0 0 1 0 0 0 1 0 0 0 1 0 0 0 1 0 0 0 1 0 0 0 1 0 0 0 1 0 0 0 1 0 0 0 1 0 0 0 1 0 0 0 1 0 0 0 1 0 0 0 1 0 0 0 1 0 0 0 1 0 0 0 1 0 0 0 1 0 0 0 1 0 0 0 1 0 0 0 1 0 0 0 1 0 0 0 1 0 0 0 1 0 0 0 1 0 0 0 1 0 0 0 1 0 0 0 1 0 0 0 1 0 0 0 1 0 0 0 1 0 0 0 1 0 0 0 1 0 0 0 1 0 0 0 1 0 0 0 1 0 0 0 1 0 0 0 1 0 0 0 1 0 0 0 1 0 0 0 1 0 0 0 1 0 0 0 1 0 0 0 1 0 0 0 1 0 0 0 1 0 0 0 1 0 0 0 1 0 0 0 1 0 0 0 1 0 0 0 1 0 0 0 1 0 0 0 1 0 0 0 1 0 0 0 1 0 0 0 1 0 0 0 1 0 0 0 1 0 0 0 1 0 0 0 1 0 0 0 1 0 0 0 1 0 0 0 1 0 0 0 1 0 0 0 1 0 0 0 1 0 0 0 1 0 0 0 1 0 0 0 1 0 0 0 1 0 0 0 1 0 0 0 1 0 0 0 1 0 0 0 1 0 0 0 1 0 0 0 1 0 0 0 1 0 0 0 1 0 0 0 1 0 0 0 1 0 0 0 1 0 0 0 1 0 0 0 1 0 0 0 1 0 0 0 1 0 0 0 1 0 0 0 1 0 0 0 1 0 0 0 1 0 0 0 1 0 0 0 1 0 0 0 1 0 0 0 1 0 0 0 1 0 0 0 1 0 0 0 1 0 0 0 1 0 0 0 1 0 0 0 1 0 0 0 1 0 0 0 1 0 0 0 1 0 0 0 1 0 0 0 1 0 0 0 1 0 0 0 1 0 0 0 1 0 0 0 1 0 0 0 1 0 0 0 1 0 0 0 1 0 0 0 1 0 0 0 1 0 0 0 1 0 0 0 1 0 0 0 1 0 0 0 1 0 0 0 1 0 0 0 1 0 0 0 1 0 0 0 1 0 0 0 1 0 0 0 1 0 0 0 1 0 0 0 1 0 0 0 1 0 0 0 1 0 0 0 1 0 0 0 1 0 0 0 1 0 0 0 1 0 0 0 1 0 0 0 1 0 0 0 1 0 0 0 1 0 0 0 1 0 0 0 1 0 0 0 1 0 0 0 1 0 0 0 1 0 0 0 1 0 0 0 1 0 0 0 1 0 0 0 1 0 0 0 1 0 0 0 1 0 0 0 1 0 0 0 1 0 0 0 1 0 0 0 1 0 0 0 1 0 0 0 1 0 0 0 1 0 0 0 1 0 0 0 1 0 0 0 1 0 0 0 1 0 0 0 1 0 0 0 1 0 0 0 1 0 0 0 1 0 0 0 1 0 0 0 1 0 0 0 1 0 0 0 1 0 0 0 1 0 0 0 1 0 0 0 1 0 0 0 1 0 0 0 1 0 0 0 1 0 0 0 1 0 0 0 1 0 0 0 1 0 0 0 1 0 0 0 1 0 0 0 1 0 0 0 1 0 0 0 1 0 0 0 1 0 0 0 1 0 0 0 1 0 0 0 1 0 0 0 1 0 0 0 1 0 0 0 1 0 0 0 1 0 0 0 1 0 0 0 1 0 0 0 1 0 0 0 1 0 0 0 1 0 0 0 1 0 0 0 1 0 0 0 1 0 0 0 1 0 0 0 1 0 0 0 1 0 0 0 1 0 0 0 1 0 0 0 1 0 0 0 1 0 0 0 1 0 0 0 1 0 0 0 1 0 0 0 1 0 0 0 1 0 0 0 1 0 0 0 1 0 0 0 1 0 0 0 1 0 0 0 1 0 0 0 1 0 0 0 1 0 0 0 1 0 0 0 1 0 0 0 1 0 0 0 1 0 0 0 1 0 0 0 1 0 0 0 1 0 0 0 1 0 0 0 1 0 0 0 1 0 0 0 1 0 0 0 1 0 0 0 1 0 0 0 1 0 0 0 1 0 0 0 1 0 0 0 1 0 0 0 1 0 0 0 1 0 0 0 1 0 0 0 1 0 0 0 1 0 0 0 1 0 0 0 1 0 0 0 1 0 0 0 1 0 0 0 1 0 0 0 1 0 0 0 1 0 0 0 1 0 0 0 1 0 0 0 1 0 0 0 1 0 0 0 1 0 0 0 1 0 0 0 1 0 0 0 1 0 0 0 1 0 0 0 1 0 0 0 1 0 0 0 1 0 0 0 1 0 0 0 1 0 0 0 1 0 0 0 1 0 0 0 1 0 0 0 1 0 0 0 1 0 0 0 1 0 0 0 1 0 0 0 1 0 0 0 1 0 0 0 1 0 0 0 1 0 0 0 1 0 0 0 1 0 0 0 1 0 0 0 1 0 0 0 1 0 0 0 1 0 0 0 1 0 0 0 1 0 0 0 1 0 0 0 1 0 0 0 1 0 0 0 1 0 0 0 1 0 0 0 1 0 0 0 1 0 0 0 1 0 0 0 1 0 0 0 1 0 0 0 1 0 0 0 1 0 0 0 1 0 0 0 1 0 0 0 1 0 0 0 1 0 0 0 1 0 0 0 1 0 0 0 1 0 0 0 1 0 0 0 1 0 0 0 1 0 0 0 1 0 0 0 1 0 0 0 1 0 0 0 1 0 0 0 1 0 0 0 1 0 0 0 1 0 0 0 1 0 0 0 1 0 0 0 1 0 0 0 1 0 0 0 1 0 0 0 1 0 0 0 1 0 0 0 1 0 0 0 1 0 0 0 1 0 0 0 1 0 0 0 1 0 0 0 1 0 0 0 1 0 0 0 1 0 0 0 1 0 0 0 1 0 0 0 1 0 0 0 1 0 0 0 1 0 0 0 1 0 0 0 1 0 0 0 1 0 0 0 1 0 0 0 1 0 0 0 1 0 0 0 1 0 0 0 1 0 0 0 1 0 0 0 1 0 0 0 1 0 0 0 1 0 0 0 1 0 0 0 1 0 0 0 1 0 0 0 1 0 0 0 1 0 0 0 1 0 0 0 1 0 0 0 1 0 0 0 1 0 0 0 1 0 0 0 1 0 0 0 1 0 0 0 1 0 0 0 1 0 0 0 1 0 0 0 1 0 0 0 1 0 0 0 1 0 0 0 1 0 0 0 1 0 0 0 1 0 0 0 1 0 0 0 1 0 0 0 1 0 0 0 1 0 0 0 1 0 0 0 1 0 0 0 1 0 0 0 1 0 0 0 1 0 0 0 1 0 0 0 1 0 0 0 1 0 0 0 1 0 0 0 1 0 0 0 1 0 0 0 1 0 0 0 1 0 0 0 1 0 0 0 1 0 0 0 1 0 0 0 1 0 0 0 1 0 0 0 1 0 0 0 1 0 0 0 1 0 0 0 1 0 0 0 1 0 0 0 1 0 0 0 1 0 0 0 1 0 0 0 1 0 0 0 1 0 0 0 1 0 0 0 1 0 0 0 1 0 0 0 1 0 0 0 1 0 0 0 1 0 0 0 1 0 0 0 1 0 0 0 1 0 0 0 1 0 0 0 1 0 0 0 1 0 0 0 1 0 0 0 1 0 0 0 1 0 0 0 1 0 0 0 1 0 0 0 1 0 0 0 1 0 0 0 1 0 0 0 1 0 0 0 1 0 0 0 1 0 0 0 1 0 0 0 1 0 0 0 1 0 0 0 1 0 0 0 1 0 0 0 1 0 0 0 1 0 0 0 1 0 0 0 1 0 0 0 1 0 0 0 1 0 0 0 1 0 0 0 1 0 0 0 1 0 0 0 1 0 0 0 1 0 0 0 1 0 0 0 1 0 0 0 1 0 0 0 1 0 0 0 1 0 0 0 1 0 0 0 1 0 0 0 1 0 0 0 1 0 0 0 1 0 0 0 1 0 0 0 1 0 0 0 1 0 0 0 1 0 0 0 1 0 0 0 1 0 0 0 1 0 0 0 1 0 0 0 1 0 0 0 1 0 0 0 1 0 0 0 1 0 0 0 1 0 0 0 1 0 0 0 1 0 0 0 1 0 0 0 1 0 0 0 1 0 0 0 1 0 0 0 1 0 0 0 1 0 0 0 1 0 0 0 1 0 0 0 1 0 0 0 1 0 0 0 1 0 0 0 1 0 0 0 1 0 0 0 1 0 0 0 1 0 0 0 1 0 0 0 1 0 0 0 1 0 0 0 1 0 0 0 1 0 0 0 1 0 0 0 1 0 0 0 1 0 0 0 1 0 0 0 1 0 0 0 1 0 0 0 1 0 0 0 1 0 0 0 1 0 0 0 1 0 0 0 1 0 0 0 1 0 0 0 1 0 0 0 1 0 0 0 1 0 0 0 1 0 0 0 1 0 0 0 1 0 0 0 1 0 0 0 1 0 0 0 1 0 0 0 1 0 0 0 1 0 0 0 1 0 0 0 1 0 0 0 1 0 0 0 1 0 0 0 1 0 0 0 1 0 0 0 1 0 0 0 1 0 0 0 1 0 0 0 1 0 0 0 1 0 0 0 1 0 0 0 1 0 0 0 1 0 0 0 1 0 0 0 1 0 0 0 1 0 0 0 1 0 0 0 1 0 0 0 1 0 0 0 1 0 0 0 1 0 0 0 1 0 0 0 1 0 0 0 1 0 0 0 1 0 0 0 1 0 0 0 1 0 0 0 1 0 0 0 1 0 0 0 1 0 0 0 1 0 0 0 1 0 0 0 1 0 0 0 1 0 0 0 1 0 0 0 1 0 0 0 1 0 0 0 1 0 0 0 1 0 0 0 1 0 0 0 1 0 0 0 1 0 0 0 1 0 0 0 1 0 0 0 1 0 0 0 1 0 0 0 1 0 0 0 1 0 0 0 1 0 0 0 1 0 0 0 1 0 0 0 1 0 0 0 1 0 0 0 1 0 0 0 1 0 0 0 1 0 0 0 1 0 0 0 1 0 0 0 1 0 0 0 1 0 0 0 1 0 0 0 1 0 0 0 1 0 0 0 1 0 0 0 1 0 0 0 1 0 0 0 1 0 0 0 1 0 0 0 1 0 0 0 1 0 0 0 1 0 0 0 1 0 0 0 1 0 0 0 1 0 0 0 1 0 0 0 1 0 0 0 1 0 0 0 1 0 0 0 1 0 0 0 1 0 0 0 1 0 0 0 1 0 0 0 1 0 0 0 1 0 0 0 1 0 0 0 1 0 0 0 1 0 0 0 1 0 0 0 1 0 0 0 1 0 0 0 1 0 0 0 1 0 0 0 1 0 0 0 1 0 0 0 1 0 0 0 1 0 0 0 1 0 0 0 1 0 0 0 1 0 0 0 1 0 0 0 1 0 0 0 1 0 0 0 1 0 0 0 1 0 0 0 1 0 0 0 1 0 0 0 1 0 0 0 1 0 0 0 1 0 0 0 1 0 0 0 1 0 0 0 1 0 0 0 1 0 0 0 1 0 0 0 1 0 0 0 1 0 0 0 1 0 0 0 1 0 0 0 1 0 0 0 1 0 0 0 1 0 0 0 1 0 0 0 1 0 0 0 1 0 0 0 1 0 0 0 1 0 0 0 1 0 0 0 1 0 0 0 1 0 0 0 1 0 0 0 1 0 0 0 1 0 0 0 1 0 0 0 1 0 0 0 1 0 0 0 1 0 0 0 1 0 0 0 1 0 0 0 1 0 0 0 1 0 0 0 1 0 0 0 1 0 0 0 1 0 0 0 1 0 0 0 1 0 0 0 1 0 0 0 1 0 0 0 1 0 0 0 1 0 0 0 1 0 0 0 1 0 0 0 1 0 0 0 1 0 0 0 1 0 0 0 1 0 0 0 1 0 0 0 1 0 0 0 1 0 0 0 1 0 0 0 1 0 0 0 1 0 0 0 1 0 0 0 1 0 0 0 1 0 0 0 1 0 0 0 1 0 0 0 1 0 0 0 1 0 0 0 1 0 0 0 1 0 0 0 1 0 0 0 1 0 0 0 1 0 0 0 1 0 0 0 1 0 0 0 1 0 0 0 1 0 0 0 1 0 0 0 1 0 0 0 1 0 0 0 1 0 0 0 1 0 0 0 1 0 0 0 1 0 0 0 1 0 0 0 1 0 0 0 1 0 0 0 1 0 0 0 1 0 0 0 1 0 0 0 1 0 0 0 1 0 0 0 1 0 0 0 1 0 0 0 1 0 0 0 1 0 0 0 1 0 0 0 1 0 0 0 1 0 0 0 1 0 0 0 1 0 0 0 1 0 0 0 1 0 0 0 1 0 0 0 1 0 0 0 1 0 0 0 1 0 0 0 1 0 0 0 1 0 0 0 1 0 0 0 1 0 0 0 1 0 0 0 1 0 0 0 1 0 0 0 1 0 0 0 1 0 0 0 1 0 0 0 1 0 0 0 1 0 0 0 1 0 0 0 1 0 0 0 1 0 0 0 1 0 0 0 1 0 0 0 1 0 0 0 1 0 0 0 1 0 0 0 1 0 0 0 1 0 0 0 1 0 0 0 1 0 0 0 1 0 0 0 1 0 0 0 1 0 0 0 1 0 0 0 1 0 0 0 1 0 0 0 1 0 0 0 1 0 0 0 1 0 0 0 1 0 0 0 1 0 0 0 1 0 0 0 1 0 0 0 1 0 0 0 1 0 0 0 1 0 0 0 1 0 0 0 1 0 0 0 1 0 0 0 1 0 0 0 1 0 0 0 1 0 0 0 1 0 0 0 1 0 0 0 1 0 0 0 1 0 0 0 1 0 0 0 1 0 0 0 1 0 0 0 1 0 0 0 1 0 0 0 1 0 0 0 1 0 0 0 1 0 0 0 1 0 0 0 1 0 0 0 1 0 0 0 1 0 0 0 1 0 0 0 1 0 0 0 1 0 0 0 1 0 0 0 1 0 0 0 1 0 0 0 1 0 0 0 1 0 0 0 1 0 0 0 1 0 0 0 1 0 0 0 1 0 0 0 1 0 0 0 1 0 0 0 1 0 0 0 1 0 0 0 1 0 0 0 1 0 0 0 1 0 0 0 1 0 0 0 1 0 0 0 1 0 0 0 1 0 0 0 1 0 0 0 1 0 0 0 1 0 0 0 1 0 0 0 1 0 0 0 1 0 0 0 1 0 0 0 1 0 0 0 1 0 0 0 1 0 0 0 1 0 0 0 1 0 0 0 1 0 0 0 1 0 0 0 1 0 0 0 1 0 0 0 1 0 0 0 1 0 0 0 1 0 0 0 1 0 0 0 1 0 0 0 1 0 0 0 1 0 0 0 1 0 0 0 1 0 0 0 1 0 0 0 1 0 0 0 1 0 0 0 1 0 0 0 1 0 0 0 1 0 0 0 1 0 0 0 1 0 0 0 1 0 0 0 1 0 0 0 1 0 0 0 1 0 0 0 1 0 0 0 1 0 0 0 1 0 0 0 1 0 0 0 1 0 0 0 1 0 0 0 1 0 0 0 1 0 0 0 1 0 0 0 1 0 0 0 1 0 0 0 1 0 0 0 1 0 0 0 1 0 0 0 1 0 0 0 1 0 0 0 1 0 0 0 1 0 0 0 1 0 0 0 1 0 0 0 1 0 0 0 1 0 0 0 1 0 0 0 1 0 0 0 1 0 0 0 1 0 0 0 1 0 0 0 1 0 0 0 1 0 0 0 1 0 0 0 1 0 0 0 1 0 0 0 1 0 0 0 1 0 0 0 1 0 0 0 1 0 0 0 1 0 0 0 1 0 0 0 1 0 0 0 1 0 0 0 1 0 0 0 1 0 0 0 1 0 0 0 1 0 0 0 1 0 0 0 1 0 0 0 1 0 0 0 1 0 0 0 1 0 0 0 1 0 0 0 1 0 0 0 1 0 0 0 1 0 0 0 1 0 0 0 1 0 0 0 1 0 0 0 1 0 0 0 1 0 0 0 1 0 0 0 1 0 0 0 1 0 0 0 1 0 0 0 1 0 0 0 1 0 0 0 1 0 0 0 1 0 0 0 1 0 0 0 1 0 0 0 1 0 0 0 1 0 0 0 1 0 0 0 1 0 0 0 1 0 0 0 1 0 0 0 1 0 0 0 1 0 0 0 1 0 0 0 1 0 0 0 1 0 0 0 1 0 0 0 1 0 0 0 1 0 0 0 1 0 0 0 1 0 0 0 1 0 0 0 1 0 0 0 1 0 0 0 1 0 0 0 1 0 0 0 1 0 0 0 1 0 0 0 1 0 0 0 1 0 0 0 1 0 0 0 1 0 0 0 1 0 0 0 1 0 0 0 1 0 0 0 1 0 0 0 1 0 0 0 1 0 0 0 1 0 0 0 1 0 0 0 1 0 0 0 1 0 0 0 1 0 0 0 1 0 0 0 1 0 0 0 1 0 0 0 1 0 0 0 1 0 0 0 1 0 0 0 1 0 0 0 1 0 0 0 1 0 0 0 1 0 0 0 1 0 0 0 1 0 0 0 1 0 0 0 1 0 0 0 1 0 0 0 1 0 0 0 1 0 0 0 1 0 0 0 1 0 0 0 1 0 0 0 1 0 0 0 1 0 0 0 1 0 0 0 1 0 0 0 1 0 0 0 1 0 0 0 1 0 0 0 1 0 0 0 1 0 0 0 1 0 0 0 1 0 0 0 1 0 0 0 1 0 0 0 1 0 0 0 1 0 0 0 1 0 0 0 1 0 0 0 1 0 0 0 1 0 0 0 1 0 0 0 1 0 0 0 1 0 0 0 1 0 0 0 1 0 0 0 1 0 0 0 1 0 0 0 1 0 0 0 1 0 0 0 1 0 0 0 1 0 0 0 1 0 0 0 1 0 0 0 1 0 0 0 1 0 0 0 1 0 0 0 1 0 0 0 1 0 0 0 1 0 0 0 1 0 0 0 1 0 0 0 1 0 0 0 1 0 0 0 1 0 0 0 1 0 0 0 1 0 0 0 1 0 0 0 1 0 0 0 1 0 0 0 1 0 0 0 1 0 0 0 1 0 0 0 1 0 0 0 1 0 0 0 1 0 0 0 1 0 0 0 1 0 0 0 1 0 0 0 1 0 0 0 1 0 0 0 1 0 0 0 1 0 0 0 1 0 0 0 1 0 0 0 1 0 0 0 1 0 0 0 1 0 0 0 1 0 0 0 1 0 0 0 1 0 0 0 1 0 0 0 1 0 0 0 1 0 0 0 1 0 0 0 1 0 0 0 1 0 0 0 1 0 0 0 1 0 0 0 1 0 0 0 1 0 0 0 1 0 0 0 1 0 0 0 1 0 0 0 1 0 0 0 1 0 0 0 1 0 0 0 1 0 0 0 1 0 0 0 1 0 0 0 1 0 0 0 1 0 0 0 1 0 0 0 1 0 0 0 1 0 0 0 1 0 0 0 1 0 0 0 1 0 0 0 1 0 0 0 1 0 0 0 1 0 0 0 1 0 0 0 1 0 0 0 1 0 0 0 1 0 0 0 1 0 0 0 1 0 0 0 1 0 0 0 1 0 0 0 1 0 0 0 1 0 0 0 1 0 0 0 1 0 0 0 1 0 0 0 1 0 0 0 1 0 0 0 1 0 0 0 1 0 0 0 1 0 0 0 1 0 0 0 1 0 0 0 1 0 0 0 1 0 0 0 1 0 0 0 1 0 0 0 1 0 0 0 1 0 0 0 1 0 0 0 1 0 0 0 1 0 0 0 1 0 0 0 1 0 0 0 1 0 0 0 1 0 0 0 1 0 0 0 1 0 0 0 1 0 0 0 1 0 0 0 1 0 0 0 1 0 0 0 1 0 0 0 1 0 0 0 1 0 0 0 1 0 0 0 1 0 0 0 1 0 0 0 1 0 0 0 1 0 0 0 1 0 0 0 1 0 0 0 1 0 0 0 1 0 0 0 1 0 0 0 1 0 0 0 1 0 0 0 1 0 0 0 1 0 0 0 1 0 0 0 1 0 0 0 1 0 0 0 1 0 0 0 1 0 0 0 1 0 0 0 1 0 0 0 1 0 0 0 1 0 0 0 1 0 0 0 1 0 0 0 1 0 0 0 1 0 0 0 1 0 0 0 1 0 0 0 1 0 0 0 1 0 0 0 1 0 0 0 1 0 0 0 1 0 0 0 1 0 0 0 1 0 0 0 1 0 0 0 1 0 0 0 1 0 0 0 1 0 0 0 1 0 0 0 1 0 0 0 1 0 0 0 1 0 0 0 1 0 0 0 1 0 0 0 1 0 0 0 1 0 0 0 1 0 0 0 1 0 0 0 1 0 0 0 1 0 0 0 1 0 0 0 1 0 0 0 1 0 0 0 1 0 0 0 1 0 0 0 1 0 0 0 1 0 0 0 1 0 0 0 1 0 0 0 1 0 0 0 1 0 0 0 1 0 0 0 1 0 0 0 1 0 0 0 1 0 0 0 1 0 0 0 1 0 0 0 1 0 0 0 1 0 0 0 1 0 0 0 1 0 0 0 1 0 0 0 1 0 0 0 1 0 0 0 1 0 0 0 1 0 0 0 1 0 0 0 1 0 0 0 1 0 0 0 1 0 0 0 1 0 0 0 1 0 0 0 1 0 0 0 1 0 0 0 1 0 0 0 1 0 0 0 1 0 0 0 1 0 0 0 1 0 0 0 1 0 0 0 1 0 0 0 1 0 0 0 1 0 0 0 1 0 0 0 1 0 0 0 1 0 0 0 1 0 0 0 1 0 0 0 1 0 0 0 1 0 0 0 1 0 0 0 1 0 0 0 1 0 0 0 1 0 0 0 1 0 0 0 1 0 0 0 1 0 0 0 1 0 0 0 1 0 0 0 1 0 0 0 1 0 0 0 1 0 0 0 1 0 0 0 1 0 0 0 1 0 0 0 1 0 0 0 1 0 0 0 1 0 0 0 1 0 0 0 1 0 0 0 1 0 0 0 1 0 0 0 1 0 0 0 1 0 0 0 1 0 0 0 1 0 0 0 1 0 0 0 1 0 0 0 1 0 0 0 1 0 0 0 1 0 0 0 1 0 0 0 1 0 0 0 1 0 0 0 1 0 0 0 1 0 0 0 1 0 0 0 1 0 0 0 1 0 0 0 1 0 0 0 1 0 0 0 1 0 0 0 1 0 0 0 1 0 0 0 1 0 0 0 1 0 0 0 1 0 0 0 1 0 0 0 1 0 0 0 1 0 0 0 1 0 0 0 1 0 0 0 1 0 0 0 1 0 0 0 1 0 0 0 1 0 0 0 1 0 0 0 1 0 0 0 1 0 0 0 1 0 0 0 1 0 0 0 1 0 0 0 1 0 0 0 1 0 0 0 1 0 0 0 1 0 0 0 1 0 0 0 1 0 0 0 1 0 0 0 1 0 0 0 1 0 0 0 1 0 0 0 1 0 0 0 1 0 0 0 1 0 0 0 1 0 0 0 1 0 0 0 1 0 0 0 1 0 0 0 1 0 0 0 1 0 0 0 1 0 0 0 1 0 0 0 1 0 0 0 1 0 0 0 1 0 0 0 1 0 0 0 1 0 0 0 1 0 0 0 1 0 0 0 1 0 0 0 1 0 0 0 1 0 0 0 1 0 0 0 1 0 0 0 1 0 0 0 1 0 0 0 1 0 0 0 1 0 0 0 1 0 0 0 1 0 0 0 1 0 0 0 1 0 0 0 1 0 0 0 1 0 0 0 1 0 0 0 1 0 0 0 1 0 0 0 1 0 0 0 1 0 0 0 1 0 0 0 1 0 0 0 1 0 0 0 1 0 0 0 1 0 0 0 1 0 0 0 1 0 0 0 1 0 0 0 1 0 0 0 1 0 0 0 1 0 0 0 1 0 0 0 1 0 0 0 1 0 0 0 1 0 0 0 1 0 0 0 1 0 0 0 1 0 0 0 1 0 0 0 1 0 0 0 1 0 0 0 1 0 0 0 1 0 0 0 1 0 0 0 1 0 0 0 1 0 0 0 1 0 0 0 1 0 0 0 1 0 0 0 1 0 0 0 1 0 0 0 1 0 0 0 1 0 0 0 1 0 0 0 1 0 0 0 1 0 0 0 1 0 0 0 1 0 0 0 1 0 0 0 1 0 0 0 1 0 0 0 1 0 0 0 1 0 0 0 1 0 0 0 1 0 0 0 1 0 0 0 1 0 0 0 1 0 0 0 1 0 0 0 1 0 0 0 1 0 0 0 1 0 0 0 1 0 0 0 1 0 0 0 1 0 0 0 1 0 0 0 1 0 0 0 1 0 0 0 1 0 0 0 1 0 0 0 1 0 0 0 1 0 0 0 1 0 0 0 1 0 0 0 1 0 0 0 1 0 0 0 1 0 0 0 1 0 0 0 1 0 0 0 1 0 0 0 1 0 0 0 1 0 0 0 1 0 0 0 1 0 0 0 1 0 0 0 1 0 0 0 1 0 0 0 1 0 0 0 1 0 0 0 1 0 0 0 1 0 0 0 1 0 0 0 1 0 0 0 1 0 0 0 1 0 0 0 1 0 0 0 1 0 0 0 1 0 0 0 1 0 0 0 1 0 0 0 1 0 0 0 1 0 0 0 1 0 0 0 1 0 0 0 1 0 0 0 1 0 0 0 1 0 0 0 1 0 0 0 1 0 0 0 1 0 0 0 1 0 0 0 1 0 0 0 1 0 0 0 1 0 0 0 1 0 0 0 1 0 0 0 1 0 0 0 1 0 0 0 1 0 0 0 1 0 0 0 1 0 0 0 1 0 0 0 1 0 0 0 1 0 0 0 1 0 0 0 1 0 0 0 1 0 0 0 1 0 0 0 1 0 0 0 1 0 0 0 1 0 0 0 1 0 0 0 1 0 0 0 1 0 0 0 1 0 0 0 1 0 0 0 1 0 0 0 1 0 0 0 1 0 0 0 1 0 0 0 1 0 0 0 1 0 0 0 1 0 0 0 1 0 0 0 1 0 0 0 1 0 0 0 1 0 0 0 1 0 0 0 1 0 0 0 1 0 0 0 1 0 0 0 1 0 0 0 1 0 0 0 1 0 0 0 1 0 0 0 1 0 0 0 1 0 0 0 1 0 0 0 1 0 0 0 1 0 0 0 1 0 0 0 1 0 0 0 1 0 0 0 1 0 0 0 1 0 0 0 1 0 0 0 1 0 0 0 1 0 0 0 1 0 0 0 1 0 0 0 1 0 0 0 1 0 0 0 1 0 0 0 1 0 0 0 1 0 0 0 1 0 0 0 1 0 0 0 1 0 0 0 1 0 0 0 1 0 0 0 1 0 0 0 1 0 0 0 1 0 0 0 1 0 0 0 1 0 0 0 1 0 0 0 1 0 0 0 1 0 0 0 1 0 0 0 1 0 0 0 1 0 0 0 1 0 0 0 1 0 0 0 1 0 0 0 1 0 0 0 1 0 0 0 1 0 0 0 1 0 0 0 1 0 0 0 1 0 0 0 1 0 0 0 1 0 0 0 1 0 0 0 1 0 0 0 1 0 0 0 1 0 0 0 1 0 0 0 1 0 0 0 1 0 0 0 1 0 0 0 1 0 0 0 1 0 0 0 1 0 0 0 1 0 0 0 1 0 0 0 1 0 0 0 1 0 0 0 1 0 0 0 1 0 0 0 1 0 0 0 1 0 0 0 1 0 0 0 1 0 0 0 1 0 0 0 1 0 0 0 1 0 0 0 1 0 0 0 1 0 0 0 1 0 0 0 1 0 0 0 1 0 0 0 1 0 0 0 1 0 0 0 1 0 0 0 1 0 0 0 1 0 0 0 1 0 0 0 1 0 0 0 1 0 0 0 1 0 0 0 1 0 0 0 1 0 0 0 1 0 0 0 1 0 0 0 1 0 0 0 1 0 0 0 1 0 0 0 1 0 0 0 1 0 0 0 1 0 0 0 1 0 0 0 1 0 0 0 1 0 0 0 1 0 0 0 1 0 0 0 1 0 0 0 1 0 0 0 1 0 0 0 1 0 0 0 1 0 0 0 1 0 0 0 1 0 0 0 1 0 0 0 1 0 0 0 1 0 0 0 1 0 0 0 1 0 0 0 1 0 0 0 1 0 0 0 1 0 0 0 1 0 0 0 1 0 0 0 1 0 0 0 1 0 0 0 1 0 0 0 1 0 0 0 1 0 0 0 1 0 0 0 1 0 0 0 1 0 0 0 1 0 0 0 1 0 0 0 1 0 0 0 1 0 0 0 1 0 0 0 1 0 0 0 1 0 0 0 1 0 0 0 1 0 0 0 1 0 0 0 1 0 0 0 1 0 0 0 1 0 0 0 1 0 0 0 1 0 0 0 1 0 0 0 1 0 0 0 1 0 0 0 1 0 0 0 1 0 0 0 1 0 0 0 1 0 0 0 1 0 0 0 1 0 0 0 1 0 0 0 1 0 0 0 1 0 0 0 1 0 0 0 1 0 0 0 1 0 0 0 1 0 0 0 1 0 0 0 1 0 0 0 1 0 0 0 1 0 0 0 1 0 0 0 1 0 0 0 1 0 0 0 1 0 0 0 1 0 0 0 1 0 0 0 1 0 0 0 1 0 0 0 1 0 0 0 1 0 0 0 1 0 0 0 1 0 0 0 1 0 0 0 1 0 0 0 1 0 0 0 1 0 0 0 1 0 0 0 1 0 0 0 1 0 0 0 1 0 0 0 1 0 0 0 1 0 0 0 1 0 0 0 1 0 0 0 1 0 0 0 1 0 0 0 1 0 0 0 1 0 0 0 1 0 0 0 1 0 0 0 1 0 0 0 1 0 0 0 1 0 0 0 1 0 0 0 1 0 0 0 1 0 0 0 1 0 0 0 1 0 0 0 1 0 0 0 1 0 0 0 1 0 0 0 1 0 0 0 1 0 0 0 1 0 0 0 1 0 0 0 1 0 0 0 1 0 0 0 1 0 0 0 1 0 0 0 1 0 0 0 1 0 0 0 1 0 0 0 1 0 0 0 1 0 0 0 1 0 0 0 1 0 0 0 1 0 0 0 1 0 0 0 1 0 0 0 1 0 0 0 1 0 0 0 1 0 0 0 1 0 0 0 1 0 0 0 1 0 0 0 1 0 0 0 1 0 0 0 1 0 0 0 1 0 0 0 1 0 0 0 1 0 0 0 1 0 0 0 1 0 0 0 1 0 0 0 1 0 0 0 1 0 0 0 1 0 0 0 1 0 0 0 1 0 0 0 1 0 0 0 1 0 0 0 1 0 0 0 1 0 0 0 1 0 0 0 1 0 0 0 1 0 0 0 1 0 0 0 1 0 0 0 1 0 0 0 1 0 0 0 1 0 0 0 1 0 0 0 1 0 0 0 1 0 0 0 1 0 0 0 1 0 0 0 1 0 0 0 1 0 0 0 1 0 0 0 1 0 0 0 1 0 0 0 1 0 0 0 1 0 0 0 1 0 0 0 1 0 0 0 1 0 0 0 1 0 0 0 1 0 0 0 1 0 0 0 1 0 0 0 1 0 0 0 1 0 0 0 1 0 0 0 1 0 0 0 1 0 0 0 1 0 0 0 1 0 0 0 1 0 0 0 1 0 0 0 1 0 0 0 1 0 0 0 1 0 0 0 1 0 0 0 1 0 0 0 1 0 0 0 1 0 0 0 1 0 0 0 1 0 0 0 1 0 0 0 1 0 0 0 1 0 0 0 1 0 0 0 1 0 0 0 1 0 0 0 1 0 0 0 1 0 0 0 1 0 0 0 1 0 0 0 1 0 0 0 1 0 0 0 1 0 0 0 1 0 0 0 1 0 0 0 1 0 0 0 1 0 0 0 1 0 0 0 1 0 0 0 1 0 0 0 1 0 0 0 1 0 0 0 1 0 0 0 1 0 0 0 1 0 0 0 1 0 0 0 1 0 0 0 1 0 0 0 1 0 0 0 1 0 0 0 1 0 0 0 1 0 0 0 1 0 0 0 1 0 0 0 1 0 0 0 1 0 0 0 1 0 0 0 1 0 0 0 1 0 0 0 1 0 0 0 1 0 0 0 1 0 0 0 1 0 0 0 1 0 0 0 1 0 0 0 1 0 0 0 1 0 0 0 1 0 0 0 1 0 0 0 1 0 0 0 1 0 0 0 1 0 0 0 1 0 0 0 1 0 0 0 1 0 0 0 1 0 0 0 1 0 0 0 1 0 0 0 1 0 0 0 1 0 0 0 1 0 0 0 1 0 0 0 1 0 0 0 1 0 0 0 1 0 0 0 1 0 0 0 1 0 0 0 1 0 0 0 1 0 0 0 1 0 0 0 1 0 0 0 1 0 0 0 1 0 0 0 1 0 0 0 1 0 0 0 1 0 0 0 1 0 0 0 1 0 0 0 1 0 0 0 1 0 0 0 1 0 0 0 1 0 0 0 1 0 0 0 1 0 0 0 1 0 0 0 1 0 0 0 1 0 0 0 1 0 0 0 1 0 0 0 1 0 0 0 1 0 0 0 1 0 0 0 1 0 0 0 1 0 0 0 1 0 0 0 1 0 0 0 1 0 0 0 1 0 0 0 1 0 0 0 1 0 0 0 1 0 0 0 1 0 0 0 1 0 0 0 1 0 0 0 1 0 0 0 1 0 0 0 1 0 0 0 1 0 0 0 1 0 0 0 1 0 0 0 1 0 0 0 1 0 0 0 1 0 0 0 1 0 0 0 1 0 0 0 1 0 0 0 1 0 0 0 1 0 0 0 1 0 0 0 1 0 0 0 1 0 0 0 1 0 0 0 1 0 0 0 1 0 0 0 1 0 0 0 1 0 0 0 1 0 0 0 1 0 0 0 1 0 0 0 1 0 0 0 1 0 0 0 1 0 0 0 1 0 0 0 1 0 0 0 1 0 0 0 1 0 0 0 1 0 0 0 1 0 0 0 1 0 0 0 1 0 0 0 1 0 0 0 1 0 0 0 1 0 0 0 1 0 0 0 1 0 0 0 1 0 0 0 1 0 0 0 1 0 0 0 1 0 0 0 1 0 0 0 1 0 0 0 1 0 0 0 1 0 0 0 1 0 0 0 1 0 0 0 1 0 0 0 1 0 0 0 1 0 0 0 1 0 0 0 1 0 0 0 1 0 0 0 1 0 0 0 1 0 0 0 1 0 0 0 1 0 0 0 1 0 0 0 1 0 0 0 1 0 0 0 1 0 0 0 1 0 0 0 1 0 0 0 1 0 0 0 1 0 0 0 1 0 0 0 1 0 0 0 1 0 0 0 1 0 0 0 1 0 0 0 1 0 0 0 1 0 0 0 1 0 0 0 1 0 0 0 1 0 0 0 1 0 0 0 1 0 0 0 1 0 0 0 1 0 0 0 1 0 0 0 1 0 0 0 1 0 0 0 1 0 0 0 1 0 0 0 1 0 0 0 1 0 0 0 1 0 0 0 1 0 0 0 1 0 0 0 1 0 0 0 1 0 0 0 1 0 0 0 1 0 0 0 1 0 0 0 1 0 0 0 1 0 0 0 1 0 0 0 1 0 0 0 1 0 0 0 1 0 0 0 1 0 0 0 1 0 0 0 1 0 0 0 1 0 0 0 1 0 0 0 1 0 0 0 1 0 0 0 1 0 0 0 1 0 0 0 1 0 0 0 1 0 0 0 1 0 0 0 1 0 0 0 1 0 0 0 1 0 0 0 1 0 0 0 1 0 0 0 1 0 0 0 1 0 0 0 1 0 0 0 1 0 0 0 1 0 0 0 1 0 0 0 1 0 0 0 1 0 0 0 1 0 0 0 1 0 0 0 1 0 0 0 1 0 0 0 1 0 0 0 1 0 0 0 1 0 0 0 1 0 0 0 1 0 0 0 1 0 0 0 1 0 0 0 1 0 0 0 1 0 0 0 1 0 0 0 1 0 0 0 1 0 0 0 1 0 0 0 1 0 0 0 1 0 0 0 1 0 0 0 1 0 0 0 1 0 0 0 1 0 0 0 1 0 0 0 1 0 0 0 1 0 0 0 1 0 0 0 1 0 0 0 1 0 0 0 1 0 0 0 1 0 0 0 1 0 0 0 1 0 0 0 1 0 0 0 1 0 0 0 1 0 0 0 1 0 0 0 1 0 0 0 1 0 0 0 1 0 0 0 1 0 0 0 1 0 0 0 1 0 0 0 1 0 0 0 1 0 0 0 1 0 0 0 1 0 0 0 1 0 0 0 1 0 0 0 1 0 0 0 1 0 0 0 1 0 0 0 1 0 0 0 1 0 0 0 1 0 0 0 1 0 0 0 1 0 0 0 1 0 0 0 1 0 0 0 1 0 0 0 1 0 0 0 1 0 0 0 1 0 0 0 1 0 0 0 1 0 0 0 1 0 0 0 1 0 0 0 1 0 0 0 1 0 0 0 1 0 0 0 1 0 0 0 1 0 0 0 1 0 0 0 1 0 0 0 1 0 0 0 1 0 0 0 1 0 0 0 1 0 0 0 1 0 0 0 1 0 0 0 1 0 0 0 1 0 0 0 1 0 0 0 1 0 0 0 1 0 0 0 1 0 0 0 1 0 0 0 1 0 0 0 1 0 0 0 1 0 0 0 1 0 0 0 1 0 0 0 1 0 0 0 1 0 0 0 1 0 0 0 1 0 0 0 1 0 0 0 1 0 0 0 1 0 0 0 1 0 0 0 1 0 0 0 1 0 0 0 1 0 0 0 1 0 0 0 1 0 0 0 1 0 0 0 1 0 0 0 1 0 0 0 1 0 0 0 1 0 0 0 1 0 0 0 1 0 0 0 1 0 0 0 1 0 0 0 1 0 0 0 1 0 0 0 1 0 0 0 1 0 0 0 1 0 0 0 1 0 0 0 1 0 0 0 1 0 0 0 1 0 0 0 1 0 0 0 1 0 0 0 1 0 0 0 1 0 0 0 1 0 0 0 1 0 0 0 1 0 0 0 1 0 0 0 1 0 0 0 1 0 0 0 1 0 0 0 1 0 0 0 1 0 0 0 1 0 0 0 1 0 0 0 1 0 0 0 1 0 0 0 1 0 0 0 1 0 0 0 1 0 0 0 1 0 0 0 1 0 0 0 1 0 0 0 1 0 0 0 1 0 0 0 1 0 0 0 1 0 0 0 1 0 0 0 1 0 0 0 1 0 0 0 1 0 0 0 1 0 0 0 1 0 0 0 1 0 0 0 1 0 0 0 1 0 0 0 1 0 0 0 1 0 0 0 1 0 0 0 1 0 0 0 1 0 0 0 1 0 0 0 1 0 0 0 1 0 0 0 1 0 0 0 1 0 0 0 1 0 0 0 1 0 0 0 1 0 0 0 1 0 0 0 1 0 0 0 1 0 0 0 1 0 0 0 1 0 0 0 1 0 0 0 1 0 0 0 1 0 0 0 1 0 0 0 1 0 0 0 1 0 0 0 1 0 0 0 1 0 0 0 1 0 0 0 1 0 0 0 1 0 0 0 1 0 0 0 1 0 0 0 1 0 0 0 1 0 0 0 1 0 0 0 1 0 0 0 1 0 0 0 1 0 0 0 1 0 0 0 1 0 0 0 1 0 0 0 1 0 0 0 1 0 0 0 1 0 0 0 1 0 0 0 1 0 0 0 1 0 0 0 1 0 0 0 1 0 0 0 1 0 0 0 1 0 0 0 1 0 0 0 1 0 0 0 1 0 0 0 1 0 0 0 1 0 0 0 1 0 0 0 1 0 0 0 1 0 0 0 1 0 0 0 1 0 0 0 1 0 0 0 1 0 0 0 1 0 0 0 1 0 0 0 1 0 0 0 1 0 0 0 1 0 0 0 1 0 0 0 1 0 0 0 1 0 0 0 1 0 0 0 1 0 0 0 1 0 0 0 1 0 0 0 1 0 0 0 1 0 0 0 1 0 0 0 1 0 0 0 1 0 0 0 1 0 0 0 1 0 0 0 1 0 0 0 1 0 0 0 1 0 0 0 1 0 0 0 1 0 0 0 1 0 0 0 1 0 0 0 1 0 0 0 1 0 0 0 1 0 0 0 1 0 0 0 1 0 0 0 1 0 0 0 1 0 0 0 1 0 0 0 1 0 0 0 1 0 0 0 1 0 0 0 1 0 0 0 1 0 0 0 1 0 0 0 1 0 0 0 1 0 0 0 1 0 0 0 1 0 0 0 1 0 0 0 1 0 0 0 1 0 0 0 1 0 0 0 1 0 0 0 1 0 0 0 1 0 0 0 1 0 0 0 1 0 0 0 1 0 0 0 1 0 0 0 1 0 0 0 1 0 0 0 1 0 0 0 1 0 0 0 1 0 0 0 1 0 0 0 1 0 0 0 1 0 0 0 1 0 0 0 1 0 0 0 1 0 0 0 1 0 0 0 1 0 0 0 1 0 0 0 1 0 0 0 1 0 0 0 1 0 0 0 1 0 0 0 1 0 0 0 1 0 0 0 1 0 0 0 1 0 0 0 1 0 0 0 1 0 0 0 1 0 0 0 1 0 0 0 1 0 0 0 1 0 0 0 1 0 0 0 1 0 0 0 1 0 0 0 1 0 0 0 1 0 0 0 1 0 0 0 1 0 0 0 1 0 0 0 1 0 0 0 1 0 0 0 1 0 0 0 1 0 0 0 1 0 0 0 1 0 0 0 1 0 0 0 1 0 0 0 1 0 0 0 1 0 0 0 1 0 0 0 1 0 0 0 1 0 0 0 1 0 0 0 1 0 0 0 1</float_array>
                    <technique_common>
                        <accessor count="3987" source="#shape0-lib-vcolor-array" stride="4">
                            <param name="R" type="float"/>
                            <param name="G" type="float"/>
                            <param name="B" type="float"/>
                            <param name="A" type="float"/>
                        </accessor>
                    </technique_common>
                </source>
                <source id="shape0-lib-map" name="map">
                    <float_array id="shape0-lib-map-array" count="33522">0.0408429 0.589992 0.0591571 0.589991 0.0591571 0.610009 0.0408429 0.589992 0.0591571 0.610009 0.0408429 0.610008 0.0591571 0.26 0.0408429 0.26 0.0408429 0.24 0.0591571 0.26 0.0408429 0.24 0.0591571 0.24 0.0591571 0.96 0.0408429 0.96 0.0408429 0.94 0.0591571 0.96 0.0408429 0.94 0.0591571 0.94 0.95 0.275 1 0.275 1 0.3 0.95 0.275 1 0.3 0.95 0.3 0.7 0.766827 0.7 0.766827 0.715859 0.771637 0.784141 0.771638 0.8 0.766827 0.8 0.766827 0.583173 0.65 0.578363 0.634141 0.583173 0.65 0.700503 0.649497 0.701115 0.65 0.7 0.65 0.700503 0.649497 0.7 0.65 0.7 0.648885 0.798885 0.65 0.799497 0.649497 0.8 0.65 0.799497 0.649497 0.8 0.648885 0.8 0.65 0.916827 0.65 0.916827 0.65 0.921637 0.634141 0.583173 0.55 0.583173 0.55 0.578363 0.565859 0.7 0.55 0.701115 0.55 0.700824 0.550238 0.700503 0.550503 0.700503 0.550503 0.7 0.551115 0.7 0.55 0.700824 0.550238 0.700503 0.550503 0.7 0.55 0.700503 0.550503 0.7 0.551115 0.700503 0.550503 0.700503 0.550503 0.700824 0.550238 0.799498 0.550503 0.798885 0.55 0.8 0.55 0.799498 0.550503 0.8 0.55 0.8 0.551115 0.921637 0.565859 0.916827 0.55 0.916827 0.55 0.7 0.433173 0.7 0.433173 0.715859 0.428363 0.8 0.433173 0.8 0.433173 0.784141 0.428363 0.1 0.275 0.15 0.275 0.15 0.3 0.1 0.275 0.15 0.3 0.1 0.3 0.15 0.275 0.2 0.275 0.2 0.3 0.15 0.275 0.2 0.3 0.15 0.3 0.2 0.275 0.25 0.275 0.25 0.3 0.2 0.275 0.25 0.3 0.2 0.3 0.25 0.275 0.3 0.275 0.3 0.3 0.25 0.275 0.3 0.3 0.25 0.3 0.4 0.275 0.45 0.275 0.45 0.3 0.4 0.275 0.45 0.3 0.4 0.3 0.475 0.275 0.5 0.275 0.5 0.3 0.475 0.275 0.5 0.3 0.475 0.3 0.525 0.275 0.55 0.275 0.55 0.3 0.525 0.275 0.55 0.3 0.525 0.3 0.55 0.275 0.6 0.275 0.6 0.3 0.55 0.275 0.6 0.3 0.55 0.3 0.625 0.275 0.65 0.275 0.65 0.3 0.625 0.275 0.65 0.3 0.625 0.3 0.675 0.275 0.7 0.275 0.7 0.3 0.675 0.275 0.7 0.3 0.675 0.3 0.8 0.275 0.85 0.275 0.85 0.3 0.8 0.275 0.85 0.3 0.8 0.3 0.85 0.275 0.9 0.275 0.9 0.3 0.85 0.275 0.9 0.3 0.85 0.3 0.9 0.275 0.95 0.275 0.95 0.3 0.9 0.275 0.95 0.3 0.9 0.3 0.25 1 0.3 1 0.3 1 0.25 1 0.3 1 0.25 1 0.1 1 0.15 1 0.15 1 0.1 1 0.15 1 0.1 1 0.15 1 0.2 1 0.2 1 0.15 1 0.2 1 0.15 1 0.2 1 0.25 1 0.25 1 0.2 1 0.25 1 0.2 1 0.5 0.275 0.525 0.275 0.525 0.3 0.5 0.275 0.525 0.3 0.5 0.3 0.65 0.275 0.675 0.275 0.675 0.3 0.65 0.275 0.675 0.3 0.65 0.3 0.6 0.275 0.625 0.275 0.625 0.3 0.6 0.275 0.625 0.3 0.6 0.3 0.6 0.2 0.625 0.2 0.625 0.225 0.6 0.2 0.625 0.225 0.6 0.225 0.65 0.2 0.675 0.2 0.675 0.225 0.65 0.2 0.675 0.225 0.65 0.225 0.5 0.2 0.525 0.2 0.525 0.225 0.5 0.2 0.525 0.225 0.5 0.225 0.9 0.2 0.95 0.2 0.95 0.225 0.9 0.2 0.95 0.225 0.9 0.225 0.85 0.2 0.9 0.2 0.9 0.225 0.85 0.2 0.9 0.225 0.85 0.225 0.8 0.2 0.85 0.2 0.85 0.225 0.8 0.2 0.85 0.225 0.8 0.225 0.675 0.2 0.7 0.2 0.7 0.225 0.675 0.2 0.7 0.225 0.675 0.225 0.625 0.2 0.65 0.2 0.65 0.225 0.625 0.2 0.65 0.225 0.625 0.225 0.55 0.2 0.6 0.2 0.6 0.225 0.55 0.2 0.6 0.225 0.55 0.225 0.525 0.2 0.55 0.2 0.55 0.225 0.525 0.2 0.55 0.225 0.525 0.225 0.475 0.2 0.5 0.2 0.5 0.225 0.475 0.2 0.5 0.225 0.475 0.225 0.4 0.2 0.45 0.2 0.45 0.225 0.4 0.2 0.45 0.225 0.4 0.225 0.25 0.2 0.3 0.2 0.3 0.225 0.25 0.2 0.3 0.225 0.25 0.225 0.2 0.2 0.25 0.2 0.25 0.225 0.2 0.2 0.25 0.225 0.2 0.225 0.15 0.2 0.2 0.2 0.2 0.225 0.15 0.2 0.2 0.225 0.15 0.225 0.1 0.2 0.15 0.2 0.15 0.225 0.1 0.2 0.15 0.225 0.1 0.225 0.95 0.2 1 0.2 1 0.225 0.95 0.2 1 0.225 0.95 0.225 0.45 0.2 0.475 0.2 0.475 0.225 0.45 0.2 0.475 0.225 0.45 0.225 0.45 0.275 0.475 0.275 0.475 0.3 0.45 0.275 0.475 0.3 0.45 0.3 0.7 0.2 0.725 0.2 0.725 0.225 0.7 0.2 0.725 0.225 0.7 0.225 0.7 0.15 0.725 0.15 0.725 0.175 0.7 0.15 0.725 0.175 0.7 0.175 0.7 0.1 0.725 0.1 0.725 0.15 0.7 0.1 0.725 0.15 0.7 0.15 0.7 0.175 0.725 0.175 0.725 0.2 0.7 0.175 0.725 0.2 0.7 0.2 0.7 0.275 0.725 0.275 0.725 0.3 0.7 0.275 0.725 0.3 0.7 0.3 0.7 0.3 0.725 0.3 0.725 0.35 0.7 0.3 0.725 0.35 0.7 0.35 0.7 0.35 0.725 0.35 0.725 0.4 0.7 0.35 0.725 0.4 0.7 0.4 1 0.06 0.95 0.06 0.95 0.04 1 0.06 0.95 0.04 1 0.04 0.2 0.06 0.15 0.06 0.15 0.04 0.2 0.06 0.15 0.04 0.2 0.04 0.252381 0.06 0.25 0.06 0.25 0.04 0.252381 0.06 0.25 0.04 0.252381 0.04 0.475 0.06 0.45 0.06 0.45 0.04 0.475 0.06 0.45 0.04 0.475 0.04 0.6 0.06 0.55 0.06 0.55 0.04 0.6 0.06 0.55 0.04 0.6 0.04 0.675 0.06 0.65 0.06 0.65 0.04 0.675 0.06 0.65 0.04 0.675 0.04 0.725 0.06 0.7 0.06 0.7 0.04 0.725 0.06 0.7 0.04 0.725 0.04 0.9 0.06 0.85 0.06 0.85 0.04 0.9 0.06 0.85 0.04 0.9 0.04 0.7 0.06 0.675 0.06 0.675 0.04 0.7 0.06 0.675 0.04 0.7 0.04 0.5 0.06 0.475 0.06 0.475 0.04 0.5 0.06 0.475 0.04 0.5 0.04 0.95 0 1 0 1 0.04 0.95 0 1 0.04 0.95 0.04 0.95 0.0980952 1 0.0980952 1 0.1 0.95 0.0980952 1 0.1 0.95 0.1 0.9 0 0.95 0 0.95 0.04 0.9 0 0.95 0.04 0.9 0.04 0.9 0.0980952 0.95 0.0980952 0.95 0.1 0.9 0.0980952 0.95 0.1 0.9 0.1 0.85 0 0.9 0 0.9 0.04 0.85 0 0.9 0.04 0.85 0.04 0.85 0.0980952 0.9 0.0980952 0.9 0.1 0.85 0.0980952 0.9 0.1 0.85 0.1 0.8 0 0.85 0 0.85 0.04 0.8 0 0.85 0.04 0.8 0.04 0.8 0.0980952 0.85 0.0980952 0.85 0.1 0.8 0.0980952 0.85 0.1 0.8 0.1 0.7 0.0980952 0.725 0.0980952 0.725 0.1 0.7 0.0980952 0.725 0.1 0.7 0.1 0.7 0 0.725 0 0.725 0.04 0.7 0 0.725 0.04 0.7 0.04 0.675 0 0.7 0 0.7 0.04 0.675 0 0.7 0.04 0.675 0.04 0.675 0.0980952 0.7 0.0980952 0.7 0.1 0.675 0.0980952 0.7 0.1 0.675 0.1 0.65 0.0980952 0.675 0.0980952 0.675 0.1 0.65 0.0980952 0.675 0.1 0.65 0.1 0.65 0 0.675 0 0.675 0.04 0.65 0 0.675 0.04 0.65 0.04 0.625 0 0.65 0 0.65 0.04 0.625 0 0.65 0.04 0.625 0.04 0.625 0.0980952 0.65 0.0980952 0.65 0.1 0.625 0.0980952 0.65 0.1 0.625 0.1 0.55 0 0.6 0 0.6 0.04 0.55 0 0.6 0.04 0.55 0.04 0.55 0.0980952 0.6 0.0980952 0.6 0.1 0.55 0.0980952 0.6 0.1 0.55 0.1 0.6 0.0980952 0.625 0.0980952 0.625 0.1 0.6 0.0980952 0.625 0.1 0.6 0.1 0.6 0 0.625 0 0.625 0.04 0.6 0 0.625 0.04 0.6 0.04 0.525 0 0.55 0 0.55 0.04 0.525 0 0.55 0.04 0.525 0.04 0.525 0.0980952 0.55 0.0980952 0.55 0.1 0.525 0.0980952 0.55 0.1 0.525 0.1 0.5 0.0980952 0.525 0.0980952 0.525 0.1 0.5 0.0980952 0.525 0.1 0.5 0.1 0.5 0 0.525 0 0.525 0.04 0.5 0 0.525 0.04 0.5 0.04 0.475 0 0.5 0 0.5 0.04 0.475 0 0.5 0.04 0.475 0.04 0.475 0.0980952 0.5 0.0980952 0.5 0.1 0.475 0.0980952 0.5 0.1 0.475 0.1 0.4 0 0.45 0 0.45 0.04 0.4 0 0.45 0.04 0.4 0.04 0.4 0.0980952 0.45 0.0980952 0.45 0.1 0.4 0.0980952 0.45 0.1 0.4 0.1 0.45 0.0980952 0.475 0.0980952 0.475 0.1 0.45 0.0980952 0.475 0.1 0.45 0.1 0.45 0 0.475 0 0.475 0.04 0.45 0 0.475 0.04 0.45 0.04 0.297619 0 0.3 0 0.3 0.04 0.297619 0 0.3 0.04 0.297619 0.04 0.297619 0.0980952 0.3 0.0980952 0.3 0.1 0.297619 0.0980952 0.3 0.1 0.297619 0.1 0.2 0 0.25 0 0.25 0.04 0.2 0 0.25 0.04 0.2 0.04 0.2 0.1 0.2 0.0980952 0.25 0.0980952 0.25 0.0991865 0.25 0.1 0.2 0.1 0.25 0.0980952 0.25 0.0991865 0.2 0.1 0.15 0 0.2 0 0.2 0.04 0.15 0 0.2 0.04 0.15 0.04 0.15 0.0980952 0.2 0.0980952 0.2 0.1 0.15 0.0980952 0.2 0.1 0.15 0.1 0.1 0 0.15 0 0.15 0.04 0.1 0 0.15 0.04 0.1 0.04 0.1 0.0980952 0.15 0.0980952 0.15 0.1 0.1 0.0980952 0.15 0.1 0.1 0.1 0.4025 1 0.3975 1 0.4 1 0.4525 1 0.4475 1 0.45 1 0.1025 1 0.0975 1 0.1 1 0.2025 1 0.1975 1 0.2 1 0.2525 1 0.2475 1 0.25 1 0.1525 1 0.1475 1 0.15 1 0.3025 1 0.2975 1 0.3 1 0.4 1 0.4 1 0.45 1 0.45 1 0.45 1 0.4475 1 0.4475 1 0.4025 1 0.4 1 0.45 1 0.4475 1 0.4 1 0.45 1 0.45 1 0.475 1 0.475 1 0.475 1 0.4525 1 0.475 1 0.4525 1 0.45 1 0.1 1 0.1 1 0.15 1 0.15 1 0.15 1 0.1475 1 0.1475 1 0.1025 1 0.1 1 0.15 1 0.1475 1 0.1 1 0.2 1 0.2 1 0.25 1 0.25 1 0.25 1 0.2475 1 0.2475 1 0.2025 1 0.2 1 0.25 1 0.2475 1 0.2 1 0.15 1 0.15 1 0.2 1 0.2 1 0.2 1 0.1975 1 0.1975 1 0.1525 1 0.15 1 0.2 1 0.1975 1 0.15 1 0.25 1 0.25 1 0.3 1 0.3 1 0.3 1 0.2975 1 0.2975 1 0.2525 1 0.25 1 0.3 1 0.2975 1 0.25 1 0.475 1 0.49875 1 0.49875 1 0.475 1 0.49875 1 0.475 1 0.475 1 0.49875 1 0.49875 1 0.475 1 0.49875 1 0.475 1 0.475 1 0.49875 1 0.49875 1 0.475 1 0.49875 1 0.475 1 0.475 1 0.49875 1 0.49875 1 0.475 1 0.49875 1 0.475 1 0.475 1 0.49875 1 0.49875 1 0.475 1 0.49875 1 0.475 1 0.475 1 0.49875 1 0.49875 1 0.475 1 0.49875 1 0.475 1 0.0591571 0.8 0.0591571 0.85 0.0408429 0.85 0.0591571 0.8 0.0408429 0.85 0.0408429 0.8 0.0591571 0.7 0.0591571 0.75 0.0408429 0.75 0.0591571 0.7 0.0408429 0.75 0.0408429 0.7 0.0591571 0.5 0.0591571 0.55 0.0408429 0.55 0.0591571 0.5 0.0408429 0.55 0.0408429 0.5 0.0591571 0.4 0.0591571 0.45 0.0408429 0.45 0.0591571 0.4 0.0408429 0.45 0.0408429 0.4 0.0591571 0.3 0.0591571 0.35 0.0408429 0.35 0.0591571 0.3 0.0408429 0.35 0.0408429 0.3 0.0591571 1 0.0591571 1 0.0408429 1 0.0591571 1 0.0408429 1 0.0408429 1 0.0408429 1 0.0408429 1 0.0591571 1 0.0408429 1 0.0591571 1 0.0591571 1 0.0408429 1 0.0408429 1 0.0591571 1 0.0408429 1 0.0591571 1 0.0591571 1 0.0408429 1 0.0408429 1 0.0586994 1 0.0408429 1 0.0586994 1 0.0586994 1 0.0591571 0.15 0.0591571 0.175 0.0408429 0.175 0.0591571 0.15 0.0408429 0.175 0.0408429 0.15 0.0591571 0.04 0.0591571 0.06 0.0408429 0.06 0.0591571 0.04 0.0408429 0.06 0.0408429 0.04 0.0591571 0.0980952 0.0591571 0.1 0.0408429 0.1 0.0591571 0.0980952 0.0408429 0.1 0.0408429 0.0980952 0.0591571 0 0.0591571 0.04 0.0408429 0.04 0.0591571 0 0.0408429 0.04 0.0408429 0 0 0 0.0408429 0 0.0408429 0.04 0 0 0.0408429 0.04 0 0.04 0.0591571 0 0.1 0 0.1 0.04 0.0591571 0 0.1 0.04 0.0591571 0.04 0.0591571 1 0.1 1 0.1 1 0.0591571 1 0.1 1 0.0591571 1 0 1 0.0408429 1 0.0408429 1 0 1 0.0408429 1 0 1 0 0.0980952 0.0408429 0.0980952 0.0408429 0.1 0 0.0980952 0.0408429 0.1 0 0.1 0 0.1 0.0408429 0.1 0.0408429 0.15 0 0.1 0.0408429 0.15 0 0.15 0.0591571 0.1 0.1 0.1 0.1 0.15 0.0591571 0.1 0.1 0.15 0.0591571 0.15 0.0591571 0.0980952 0.1 0.0980952 0.1 0.1 0.0591571 0.0980952 0.1 0.1 0.0591571 0.1 0 0.15 0.0408429 0.15 0.0408429 0.175 0 0.15 0.0408429 0.175 0 0.175 0.0591571 0.15 0.1 0.15 0.1 0.175 0.0591571 0.15 0.1 0.175 0.0591571 0.175 0 0.2 0.0408429 0.2 0.0408429 0.225 0 0.2 0.0408429 0.225 0 0.225 0 0.175 0.0408429 0.175 0.0408429 0.2 0 0.175 0.0408429 0.2 0 0.2 0.0591571 0.2 0.1 0.2 0.1 0.225 0.0591571 0.2 0.1 0.225 0.0591571 0.225 0.0591571 0.175 0.1 0.175 0.1 0.2 0.0591571 0.175 0.1 0.2 0.0591571 0.2 0 0.275 0.0408429 0.275 0.0408429 0.3 0 0.275 0.0408429 0.3 0 0.3 0 0.3 0.0408429 0.3 0.0408429 0.35 0 0.3 0.0408429 0.35 0 0.35 0.0591571 0.3 0.1 0.3 0.1 0.35 0.0591571 0.3 0.1 0.35 0.0591571 0.35 0.0591571 0.275 0.1 0.275 0.1 0.3 0.0591571 0.275 0.1 0.3 0.0591571 0.3 0 0.35 0.0408429 0.35 0.0408429 0.4 0 0.35 0.0408429 0.4 0 0.4 0.0591571 0.35 0.1 0.35 0.1 0.4 0.0591571 0.35 0.1 0.4 0.0591571 0.4 0 0.4 0.0408429 0.4 0.0408429 0.45 0 0.4 0.0408429 0.45 0 0.45 0.0591571 0.4 0.1 0.4 0.1 0.45 0.0591571 0.4 0.1 0.45 0.0591571 0.45 0 0.45 0.0408429 0.45 0.0408429 0.5 0 0.45 0.0408429 0.5 0 0.5 0.0591571 0.45 0.1 0.45 0.1 0.5 0.0591571 0.45 0.1 0.5 0.0591571 0.5 0 0.5 0.0408429 0.5 0.0408429 0.55 0 0.5 0.0408429 0.55 0 0.55 0.0591571 0.5 0.1 0.5 0.1 0.55 0.0591571 0.5 0.1 0.55 0.0591571 0.55 0 0.65 0.0408429 0.65 0.0408429 0.7 0 0.65 0.0408429 0.7 0 0.7 0.0591571 0.65 0.1 0.65 0.1 0.7 0.0591571 0.65 0.1 0.7 0.0591571 0.7 0 0.7 0.0408429 0.7 0.0408429 0.75 0 0.7 0.0408429 0.75 0 0.75 0.0591571 0.7 0.1 0.7 0.1 0.75 0.0591571 0.7 0.1 0.75 0.0591571 0.75 0 0.75 0.0408429 0.75 0.0408429 0.8 0 0.75 0.0408429 0.8 0 0.8 0.0591571 0.75 0.1 0.75 0.1 0.8 0.0591571 0.75 0.1 0.8 0.0591571 0.8 0 0.8 0.0408429 0.8 0.0408429 0.85 0 0.8 0.0408429 0.85 0 0.85 0.0591571 0.8 0.1 0.8 0.1 0.85 0.0591571 0.8 0.1 0.85 0.0591571 0.85 0 0.85 0.0408429 0.85 0.0408429 0.9 0 0.85 0.0408429 0.9 0 0.9 0.0591571 0.85 0.1 0.85 0.1 0.9 0.0591571 0.85 0.1 0.9 0.0591571 0.9 0.0586994 1 0.0975 1 0.0975 1 0.0586994 1 0.0975 1 0.0586994 1 0 1 0.0408429 1 0.0408429 1 0 1 0.0408429 1 0 1 0.0586994 1 0.0591571 1 0.1 1 0.1 1 0.1 1 0.0975 1 0.1 1 0.0975 1 0.0586994 1 0 1 0.0408429 1 0.0408429 1 0 1 0.0408429 1 0 1 0.0591571 1 0.1 1 0.1 1 0.0591571 1 0.1 1 0.0591571 1 0 1 0.0408429 1 0.0408429 1 0 1 0.0408429 1 0 1 0.0591571 1 0.1 1 0.1 1 0.0591571 1 0.1 1 0.0591571 1 0 1 0.0408429 1 0.0408429 1 0 1 0.0408429 1 0 1 0.0591571 1 0.1 1 0.1 1 0.0591571 1 0.1 1 0.0591571 1 0 1 0.0408429 1 0.0408429 1 0 1 0.0408429 1 0 1 0.0591571 1 0.1 1 0.1 1 0.0591571 1 0.1 1 0.0591571 1 0 1 0.0408429 1 0.0408429 1 0 1 0.0408429 1 0 1 0 0.04 0.0408429 0.04 0.0408429 0.06 0 0.04 0.0408429 0.06 0 0.06 0.1 0.06 0.0591571 0.06 0.0591571 0.04 0.1 0.06 0.0591571 0.04 0.1 0.04 0.2 0.610017 0.15 0.610013 0.15 0.589987 0.2 0.610017 0.15 0.589987 0.2 0.589984 0.3 0.610028 0.25 0.610022 0.25 0.589979 0.3 0.610028 0.25 0.589979 0.3 0.589972 0.475 0.610086 0.45 0.610065 0.45 0.589937 0.475 0.610086 0.45 0.589937 0.475 0.589917 0.57601 0.589743 0.575 0.6 0.575 0.6 0.57601 0.589743 0.575 0.6 0.287481 0.305132 0.55 0.610199 0.525 0.61015 0.525 0.589854 0.55 0.610199 0.525 0.589854 0.55 0.589806 0.0408429 0.610008 0 0.610008 0 0.589992 0.0408429 0.610008 0 0.589992 0.0408429 0.589992 0.1 0.610011 0.0591571 0.610009 0.0591571 0.589991 0.1 0.610011 0.0591571 0.589991 0.1 0.58999 0 0.610008 0.0408429 0.610008 0.0408429 0.65 0 0.610008 0.0408429 0.65 0 0.65 0 0.55 0.0408429 0.55 0.0408429 0.589992 0 0.55 0.0408429 0.589992 0 0.589992 0.566587 0.65 0.55 0.65 0.55 0.610199 0.287481 0.305132 0.575 0.6 0.578363 0.634141 0.566587 0.65 0.55 0.610199 0.287481 0.305132 0.578363 0.634141 0.583173 0.65 0.566587 0.65 0.287481 0.305132 0.578363 0.634141 0.566587 0.65 0.578363 0.565859 0.57601 0.589743 0.55 0.589806 0.55 0.589806 0.55 0.55 0.583173 0.55 0.55 0.589806 0.583173 0.55 0.578363 0.565859 0.525 0.55 0.55 0.55 0.55 0.589806 0.525 0.55 0.55 0.589806 0.525 0.589854 0.525 0.61015 0.55 0.610199 0.55 0.65 0.525 0.61015 0.55 0.65 0.525 0.65 0.5 0.610114 0.525 0.61015 0.525 0.65 0.5 0.610114 0.525 0.65 0.5 0.65 0.5 0.55 0.525 0.55 0.525 0.589854 0.5 0.55 0.525 0.589854 0.5 0.58989 0.475 0.55 0.5 0.55 0.5 0.58989 0.475 0.55 0.5 0.58989 0.475 0.589917 0.475 0.610086 0.5 0.610114 0.5 0.65 0.475 0.610086 0.5 0.65 0.475 0.65 0.4 0.55 0.45 0.55 0.45 0.589937 0.4 0.55 0.45 0.589937 0.4 0.589952 0.4 0.610049 0.45 0.610065 0.45 0.65 0.4 0.610049 0.45 0.65 0.4 0.65 0.45 0.610065 0.475 0.610086 0.475 0.65 0.45 0.610065 0.475 0.65 0.45 0.65 0.45 0.55 0.475 0.55 0.475 0.589917 0.45 0.55 0.475 0.589917 0.45 0.589937 0.25 0.55 0.3 0.55 0.3 0.589972 0.25 0.55 0.3 0.589972 0.25 0.589979 0.25 0.610022 0.3 0.610028 0.3 0.65 0.25 0.610022 0.3 0.65 0.25 0.65 0.2 0.55 0.25 0.55 0.25 0.589979 0.2 0.55 0.25 0.589979 0.2 0.589984 0.2 0.610017 0.25 0.610022 0.25 0.65 0.2 0.610017 0.25 0.65 0.2 0.65 0.15 0.55 0.2 0.55 0.2 0.589984 0.15 0.55 0.2 0.589984 0.15 0.589987 0.15 0.610013 0.2 0.610017 0.2 0.65 0.15 0.610013 0.2 0.65 0.15 0.65 0.1 0.55 0.15 0.55 0.15 0.589987 0.1 0.55 0.15 0.589987 0.1 0.58999 0.1 0.610011 0.15 0.610013 0.15 0.65 0.1 0.610011 0.15 0.65 0.1 0.65 0.0591571 0.610009 0.1 0.610011 0.1 0.65 0.0591571 0.610009 0.1 0.65 0.0591571 0.65 0.0591571 0.55 0.1 0.55 0.1 0.58999 0.0591571 0.55 0.1 0.58999 0.0591571 0.589991 0.575 0.6 0.287481 0.305132 0.575 0.6 0.575 0.6 0.57601 0.589743 0.578363 0.565859 0.0591571 0.610009 0.0591571 0.65 0.0408429 0.65 0.0591571 0.610009 0.0408429 0.65 0.0408429 0.610008 0.36 0.8 0.36 0.85 0.34 0.85 0.36 0.8 0.34 0.85 0.34 0.8 0.36 0.7 0.36 0.75 0.34 0.75 0.36 0.7 0.34 0.75 0.34 0.7 0.36 0.45 0.36 0.5 0.34 0.5 0.36 0.45 0.34 0.5 0.34 0.45 0.36 0.35 0.36 0.4 0.34 0.4 0.36 0.35 0.34 0.4 0.34 0.35 0.36 0.275 0.36 0.3 0.34 0.3 0.36 0.275 0.34 0.3 0.34 0.275 0.34 1 0.34 1 0.36 1 0.34 1 0.36 1 0.36 1 0.36 0.15 0.36 0.175 0.34 0.175 0.36 0.15 0.34 0.175 0.34 0.15 0.36 0.2 0.36 0.225 0.34 0.225 0.36 0.2 0.34 0.225 0.34 0.2 0.36 0.04 0.36 0.06 0.34 0.06 0.36 0.04 0.34 0.06 0.34 0.04 0.34 0.04 0.34 0 0.36 0 0.34 0.04 0.36 0 0.36 0.04 0.34 0.0619047 0.34 0.06 0.36 0.06 0.34 0.0619047 0.36 0.06 0.36 0.0619047 0.3475 1 0.34 1 0.36 1 0.3475 1 0.36 1 0.3525 1 0.36 0.589962 0.36 0.610039 0.34 0.610035 0.36 0.589962 0.34 0.610035 0.34 0.589966 0.34 0.589966 0.34 0.55 0.36 0.55 0.34 0.589966 0.36 0.55 0.36 0.589962 0.34 0.65 0.34 0.610035 0.36 0.610039 0.34 0.65 0.36 0.610039 0.36 0.65 0.3 0 0.34 0 0.34 0.04 0.3 0 0.34 0.04 0.3 0.04 0.36 0 0.4 0 0.4 0.04 0.36 0 0.4 0.04 0.36 0.04 0.338095 0.0980952 0.34 0.0980952 0.34 0.1 0.338095 0.0980952 0.34 0.1 0.338095 0.1 0.338095 0.1 0.34 0.1 0.34 0.15 0.338095 0.1 0.34 0.15 0.338095 0.15 0.36 0.1 0.4 0.1 0.4 0.15 0.36 0.1 0.4 0.15 0.36 0.15 0.36 0.0980952 0.4 0.0980952 0.4 0.1 0.36 0.0980952 0.4 0.1 0.36 0.1 0.338095 0.15 0.34 0.15 0.34 0.175 0.338095 0.15 0.34 0.175 0.338095 0.175 0.36 0.15 0.4 0.15 0.4 0.175 0.36 0.15 0.4 0.175 0.36 0.175 0.338095 0.2 0.34 0.2 0.34 0.225 0.338095 0.2 0.34 0.225 0.338095 0.225 0.338095 0.175 0.34 0.175 0.34 0.2 0.338095 0.175 0.34 0.2 0.338095 0.2 0.36 0.2 0.4 0.2 0.4 0.225 0.36 0.2 0.4 0.225 0.36 0.225 0.36 0.175 0.4 0.175 0.4 0.2 0.36 0.175 0.4 0.2 0.36 0.2 0.338095 0.275 0.34 0.275 0.34 0.3 0.338095 0.275 0.34 0.3 0.338095 0.3 0.338095 0.3 0.34 0.3 0.34 0.35 0.338095 0.3 0.34 0.35 0.338095 0.35 0.36 0.3 0.4 0.3 0.4 0.35 0.36 0.3 0.4 0.35 0.36 0.35 0.36 0.275 0.4 0.275 0.4 0.3 0.36 0.275 0.4 0.3 0.36 0.3 0.338095 0.35 0.34 0.35 0.34 0.4 0.338095 0.35 0.34 0.4 0.338095 0.4 0.36 0.35 0.4 0.35 0.4 0.4 0.36 0.35 0.4 0.4 0.36 0.4 0.338095 0.4 0.34 0.4 0.34 0.45 0.338095 0.4 0.34 0.45 0.338095 0.45 0.36 0.4 0.4 0.4 0.4 0.45 0.36 0.4 0.4 0.45 0.36 0.45 0.338095 0.45 0.34 0.45 0.34 0.5 0.338095 0.45 0.34 0.5 0.338095 0.5 0.36 0.45 0.4 0.45 0.4 0.5 0.36 0.45 0.4 0.5 0.36 0.5 0.338095 0.5 0.34 0.5 0.34 0.55 0.338095 0.5 0.34 0.55 0.338095 0.55 0.36 0.5 0.4 0.5 0.4 0.55 0.36 0.5 0.4 0.55 0.36 0.55 0.338095 0.55 0.34 0.55 0.34 0.589966 0.338095 0.55 0.34 0.589966 0.338095 0.589966 0.36 0.55 0.4 0.55 0.4 0.589952 0.36 0.55 0.4 0.589952 0.36 0.589962 0.338095 0.610035 0.34 0.610035 0.34 0.65 0.338095 0.610035 0.34 0.65 0.338095 0.65 0.338095 0.65 0.34 0.65 0.34 0.7 0.338095 0.65 0.34 0.7 0.338095 0.7 0.36 0.65 0.4 0.65 0.4 0.7 0.36 0.65 0.4 0.7 0.36 0.7 0.36 0.610039 0.4 0.610049 0.4 0.65 0.36 0.610039 0.4 0.65 0.36 0.65 0.338095 0.7 0.34 0.7 0.34 0.75 0.338095 0.7 0.34 0.75 0.338095 0.75 0.36 0.7 0.4 0.7 0.4 0.75 0.36 0.7 0.4 0.75 0.36 0.75 0.338095 0.75 0.34 0.75 0.34 0.8 0.338095 0.75 0.34 0.8 0.338095 0.8 0.36 0.75 0.4 0.75 0.4 0.8 0.36 0.75 0.4 0.8 0.36 0.8 0.338095 0.8 0.34 0.8 0.34 0.85 0.338095 0.8 0.34 0.85 0.338095 0.85 0.36 0.8 0.4 0.8 0.4 0.85 0.36 0.8 0.4 0.85 0.36 0.85 0.338095 0.85 0.34 0.85 0.34 0.9 0.338095 0.85 0.34 0.9 0.338095 0.9 0.36 0.85 0.4 0.85 0.4 0.9 0.36 0.85 0.4 0.9 0.36 0.9 0.36 1 0.4 1 0.4 1 0.36 1 0.4 1 0.36 1 0.3 1 0.34 1 0.34 1 0.3 1 0.34 1 0.3 1 0.36 1 0.4 1 0.4 1 0.3525 1 0.36 1 0.4 1 0.3975 1 0.3525 1 0.3525 1 0.4 1 0.3975 1 0.3525 1 0.3 1 0.3 1 0.34 1 0.3025 1 0.3 1 0.34 1 0.34 1 0.3475 1 0.3475 1 0.34 1 0.3475 1 0.3025 1 0.4 0.06 0.36 0.06 0.36 0.04 0.4 0.06 0.36 0.04 0.4 0.04 0.3525 1 0.3475 1 0.3475 1 0.3525 1 0.3475 1 0.3525 1 0.4 0.610049 0.36 0.610039 0.36 0.589962 0.4 0.610049 0.36 0.589962 0.4 0.589952 0.301905 0.610028 0.3 0.610028 0.3 0.589972 0.301905 0.610028 0.3 0.589972 0.301905 0.589972 0.76 0.35 0.76 0.4 0.74 0.4 0.76 0.35 0.74 0.4 0.74 0.35 0.76 0.275 0.76 0.3 0.74 0.3 0.76 0.275 0.74 0.3 0.74 0.275 0.76 0.15 0.76 0.175 0.74 0.175 0.76 0.15 0.74 0.175 0.74 0.15 0.76 0.2 0.76 0.225 0.74 0.225 0.76 0.2 0.74 0.225 0.74 0.2 0.74 0.06 0.74 0.04 0.76 0.04 0.74 0.06 0.76 0.04 0.76 0.06 0.74 0.04 0.74 0 0.76 0 0.74 0.04 0.76 0 0.76 0.04 0.74 0.0619048 0.74 0.06 0.76 0.06 0.74 0.0619048 0.76 0.06 0.76 0.0619048 0.725 0 0.74 0 0.74 0.04 0.725 0 0.74 0.04 0.725 0.04 0.76 0 0.8 0 0.8 0.04 0.76 0 0.8 0.04 0.76 0.04 0.76 0.1 0.8 0.1 0.8 0.15 0.76 0.1 0.8 0.15 0.76 0.15 0.725 0.0980952 0.74 0.0980952 0.74 0.1 0.725 0.0980952 0.74 0.1 0.725 0.1 0.76 0.0980952 0.8 0.0980952 0.8 0.1 0.76 0.0980952 0.8 0.1 0.76 0.1 0.725 0.1 0.74 0.1 0.74 0.15 0.725 0.1 0.74 0.15 0.725 0.15 0.76 0.15 0.8 0.15 0.8 0.175 0.76 0.15 0.8 0.175 0.76 0.175 0.725 0.15 0.74 0.15 0.74 0.175 0.725 0.15 0.74 0.175 0.725 0.175 0.76 0.2 0.8 0.2 0.8 0.225 0.76 0.2 0.8 0.225 0.76 0.225 0.76 0.175 0.8 0.175 0.8 0.2 0.76 0.175 0.8 0.2 0.76 0.2 0.725 0.2 0.74 0.2 0.74 0.225 0.725 0.2 0.74 0.225 0.725 0.225 0.725 0.175 0.74 0.175 0.74 0.2 0.725 0.175 0.74 0.2 0.725 0.2 0.76 0.3 0.8 0.3 0.8 0.35 0.76 0.3 0.8 0.35 0.76 0.35 0.76 0.275 0.8 0.275 0.8 0.3 0.76 0.275 0.8 0.3 0.76 0.3 0.725 0.275 0.74 0.275 0.74 0.3 0.725 0.275 0.74 0.3 0.725 0.3 0.725 0.3 0.74 0.3 0.74 0.35 0.725 0.3 0.74 0.35 0.725 0.35 0.76 0.35 0.8 0.35 0.8 0.4 0.76 0.35 0.8 0.4 0.76 0.4 0.725 0.35 0.74 0.35 0.74 0.4 0.725 0.35 0.74 0.4 0.725 0.4 0.784141 0.428363 0.76 0.425985 0.76 0.4 0.76 0.4 0.8 0.4 0.8 0.433173 0.76 0.4 0.8 0.433173 0.784141 0.428363 0.715859 0.428363 0.7 0.433173 0.7 0.4 0.725 0.4 0.74 0.4 0.74 0.425985 0.715859 0.428363 0.7 0.4 0.725 0.4 0.725 0.4 0.74 0.425985 0.715859 0.428363 0.8 0.06 0.76 0.06 0.76 0.04 0.8 0.06 0.76 0.04 0.8 0.04 0.74 0.06 0.725 0.06 0.725 0.04 0.74 0.06 0.725 0.04 0.74 0.04 1 0.75 1 0.7 1 0.7 1 0.75 1 0.7 1 0.75 1 0.35 1 0.4 1 0.4 1 0.35 1 0.4 1 0.35 1 0.8 1 0.85 1 0.85 1 0.8 1 0.85 1 0.8 1 0.45 1 0.5 1 0.5 1 0.45 1 0.5 1 0.45 1 0.15 1 0.175 1 0.175 1 0.15 1 0.175 1 0.15 1 0.2 1 0.225 1 0.225 1 0.2 1 0.225 1 0.2 1 0.3 1 0.275 1 0.275 1 0.3 1 0.275 1 0.3 1 0 1 0.04 1 0.04 1 0 1 0.04 1 0 1 0.0980952 1 0.1 1 0.1 1 0.0980952 1 0.1 1 0.0980952 1 0.4 1 0.35 1 0.35 1 0.4 1 0.35 1 0.4 1 0.35 1 0.3 1 0.3 1 0.35 1 0.3 1 0.35 1 0.4 1 0.35 1 0.35 1 0.4 1 0.35 1 0.4 1 0.35 1 0.3 1 0.3 1 0.35 1 0.3 1 0.35 1 0.3 1 0.275 1 0.275 1 0.3 1 0.275 1 0.3 1 0.3 1 0.275 1 0.275 1 0.3 1 0.275 1 0.3 1 0.8 1 0.75 1 0.75 1 0.8 1 0.75 1 0.8 1 0.75 1 0.7 1 0.7 1 0.75 1 0.7 1 0.75 1 0.8 1 0.75 1 0.75 1 0.8 1 0.75 1 0.8 1 0.75 1 0.7 1 0.7 1 0.75 1 0.7 1 0.75 1 0.7 1 0.65 1 0.65 1 0.7 1 0.65 1 0.7 1 0.7 1 0.65 1 0.65 1 0.7 1 0.65 1 0.7 1 0.45 1 0.4 1 0.4 1 0.45 1 0.4 1 0.45 1 0.45 1 0.4 1 0.4 1 0.45 1 0.4 1 0.45 1 0.04 1 0 1 0 1 0.04 1 0 1 0.04 1 0.04 1 0 1 0 1 0.04 1 0 1 0.04 1 0.85 1 0.8 1 0.8 1 0.85 1 0.8 1 0.85 1 0.85 1 0.8 1 0.8 1 0.85 1 0.8 1 0.85 1 0.5 1 0.45 1 0.45 1 0.5 1 0.45 1 0.5 1 0.5 1 0.45 1 0.45 1 0.5 1 0.45 1 0.5 1 0.0619047 1 0.06 1 0.06 1 0.0619047 1 0.06 1 0.0619048 1 0.15 1 0.1 1 0.1 1 0.15 1 0.1 1 0.15 1 0.15 1 0.1 1 0.1 1 0.15 1 0.1 1 0.15 1 0.0619048 1 0.06 1 0.06 1 0.0619048 1 0.06 1 0.0619048 1 0.9 1 0.85 1 0.85 1 0.9 1 0.85 1 0.9 1 0.9 1 0.85 1 0.85 1 0.9 1 0.85 1 0.9 1 0.55 1 0.5 1 0.5 1 0.55 1 0.5 1 0.55 1 0.55 1 0.5 1 0.5 1 0.55 1 0.5 1 0.55 1 0.175 1 0.15 1 0.15 1 0.175 1 0.15 1 0.175 1 0.175 1 0.15 1 0.15 1 0.175 1 0.15 1 0.175 1 0.2 1 0.175 1 0.175 1 0.2 1 0.175 1 0.2 1 0.2 1 0.175 1 0.175 1 0.2 1 0.175 1 0.2 1 0.225 1 0.2 1 0.2 1 0.225 1 0.2 1 0.225 1 0.225 1 0.2 1 0.2 1 0.225 1 0.2 1 0.225 1 0.06 1 0.06 1 0.04 1 0.06 1 0.04 1 0.04 0.95 0.610223 0.923987 0.610283 0.4625 0.294854 0.95 0.610223 0.4625 0.294854 0.95 0.589771 0.923987 0.610283 0.925 0.6 0.925 0.6 0.923987 0.610283 0.925 0.6 0.4625 0.294854 1 0.610136 1 0.610152 1 0.589844 1 0.610136 1 0.589844 1 0.58986 1 0.610131 1 0.610136 1 0.58986 1 0.610131 1 0.58986 1 0.589866 1 0.610152 1 0.61018 1 0.589815 1 0.610152 1 0.589815 1 0.589844 1 0.589815 1 0.55 1 0.55 1 0.589815 1 0.55 1 0.589844 0.95 0.55 1 0.55 1 0.589815 0.95 0.55 1 0.589815 0.95 0.589771 0.95 0.610223 1 0.61018 1 0.65 0.95 0.610223 1 0.65 0.95 0.65 1 0.65 1 0.61018 1 0.610152 1 0.65 1 0.610152 1 0.65 0.916827 0.55 0.95 0.55 0.95 0.589771 0.4625 0.294854 0.925 0.6 0.921637 0.565859 0.921637 0.565859 0.916827 0.55 0.95 0.589771 0.95 0.589771 0.4625 0.294854 0.921637 0.565859 0.921637 0.634141 0.923987 0.610283 0.95 0.610223 0.95 0.610223 0.95 0.65 0.916827 0.65 0.921637 0.634141 0.95 0.610223 0.916827 0.65 1 0.58986 1 0.55 1 0.55 1 0.58986 1 0.55 1 0.589866 1 0.65 1 0.610136 1 0.610131 1 0.65 1 0.610131 1 0.65 0.925 0.6 0.923987 0.610283 0.921637 0.634141 0.925 0.6 0.4625 0.294854 0.925 0.6 1 0.55 1 0.58986 1 0.589844 1 0.55 1 0.589844 1 0.55 1 0.610136 1 0.65 1 0.65 1 0.610136 1 0.65 1 0.610152 0.15 0.26 0.1 0.26 0.1 0.24 0.15 0.26 0.1 0.24 0.15 0.24 0.25 0.26 0.2 0.26 0.2 0.24 0.25 0.26 0.2 0.24 0.25 0.24 0.475 0.26 0.45 0.26 0.45 0.24 0.475 0.26 0.45 0.24 0.475 0.24 0.6 0.26 0.55 0.26 0.55 0.24 0.6 0.26 0.55 0.24 0.6 0.24 0.675 0.26 0.65 0.26 0.65 0.24 0.675 0.26 0.65 0.24 0.675 0.24 0.725 0.26 0.7 0.26 0.7 0.24 0.725 0.26 0.7 0.24 0.725 0.24 0.85 0.26 0.8 0.26 0.8 0.24 0.85 0.26 0.8 0.24 0.85 0.24 0.95 0.26 0.9 0.26 0.9 0.24 0.95 0.26 0.9 0.24 0.95 0.24 0.7 0.26 0.675 0.26 0.675 0.24 0.7 0.26 0.675 0.24 0.7 0.24 0.5 0.26 0.475 0.26 0.475 0.24 0.5 0.26 0.475 0.24 0.5 0.24 0 0.24 0.0408429 0.24 0.0408429 0.26 0 0.24 0.0408429 0.26 0 0.26 0.0591571 0.24 0.1 0.24 0.1 0.26 0.0591571 0.24 0.1 0.26 0.0591571 0.26 0.36 0.26 0.34 0.26 0.34 0.24 0.36 0.26 0.34 0.24 0.36 0.24 0.338095 0.24 0.34 0.24 0.34 0.26 0.338095 0.24 0.34 0.26 0.338095 0.26 0.36 0.24 0.4 0.24 0.4 0.26 0.36 0.24 0.4 0.26 0.36 0.26 0.76 0.26 0.74 0.26 0.74 0.24 0.76 0.26 0.74 0.24 0.76 0.24 0.76 0.24 0.8 0.24 0.8 0.26 0.76 0.24 0.8 0.26 0.76 0.26 0.74 0.26 0.725 0.26 0.725 0.24 0.74 0.26 0.725 0.24 0.74 0.24 1 0.26 1 0.26 1 0.24 1 0.26 1 0.24 1 0.24 1 0.26 1 0.26 1 0.24 1 0.26 1 0.24 1 0.24 1 0.24 1 0.24 1 0.26 1 0.24 1 0.26 1 0.26 0 0.26 0.0408429 0.26 0.0408429 0.275 0 0.26 0.0408429 0.275 0 0.275 0 0.225 0.0408429 0.225 0.0408429 0.24 0 0.225 0.0408429 0.24 0 0.24 1 0.24 1 0.225 1 0.225 1 0.24 1 0.225 1 0.24 0.95 0.225 1 0.225 1 0.24 0.95 0.225 1 0.24 0.95 0.24 0.95 0.26 1 0.26 1 0.275 0.95 0.26 1 0.275 0.95 0.275 1 0.275 1 0.26 1 0.26 1 0.275 1 0.26 1 0.275 0.9 0.225 0.95 0.225 0.95 0.24 0.9 0.225 0.95 0.24 0.9 0.24 0.9 0.26 0.95 0.26 0.95 0.275 0.9 0.26 0.95 0.275 0.9 0.275 0.85 0.26 0.9 0.26 0.9 0.275 0.85 0.26 0.9 0.275 0.85 0.275 0.85 0.225 0.9 0.225 0.9 0.24 0.85 0.225 0.9 0.24 0.85 0.24 0.8 0.26 0.85 0.26 0.85 0.275 0.8 0.26 0.85 0.275 0.8 0.275 0.8 0.225 0.85 0.225 0.85 0.24 0.8 0.225 0.85 0.24 0.8 0.24 0.76 0.26 0.8 0.26 0.8 0.275 0.76 0.26 0.8 0.275 0.76 0.275 0.76 0.225 0.8 0.225 0.8 0.24 0.76 0.225 0.8 0.24 0.76 0.24 0.7 0.26 0.725 0.26 0.725 0.275 0.7 0.26 0.725 0.275 0.7 0.275 0.7 0.225 0.725 0.225 0.725 0.24 0.7 0.225 0.725 0.24 0.7 0.24 0.675 0.225 0.7 0.225 0.7 0.24 0.675 0.225 0.7 0.24 0.675 0.24 0.675 0.26 0.7 0.26 0.7 0.275 0.675 0.26 0.7 0.275 0.675 0.275 0.65 0.26 0.675 0.26 0.675 0.275 0.65 0.26 0.675 0.275 0.65 0.275 0.65 0.225 0.675 0.225 0.675 0.24 0.65 0.225 0.675 0.24 0.65 0.24 0.625 0.225 0.65 0.225 0.65 0.24 0.625 0.225 0.65 0.24 0.625 0.24 0.625 0.26 0.65 0.26 0.65 0.275 0.625 0.26 0.65 0.275 0.625 0.275 0.55 0.26 0.6 0.26 0.6 0.275 0.55 0.26 0.6 0.275 0.55 0.275 0.55 0.225 0.6 0.225 0.6 0.24 0.55 0.225 0.6 0.24 0.55 0.24 0.6 0.26 0.625 0.26 0.625 0.275 0.6 0.26 0.625 0.275 0.6 0.275 0.6 0.225 0.625 0.225 0.625 0.24 0.6 0.225 0.625 0.24 0.6 0.24 0.525 0.225 0.55 0.225 0.55 0.24 0.525 0.225 0.55 0.24 0.525 0.24 0.525 0.26 0.55 0.26 0.55 0.275 0.525 0.26 0.55 0.275 0.525 0.275 0.5 0.26 0.525 0.26 0.525 0.275 0.5 0.26 0.525 0.275 0.5 0.275 0.5 0.225 0.525 0.225 0.525 0.24 0.5 0.225 0.525 0.24 0.5 0.24 0.475 0.225 0.5 0.225 0.5 0.24 0.475 0.225 0.5 0.24 0.475 0.24 0.475 0.26 0.5 0.26 0.5 0.275 0.475 0.26 0.5 0.275 0.475 0.275 0.4 0.26 0.45 0.26 0.45 0.275 0.4 0.26 0.45 0.275 0.4 0.275 0.4 0.225 0.45 0.225 0.45 0.24 0.4 0.225 0.45 0.24 0.4 0.24 0.45 0.26 0.475 0.26 0.475 0.275 0.45 0.26 0.475 0.275 0.45 0.275 0.45 0.225 0.475 0.225 0.475 0.24 0.45 0.225 0.475 0.24 0.45 0.24 0.36 0.26 0.4 0.26 0.4 0.275 0.36 0.26 0.4 0.275 0.36 0.275 0.36 0.225 0.4 0.225 0.4 0.24 0.36 0.225 0.4 0.24 0.36 0.24 0.25 0.26 0.3 0.26 0.3 0.275 0.25 0.26 0.3 0.275 0.25 0.275 0.338095 0.26 0.34 0.26 0.34 0.275 0.338095 0.26 0.34 0.275 0.338095 0.275 0.25 0.225 0.3 0.225 0.3 0.24 0.25 0.225 0.3 0.24 0.25 0.24 0.338095 0.225 0.34 0.225 0.34 0.24 0.338095 0.225 0.34 0.24 0.338095 0.24 0.2 0.26 0.25 0.26 0.25 0.275 0.2 0.26 0.25 0.275 0.2 0.275 0.2 0.225 0.25 0.225 0.25 0.24 0.2 0.225 0.25 0.24 0.2 0.24 0.15 0.26 0.2 0.26 0.2 0.275 0.15 0.26 0.2 0.275 0.15 0.275 0.15 0.225 0.2 0.225 0.2 0.24 0.15 0.225 0.2 0.24 0.15 0.24 0.1 0.26 0.15 0.26 0.15 0.275 0.1 0.26 0.15 0.275 0.1 0.275 0.1 0.225 0.15 0.225 0.15 0.24 0.1 0.225 0.15 0.24 0.1 0.24 0.0591571 0.26 0.1 0.26 0.1 0.275 0.0591571 0.26 0.1 0.275 0.0591571 0.275 0.0591571 0.225 0.1 0.225 0.1 0.24 0.0591571 0.225 0.1 0.24 0.0591571 0.24 1 0.24 1 0.225 1 0.225 1 0.24 1 0.225 1 0.24 1 0.275 1 0.26 1 0.26 1 0.275 1 0.26 1 0.275 0.725 0.26 0.74 0.26 0.74 0.275 0.725 0.26 0.74 0.275 0.725 0.275 0.725 0.225 0.74 0.225 0.74 0.24 0.725 0.225 0.74 0.24 0.725 0.24 0.0591571 0.225 0.0591571 0.24 0.0408429 0.24 0.0591571 0.225 0.0408429 0.24 0.0408429 0.225 0.36 0.225 0.36 0.24 0.34 0.24 0.36 0.225 0.34 0.24 0.34 0.225 0.36 0.26 0.36 0.275 0.34 0.275 0.36 0.26 0.34 0.275 0.34 0.26 0.76 0.225 0.76 0.24 0.74 0.24 0.76 0.225 0.74 0.24 0.74 0.225 0.76 0.26 0.76 0.275 0.74 0.275 0.76 0.26 0.74 0.275 0.74 0.26 1 0.225 1 0.24 1 0.24 1 0.225 1 0.24 1 0.225 1 0.275 1 0.26 1 0.26 1 0.275 1 0.26 1 0.275 0.15 0.96 0.1 0.96 0.1 0.94 0.15 0.96 0.1 0.94 0.15 0.94 0.25 0.96 0.2 0.96 0.2 0.94 0.25 0.96 0.2 0.94 0.25 0.94 0.475 0.96 0.45 0.96 0.45 0.94 0.475 0.96 0.45 0.94 0.475 0.94 0.6 0.96 0.55 0.96 0.55 0.94 0.6 0.96 0.55 0.94 0.6 0.94 0.7 0.96 0.65 0.96 0.65 0.94 0.7 0.96 0.65 0.94 0.7 0.94 0.85 0.96 0.8 0.96 0.8 0.94 0.85 0.96 0.8 0.94 0.85 0.94 0.95 0.96 0.9 0.96 0.9 0.94 0.95 0.96 0.9 0.94 0.95 0.94 0.49875 0.96 0.475 0.96 0.475 0.94 0.49875 0.96 0.475 0.94 0.49875 0.94 0.0591571 0.94 0.1 0.94 0.1 0.96 0.0591571 0.94 0.1 0.96 0.0591571 0.96 0 0.94 0.0408429 0.94 0.0408429 0.96 0 0.94 0.0408429 0.96 0 0.96 0.36 0.96 0.34 0.96 0.34 0.94 0.36 0.96 0.34 0.94 0.36 0.94 0.36 0.94 0.4 0.94 0.4 0.96 0.36 0.94 0.4 0.96 0.36 0.96 0.338095 0.94 0.34 0.94 0.34 0.96 0.338095 0.94 0.34 0.96 0.338095 0.96 1 0.94 1 0.94 1 0.96 1 0.94 1 0.96 1 0.96 1 0.94 1 0.94 1 0.96 1 0.94 1 0.96 1 0.96 1 0.94 1 0.94 1 0.96 1 0.94 1 0.96 1 0.96 0 0.9 0.0408429 0.9 0.0408429 0.94 0 0.9 0.0408429 0.94 0 0.94 0 0.96 0.0408429 0.96 0.0408429 1 0 0.96 0.0408429 1 0 1 0.95 0.9 1 0.9 1 0.94 0.95 0.9 1 0.94 0.95 0.94 0.95 0.96 1 0.96 1 1 0.95 0.96 1 1 0.95 1 1 0.94 1 0.9 1 0.9 1 0.94 1 0.9 1 0.94 1 1 1 0.96 1 0.96 1 1 1 0.96 1 1 0.9 0.96 0.95 0.96 0.95 1 0.9 0.96 0.95 1 0.9 1 0.9 0.9 0.95 0.9 0.95 0.94 0.9 0.9 0.95 0.94 0.9 0.94 0.85 0.9 0.9 0.9 0.9 0.94 0.85 0.9 0.9 0.94 0.85 0.94 0.85 0.96 0.9 0.96 0.9 1 0.85 0.96 0.9 1 0.85 1 0.8 0.9 0.85 0.9 0.85 0.94 0.8 0.9 0.85 0.94 0.8 0.94 0.8 0.96 0.85 0.96 0.85 1 0.8 0.96 0.85 1 0.8 1 0.65 0.9 0.7 0.9 0.7 0.94 0.65 0.9 0.7 0.94 0.65 0.94 0.65 0.96 0.7 0.96 0.7 1 0.65 0.96 0.7 1 0.65 1 0.6 0.9 0.65 0.9 0.65 0.94 0.6 0.9 0.65 0.94 0.6 0.94 0.6 0.96 0.65 0.96 0.65 1 0.6 0.96 0.65 1 0.6 1 0.55 0.9 0.6 0.9 0.6 0.94 0.55 0.9 0.6 0.94 0.55 0.94 0.55 0.96 0.6 0.96 0.6 1 0.55 0.96 0.6 1 0.55 1 0.525 0.96 0.55 0.96 0.55 1 0.525 0.96 0.55 1 0.525 1 0.525 0.9 0.55 0.9 0.55 0.94 0.525 0.9 0.55 0.94 0.525 0.94 0.5 0.9 0.525 0.9 0.525 0.94 0.5 0.9 0.525 0.94 0.5 0.94 0.5 0.96 0.525 0.96 0.525 1 0.5 0.96 0.525 1 0.5 1 0.49875 0.96 0.5 0.96 0.5 1 0.49875 0.96 0.5 1 0.49875 1 0.49875 0.9 0.5 0.9 0.5 0.94 0.49875 0.9 0.5 0.94 0.49875 0.94 0.45 0.9 0.475 0.9 0.475 0.94 0.45 0.9 0.475 0.94 0.45 0.94 0.4 0.9 0.45 0.9 0.45 0.94 0.4 0.9 0.45 0.94 0.4 0.94 0.36 0.9 0.4 0.9 0.4 0.94 0.36 0.9 0.4 0.94 0.36 0.94 0.36 0.96 0.4 0.96 0.4 1 0.36 0.96 0.4 1 0.36 1 0.338095 0.9 0.34 0.9 0.34 0.94 0.338095 0.9 0.34 0.94 0.338095 0.94 0.25 0.9 0.3 0.9 0.3 0.94 0.25 0.9 0.3 0.94 0.25 0.94 0.25 0.96 0.3 0.96 0.3 1 0.25 0.96 0.3 1 0.25 1 0.338095 0.96 0.34 0.96 0.34 1 0.338095 0.96 0.34 1 0.338095 1 0.2 0.9 0.25 0.9 0.25 0.94 0.2 0.9 0.25 0.94 0.2 0.94 0.2 0.96 0.25 0.96 0.25 1 0.2 0.96 0.25 1 0.2 1 0.15 0.9 0.2 0.9 0.2 0.94 0.15 0.9 0.2 0.94 0.15 0.94 0.15 0.96 0.2 0.96 0.2 1 0.15 0.96 0.2 1 0.15 1 0.1 0.9 0.15 0.9 0.15 0.94 0.1 0.9 0.15 0.94 0.1 0.94 0.1 0.96 0.15 0.96 0.15 1 0.1 0.96 0.15 1 0.1 1 0.0591571 0.9 0.1 0.9 0.1 0.94 0.0591571 0.9 0.1 0.94 0.0591571 0.94 0.0591571 0.96 0.1 0.96 0.1 1 0.0591571 0.96 0.1 1 0.0591571 1 1 1 1 0.96 1 0.96 1 1 1 0.96 1 1 1 0.94 1 0.9 1 0.9 1 0.94 1 0.9 1 0.94 0.475 0.96 0.49875 0.96 0.49875 1 0.475 0.96 0.49875 1 0.475 1 0.475 0.9 0.49875 0.9 0.49875 0.94 0.475 0.9 0.49875 0.94 0.475 0.94 0.0591571 0.9 0.0591571 0.94 0.0408429 0.94 0.0591571 0.9 0.0408429 0.94 0.0408429 0.9 0.36 0.9 0.36 0.94 0.34 0.94 0.36 0.9 0.34 0.94 0.34 0.9 0.34 1 0.34 0.96 0.36 0.96 0.34 1 0.36 0.96 0.36 1 1 1 1 0.96 1 0.96 1 1 1 0.96 1 1 1 0.94 1 0.9 1 0.9 1 0.94 1 0.9 1 0.94 0.76 0.8 0.76 0.85 0.74 0.85 0.76 0.8 0.74 0.85 0.74 0.8 0.76 0.94 0.76 0.96 0.74 0.96 0.76 0.94 0.74 0.96 0.74 0.94 0.74 0.94 0.74 0.9 0.76 0.9 0.74 0.94 0.76 0.9 0.76 0.94 0.74 1 0.74 0.96 0.76 0.96 0.74 1 0.76 0.96 0.76 1 0.7 0.96 0.74 0.96 0.74 1 0.7 0.96 0.74 1 0.7 1 0.76 0.96 0.8 0.96 0.8 1 0.76 0.96 0.8 1 0.76 1 0.715859 0.771637 0.74 0.774015 0.74 0.8 0.74 0.8 0.7 0.8 0.7 0.766827 0.74 0.8 0.7 0.766827 0.715859 0.771637 0.7 0.8 0.74 0.8 0.74 0.85 0.7 0.8 0.74 0.85 0.7 0.85 0.76 0.8 0.8 0.8 0.8 0.85 0.76 0.8 0.8 0.85 0.76 0.85 0.784141 0.771638 0.8 0.766827 0.8 0.8 0.8 0.8 0.76 0.8 0.76 0.774015 0.8 0.8 0.76 0.774015 0.784141 0.771638 0.7 0.85 0.74 0.85 0.74 0.9 0.7 0.85 0.74 0.9 0.7 0.9 0.76 0.85 0.8 0.85 0.8 0.9 0.76 0.85 0.8 0.9 0.76 0.9 0.7 0.9 0.74 0.9 0.74 0.94 0.7 0.9 0.74 0.94 0.7 0.94 0.76 0.9 0.8 0.9 0.8 0.94 0.76 0.9 0.8 0.94 0.76 0.94 0.715859 0.771637 0.7 0.766827 0.68303 0.761679 0.661181 0.75 0.652775 0.745507 0.65 0.74323 0.715859 0.771637 0.68303 0.761679 0.661181 0.75 0.76 0.774015 0.74 0.774015 0.715859 0.771637 0.8 0.766827 0.784141 0.771638 0.76 0.774015 0.838819 0.75 0.81697 0.761679 0.8 0.766827 0.85 0.74323 0.847225 0.745507 0.838819 0.75 0.89323 0.7 0.873744 0.723744 0.85 0.74323 0.9 0.688819 0.895507 0.697225 0.89323 0.7 0.916827 0.65 0.911679 0.66697 0.9 0.688819 0.911679 0.53303 0.916827 0.55 0.921637 0.565859 0.89323 0.5 0.895507 0.502775 0.9 0.511181 0.9 0.511181 0.911679 0.53303 0.921637 0.565859 0.89323 0.5 0.9 0.511181 0.921637 0.565859 0.85 0.45677 0.873744 0.476256 0.89323 0.5 0.838819 0.45 0.847225 0.454493 0.85 0.45677 0.8 0.433173 0.81697 0.438321 0.838819 0.45 0.76 0.425985 0.784141 0.428363 0.8 0.433173 0.715859 0.428363 0.74 0.425985 0.76 0.425985 0.68303 0.438321 0.7 0.433173 0.715859 0.428363 0.652775 0.454493 0.661181 0.45 0.68303 0.438321 0.60677 0.5 0.626256 0.476256 0.65 0.45677 0.65 0.45677 0.652775 0.454493 0.68303 0.438321 0.68303 0.438321 0.715859 0.428363 0.76 0.425985 0.76 0.425985 0.8 0.433173 0.838819 0.45 0.838819 0.45 0.85 0.45677 0.89323 0.5 0.921637 0.634141 0.916827 0.65 0.9 0.688819 0.9 0.688819 0.89323 0.7 0.85 0.74323 0.85 0.74323 0.838819 0.75 0.8 0.766827 0.8 0.766827 0.76 0.774015 0.715859 0.771637 0.715859 0.771637 0.661181 0.75 0.65 0.74323 0.65 0.74323 0.626256 0.723744 0.60677 0.7 0.60677 0.7 0.604493 0.697225 0.6 0.688819 0.6 0.688819 0.588321 0.66697 0.583173 0.65 0.583173 0.65 0.578363 0.634141 0.575 0.6 0.60677 0.7 0.6 0.688819 0.583173 0.65 0.715859 0.771637 0.65 0.74323 0.60677 0.7 0.85 0.74323 0.8 0.766827 0.715859 0.771637 0.921637 0.634141 0.9 0.688819 0.85 0.74323 0.921637 0.634141 0.85 0.74323 0.715859 0.771637 0.715859 0.771637 0.60677 0.7 0.583173 0.65 0.575 0.6 0.578363 0.565859 0.583173 0.55 0.583173 0.55 0.588321 0.53303 0.6 0.511181 0.6 0.511181 0.604493 0.502775 0.60677 0.5 0.60677 0.5 0.65 0.45677 0.68303 0.438321 0.68303 0.438321 0.76 0.425985 0.838819 0.45 0.838819 0.45 0.89323 0.5 0.921637 0.565859 0.68303 0.438321 0.838819 0.45 0.921637 0.565859 0.6 0.511181 0.60677 0.5 0.68303 0.438321 0.715859 0.771637 0.583173 0.65 0.575 0.6 0.6 0.511181 0.68303 0.438321 0.921637 0.565859 0.921637 0.634141 0.715859 0.771637 0.575 0.6 0.925 0.6 0.921637 0.634141 0.575 0.6 0.583173 0.55 0.6 0.511181 0.921637 0.565859 0.575 0.6 0.575 0.6 0.575 0.6 0.575 0.6 0.583173 0.55 0.921637 0.565859 0.575 0.6 0.575 0.6 0.921637 0.565859 0.925 0.6 0.925 0.6 0.925 0.6 0.921637 0.565859 0.925 0.6 0.925 0.6 0.575 0.6 0.921637 0.565859 0.925 0.6 0.8 0.96 0.76 0.96 0.76 0.94 0.8 0.96 0.76 0.94 0.8 0.94 0.74 0.96 0.7 0.96 0.7 0.94 0.74 0.96 0.7 0.94 0.74 0.94 0.46 1 0.44 1 0.45 0.99 0.44 1 0.46 1 0.45 1 0.46 1 0.46 1 0.44 1 0.46 1 0.44 1 0.44 1 0.46 1 0.46 1 0.44 1 0.46 1 0.44 1 0.44 1 0.4 1 0.4 0.96 0.45 0.96 0.45 0.96 0.45 0.99 0.44 1 0.45 0.96 0.44 1 0.4 1 0.46 1 0.475 1 0.475 1 0.46 1 0.475 1 0.46 1 0.4 1 0.44 1 0.44 1 0.4 1 0.44 1 0.4 1 0.45 0.99 0.45 0.96 0.475 0.96 0.475 0.96 0.475 1 0.46 1 0.475 0.96 0.46 1 0.45 0.99 0.4 1 0.44 1 0.44 1 0.4 1 0.44 1 0.4 1 0.46 1 0.475 1 0.475 1 0.46 1 0.475 1 0.46 1 0.4 1 0.44 1 0.44 1 0.4 1 0.44 1 0.4 1 0.46 1 0.475 1 0.475 1 0.46 1 0.475 1 0.46 1 0.4 1 0.44 1 0.44 1 0.4 1 0.44 1 0.4 1 0.46 1 0.475 1 0.475 1 0.46 1 0.475 1 0.46 1 0.4 1 0.4 1 0.44 1 0.44 1 0.45 1 0.45 1 0.44 1 0.45 1 0.4 1 0.45 1 0.45 1 0.46 1 0.46 1 0.475 1 0.475 1 0.46 1 0.475 1 0.45 1 0.15 0.0433334 0.1 0.0433334 0.1 0.04 0.15 0.0433334 0.1 0.04 0.15 0.04 0.25 0.0433334 0.2 0.0433334 0.2 0.04 0.25 0.0433334 0.2 0.04 0.25 0.04 0.45 0.0433334 0.4 0.0433334 0.4 0.04 0.45 0.0433334 0.4 0.04 0.45 0.04 0.525 0.0433334 0.5 0.0433334 0.5 0.04 0.525 0.0433334 0.5 0.04 0.525 0.04 0.625 0.0433164 0.6 0.0433164 0.6 0.04 0.625 0.0433164 0.6 0.04 0.625 0.04 0.85 0.0433334 0.8 0.0433334 0.8 0.04 0.85 0.0433334 0.8 0.04 0.85 0.04 0.95 0.0433334 0.9 0.0433334 0.9 0.04 0.95 0.0433334 0.9 0.04 0.95 0.04 0.55 0.0433334 0.525 0.0433334 0.525 0.04 0.55 0.0433334 0.525 0.04 0.55 0.04 0.65 0.0433164 0.625 0.0433164 0.625 0.04 0.65 0.0433164 0.625 0.04 0.65 0.04 0.0438953 0.85 0.0438953 0.9 0.0408429 0.9 0.0438953 0.85 0.0408429 0.9 0.0408429 0.85 0.0438953 0.75 0.0438953 0.8 0.0408429 0.8 0.0438953 0.75 0.0408429 0.8 0.0408429 0.75 0.0438953 0.65 0.0438953 0.7 0.0408429 0.7 0.0438953 0.65 0.0408429 0.7 0.0408429 0.65 0.0438953 0.45 0.0438953 0.5 0.0408429 0.5 0.0438953 0.45 0.0408429 0.5 0.0408429 0.45 0.0438953 0.35 0.0438952 0.4 0.0408429 0.4 0.0438953 0.35 0.0408429 0.4 0.0408429 0.35 0.0438953 0.275 0.0438953 0.3 0.0408429 0.3 0.0438953 0.275 0.0408429 0.3 0.0408429 0.275 0.0438953 0.175 0.0438953 0.2 0.0408429 0.2 0.0438953 0.175 0.0408429 0.2 0.0408429 0.175 0.0438953 0.1 0.0438953 0.15 0.0408429 0.15 0.0438953 0.1 0.0408429 0.15 0.0408429 0.1 0.0561047 1 0.0561047 1 0.0591571 1 0.0561047 1 0.0591571 1 0.0591571 1 0.0561047 1 0.0561047 1 0.0591571 1 0.0561047 1 0.0591571 1 0.0591571 1 0.0557233 1 0.0561047 1 0.0591571 1 0.0557233 1 0.0591571 1 0.0586994 1 0.0438953 0.2 0.0438953 0.225 0.0408429 0.225 0.0438953 0.2 0.0408429 0.225 0.0408429 0.2 0.15 0.593325 0.1 0.593326 0.1 0.58999 0.15 0.593325 0.1 0.58999 0.15 0.589987 0.25 0.593319 0.2 0.593323 0.2 0.589984 0.25 0.593319 0.2 0.589984 0.25 0.589979 0.45 0.593292 0.4 0.593302 0.4 0.589952 0.45 0.593292 0.4 0.589952 0.45 0.589937 0.525 0.593237 0.5 0.59326 0.5 0.58989 0.525 0.593237 0.5 0.58989 0.525 0.589854 0.55 0.606801 0.335569 0.352567 0.287481 0.305132 0.55 0.606801 0.287481 0.305132 0.55 0.610199 0.5 0.59326 0.475 0.593278 0.475 0.589917 0.5 0.59326 0.475 0.589917 0.5 0.58989 0.0438953 0.55 0.0438952 0.589992 0.0408429 0.589992 0.0438953 0.55 0.0408429 0.589992 0.0408429 0.55 0.343333 0.85 0.343333 0.9 0.34 0.9 0.343333 0.85 0.34 0.9 0.34 0.85 0.343333 0.75 0.343333 0.8 0.34 0.8 0.343333 0.75 0.34 0.8 0.34 0.75 0.343333 0.65 0.343333 0.7 0.34 0.7 0.343333 0.65 0.34 0.7 0.34 0.65 0.343333 0.5 0.343333 0.55 0.34 0.55 0.343333 0.5 0.34 0.55 0.34 0.5 0.343333 0.4 0.343333 0.45 0.34 0.45 0.343333 0.4 0.34 0.45 0.34 0.4 0.343333 0.3 0.343333 0.35 0.34 0.35 0.343333 0.3 0.34 0.35 0.34 0.3 0.343333 0.175 0.343333 0.2 0.34 0.2 0.343333 0.175 0.34 0.2 0.34 0.175 0.343333 0.1 0.343333 0.15 0.34 0.15 0.343333 0.1 0.34 0.15 0.34 0.1 0.34 0.0433334 0.3 0.0433334 0.3 0.04 0.34 0.0433334 0.3 0.04 0.34 0.04 0.743333 0.4 0.743333 0.425985 0.74 0.425985 0.743333 0.4 0.74 0.425985 0.74 0.4 0.743333 0.3 0.743333 0.35 0.74 0.35 0.743333 0.3 0.74 0.35 0.74 0.3 0.743333 0.175 0.743333 0.2 0.74 0.2 0.743333 0.175 0.74 0.2 0.74 0.175 0.743333 0.1 0.743333 0.15 0.74 0.15 0.743333 0.1 0.74 0.15 0.74 0.1 1 0.35 1 0.3 1 0.3 1 0.35 1 0.3 1 0.35 1 0.75 1 0.8 1 0.8 1 0.75 1 0.8 1 0.75 1 0.4 1 0.45 1 0.45 1 0.4 1 0.45 1 0.4 1 0.1 1 0.15 1 0.15 1 0.1 1 0.15 1 0.1 1 0.85 1 0.9 1 0.9 1 0.85 1 0.9 1 0.85 1 0.5 1 0.55 1 0.55 1 0.5 1 0.55 1 0.5 1 0.175 1 0.2 1 0.2 1 0.175 1 0.2 1 0.175 1 0.7 1 0.65 1 0.65 1 0.7 1 0.65 1 0.7 1 0.0433334 1 0.04 1 0.04 1 0.0433334 1 0.04 1 0.0433334 1 0.0566667 1 0.0566667 1 0.06 1 0.0566667 1 0.06 1 0.06 1 0.593209 0.95 0.593179 0.95 0.589771 1 0.593209 0.95 0.589771 1 0.589815 1 0.243333 0.95 0.243333 0.95 0.24 1 0.243333 0.95 0.24 1 0.24 0.2 0.243333 0.15 0.243333 0.15 0.24 0.2 0.243333 0.15 0.24 0.2 0.24 0.3 0.243333 0.25 0.243333 0.25 0.24 0.3 0.243333 0.25 0.24 0.3 0.24 0.45 0.243333 0.4 0.243333 0.4 0.24 0.45 0.243333 0.4 0.24 0.45 0.24 0.525 0.243333 0.5 0.243333 0.5 0.24 0.525 0.243333 0.5 0.24 0.525 0.24 0.625 0.243333 0.6 0.243333 0.6 0.24 0.625 0.243333 0.6 0.24 0.625 0.24 0.9 0.243333 0.85 0.243333 0.85 0.24 0.9 0.243333 0.85 0.24 0.9 0.24 0.55 0.243333 0.525 0.243333 0.525 0.24 0.55 0.243333 0.525 0.24 0.55 0.24 0.65 0.243333 0.625 0.243333 0.625 0.24 0.65 0.243333 0.625 0.24 0.65 0.24 0.0438953 0.26 0.0438953 0.275 0.0408429 0.275 0.0438953 0.26 0.0408429 0.275 0.0408429 0.26 1 0.943333 0.95 0.943333 0.95 0.94 1 0.943333 0.95 0.94 1 0.94 0.2 0.943333 0.15 0.943333 0.15 0.94 0.2 0.943333 0.15 0.94 0.2 0.94 0.3 0.943333 0.25 0.943333 0.25 0.94 0.3 0.943333 0.25 0.94 0.3 0.94 0.45 0.943333 0.4 0.943333 0.4 0.94 0.45 0.943333 0.4 0.94 0.45 0.94 0.525 0.943333 0.5 0.943333 0.5 0.94 0.525 0.943333 0.5 0.94 0.525 0.94 0.65 0.943333 0.6 0.943333 0.6 0.94 0.65 0.943333 0.6 0.94 0.65 0.94 0.9 0.943333 0.85 0.943333 0.85 0.94 0.9 0.943333 0.85 0.94 0.9 0.94 0.55 0.943333 0.525 0.943333 0.525 0.94 0.55 0.943333 0.525 0.94 0.55 0.94 0.5 0.943333 0.49875 0.943333 0.49875 0.94 0.5 0.943333 0.49875 0.94 0.5 0.94 0.0561047 1 0.0561047 0.96 0.0591571 0.96 0.0561047 1 0.0591571 0.96 0.0591571 1 0.743333 0.85 0.743333 0.9 0.74 0.9 0.743333 0.85 0.74 0.9 0.74 0.85 0.756667 0.8 0.756667 0.774015 0.76 0.774015 0.756667 0.8 0.76 0.774015 0.76 0.8 0.443333 1 0.443333 1 0.44 1 0.443333 1 0.44 1 0.44 1 0.443333 1 0.443333 1 0.44 1 0.443333 1 0.44 1 0.44 1 1 0.04 1 0.04 1 0.0433334 1 0.04 1 0.0433334 1 0.0433334 1 0.0433334 1 0.0433334 1 0.0466667 1 0.0433334 1 0.0466667 1 0.0466667 1 0.0533333 1 0.0533333 1 0.0566667 1 0.0533333 1 0.0566667 1 0.0566667 1 0.06 1 0.0566667 1 0.0566667 1 0.06 1 0.0566667 1 0.06 1 0.0566667 1 0.0533333 1 0.0533333 1 0.0566667 1 0.0533333 1 0.0566667 1 0.0466667 1 0.0433334 1 0.0433334 1 0.0466667 1 0.0433334 1 0.0466667 1 0.1 1 0.15 1 0.15 1 0.1 1 0.15 1 0.1 1 0.1 1 0.15 1 0.15 1 0.1 1 0.15 1 0.1 1 0.1 1 0.15 1 0.15 1 0.1 1 0.15 1 0.1 1 0.175 1 0.2 1 0.2 1 0.175 1 0.2 1 0.175 1 0.175 1 0.2 1 0.2 1 0.175 1 0.2 1 0.175 1 0.175 1 0.2 1 0.2 1 0.175 1 0.2 1 0.175 1 0.35 1 0.3 1 0.3 1 0.35 1 0.3 1 0.35 1 0.35 1 0.3 1 0.3 1 0.35 1 0.3 1 0.35 1 0.35 1 0.3 1 0.3 1 0.35 1 0.3 1 0.35 1 0.4 1 0.45 1 0.45 1 0.4 1 0.45 1 0.4 1 0.4 1 0.45 1 0.45 1 0.4 1 0.45 1 0.4 1 0.4 1 0.45 1 0.45 1 0.4 1 0.45 1 0.4 1 0.5 1 0.55 1 0.55 1 0.5 1 0.55 1 0.5 1 0.5 1 0.55 1 0.55 1 0.5 1 0.55 1 0.5 1 0.5 1 0.55 1 0.55 1 0.5 1 0.55 1 0.5 1 0.7 1 0.65 1 0.65 1 0.7 1 0.65 1 0.7 1 0.7 1 0.65 1 0.65 1 0.7 1 0.65 1 0.7 1 0.7 1 0.65 1 0.65 1 0.7 1 0.65 1 0.7 1 0.75 1 0.8 1 0.8 1 0.75 1 0.8 1 0.75 1 0.75 1 0.8 1 0.8 1 0.75 1 0.8 1 0.75 1 0.75 1 0.8 1 0.8 1 0.75 1 0.8 1 0.75 1 0.85 1 0.9 1 0.9 1 0.85 1 0.9 1 0.85 1 0.85 1 0.9 1 0.9 1 0.85 1 0.9 1 0.85 1 0.85 1 0.9 1 0.9 1 0.85 1 0.9 1 0.85 1 0.96 0.95 0.96 0.95 0.956667 1 0.96 0.95 0.956667 1 0.956667 1 0.956667 0.95 0.956667 0.95 0.953333 1 0.956667 0.95 0.953333 1 0.953333 1 0.946667 0.95 0.946667 0.95 0.943333 1 0.946667 0.95 0.943333 1 0.943333 0.9 0.96 0.85 0.96 0.85 0.956667 0.9 0.96 0.85 0.956667 0.9 0.956667 0.9 0.956667 0.85 0.956667 0.85 0.953333 0.9 0.956667 0.85 0.953333 0.9 0.953333 0.9 0.946667 0.85 0.946667 0.85 0.943333 0.9 0.946667 0.85 0.943333 0.9 0.943333 0.65 0.96 0.6 0.96 0.6 0.956667 0.65 0.96 0.6 0.956667 0.65 0.956667 0.65 0.956667 0.6 0.956667 0.6 0.953333 0.65 0.956667 0.6 0.953333 0.65 0.953333 0.65 0.946667 0.6 0.946667 0.6 0.943333 0.65 0.946667 0.6 0.943333 0.65 0.943333 0.5 0.96 0.49875 0.96 0.49875 0.956667 0.5 0.96 0.49875 0.956667 0.5 0.956667 0.5 0.956667 0.49875 0.956667 0.49875 0.953333 0.5 0.956667 0.49875 0.953333 0.5 0.953333 0.5 0.946667 0.49875 0.946667 0.49875 0.943333 0.5 0.946667 0.49875 0.943333 0.5 0.943333 0.55 0.96 0.525 0.96 0.525 0.956666 0.55 0.96 0.525 0.956666 0.55 0.956667 0.55 0.956667 0.525 0.956666 0.525 0.953333 0.55 0.956667 0.525 0.953333 0.55 0.953333 0.55 0.946667 0.525 0.946667 0.525 0.943333 0.55 0.946667 0.525 0.943333 0.55 0.943333 0.525 0.96 0.5 0.96 0.5 0.956667 0.525 0.96 0.5 0.956667 0.525 0.956666 0.525 0.956666 0.5 0.956667 0.5 0.953333 0.525 0.956666 0.5 0.953333 0.525 0.953333 0.525 0.946667 0.5 0.946667 0.5 0.943333 0.525 0.946667 0.5 0.943333 0.525 0.943333 0.45 0.96 0.4 0.96 0.4 0.956667 0.45 0.96 0.4 0.956667 0.45 0.956667 0.45 0.956667 0.4 0.956667 0.4 0.953333 0.45 0.956667 0.4 0.953333 0.45 0.953333 0.45 0.946667 0.4 0.946667 0.4 0.943333 0.45 0.946667 0.4 0.943333 0.45 0.943333 0.46 1 0.46 1 0.456667 1 0.46 1 0.456667 1 0.456667 1 0.456667 1 0.456667 1 0.453333 1 0.456667 1 0.453333 1 0.453333 1 0.446667 1 0.446667 1 0.443333 1 0.446667 1 0.443333 1 0.443333 1 0.46 1 0.46 1 0.456667 1 0.46 1 0.456667 1 0.456667 1 0.456667 1 0.456667 1 0.453333 1 0.456667 1 0.453333 1 0.453333 1 0.446667 1 0.446667 1 0.443333 1 0.446667 1 0.443333 1 0.443333 1 0.3 0.96 0.25 0.96 0.25 0.956667 0.3 0.96 0.25 0.956667 0.3 0.956667 0.3 0.956667 0.25 0.956667 0.25 0.953333 0.3 0.956667 0.25 0.953333 0.3 0.953333 0.3 0.946667 0.25 0.946667 0.25 0.943333 0.3 0.946667 0.25 0.943333 0.3 0.943333 0.2 0.96 0.15 0.96 0.15 0.956667 0.2 0.96 0.15 0.956667 0.2 0.956667 0.2 0.956667 0.15 0.956667 0.15 0.953333 0.2 0.956667 0.15 0.953333 0.2 0.953333 0.2 0.946667 0.15 0.946667 0.15 0.943333 0.2 0.946667 0.15 0.943333 0.2 0.943333 0.0408429 1 0.0408429 0.96 0.0438952 0.96 0.0408429 1 0.0438952 0.96 0.0438952 1 0.0438952 1 0.0438952 0.96 0.0469476 0.96 0.0438952 1 0.0469476 0.96 0.0469476 1 0.0530524 1 0.0530524 0.96 0.0561047 0.96 0.0530524 1 0.0561047 0.96 0.0561047 1 0.0408429 1 0.0408429 1 0.0438953 1 0.0408429 1 0.0438953 1 0.0438953 1 0.0438953 1 0.0438953 1 0.0469476 1 0.0438953 1 0.0469476 1 0.0469476 1 0.0530524 1 0.0530524 1 0.0561047 1 0.0530524 1 0.0561047 1 0.0561047 1 0.0408429 1 0.0408429 1 0.0438953 1 0.0408429 1 0.0438953 1 0.0438953 1 0.0438953 1 0.0438953 1 0.0469476 1 0.0438953 1 0.0469476 1 0.0469476 1 0.0530524 1 0.0530524 1 0.0561047 1 0.0530524 1 0.0561047 1 0.0561047 1 0.0408429 1 0.0408429 1 0.0438953 1 0.0408429 1 0.0438953 1 0.043819 1 0.043819 1 0.0438953 1 0.0469476 1 0.043819 1 0.0469476 1 0.046795 1 0.0527472 1 0.0530524 1 0.0561047 1 0.0527472 1 0.0561047 1 0.0557233 1 0.0591571 0.85 0.0591571 0.9 0.0561047 0.9 0.0591571 0.85 0.0561047 0.9 0.0561047 0.85 0.0561047 0.85 0.0561047 0.9 0.0530524 0.9 0.0561047 0.85 0.0530524 0.9 0.0530524 0.85 0.0469476 0.85 0.0469476 0.9 0.0438953 0.9 0.0469476 0.85 0.0438953 0.9 0.0438953 0.85 0.0591571 0.75 0.0591571 0.8 0.0561047 0.8 0.0591571 0.75 0.0561047 0.8 0.0561047 0.75 0.0561047 0.75 0.0561047 0.8 0.0530524 0.8 0.0561047 0.75 0.0530524 0.8 0.0530524 0.75 0.0469476 0.75 0.0469476 0.8 0.0438953 0.8 0.0469476 0.75 0.0438953 0.8 0.0438953 0.75 0.0591571 0.65 0.0591571 0.7 0.0561047 0.7 0.0591571 0.65 0.0561047 0.7 0.0561047 0.65 0.0561047 0.65 0.0561047 0.7 0.0530524 0.7 0.0561047 0.65 0.0530524 0.7 0.0530524 0.65 0.0469476 0.65 0.0469476 0.7 0.0438953 0.7 0.0469476 0.65 0.0438953 0.7 0.0438953 0.65 0.0591571 0.55 0.0591571 0.589991 0.0561047 0.589991 0.0591571 0.55 0.0561047 0.589991 0.0561047 0.55 0.0561047 0.55 0.0561047 0.589991 0.0530524 0.589992 0.0561047 0.55 0.0530524 0.589992 0.0530524 0.55 0.0469476 0.55 0.0469476 0.589992 0.0438952 0.589992 0.0469476 0.55 0.0438952 0.589992 0.0438953 0.55 0.0591571 0.45 0.0591571 0.5 0.0561047 0.5 0.0591571 0.45 0.0561047 0.5 0.0561047 0.45 0.0561047 0.45 0.0561047 0.5 0.0530524 0.5 0.0561047 0.45 0.0530524 0.5 0.0530524 0.45 0.0469476 0.45 0.0469476 0.5 0.0438953 0.5 0.0469476 0.45 0.0438953 0.5 0.0438953 0.45 0.0591571 0.35 0.0591571 0.4 0.0561047 0.4 0.0591571 0.35 0.0561047 0.4 0.0561047 0.35 0.0561047 0.35 0.0561047 0.4 0.0530524 0.4 0.0561047 0.35 0.0530524 0.4 0.0530524 0.35 0.0469476 0.35 0.0469476 0.4 0.0438952 0.4 0.0469476 0.35 0.0438952 0.4 0.0438953 0.35 0.0591571 0.26 0.0591571 0.275 0.0561047 0.275 0.0591571 0.26 0.0561047 0.275 0.0561047 0.26 0.0561047 0.26 0.0561047 0.275 0.0530524 0.275 0.0561047 0.26 0.0530524 0.275 0.0530524 0.26 0.0469476 0.26 0.0469476 0.275 0.0438953 0.275 0.0469476 0.26 0.0438953 0.275 0.0438953 0.26 0.0591571 0.275 0.0591571 0.3 0.0561047 0.3 0.0591571 0.275 0.0561047 0.3 0.0561047 0.275 0.0561047 0.275 0.0561047 0.3 0.0530524 0.3 0.0561047 0.275 0.0530524 0.3 0.0530524 0.275 0.0469476 0.275 0.0469476 0.3 0.0438953 0.3 0.0469476 0.275 0.0438953 0.3 0.0438953 0.275 0.2 0.26 0.15 0.26 0.15 0.256667 0.2 0.26 0.15 0.256667 0.2 0.256667 0.2 0.256667 0.15 0.256667 0.15 0.253333 0.2 0.256667 0.15 0.253333 0.2 0.253333 0.2 0.246667 0.15 0.246667 0.15 0.243333 0.2 0.246667 0.15 0.243333 0.2 0.243333 0.3 0.26 0.25 0.26 0.25 0.256667 0.3 0.26 0.25 0.256667 0.3 0.256667 0.3 0.256667 0.25 0.256667 0.25 0.253333 0.3 0.256667 0.25 0.253333 0.3 0.253333 0.3 0.246667 0.25 0.246667 0.25 0.243333 0.3 0.246667 0.25 0.243333 0.3 0.243333 0.0591571 0.2 0.0591571 0.225 0.0561047 0.225 0.0591571 0.2 0.0561047 0.225 0.0561047 0.2 0.0561047 0.2 0.0561047 0.225 0.0530524 0.225 0.0561047 0.2 0.0530524 0.225 0.0530524 0.2 0.0469476 0.2 0.0469476 0.225 0.0438953 0.225 0.0469476 0.2 0.0438953 0.225 0.0438953 0.2 0.0591571 0.175 0.0591571 0.2 0.0561047 0.2 0.0591571 0.175 0.0561047 0.2 0.0561047 0.175 0.0561047 0.175 0.0561047 0.2 0.0530524 0.2 0.0561047 0.175 0.0530524 0.2 0.0530524 0.175 0.0469476 0.175 0.0469476 0.2 0.0438953 0.2 0.0469476 0.175 0.0438953 0.2 0.0438953 0.175 0.0591571 0.1 0.0591571 0.15 0.0561047 0.15 0.0591571 0.1 0.0561047 0.15 0.0561047 0.1 0.0561047 0.1 0.0561047 0.15 0.0530524 0.15 0.0561047 0.1 0.0530524 0.15 0.0530524 0.1 0.0469476 0.1 0.0469476 0.15 0.0438953 0.15 0.0469476 0.1 0.0438953 0.15 0.0438953 0.1 0.15 0.06 0.1 0.06 0.1 0.0566667 0.15 0.06 0.1 0.0566667 0.15 0.0566667 0.15 0.0566667 0.1 0.0566667 0.1 0.0533333 0.15 0.0566667 0.1 0.0533333 0.15 0.0533333 0.15 0.0466667 0.1 0.0466667 0.1 0.0433334 0.15 0.0466667 0.1 0.0433334 0.15 0.0433334 0.25 0.06 0.2 0.06 0.2 0.0566667 0.25 0.06 0.2 0.0566667 0.25 0.0566667 0.25 0.0566667 0.2 0.0566667 0.2 0.0533333 0.25 0.0566667 0.2 0.0533333 0.25 0.0533333 0.25 0.0466667 0.2 0.0466667 0.2 0.0433334 0.25 0.0466667 0.2 0.0433334 0.25 0.0433334 0.301905 0.06 0.3 0.06 0.3 0.0566667 0.301905 0.06 0.3 0.0566667 0.301905 0.0566667 0.301905 0.0566667 0.3 0.0566667 0.3 0.0533333 0.301905 0.0566667 0.3 0.0533333 0.301905 0.0533333 0.34 0.0466667 0.3 0.0466667 0.3 0.0433334 0.34 0.0466667 0.3 0.0433334 0.34 0.0433334 0.36 0.1 0.36 0.15 0.356667 0.15 0.36 0.1 0.356667 0.15 0.356667 0.1 0.356667 0.1 0.356667 0.15 0.353333 0.15 0.356667 0.1 0.353333 0.15 0.353333 0.1 0.346667 0.1 0.346667 0.15 0.343333 0.15 0.346667 0.1 0.343333 0.15 0.343333 0.1 0.36 0.175 0.36 0.2 0.356667 0.2 0.36 0.175 0.356667 0.2 0.356667 0.175 0.356667 0.175 0.356667 0.2 0.353333 0.2 0.356667 0.175 0.353333 0.2 0.353333 0.175 0.346667 0.175 0.346667 0.2 0.343333 0.2 0.346667 0.175 0.343333 0.2 0.343333 0.175 0.36 0.3 0.36 0.35 0.356667 0.35 0.36 0.3 0.356667 0.35 0.356667 0.3 0.356667 0.3 0.356667 0.35 0.353333 0.35 0.356667 0.3 0.353333 0.35 0.353333 0.3 0.346667 0.3 0.346667 0.35 0.343333 0.35 0.346667 0.3 0.343333 0.35 0.343333 0.3 0.36 0.4 0.36 0.45 0.356667 0.45 0.36 0.4 0.356667 0.45 0.356667 0.4 0.356667 0.4 0.356667 0.45 0.353333 0.45 0.356667 0.4 0.353333 0.45 0.353333 0.4 0.346667 0.4 0.346667 0.45 0.343333 0.45 0.346667 0.4 0.343333 0.45 0.343333 0.4 0.36 0.5 0.36 0.55 0.356667 0.55 0.36 0.5 0.356667 0.55 0.356667 0.5 0.356667 0.5 0.356667 0.55 0.353333 0.55 0.356667 0.5 0.353333 0.55 0.353333 0.5 0.346667 0.5 0.346667 0.55 0.343333 0.55 0.346667 0.5 0.343333 0.55 0.343333 0.5 0.36 0.65 0.36 0.7 0.356667 0.7 0.36 0.65 0.356667 0.7 0.356667 0.65 0.356667 0.65 0.356667 0.7 0.353333 0.7 0.356667 0.65 0.353333 0.7 0.353333 0.65 0.346667 0.65 0.346667 0.7 0.343333 0.7 0.346667 0.65 0.343333 0.7 0.343333 0.65 0.36 0.75 0.36 0.8 0.356667 0.8 0.36 0.75 0.356667 0.8 0.356667 0.75 0.356667 0.75 0.356667 0.8 0.353333 0.8 0.356667 0.75 0.353333 0.8 0.353333 0.75 0.346667 0.75 0.346667 0.8 0.343333 0.8 0.346667 0.75 0.343333 0.8 0.343333 0.75 0.36 0.85 0.36 0.9 0.356667 0.9 0.36 0.85 0.356667 0.9 0.356667 0.85 0.356667 0.85 0.356667 0.9 0.353333 0.9 0.356667 0.85 0.353333 0.9 0.353333 0.85 0.346667 0.85 0.346667 0.9 0.343333 0.9 0.346667 0.85 0.343333 0.9 0.343333 0.85 0.25 0.610022 0.2 0.610017 0.2 0.606678 0.25 0.610022 0.2 0.606678 0.25 0.606681 0.25 0.606681 0.2 0.606678 0.2 0.603339 0.25 0.606681 0.2 0.603339 0.25 0.603341 0.25 0.59666 0.2 0.596661 0.2 0.593323 0.25 0.59666 0.2 0.593323 0.25 0.593319 0.15 0.610013 0.1 0.610011 0.1 0.606674 0.15 0.610013 0.1 0.606674 0.15 0.606675 0.15 0.606675 0.1 0.606674 0.1 0.603337 0.15 0.606675 0.1 0.603337 0.15 0.603338 0.15 0.596663 0.1 0.596663 0.1 0.593326 0.15 0.596663 0.1 0.593326 0.15 0.593325 0.45 0.610065 0.4 0.610049 0.4 0.6067 0.45 0.610065 0.4 0.6067 0.45 0.60671 0.45 0.60671 0.4 0.6067 0.4 0.60335 0.45 0.60671 0.4 0.60335 0.45 0.603355 0.45 0.596646 0.4 0.596651 0.4 0.593302 0.45 0.596646 0.4 0.593302 0.45 0.593292 0.5 0.610114 0.475 0.610086 0.475 0.606724 0.5 0.610114 0.475 0.606724 0.5 0.606743 0.5 0.606743 0.475 0.606724 0.475 0.603363 0.5 0.606743 0.475 0.603363 0.5 0.603372 0.5 0.596631 0.475 0.59664 0.475 0.593278 0.5 0.596631 0.475 0.593278 0.5 0.59326 0.525 0.61015 0.5 0.610114 0.5 0.606743 0.525 0.61015 0.5 0.606743 0.525 0.606768 0.525 0.606768 0.5 0.606743 0.5 0.603372 0.525 0.606768 0.5 0.603372 0.525 0.603385 0.525 0.596619 0.5 0.596631 0.5 0.59326 0.525 0.596619 0.5 0.59326 0.525 0.593237 0.55 0.589806 0.57601 0.589743 0.527922 0.542308 0.55 0.589806 0.527922 0.542308 0.55 0.593205 0.55 0.593205 0.527922 0.542308 0.479834 0.494873 0.55 0.593205 0.479834 0.494873 0.55 0.596604 0.55 0.603402 0.383657 0.400002 0.335569 0.352567 0.55 0.603402 0.335569 0.352567 0.55 0.606801 0.45 0.06 0.4 0.06 0.4 0.0566667 0.45 0.06 0.4 0.0566667 0.45 0.0566667 0.45 0.0566667 0.4 0.0566667 0.4 0.0533333 0.45 0.0566667 0.4 0.0533333 0.45 0.0533333 0.45 0.0466667 0.4 0.0466667 0.4 0.0433334 0.45 0.0466667 0.4 0.0433334 0.45 0.0433334 0.55 0.06 0.525 0.06 0.525 0.0566667 0.55 0.06 0.525 0.0566667 0.55 0.0566667 0.55 0.0566667 0.525 0.0566667 0.525 0.0533333 0.55 0.0566667 0.525 0.0533333 0.55 0.0533333 0.55 0.0466667 0.525 0.0466667 0.525 0.0433334 0.55 0.0466667 0.525 0.0433334 0.55 0.0433334 0.525 0.06 0.5 0.06 0.5 0.0566667 0.525 0.06 0.5 0.0566667 0.525 0.0566667 0.525 0.0566667 0.5 0.0566667 0.5 0.0533333 0.525 0.0566667 0.5 0.0533333 0.525 0.0533333 0.525 0.0466667 0.5 0.0466667 0.5 0.0433334 0.525 0.0466667 0.5 0.0433334 0.525 0.0433334 0.65 0.06 0.625 0.06 0.625 0.0566497 0.65 0.06 0.625 0.0566497 0.65 0.0566497 0.65 0.0566497 0.625 0.0566497 0.625 0.0533164 0.65 0.0566497 0.625 0.0533164 0.65 0.0533164 0.65 0.0466498 0.625 0.0466498 0.625 0.0433164 0.65 0.0466498 0.625 0.0433164 0.65 0.0433164 0.625 0.06 0.6 0.06 0.6 0.0566497 0.625 0.06 0.6 0.0566497 0.625 0.0566497 0.625 0.0566497 0.6 0.0566497 0.6 0.0533164 0.625 0.0566497 0.6 0.0533164 0.625 0.0533164 0.625 0.0466498 0.6 0.0466498 0.6 0.0433164 0.625 0.0466498 0.6 0.0433164 0.625 0.0433164 0.76 0.1 0.76 0.15 0.756667 0.15 0.76 0.1 0.756667 0.15 0.756667 0.1 0.756667 0.1 0.756667 0.15 0.753333 0.15 0.756667 0.1 0.753333 0.15 0.753333 0.1 0.746667 0.1 0.746667 0.15 0.743333 0.15 0.746667 0.1 0.743333 0.15 0.743333 0.1 0.76 0.175 0.76 0.2 0.756667 0.2 0.76 0.175 0.756667 0.2 0.756667 0.175 0.756667 0.175 0.756667 0.2 0.753333 0.2 0.756667 0.175 0.753333 0.2 0.753333 0.175 0.746667 0.175 0.746667 0.2 0.743333 0.2 0.746667 0.175 0.743333 0.2 0.743333 0.175 0.76 0.3 0.76 0.35 0.756667 0.35 0.76 0.3 0.756667 0.35 0.756667 0.3 0.756667 0.3 0.756667 0.35 0.753333 0.35 0.756667 0.3 0.753333 0.35 0.753333 0.3 0.746667 0.3 0.746667 0.35 0.743333 0.35 0.746667 0.3 0.743333 0.35 0.743333 0.3 0.76 0.4 0.76 0.425985 0.756667 0.425985 0.76 0.4 0.756667 0.425985 0.756667 0.4 0.756667 0.4 0.756667 0.425985 0.753333 0.425985 0.756667 0.4 0.753333 0.425985 0.753333 0.4 0.746667 0.4 0.746667 0.425985 0.743333 0.425985 0.746667 0.4 0.743333 0.425985 0.743333 0.4 0.9 0.26 0.85 0.26 0.85 0.256667 0.9 0.26 0.85 0.256667 0.9 0.256667 0.9 0.256667 0.85 0.256667 0.85 0.253333 0.9 0.256667 0.85 0.253333 0.9 0.253333 0.9 0.246667 0.85 0.246667 0.85 0.243333 0.9 0.246667 0.85 0.243333 0.9 0.243333 1 0.26 0.95 0.26 0.95 0.256667 1 0.26 0.95 0.256667 1 0.256667 1 0.256667 0.95 0.256667 0.95 0.253333 1 0.256667 0.95 0.253333 1 0.253333 1 0.246667 0.95 0.246667 0.95 0.243333 1 0.246667 0.95 0.243333 1 0.243333 0.95 0.06 0.9 0.06 0.9 0.0566667 0.95 0.06 0.9 0.0566667 0.95 0.0566667 0.95 0.0566667 0.9 0.0566667 0.9 0.0533333 0.95 0.0566667 0.9 0.0533333 0.95 0.0533333 0.95 0.0466667 0.9 0.0466667 0.9 0.0433334 0.95 0.0466667 0.9 0.0433334 0.95 0.0433334 0.85 0.06 0.8 0.06 0.8 0.0566667 0.85 0.06 0.8 0.0566667 0.85 0.0566667 0.85 0.0566667 0.8 0.0566667 0.8 0.0533333 0.85 0.0566667 0.8 0.0533333 0.85 0.0533333 0.85 0.0466667 0.8 0.0466667 0.8 0.0433334 0.85 0.0466667 0.8 0.0433334 0.85 0.0433334 1 0.61018 0.95 0.610223 0.95 0.606814 1 0.61018 0.95 0.606814 1 0.606786 1 0.606786 0.95 0.606814 0.95 0.603405 1 0.606786 0.95 0.603405 1 0.603392 1 0.596603 0.95 0.596588 0.95 0.593179 1 0.596603 0.95 0.593179 1 0.593209 0.76 0.85 0.76 0.9 0.756667 0.9 0.76 0.85 0.756667 0.9 0.756667 0.85 0.756667 0.85 0.756667 0.9 0.753333 0.9 0.756667 0.85 0.753333 0.9 0.753333 0.85 0.746667 0.85 0.746667 0.9 0.743333 0.9 0.746667 0.85 0.743333 0.9 0.743333 0.85 0.74 0.8 0.74 0.774015 0.743333 0.774015 0.74 0.8 0.743333 0.774015 0.743333 0.8 0.743333 0.8 0.743333 0.774015 0.746667 0.774015 0.743333 0.8 0.746667 0.774015 0.746667 0.8 0.753333 0.8 0.753333 0.774015 0.756667 0.774015 0.753333 0.8 0.756667 0.774015 0.756667 0.8 0.65 0.26 0.625 0.26 0.625 0.256667 0.65 0.26 0.625 0.256667 0.65 0.256667 0.65 0.256667 0.625 0.256667 0.625 0.253333 0.65 0.256667 0.625 0.253333 0.65 0.253333 0.65 0.246667 0.625 0.246667 0.625 0.243333 0.65 0.246667 0.625 0.243333 0.65 0.243333 0.625 0.26 0.6 0.26 0.6 0.256667 0.625 0.26 0.6 0.256667 0.625 0.256667 0.625 0.256667 0.6 0.256667 0.6 0.253333 0.625 0.256667 0.6 0.253333 0.625 0.253333 0.625 0.246667 0.6 0.246667 0.6 0.243333 0.625 0.246667 0.6 0.243333 0.625 0.243333 0.55 0.26 0.525 0.26 0.525 0.256667 0.55 0.26 0.525 0.256667 0.55 0.256667 0.55 0.256667 0.525 0.256667 0.525 0.253333 0.55 0.256667 0.525 0.253333 0.55 0.253333 0.55 0.246667 0.525 0.246667 0.525 0.243333 0.55 0.246667 0.525 0.243333 0.55 0.243333 0.525 0.26 0.5 0.26 0.5 0.256667 0.525 0.26 0.5 0.256667 0.525 0.256667 0.525 0.256667 0.5 0.256667 0.5 0.253333 0.525 0.256667 0.5 0.253333 0.525 0.253333 0.525 0.246667 0.5 0.246667 0.5 0.243333 0.525 0.246667 0.5 0.243333 0.525 0.243333 0.45 0.26 0.4 0.26 0.4 0.256667 0.45 0.26 0.4 0.256667 0.45 0.256667 0.45 0.256667 0.4 0.256667 0.4 0.253333 0.45 0.256667 0.4 0.253333 0.45 0.253333 0.45 0.246667 0.4 0.246667 0.4 0.243333 0.45 0.246667 0.4 0.243333 0.45 0.243333 0.9 0 0.85 0 0.85 0 0.9 0 0.85 0 0.9 0 1 0 1 0 1 0 1 0 1 0 1 0 1 0 1 0 1 0 1 0 1 0 1 0 0.95 0 0.9 0 0.9 0 0.95 0 0.9 0 0.95 0 1 0 1 0 1 0 1 0 1 0 1 0 1 0 0.95 0 0.95 0 1 0 0.95 0 1 0 1 0 1 0 1 0 1 0 1 0 1 0 1 0.15 1 0.1 1 0.1 1 0.15 1 0.1 1 0.15 1 0.175 1 0.15 1 0.15 1 0.175 1 0.15 1 0.175 1 0.04 1 0 1 0 1 0.04 1 0 1 0.04 1 0.06 1 0.04 1 0.04 1 0.06 1 0.04 1 0.06 1 0.0619048 1 0.06 1 0.06 1 0.0619048 1 0.06 1 0.0619048 0.0408429 1 0.0586994 1 0.0586994 1 0.0408429 1 0.0586994 1 0.0408429 1 0.0586994 1 0.0975 1 0.0975 1 0.0586994 1 0.0975 1 0.0586994 1 0 1 0.0408429 1 0.0408429 1 0 1 0.0408429 1 0 1 0 1 0 1 0 1 0 1 0 1 0 1 0.3 0.96 0.301905 0.96 0.301905 1 0.3 0.96 0.301905 1 0.3 1 0.301905 0.96 0.30381 0.96 0.30381 1 0.301905 0.96 0.30381 1 0.301905 1 0.30381 0.96 0.305714 0.96 0.305714 1 0.30381 0.96 0.305714 1 0.30381 1 0.305714 0.96 0.307619 0.96 0.307619 1 0.305714 0.96 0.307619 1 0.305714 1 0.307619 0.96 0.309524 0.96 0.309524 1 0.307619 0.96 0.309524 1 0.307619 1 0.309524 0.96 0.311429 0.96 0.311429 1 0.309524 0.96 0.311429 1 0.309524 1 0.311429 0.96 0.313333 0.96 0.313333 1 0.311429 0.96 0.313333 1 0.311429 1 0.313333 0.96 0.315238 0.96 0.315238 1 0.313333 0.96 0.315238 1 0.313333 1 0.315238 0.96 0.317143 0.96 0.317143 1 0.315238 0.96 0.317143 1 0.315238 1 0.317143 0.96 0.319048 0.96 0.319048 1 0.317143 0.96 0.319048 1 0.317143 1 0.319048 0.96 0.320952 0.96 0.320952 1 0.319048 0.96 0.320952 1 0.319048 1 0.320952 0.96 0.322857 0.96 0.322857 1 0.320952 0.96 0.322857 1 0.320952 1 0.322857 0.96 0.324762 0.96 0.324762 1 0.322857 0.96 0.324762 1 0.322857 1 0.324762 0.96 0.326667 0.96 0.326667 1 0.324762 0.96 0.326667 1 0.324762 1 0.326667 0.96 0.328571 0.96 0.328571 1 0.326667 0.96 0.328571 1 0.326667 1 0.328571 0.96 0.330476 0.96 0.330476 1 0.328571 0.96 0.330476 1 0.328571 1 0.330476 0.96 0.332381 0.96 0.332381 1 0.330476 0.96 0.332381 1 0.330476 1 0.332381 0.96 0.334286 0.96 0.334286 1 0.332381 0.96 0.334286 1 0.332381 1 0.334286 0.96 0.33619 0.96 0.33619 1 0.334286 0.96 0.33619 1 0.334286 1 0.33619 0.96 0.338095 0.96 0.338095 1 0.33619 0.96 0.338095 1 0.33619 1 0.3 0.9 0.301905 0.9 0.301905 0.94 0.3 0.9 0.301905 0.94 0.3 0.94 0.301905 0.9 0.30381 0.9 0.303809 0.94 0.301905 0.9 0.303809 0.94 0.301905 0.94 0.30381 0.9 0.305714 0.9 0.305714 0.94 0.30381 0.9 0.305714 0.94 0.303809 0.94 0.305714 0.9 0.307619 0.9 0.307619 0.94 0.305714 0.9 0.307619 0.94 0.305714 0.94 0.307619 0.9 0.309524 0.9 0.309524 0.94 0.307619 0.9 0.309524 0.94 0.307619 0.94 0.309524 0.9 0.311429 0.9 0.311429 0.94 0.309524 0.9 0.311429 0.94 0.309524 0.94 0.311429 0.9 0.313333 0.9 0.313333 0.94 0.311429 0.9 0.313333 0.94 0.311429 0.94 0.313333 0.9 0.315238 0.9 0.315238 0.94 0.313333 0.9 0.315238 0.94 0.313333 0.94 0.315238 0.9 0.317143 0.9 0.317143 0.94 0.315238 0.9 0.317143 0.94 0.315238 0.94 0.317143 0.9 0.319048 0.9 0.319048 0.94 0.317143 0.9 0.319048 0.94 0.317143 0.94 0.319048 0.9 0.320952 0.9 0.320952 0.94 0.319048 0.9 0.320952 0.94 0.319048 0.94 0.320952 0.9 0.322857 0.9 0.322857 0.94 0.320952 0.9 0.322857 0.94 0.320952 0.94 0.322857 0.9 0.324762 0.9 0.324762 0.94 0.322857 0.9 0.324762 0.94 0.322857 0.94 0.324762 0.9 0.326667 0.9 0.326667 0.94 0.324762 0.9 0.326667 0.94 0.324762 0.94 0.326667 0.9 0.328571 0.9 0.328571 0.94 0.326667 0.9 0.328571 0.94 0.326667 0.94 0.328571 0.9 0.330476 0.9 0.330476 0.94 0.328571 0.9 0.330476 0.94 0.328571 0.94 0.330476 0.9 0.332381 0.9 0.332381 0.94 0.330476 0.9 0.332381 0.94 0.330476 0.94 0.332381 0.9 0.334286 0.9 0.334286 0.94 0.332381 0.9 0.334286 0.94 0.332381 0.94 0.334286 0.9 0.33619 0.9 0.33619 0.94 0.334286 0.9 0.33619 0.94 0.334286 0.94 0.33619 0.9 0.338095 0.9 0.338095 0.94 0.33619 0.9 0.338095 0.94 0.33619 0.94 0.3 0.94 0.301905 0.94 0.301905 0.96 0.3 0.94 0.301905 0.96 0.3 0.96 0.301905 0.94 0.303809 0.94 0.30381 0.96 0.301905 0.94 0.30381 0.96 0.301905 0.96 0.303809 0.94 0.305714 0.94 0.305714 0.96 0.303809 0.94 0.305714 0.96 0.30381 0.96 0.305714 0.94 0.307619 0.94 0.307619 0.96 0.305714 0.94 0.307619 0.96 0.305714 0.96 0.307619 0.94 0.309524 0.94 0.309524 0.96 0.307619 0.94 0.309524 0.96 0.307619 0.96 0.309524 0.94 0.311429 0.94 0.311429 0.96 0.309524 0.94 0.311429 0.96 0.309524 0.96 0.311429 0.94 0.313333 0.94 0.313333 0.96 0.311429 0.94 0.313333 0.96 0.311429 0.96 0.313333 0.94 0.315238 0.94 0.315238 0.96 0.313333 0.94 0.315238 0.96 0.313333 0.96 0.315238 0.94 0.317143 0.94 0.317143 0.96 0.315238 0.94 0.317143 0.96 0.315238 0.96 0.317143 0.94 0.319048 0.94 0.319048 0.96 0.317143 0.94 0.319048 0.96 0.317143 0.96 0.319048 0.94 0.320952 0.94 0.320952 0.96 0.319048 0.94 0.320952 0.96 0.319048 0.96 0.320952 0.94 0.322857 0.94 0.322857 0.96 0.320952 0.94 0.322857 0.96 0.320952 0.96 0.322857 0.94 0.324762 0.94 0.324762 0.96 0.322857 0.94 0.324762 0.96 0.322857 0.96 0.324762 0.94 0.326667 0.94 0.326667 0.96 0.324762 0.94 0.326667 0.96 0.324762 0.96 0.326667 0.94 0.328571 0.94 0.328571 0.96 0.326667 0.94 0.328571 0.96 0.326667 0.96 0.328571 0.94 0.330476 0.94 0.330476 0.96 0.328571 0.94 0.330476 0.96 0.328571 0.96 0.330476 0.94 0.332381 0.94 0.332381 0.96 0.330476 0.94 0.332381 0.96 0.330476 0.96 0.332381 0.94 0.334286 0.94 0.334286 0.96 0.332381 0.94 0.334286 0.96 0.332381 0.96 0.334286 0.94 0.33619 0.94 0.33619 0.96 0.334286 0.94 0.33619 0.96 0.334286 0.96 0.33619 0.94 0.338095 0.94 0.338095 0.96 0.33619 0.94 0.338095 0.96 0.33619 0.96 0.3 0.225 0.301905 0.225 0.301905 0.24 0.3 0.225 0.301905 0.24 0.3 0.24 0.301905 0.225 0.30381 0.225 0.30381 0.24 0.301905 0.225 0.30381 0.24 0.301905 0.24 0.30381 0.225 0.305714 0.225 0.305714 0.24 0.30381 0.225 0.305714 0.24 0.30381 0.24 0.305714 0.225 0.307619 0.225 0.307619 0.24 0.305714 0.225 0.307619 0.24 0.305714 0.24 0.307619 0.225 0.309524 0.225 0.309524 0.24 0.307619 0.225 0.309524 0.24 0.307619 0.24 0.309524 0.225 0.311429 0.225 0.311429 0.24 0.309524 0.225 0.311429 0.24 0.309524 0.24 0.311429 0.225 0.313333 0.225 0.313333 0.24 0.311429 0.225 0.313333 0.24 0.311429 0.24 0.313333 0.225 0.315238 0.225 0.315238 0.24 0.313333 0.225 0.315238 0.24 0.313333 0.24 0.315238 0.225 0.317143 0.225 0.317143 0.24 0.315238 0.225 0.317143 0.24 0.315238 0.24 0.317143 0.225 0.319048 0.225 0.319048 0.24 0.317143 0.225 0.319048 0.24 0.317143 0.24 0.319048 0.225 0.320952 0.225 0.320952 0.24 0.319048 0.225 0.320952 0.24 0.319048 0.24 0.320952 0.225 0.322857 0.225 0.322857 0.24 0.320952 0.225 0.322857 0.24 0.320952 0.24 0.322857 0.225 0.324762 0.225 0.324762 0.24 0.322857 0.225 0.324762 0.24 0.322857 0.24 0.324762 0.225 0.326667 0.225 0.326667 0.24 0.324762 0.225 0.326667 0.24 0.324762 0.24 0.326667 0.225 0.328571 0.225 0.328571 0.24 0.326667 0.225 0.328571 0.24 0.326667 0.24 0.328571 0.225 0.330476 0.225 0.330476 0.24 0.328571 0.225 0.330476 0.24 0.328571 0.24 0.330476 0.225 0.332381 0.225 0.332381 0.24 0.330476 0.225 0.332381 0.24 0.330476 0.24 0.332381 0.225 0.334286 0.225 0.334286 0.24 0.332381 0.225 0.334286 0.24 0.332381 0.24 0.334286 0.225 0.33619 0.225 0.33619 0.24 0.334286 0.225 0.33619 0.24 0.334286 0.24 0.33619 0.225 0.338095 0.225 0.338095 0.24 0.33619 0.225 0.338095 0.24 0.33619 0.24 0.3 0.26 0.301905 0.26 0.301905 0.275 0.3 0.26 0.301905 0.275 0.3 0.275 0.301905 0.26 0.30381 0.26 0.30381 0.275 0.301905 0.26 0.30381 0.275 0.301905 0.275 0.30381 0.26 0.305714 0.26 0.305714 0.275 0.30381 0.26 0.305714 0.275 0.30381 0.275 0.305714 0.26 0.307619 0.26 0.307619 0.275 0.305714 0.26 0.307619 0.275 0.305714 0.275 0.307619 0.26 0.309524 0.26 0.309524 0.275 0.307619 0.26 0.309524 0.275 0.307619 0.275 0.309524 0.26 0.311429 0.26 0.311429 0.275 0.309524 0.26 0.311429 0.275 0.309524 0.275 0.311429 0.26 0.313333 0.26 0.313333 0.275 0.311429 0.26 0.313333 0.275 0.311429 0.275 0.313333 0.26 0.315238 0.26 0.315238 0.275 0.313333 0.26 0.315238 0.275 0.313333 0.275 0.315238 0.26 0.317143 0.26 0.317143 0.275 0.315238 0.26 0.317143 0.275 0.315238 0.275 0.317143 0.26 0.319048 0.26 0.319048 0.275 0.317143 0.26 0.319048 0.275 0.317143 0.275 0.319048 0.26 0.320952 0.26 0.320952 0.275 0.319048 0.26 0.320952 0.275 0.319048 0.275 0.320952 0.26 0.322857 0.26 0.322857 0.275 0.320952 0.26 0.322857 0.275 0.320952 0.275 0.322857 0.26 0.324762 0.26 0.324762 0.275 0.322857 0.26 0.324762 0.275 0.322857 0.275 0.324762 0.26 0.326667 0.26 0.326667 0.275 0.324762 0.26 0.326667 0.275 0.324762 0.275 0.326667 0.26 0.328571 0.26 0.328571 0.275 0.326667 0.26 0.328571 0.275 0.326667 0.275 0.328571 0.26 0.330476 0.26 0.330476 0.275 0.328571 0.26 0.330476 0.275 0.328571 0.275 0.330476 0.26 0.332381 0.26 0.332381 0.275 0.330476 0.26 0.332381 0.275 0.330476 0.275 0.332381 0.26 0.334286 0.26 0.334286 0.275 0.332381 0.26 0.334286 0.275 0.332381 0.275 0.334286 0.26 0.33619 0.26 0.33619 0.275 0.334286 0.26 0.33619 0.275 0.334286 0.275 0.33619 0.26 0.338095 0.26 0.338095 0.275 0.33619 0.26 0.338095 0.275 0.33619 0.275 0.3 0.24 0.301905 0.24 0.301905 0.26 0.3 0.24 0.301905 0.26 0.3 0.26 0.301905 0.24 0.30381 0.24 0.30381 0.26 0.301905 0.24 0.30381 0.26 0.301905 0.26 0.30381 0.24 0.305714 0.24 0.305714 0.26 0.30381 0.24 0.305714 0.26 0.30381 0.26 0.305714 0.24 0.307619 0.24 0.307619 0.26 0.305714 0.24 0.307619 0.26 0.305714 0.26 0.307619 0.24 0.309524 0.24 0.309524 0.26 0.307619 0.24 0.309524 0.26 0.307619 0.26 0.309524 0.24 0.311429 0.24 0.311429 0.26 0.309524 0.24 0.311429 0.26 0.309524 0.26 0.311429 0.24 0.313333 0.24 0.313333 0.26 0.311429 0.24 0.313333 0.26 0.311429 0.26 0.313333 0.24 0.315238 0.24 0.315238 0.26 0.313333 0.24 0.315238 0.26 0.313333 0.26 0.315238 0.24 0.317143 0.24 0.317143 0.26 0.315238 0.24 0.317143 0.26 0.315238 0.26 0.317143 0.24 0.319048 0.24 0.319048 0.26 0.317143 0.24 0.319048 0.26 0.317143 0.26 0.319048 0.24 0.320952 0.24 0.320952 0.26 0.319048 0.24 0.320952 0.26 0.319048 0.26 0.320952 0.24 0.322857 0.24 0.322857 0.26 0.320952 0.24 0.322857 0.26 0.320952 0.26 0.322857 0.24 0.324762 0.24 0.324762 0.26 0.322857 0.24 0.324762 0.26 0.322857 0.26 0.324762 0.24 0.326667 0.24 0.326667 0.26 0.324762 0.24 0.326667 0.26 0.324762 0.26 0.326667 0.24 0.328571 0.24 0.328571 0.26 0.326667 0.24 0.328571 0.26 0.326667 0.26 0.328571 0.24 0.330476 0.24 0.330476 0.26 0.328571 0.24 0.330476 0.26 0.328571 0.26 0.330476 0.24 0.332381 0.24 0.332381 0.26 0.330476 0.24 0.332381 0.26 0.330476 0.26 0.332381 0.24 0.334286 0.24 0.334286 0.26 0.332381 0.24 0.334286 0.26 0.332381 0.26 0.334286 0.24 0.33619 0.24 0.33619 0.26 0.334286 0.24 0.33619 0.26 0.334286 0.26 0.33619 0.24 0.338095 0.24 0.338095 0.26 0.33619 0.24 0.338095 0.26 0.33619 0.26 0.34 0.610035 0.338095 0.610035 0.338095 0.589966 0.34 0.610035 0.338095 0.589966 0.34 0.589966 0.338095 0.610035 0.33619 0.610035 0.33619 0.589966 0.338095 0.610035 0.33619 0.589966 0.338095 0.589966 0.33619 0.610035 0.334286 0.610034 0.334286 0.589967 0.33619 0.610035 0.334286 0.589967 0.33619 0.589966 0.334286 0.610034 0.332381 0.610034 0.332381 0.589967 0.334286 0.610034 0.332381 0.589967 0.334286 0.589967 0.332381 0.610034 0.330476 0.610034 0.330476 0.589967 0.332381 0.610034 0.330476 0.589967 0.332381 0.589967 0.330476 0.610034 0.328571 0.610033 0.328571 0.589968 0.330476 0.610034 0.328571 0.589968 0.330476 0.589967 0.328571 0.610033 0.326667 0.610033 0.326667 0.589968 0.328571 0.610033 0.326667 0.589968 0.328571 0.589968 0.326667 0.610033 0.324762 0.610033 0.324762 0.589968 0.326667 0.610033 0.324762 0.589968 0.326667 0.589968 0.324762 0.610033 0.322857 0.610032 0.322857 0.589969 0.324762 0.610033 0.322857 0.589969 0.324762 0.589968 0.322857 0.610032 0.320952 0.610032 0.320952 0.589969 0.322857 0.610032 0.320952 0.589969 0.322857 0.589969 0.320952 0.610032 0.319048 0.610031 0.319048 0.589969 0.320952 0.610032 0.319048 0.589969 0.320952 0.589969 0.319048 0.610031 0.317143 0.610031 0.317143 0.589969 0.319048 0.610031 0.317143 0.589969 0.319048 0.589969 0.317143 0.610031 0.315238 0.610031 0.315238 0.58997 0.317143 0.610031 0.315238 0.58997 0.317143 0.589969 0.315238 0.610031 0.313333 0.61003 0.313333 0.58997 0.315238 0.610031 0.313333 0.58997 0.315238 0.58997 0.313333 0.61003 0.311429 0.61003 0.311429 0.589971 0.313333 0.61003 0.311429 0.589971 0.313333 0.58997 0.311429 0.61003 0.309524 0.61003 0.309524 0.589971 0.311429 0.61003 0.309524 0.589971 0.311429 0.589971 0.309524 0.61003 0.307619 0.610029 0.307619 0.589971 0.309524 0.61003 0.307619 0.589971 0.309524 0.589971 0.307619 0.610029 0.305714 0.610029 0.305714 0.589972 0.307619 0.610029 0.305714 0.589972 0.307619 0.589971 0.305714 0.610029 0.303809 0.610029 0.303809 0.589972 0.305714 0.610029 0.303809 0.589972 0.305714 0.589972 0.303809 0.610029 0.301905 0.610028 0.301905 0.589972 0.303809 0.610029 0.301905 0.589972 0.303809 0.589972 0.3 0.85 0.301905 0.85 0.301905 0.9 0.3 0.85 0.301905 0.9 0.3 0.9 0.301905 0.85 0.30381 0.85 0.30381 0.9 0.301905 0.85 0.30381 0.9 0.301905 0.9 0.30381 0.85 0.305714 0.85 0.305714 0.9 0.30381 0.85 0.305714 0.9 0.30381 0.9 0.305714 0.85 0.307619 0.85 0.307619 0.9 0.305714 0.85 0.307619 0.9 0.305714 0.9 0.307619 0.85 0.309524 0.85 0.309524 0.9 0.307619 0.85 0.309524 0.9 0.307619 0.9 0.309524 0.85 0.311429 0.85 0.311429 0.9 0.309524 0.85 0.311429 0.9 0.309524 0.9 0.311429 0.85 0.313333 0.85 0.313333 0.9 0.311429 0.85 0.313333 0.9 0.311429 0.9 0.313333 0.85 0.315238 0.85 0.315238 0.9 0.313333 0.85 0.315238 0.9 0.313333 0.9 0.315238 0.85 0.317143 0.85 0.317143 0.9 0.315238 0.85 0.317143 0.9 0.315238 0.9 0.317143 0.85 0.319048 0.85 0.319048 0.9 0.317143 0.85 0.319048 0.9 0.317143 0.9 0.319048 0.85 0.320952 0.85 0.320952 0.9 0.319048 0.85 0.320952 0.9 0.319048 0.9 0.320952 0.85 0.322857 0.85 0.322857 0.9 0.320952 0.85 0.322857 0.9 0.320952 0.9 0.322857 0.85 0.324762 0.85 0.324762 0.9 0.322857 0.85 0.324762 0.9 0.322857 0.9 0.324762 0.85 0.326667 0.85 0.326667 0.9 0.324762 0.85 0.326667 0.9 0.324762 0.9 0.326667 0.85 0.328571 0.85 0.328571 0.9 0.326667 0.85 0.328571 0.9 0.326667 0.9 0.328571 0.85 0.330476 0.85 0.330476 0.9 0.328571 0.85 0.330476 0.9 0.328571 0.9 0.330476 0.85 0.332381 0.85 0.332381 0.9 0.330476 0.85 0.332381 0.9 0.330476 0.9 0.332381 0.85 0.334286 0.85 0.334286 0.9 0.332381 0.85 0.334286 0.9 0.332381 0.9 0.334286 0.85 0.33619 0.85 0.33619 0.9 0.334286 0.85 0.33619 0.9 0.334286 0.9 0.33619 0.85 0.338095 0.85 0.338095 0.9 0.33619 0.85 0.338095 0.9 0.33619 0.9 0.3 0.8 0.301905 0.8 0.301905 0.85 0.3 0.8 0.301905 0.85 0.3 0.85 0.301905 0.8 0.30381 0.8 0.30381 0.85 0.301905 0.8 0.30381 0.85 0.301905 0.85 0.30381 0.8 0.305714 0.8 0.305714 0.85 0.30381 0.8 0.305714 0.85 0.30381 0.85 0.305714 0.8 0.307619 0.8 0.307619 0.85 0.305714 0.8 0.307619 0.85 0.305714 0.85 0.307619 0.8 0.309524 0.8 0.309524 0.85 0.307619 0.8 0.309524 0.85 0.307619 0.85 0.309524 0.8 0.311429 0.8 0.311429 0.85 0.309524 0.8 0.311429 0.85 0.309524 0.85 0.311429 0.8 0.313333 0.8 0.313333 0.85 0.311429 0.8 0.313333 0.85 0.311429 0.85 0.313333 0.8 0.315238 0.8 0.315238 0.85 0.313333 0.8 0.315238 0.85 0.313333 0.85 0.315238 0.8 0.317143 0.8 0.317143 0.85 0.315238 0.8 0.317143 0.85 0.315238 0.85 0.317143 0.8 0.319048 0.8 0.319048 0.85 0.317143 0.8 0.319048 0.85 0.317143 0.85 0.319048 0.8 0.320952 0.8 0.320952 0.85 0.319048 0.8 0.320952 0.85 0.319048 0.85 0.320952 0.8 0.322857 0.8 0.322857 0.85 0.320952 0.8 0.322857 0.85 0.320952 0.85 0.322857 0.8 0.324762 0.8 0.324762 0.85 0.322857 0.8 0.324762 0.85 0.322857 0.85 0.324762 0.8 0.326667 0.8 0.326667 0.85 0.324762 0.8 0.326667 0.85 0.324762 0.85 0.326667 0.8 0.328571 0.8 0.328571 0.85 0.326667 0.8 0.328571 0.85 0.326667 0.85 0.328571 0.8 0.330476 0.8 0.330476 0.85 0.328571 0.8 0.330476 0.85 0.328571 0.85 0.330476 0.8 0.332381 0.8 0.332381 0.85 0.330476 0.8 0.332381 0.85 0.330476 0.85 0.332381 0.8 0.334286 0.8 0.334286 0.85 0.332381 0.8 0.334286 0.85 0.332381 0.85 0.334286 0.8 0.33619 0.8 0.33619 0.85 0.334286 0.8 0.33619 0.85 0.334286 0.85 0.33619 0.8 0.338095 0.8 0.338095 0.85 0.33619 0.8 0.338095 0.85 0.33619 0.85 0.3 0.75 0.301905 0.75 0.301905 0.8 0.3 0.75 0.301905 0.8 0.3 0.8 0.301905 0.75 0.30381 0.75 0.30381 0.8 0.301905 0.75 0.30381 0.8 0.301905 0.8 0.30381 0.75 0.305714 0.75 0.305714 0.8 0.30381 0.75 0.305714 0.8 0.30381 0.8 0.305714 0.75 0.307619 0.75 0.307619 0.8 0.305714 0.75 0.307619 0.8 0.305714 0.8 0.307619 0.75 0.309524 0.75 0.309524 0.8 0.307619 0.75 0.309524 0.8 0.307619 0.8 0.309524 0.75 0.311429 0.75 0.311429 0.8 0.309524 0.75 0.311429 0.8 0.309524 0.8 0.311429 0.75 0.313333 0.75 0.313333 0.8 0.311429 0.75 0.313333 0.8 0.311429 0.8 0.313333 0.75 0.315238 0.75 0.315238 0.8 0.313333 0.75 0.315238 0.8 0.313333 0.8 0.315238 0.75 0.317143 0.75 0.317143 0.8 0.315238 0.75 0.317143 0.8 0.315238 0.8 0.317143 0.75 0.319048 0.75 0.319048 0.8 0.317143 0.75 0.319048 0.8 0.317143 0.8 0.319048 0.75 0.320952 0.75 0.320952 0.8 0.319048 0.75 0.320952 0.8 0.319048 0.8 0.320952 0.75 0.322857 0.75 0.322857 0.8 0.320952 0.75 0.322857 0.8 0.320952 0.8 0.322857 0.75 0.324762 0.75 0.324762 0.8 0.322857 0.75 0.324762 0.8 0.322857 0.8 0.324762 0.75 0.326667 0.75 0.326667 0.8 0.324762 0.75 0.326667 0.8 0.324762 0.8 0.326667 0.75 0.328571 0.75 0.328571 0.8 0.326667 0.75 0.328571 0.8 0.326667 0.8 0.328571 0.75 0.330476 0.75 0.330476 0.8 0.328571 0.75 0.330476 0.8 0.328571 0.8 0.330476 0.75 0.332381 0.75 0.332381 0.8 0.330476 0.75 0.332381 0.8 0.330476 0.8 0.332381 0.75 0.334286 0.75 0.334286 0.8 0.332381 0.75 0.334286 0.8 0.332381 0.8 0.334286 0.75 0.33619 0.75 0.33619 0.8 0.334286 0.75 0.33619 0.8 0.334286 0.8 0.33619 0.75 0.338095 0.75 0.338095 0.8 0.33619 0.75 0.338095 0.8 0.33619 0.8 0.3 0.7 0.301905 0.7 0.301905 0.75 0.3 0.7 0.301905 0.75 0.3 0.75 0.301905 0.7 0.30381 0.7 0.30381 0.75 0.301905 0.7 0.30381 0.75 0.301905 0.75 0.30381 0.7 0.305714 0.7 0.305714 0.75 0.30381 0.7 0.305714 0.75 0.30381 0.75 0.305714 0.7 0.307619 0.7 0.307619 0.75 0.305714 0.7 0.307619 0.75 0.305714 0.75 0.307619 0.7 0.309524 0.7 0.309524 0.75 0.307619 0.7 0.309524 0.75 0.307619 0.75 0.309524 0.7 0.311429 0.7 0.311429 0.75 0.309524 0.7 0.311429 0.75 0.309524 0.75 0.311429 0.7 0.313333 0.7 0.313333 0.75 0.311429 0.7 0.313333 0.75 0.311429 0.75 0.313333 0.7 0.315238 0.7 0.315238 0.75 0.313333 0.7 0.315238 0.75 0.313333 0.75 0.315238 0.7 0.317143 0.7 0.317143 0.75 0.315238 0.7 0.317143 0.75 0.315238 0.75 0.317143 0.7 0.319048 0.7 0.319048 0.75 0.317143 0.7 0.319048 0.75 0.317143 0.75 0.319048 0.7 0.320952 0.7 0.320952 0.75 0.319048 0.7 0.320952 0.75 0.319048 0.75 0.320952 0.7 0.322857 0.7 0.322857 0.75 0.320952 0.7 0.322857 0.75 0.320952 0.75 0.322857 0.7 0.324762 0.7 0.324762 0.75 0.322857 0.7 0.324762 0.75 0.322857 0.75 0.324762 0.7 0.326667 0.7 0.326667 0.75 0.324762 0.7 0.326667 0.75 0.324762 0.75 0.326667 0.7 0.328571 0.7 0.328571 0.75 0.326667 0.7 0.328571 0.75 0.326667 0.75 0.328571 0.7 0.330476 0.7 0.330476 0.75 0.328571 0.7 0.330476 0.75 0.328571 0.75 0.330476 0.7 0.332381 0.7 0.332381 0.75 0.330476 0.7 0.332381 0.75 0.330476 0.75 0.332381 0.7 0.334286 0.7 0.334286 0.75 0.332381 0.7 0.334286 0.75 0.332381 0.75 0.334286 0.7 0.33619 0.7 0.33619 0.75 0.334286 0.7 0.33619 0.75 0.334286 0.75 0.33619 0.7 0.338095 0.7 0.338095 0.75 0.33619 0.7 0.338095 0.75 0.33619 0.75 0.3 0.65 0.301905 0.65 0.301905 0.7 0.3 0.65 0.301905 0.7 0.3 0.7 0.301905 0.65 0.30381 0.65 0.30381 0.7 0.301905 0.65 0.30381 0.7 0.301905 0.7 0.30381 0.65 0.305714 0.65 0.305714 0.7 0.30381 0.65 0.305714 0.7 0.30381 0.7 0.305714 0.65 0.307619 0.65 0.307619 0.7 0.305714 0.65 0.307619 0.7 0.305714 0.7 0.307619 0.65 0.309524 0.65 0.309524 0.7 0.307619 0.65 0.309524 0.7 0.307619 0.7 0.309524 0.65 0.311429 0.65 0.311429 0.7 0.309524 0.65 0.311429 0.7 0.309524 0.7 0.311429 0.65 0.313333 0.65 0.313333 0.7 0.311429 0.65 0.313333 0.7 0.311429 0.7 0.313333 0.65 0.315238 0.65 0.315238 0.7 0.313333 0.65 0.315238 0.7 0.313333 0.7 0.315238 0.65 0.317143 0.65 0.317143 0.7 0.315238 0.65 0.317143 0.7 0.315238 0.7 0.317143 0.65 0.319048 0.65 0.319048 0.7 0.317143 0.65 0.319048 0.7 0.317143 0.7 0.319048 0.65 0.320952 0.65 0.320952 0.7 0.319048 0.65 0.320952 0.7 0.319048 0.7 0.320952 0.65 0.322857 0.65 0.322857 0.7 0.320952 0.65 0.322857 0.7 0.320952 0.7 0.322857 0.65 0.324762 0.65 0.324762 0.7 0.322857 0.65 0.324762 0.7 0.322857 0.7 0.324762 0.65 0.326667 0.65 0.326667 0.7 0.324762 0.65 0.326667 0.7 0.324762 0.7 0.326667 0.65 0.328571 0.65 0.328571 0.7 0.326667 0.65 0.328571 0.7 0.326667 0.7 0.328571 0.65 0.330476 0.65 0.330476 0.7 0.328571 0.65 0.330476 0.7 0.328571 0.7 0.330476 0.65 0.332381 0.65 0.332381 0.7 0.330476 0.65 0.332381 0.7 0.330476 0.7 0.332381 0.65 0.334286 0.65 0.334286 0.7 0.332381 0.65 0.334286 0.7 0.332381 0.7 0.334286 0.65 0.33619 0.65 0.33619 0.7 0.334286 0.65 0.33619 0.7 0.334286 0.7 0.33619 0.65 0.338095 0.65 0.338095 0.7 0.33619 0.65 0.338095 0.7 0.33619 0.7 0.3 0.610028 0.301905 0.610028 0.301905 0.65 0.3 0.610028 0.301905 0.65 0.3 0.65 0.301905 0.610028 0.303809 0.610029 0.30381 0.65 0.301905 0.610028 0.30381 0.65 0.301905 0.65 0.303809 0.610029 0.305714 0.610029 0.305714 0.65 0.303809 0.610029 0.305714 0.65 0.30381 0.65 0.305714 0.610029 0.307619 0.610029 0.307619 0.65 0.305714 0.610029 0.307619 0.65 0.305714 0.65 0.307619 0.610029 0.309524 0.61003 0.309524 0.65 0.307619 0.610029 0.309524 0.65 0.307619 0.65 0.309524 0.61003 0.311429 0.61003 0.311429 0.65 0.309524 0.61003 0.311429 0.65 0.309524 0.65 0.311429 0.61003 0.313333 0.61003 0.313333 0.65 0.311429 0.61003 0.313333 0.65 0.311429 0.65 0.313333 0.61003 0.315238 0.610031 0.315238 0.65 0.313333 0.61003 0.315238 0.65 0.313333 0.65 0.315238 0.610031 0.317143 0.610031 0.317143 0.65 0.315238 0.610031 0.317143 0.65 0.315238 0.65 0.317143 0.610031 0.319048 0.610031 0.319048 0.65 0.317143 0.610031 0.319048 0.65 0.317143 0.65 0.319048 0.610031 0.320952 0.610032 0.320952 0.65 0.319048 0.610031 0.320952 0.65 0.319048 0.65 0.320952 0.610032 0.322857 0.610032 0.322857 0.65 0.320952 0.610032 0.322857 0.65 0.320952 0.65 0.322857 0.610032 0.324762 0.610033 0.324762 0.65 0.322857 0.610032 0.324762 0.65 0.322857 0.65 0.324762 0.610033 0.326667 0.610033 0.326667 0.65 0.324762 0.610033 0.326667 0.65 0.324762 0.65 0.326667 0.610033 0.328571 0.610033 0.328571 0.65 0.326667 0.610033 0.328571 0.65 0.326667 0.65 0.328571 0.610033 0.330476 0.610034 0.330476 0.65 0.328571 0.610033 0.330476 0.65 0.328571 0.65 0.330476 0.610034 0.332381 0.610034 0.332381 0.65 0.330476 0.610034 0.332381 0.65 0.330476 0.65 0.332381 0.610034 0.334286 0.610034 0.334286 0.65 0.332381 0.610034 0.334286 0.65 0.332381 0.65 0.334286 0.610034 0.33619 0.610035 0.33619 0.65 0.334286 0.610034 0.33619 0.65 0.334286 0.65 0.33619 0.610035 0.338095 0.610035 0.338095 0.65 0.33619 0.610035 0.338095 0.65 0.33619 0.65 0.3 0.55 0.301905 0.55 0.301905 0.589972 0.3 0.55 0.301905 0.589972 0.3 0.589972 0.301905 0.55 0.30381 0.55 0.303809 0.589972 0.301905 0.55 0.303809 0.589972 0.301905 0.589972 0.30381 0.55 0.305714 0.55 0.305714 0.589972 0.30381 0.55 0.305714 0.589972 0.303809 0.589972 0.305714 0.55 0.307619 0.55 0.307619 0.589971 0.305714 0.55 0.307619 0.589971 0.305714 0.589972 0.307619 0.55 0.309524 0.55 0.309524 0.589971 0.307619 0.55 0.309524 0.589971 0.307619 0.589971 0.309524 0.55 0.311429 0.55 0.311429 0.589971 0.309524 0.55 0.311429 0.589971 0.309524 0.589971 0.311429 0.55 0.313333 0.55 0.313333 0.58997 0.311429 0.55 0.313333 0.58997 0.311429 0.589971 0.313333 0.55 0.315238 0.55 0.315238 0.58997 0.313333 0.55 0.315238 0.58997 0.313333 0.58997 0.315238 0.55 0.317143 0.55 0.317143 0.589969 0.315238 0.55 0.317143 0.589969 0.315238 0.58997 0.317143 0.55 0.319048 0.55 0.319048 0.589969 0.317143 0.55 0.319048 0.589969 0.317143 0.589969 0.319048 0.55 0.320952 0.55 0.320952 0.589969 0.319048 0.55 0.320952 0.589969 0.319048 0.589969 0.320952 0.55 0.322857 0.55 0.322857 0.589969 0.320952 0.55 0.322857 0.589969 0.320952 0.589969 0.322857 0.55 0.324762 0.55 0.324762 0.589968 0.322857 0.55 0.324762 0.589968 0.322857 0.589969 0.324762 0.55 0.326667 0.55 0.326667 0.589968 0.324762 0.55 0.326667 0.589968 0.324762 0.589968 0.326667 0.55 0.328571 0.55 0.328571 0.589968 0.326667 0.55 0.328571 0.589968 0.326667 0.589968 0.328571 0.55 0.330476 0.55 0.330476 0.589967 0.328571 0.55 0.330476 0.589967 0.328571 0.589968 0.330476 0.55 0.332381 0.55 0.332381 0.589967 0.330476 0.55 0.332381 0.589967 0.330476 0.589967 0.332381 0.55 0.334286 0.55 0.334286 0.589967 0.332381 0.55 0.334286 0.589967 0.332381 0.589967 0.334286 0.55 0.33619 0.55 0.33619 0.589966 0.334286 0.55 0.33619 0.589966 0.334286 0.589967 0.33619 0.55 0.338095 0.55 0.338095 0.589966 0.33619 0.55 0.338095 0.589966 0.33619 0.589966 0.3 0.5 0.301905 0.5 0.301905 0.55 0.3 0.5 0.301905 0.55 0.3 0.55 0.301905 0.5 0.30381 0.5 0.30381 0.55 0.301905 0.5 0.30381 0.55 0.301905 0.55 0.30381 0.5 0.305714 0.5 0.305714 0.55 0.30381 0.5 0.305714 0.55 0.30381 0.55 0.305714 0.5 0.307619 0.5 0.307619 0.55 0.305714 0.5 0.307619 0.55 0.305714 0.55 0.307619 0.5 0.309524 0.5 0.309524 0.55 0.307619 0.5 0.309524 0.55 0.307619 0.55 0.309524 0.5 0.311429 0.5 0.311429 0.55 0.309524 0.5 0.311429 0.55 0.309524 0.55 0.311429 0.5 0.313333 0.5 0.313333 0.55 0.311429 0.5 0.313333 0.55 0.311429 0.55 0.313333 0.5 0.315238 0.5 0.315238 0.55 0.313333 0.5 0.315238 0.55 0.313333 0.55 0.315238 0.5 0.317143 0.5 0.317143 0.55 0.315238 0.5 0.317143 0.55 0.315238 0.55 0.317143 0.5 0.319048 0.5 0.319048 0.55 0.317143 0.5 0.319048 0.55 0.317143 0.55 0.319048 0.5 0.320952 0.5 0.320952 0.55 0.319048 0.5 0.320952 0.55 0.319048 0.55 0.320952 0.5 0.322857 0.5 0.322857 0.55 0.320952 0.5 0.322857 0.55 0.320952 0.55 0.322857 0.5 0.324762 0.5 0.324762 0.55 0.322857 0.5 0.324762 0.55 0.322857 0.55 0.324762 0.5 0.326667 0.5 0.326667 0.55 0.324762 0.5 0.326667 0.55 0.324762 0.55 0.326667 0.5 0.328571 0.5 0.328571 0.55 0.326667 0.5 0.328571 0.55 0.326667 0.55 0.328571 0.5 0.330476 0.5 0.330476 0.55 0.328571 0.5 0.330476 0.55 0.328571 0.55 0.330476 0.5 0.332381 0.5 0.332381 0.55 0.330476 0.5 0.332381 0.55 0.330476 0.55 0.332381 0.5 0.334286 0.5 0.334286 0.55 0.332381 0.5 0.334286 0.55 0.332381 0.55 0.334286 0.5 0.33619 0.5 0.33619 0.55 0.334286 0.5 0.33619 0.55 0.334286 0.55 0.33619 0.5 0.338095 0.5 0.338095 0.55 0.33619 0.5 0.338095 0.55 0.33619 0.55 0.3 0.45 0.301905 0.45 0.301905 0.5 0.3 0.45 0.301905 0.5 0.3 0.5 0.301905 0.45 0.30381 0.45 0.30381 0.5 0.301905 0.45 0.30381 0.5 0.301905 0.5 0.30381 0.45 0.305714 0.45 0.305714 0.5 0.30381 0.45 0.305714 0.5 0.30381 0.5 0.305714 0.45 0.307619 0.45 0.307619 0.5 0.305714 0.45 0.307619 0.5 0.305714 0.5 0.307619 0.45 0.309524 0.45 0.309524 0.5 0.307619 0.45 0.309524 0.5 0.307619 0.5 0.309524 0.45 0.311429 0.45 0.311429 0.5 0.309524 0.45 0.311429 0.5 0.309524 0.5 0.311429 0.45 0.313333 0.45 0.313333 0.5 0.311429 0.45 0.313333 0.5 0.311429 0.5 0.313333 0.45 0.315238 0.45 0.315238 0.5 0.313333 0.45 0.315238 0.5 0.313333 0.5 0.315238 0.45 0.317143 0.45 0.317143 0.5 0.315238 0.45 0.317143 0.5 0.315238 0.5 0.317143 0.45 0.319048 0.45 0.319048 0.5 0.317143 0.45 0.319048 0.5 0.317143 0.5 0.319048 0.45 0.320952 0.45 0.320952 0.5 0.319048 0.45 0.320952 0.5 0.319048 0.5 0.320952 0.45 0.322857 0.45 0.322857 0.5 0.320952 0.45 0.322857 0.5 0.320952 0.5 0.322857 0.45 0.324762 0.45 0.324762 0.5 0.322857 0.45 0.324762 0.5 0.322857 0.5 0.324762 0.45 0.326667 0.45 0.326667 0.5 0.324762 0.45 0.326667 0.5 0.324762 0.5 0.326667 0.45 0.328571 0.45 0.328571 0.5 0.326667 0.45 0.328571 0.5 0.326667 0.5 0.328571 0.45 0.330476 0.45 0.330476 0.5 0.328571 0.45 0.330476 0.5 0.328571 0.5 0.330476 0.45 0.332381 0.45 0.332381 0.5 0.330476 0.45 0.332381 0.5 0.330476 0.5 0.332381 0.45 0.334286 0.45 0.334286 0.5 0.332381 0.45 0.334286 0.5 0.332381 0.5 0.334286 0.45 0.33619 0.45 0.33619 0.5 0.334286 0.45 0.33619 0.5 0.334286 0.5 0.33619 0.45 0.338095 0.45 0.338095 0.5 0.33619 0.45 0.338095 0.5 0.33619 0.5 0.3 0.4 0.301905 0.4 0.301905 0.45 0.3 0.4 0.301905 0.45 0.3 0.45 0.301905 0.4 0.303809 0.4 0.30381 0.45 0.301905 0.4 0.30381 0.45 0.301905 0.45 0.303809 0.4 0.305714 0.4 0.305714 0.45 0.303809 0.4 0.305714 0.45 0.30381 0.45 0.305714 0.4 0.307619 0.4 0.307619 0.45 0.305714 0.4 0.307619 0.45 0.305714 0.45 0.307619 0.4 0.309524 0.4 0.309524 0.45 0.307619 0.4 0.309524 0.45 0.307619 0.45 0.309524 0.4 0.311429 0.4 0.311429 0.45 0.309524 0.4 0.311429 0.45 0.309524 0.45 0.311429 0.4 0.313333 0.4 0.313333 0.45 0.311429 0.4 0.313333 0.45 0.311429 0.45 0.313333 0.4 0.315238 0.4 0.315238 0.45 0.313333 0.4 0.315238 0.45 0.313333 0.45 0.315238 0.4 0.317143 0.4 0.317143 0.45 0.315238 0.4 0.317143 0.45 0.315238 0.45 0.317143 0.4 0.319048 0.4 0.319048 0.45 0.317143 0.4 0.319048 0.45 0.317143 0.45 0.319048 0.4 0.320952 0.4 0.320952 0.45 0.319048 0.4 0.320952 0.45 0.319048 0.45 0.320952 0.4 0.322857 0.4 0.322857 0.45 0.320952 0.4 0.322857 0.45 0.320952 0.45 0.322857 0.4 0.324762 0.4 0.324762 0.45 0.322857 0.4 0.324762 0.45 0.322857 0.45 0.324762 0.4 0.326667 0.4 0.326667 0.45 0.324762 0.4 0.326667 0.45 0.324762 0.45 0.326667 0.4 0.328571 0.4 0.328571 0.45 0.326667 0.4 0.328571 0.45 0.326667 0.45 0.328571 0.4 0.330476 0.4 0.330476 0.45 0.328571 0.4 0.330476 0.45 0.328571 0.45 0.330476 0.4 0.332381 0.4 0.332381 0.45 0.330476 0.4 0.332381 0.45 0.330476 0.45 0.332381 0.4 0.334286 0.4 0.334286 0.45 0.332381 0.4 0.334286 0.45 0.332381 0.45 0.334286 0.4 0.33619 0.4 0.33619 0.45 0.334286 0.4 0.33619 0.45 0.334286 0.45 0.33619 0.4 0.338095 0.4 0.338095 0.45 0.33619 0.4 0.338095 0.45 0.33619 0.45 0.3 0.35 0.301905 0.35 0.301905 0.4 0.3 0.35 0.301905 0.4 0.3 0.4 0.301905 0.35 0.30381 0.35 0.303809 0.4 0.301905 0.35 0.303809 0.4 0.301905 0.4 0.30381 0.35 0.305714 0.35 0.305714 0.4 0.30381 0.35 0.305714 0.4 0.303809 0.4 0.305714 0.35 0.307619 0.35 0.307619 0.4 0.305714 0.35 0.307619 0.4 0.305714 0.4 0.307619 0.35 0.309524 0.35 0.309524 0.4 0.307619 0.35 0.309524 0.4 0.307619 0.4 0.309524 0.35 0.311429 0.35 0.311429 0.4 0.309524 0.35 0.311429 0.4 0.309524 0.4 0.311429 0.35 0.313333 0.35 0.313333 0.4 0.311429 0.35 0.313333 0.4 0.311429 0.4 0.313333 0.35 0.315238 0.35 0.315238 0.4 0.313333 0.35 0.315238 0.4 0.313333 0.4 0.315238 0.35 0.317143 0.35 0.317143 0.4 0.315238 0.35 0.317143 0.4 0.315238 0.4 0.317143 0.35 0.319048 0.35 0.319048 0.4 0.317143 0.35 0.319048 0.4 0.317143 0.4 0.319048 0.35 0.320952 0.35 0.320952 0.4 0.319048 0.35 0.320952 0.4 0.319048 0.4 0.320952 0.35 0.322857 0.35 0.322857 0.4 0.320952 0.35 0.322857 0.4 0.320952 0.4 0.322857 0.35 0.324762 0.35 0.324762 0.4 0.322857 0.35 0.324762 0.4 0.322857 0.4 0.324762 0.35 0.326667 0.35 0.326667 0.4 0.324762 0.35 0.326667 0.4 0.324762 0.4 0.326667 0.35 0.328571 0.35 0.328571 0.4 0.326667 0.35 0.328571 0.4 0.326667 0.4 0.328571 0.35 0.330476 0.35 0.330476 0.4 0.328571 0.35 0.330476 0.4 0.328571 0.4 0.330476 0.35 0.332381 0.35 0.332381 0.4 0.330476 0.35 0.332381 0.4 0.330476 0.4 0.332381 0.35 0.334286 0.35 0.334286 0.4 0.332381 0.35 0.334286 0.4 0.332381 0.4 0.334286 0.35 0.33619 0.35 0.33619 0.4 0.334286 0.35 0.33619 0.4 0.334286 0.4 0.33619 0.35 0.338095 0.35 0.338095 0.4 0.33619 0.35 0.338095 0.4 0.33619 0.4 0.3 0.3 0.301905 0.3 0.301905 0.35 0.3 0.3 0.301905 0.35 0.3 0.35 0.301905 0.3 0.30381 0.3 0.30381 0.35 0.301905 0.3 0.30381 0.35 0.301905 0.35 0.30381 0.3 0.305714 0.3 0.305714 0.35 0.30381 0.3 0.305714 0.35 0.30381 0.35 0.305714 0.3 0.307619 0.3 0.307619 0.35 0.305714 0.3 0.307619 0.35 0.305714 0.35 0.307619 0.3 0.309524 0.3 0.309524 0.35 0.307619 0.3 0.309524 0.35 0.307619 0.35 0.309524 0.3 0.311429 0.3 0.311429 0.35 0.309524 0.3 0.311429 0.35 0.309524 0.35 0.311429 0.3 0.313333 0.3 0.313333 0.35 0.311429 0.3 0.313333 0.35 0.311429 0.35 0.313333 0.3 0.315238 0.3 0.315238 0.35 0.313333 0.3 0.315238 0.35 0.313333 0.35 0.315238 0.3 0.317143 0.3 0.317143 0.35 0.315238 0.3 0.317143 0.35 0.315238 0.35 0.317143 0.3 0.319048 0.3 0.319048 0.35 0.317143 0.3 0.319048 0.35 0.317143 0.35 0.319048 0.3 0.320952 0.3 0.320952 0.35 0.319048 0.3 0.320952 0.35 0.319048 0.35 0.320952 0.3 0.322857 0.3 0.322857 0.35 0.320952 0.3 0.322857 0.35 0.320952 0.35 0.322857 0.3 0.324762 0.3 0.324762 0.35 0.322857 0.3 0.324762 0.35 0.322857 0.35 0.324762 0.3 0.326667 0.3 0.326667 0.35 0.324762 0.3 0.326667 0.35 0.324762 0.35 0.326667 0.3 0.328571 0.3 0.328571 0.35 0.326667 0.3 0.328571 0.35 0.326667 0.35 0.328571 0.3 0.330476 0.3 0.330476 0.35 0.328571 0.3 0.330476 0.35 0.328571 0.35 0.330476 0.3 0.332381 0.3 0.332381 0.35 0.330476 0.3 0.332381 0.35 0.330476 0.35 0.332381 0.3 0.334286 0.3 0.334286 0.35 0.332381 0.3 0.334286 0.35 0.332381 0.35 0.334286 0.3 0.33619 0.3 0.33619 0.35 0.334286 0.3 0.33619 0.35 0.334286 0.35 0.33619 0.3 0.338095 0.3 0.338095 0.35 0.33619 0.3 0.338095 0.35 0.33619 0.35 0.3 0.275 0.301905 0.275 0.301905 0.3 0.3 0.275 0.301905 0.3 0.3 0.3 0.301905 0.275 0.30381 0.275 0.30381 0.3 0.301905 0.275 0.30381 0.3 0.301905 0.3 0.30381 0.275 0.305714 0.275 0.305714 0.3 0.30381 0.275 0.305714 0.3 0.30381 0.3 0.305714 0.275 0.307619 0.275 0.307619 0.3 0.305714 0.275 0.307619 0.3 0.305714 0.3 0.307619 0.275 0.309524 0.275 0.309524 0.3 0.307619 0.275 0.309524 0.3 0.307619 0.3 0.309524 0.275 0.311429 0.275 0.311429 0.3 0.309524 0.275 0.311429 0.3 0.309524 0.3 0.311429 0.275 0.313333 0.275 0.313333 0.3 0.311429 0.275 0.313333 0.3 0.311429 0.3 0.313333 0.275 0.315238 0.275 0.315238 0.3 0.313333 0.275 0.315238 0.3 0.313333 0.3 0.315238 0.275 0.317143 0.275 0.317143 0.3 0.315238 0.275 0.317143 0.3 0.315238 0.3 0.317143 0.275 0.319048 0.275 0.319048 0.3 0.317143 0.275 0.319048 0.3 0.317143 0.3 0.319048 0.275 0.320952 0.275 0.320952 0.3 0.319048 0.275 0.320952 0.3 0.319048 0.3 0.320952 0.275 0.322857 0.275 0.322857 0.3 0.320952 0.275 0.322857 0.3 0.320952 0.3 0.322857 0.275 0.324762 0.275 0.324762 0.3 0.322857 0.275 0.324762 0.3 0.322857 0.3 0.324762 0.275 0.326667 0.275 0.326667 0.3 0.324762 0.275 0.326667 0.3 0.324762 0.3 0.326667 0.275 0.328571 0.275 0.328571 0.3 0.326667 0.275 0.328571 0.3 0.326667 0.3 0.328571 0.275 0.330476 0.275 0.330476 0.3 0.328571 0.275 0.330476 0.3 0.328571 0.3 0.330476 0.275 0.332381 0.275 0.332381 0.3 0.330476 0.275 0.332381 0.3 0.330476 0.3 0.332381 0.275 0.334286 0.275 0.334286 0.3 0.332381 0.275 0.334286 0.3 0.332381 0.3 0.334286 0.275 0.33619 0.275 0.33619 0.3 0.334286 0.275 0.33619 0.3 0.334286 0.3 0.33619 0.275 0.338095 0.275 0.338095 0.3 0.33619 0.275 0.338095 0.3 0.33619 0.3 0.3 0.175 0.301905 0.175 0.301905 0.2 0.3 0.175 0.301905 0.2 0.3 0.2 0.301905 0.175 0.30381 0.175 0.30381 0.2 0.301905 0.175 0.30381 0.2 0.301905 0.2 0.30381 0.175 0.305714 0.175 0.305714 0.2 0.30381 0.175 0.305714 0.2 0.30381 0.2 0.305714 0.175 0.307619 0.175 0.307619 0.2 0.305714 0.175 0.307619 0.2 0.305714 0.2 0.307619 0.175 0.309524 0.175 0.309524 0.2 0.307619 0.175 0.309524 0.2 0.307619 0.2 0.309524 0.175 0.311429 0.175 0.311429 0.2 0.309524 0.175 0.311429 0.2 0.309524 0.2 0.311429 0.175 0.313333 0.175 0.313333 0.2 0.311429 0.175 0.313333 0.2 0.311429 0.2 0.313333 0.175 0.315238 0.175 0.315238 0.2 0.313333 0.175 0.315238 0.2 0.313333 0.2 0.315238 0.175 0.317143 0.175 0.317143 0.2 0.315238 0.175 0.317143 0.2 0.315238 0.2 0.317143 0.175 0.319048 0.175 0.319048 0.2 0.317143 0.175 0.319048 0.2 0.317143 0.2 0.319048 0.175 0.320952 0.175 0.320952 0.2 0.319048 0.175 0.320952 0.2 0.319048 0.2 0.320952 0.175 0.322857 0.175 0.322857 0.2 0.320952 0.175 0.322857 0.2 0.320952 0.2 0.322857 0.175 0.324762 0.175 0.324762 0.2 0.322857 0.175 0.324762 0.2 0.322857 0.2 0.324762 0.175 0.326667 0.175 0.326667 0.2 0.324762 0.175 0.326667 0.2 0.324762 0.2 0.326667 0.175 0.328571 0.175 0.328571 0.2 0.326667 0.175 0.328571 0.2 0.326667 0.2 0.328571 0.175 0.330476 0.175 0.330476 0.2 0.328571 0.175 0.330476 0.2 0.328571 0.2 0.330476 0.175 0.332381 0.175 0.332381 0.2 0.330476 0.175 0.332381 0.2 0.330476 0.2 0.332381 0.175 0.334286 0.175 0.334286 0.2 0.332381 0.175 0.334286 0.2 0.332381 0.2 0.334286 0.175 0.33619 0.175 0.33619 0.2 0.334286 0.175 0.33619 0.2 0.334286 0.2 0.33619 0.175 0.338095 0.175 0.338095 0.2 0.33619 0.175 0.338095 0.2 0.33619 0.2 0.3 0.2 0.301905 0.2 0.301905 0.225 0.3 0.2 0.301905 0.225 0.3 0.225 0.301905 0.2 0.30381 0.2 0.30381 0.225 0.301905 0.2 0.30381 0.225 0.301905 0.225 0.30381 0.2 0.305714 0.2 0.305714 0.225 0.30381 0.2 0.305714 0.225 0.30381 0.225 0.305714 0.2 0.307619 0.2 0.307619 0.225 0.305714 0.2 0.307619 0.225 0.305714 0.225 0.307619 0.2 0.309524 0.2 0.309524 0.225 0.307619 0.2 0.309524 0.225 0.307619 0.225 0.309524 0.2 0.311429 0.2 0.311429 0.225 0.309524 0.2 0.311429 0.225 0.309524 0.225 0.311429 0.2 0.313333 0.2 0.313333 0.225 0.311429 0.2 0.313333 0.225 0.311429 0.225 0.313333 0.2 0.315238 0.2 0.315238 0.225 0.313333 0.2 0.315238 0.225 0.313333 0.225 0.315238 0.2 0.317143 0.2 0.317143 0.225 0.315238 0.2 0.317143 0.225 0.315238 0.225 0.317143 0.2 0.319048 0.2 0.319048 0.225 0.317143 0.2 0.319048 0.225 0.317143 0.225 0.319048 0.2 0.320952 0.2 0.320952 0.225 0.319048 0.2 0.320952 0.225 0.319048 0.225 0.320952 0.2 0.322857 0.2 0.322857 0.225 0.320952 0.2 0.322857 0.225 0.320952 0.225 0.322857 0.2 0.324762 0.2 0.324762 0.225 0.322857 0.2 0.324762 0.225 0.322857 0.225 0.324762 0.2 0.326667 0.2 0.326667 0.225 0.324762 0.2 0.326667 0.225 0.324762 0.225 0.326667 0.2 0.328571 0.2 0.328571 0.225 0.326667 0.2 0.328571 0.225 0.326667 0.225 0.328571 0.2 0.330476 0.2 0.330476 0.225 0.328571 0.2 0.330476 0.225 0.328571 0.225 0.330476 0.2 0.332381 0.2 0.332381 0.225 0.330476 0.2 0.332381 0.225 0.330476 0.225 0.332381 0.2 0.334286 0.2 0.334286 0.225 0.332381 0.2 0.334286 0.225 0.332381 0.225 0.334286 0.2 0.33619 0.2 0.33619 0.225 0.334286 0.2 0.33619 0.225 0.334286 0.225 0.33619 0.2 0.338095 0.2 0.338095 0.225 0.33619 0.2 0.338095 0.225 0.33619 0.225 0.3 0.15 0.301905 0.15 0.301905 0.175 0.3 0.15 0.301905 0.175 0.3 0.175 0.301905 0.15 0.30381 0.15 0.30381 0.175 0.301905 0.15 0.30381 0.175 0.301905 0.175 0.30381 0.15 0.305714 0.15 0.305714 0.175 0.30381 0.15 0.305714 0.175 0.30381 0.175 0.305714 0.15 0.307619 0.15 0.307619 0.175 0.305714 0.15 0.307619 0.175 0.305714 0.175 0.307619 0.15 0.309524 0.15 0.309524 0.175 0.307619 0.15 0.309524 0.175 0.307619 0.175 0.309524 0.15 0.311429 0.15 0.311429 0.175 0.309524 0.15 0.311429 0.175 0.309524 0.175 0.311429 0.15 0.313333 0.15 0.313333 0.175 0.311429 0.15 0.313333 0.175 0.311429 0.175 0.313333 0.15 0.315238 0.15 0.315238 0.175 0.313333 0.15 0.315238 0.175 0.313333 0.175 0.315238 0.15 0.317143 0.15 0.317143 0.175 0.315238 0.15 0.317143 0.175 0.315238 0.175 0.317143 0.15 0.319048 0.15 0.319048 0.175 0.317143 0.15 0.319048 0.175 0.317143 0.175 0.319048 0.15 0.320952 0.15 0.320952 0.175 0.319048 0.15 0.320952 0.175 0.319048 0.175 0.320952 0.15 0.322857 0.15 0.322857 0.175 0.320952 0.15 0.322857 0.175 0.320952 0.175 0.322857 0.15 0.324762 0.15 0.324762 0.175 0.322857 0.15 0.324762 0.175 0.322857 0.175 0.324762 0.15 0.326667 0.15 0.326667 0.175 0.324762 0.15 0.326667 0.175 0.324762 0.175 0.326667 0.15 0.328571 0.15 0.328571 0.175 0.326667 0.15 0.328571 0.175 0.326667 0.175 0.328571 0.15 0.330476 0.15 0.330476 0.175 0.328571 0.15 0.330476 0.175 0.328571 0.175 0.330476 0.15 0.332381 0.15 0.332381 0.175 0.330476 0.15 0.332381 0.175 0.330476 0.175 0.332381 0.15 0.334286 0.15 0.334286 0.175 0.332381 0.15 0.334286 0.175 0.332381 0.175 0.334286 0.15 0.33619 0.15 0.33619 0.175 0.334286 0.15 0.33619 0.175 0.334286 0.175 0.33619 0.15 0.338095 0.15 0.338095 0.175 0.33619 0.15 0.338095 0.175 0.33619 0.175 0.301905 0.1 0.30381 0.1 0.30381 0.15 0.301905 0.1 0.30381 0.15 0.301905 0.15 0.30381 0.1 0.305714 0.1 0.305714 0.15 0.30381 0.1 0.305714 0.15 0.30381 0.15 0.305714 0.1 0.307619 0.1 0.307619 0.15 0.305714 0.1 0.307619 0.15 0.305714 0.15 0.307619 0.1 0.309524 0.1 0.309524 0.15 0.307619 0.1 0.309524 0.15 0.307619 0.15 0.309524 0.1 0.311429 0.1 0.311429 0.15 0.309524 0.1 0.311429 0.15 0.309524 0.15 0.311429 0.1 0.313333 0.1 0.313333 0.15 0.311429 0.1 0.313333 0.15 0.311429 0.15 0.313333 0.1 0.315238 0.1 0.315238 0.15 0.313333 0.1 0.315238 0.15 0.313333 0.15 0.315238 0.1 0.317143 0.1 0.317143 0.15 0.315238 0.1 0.317143 0.15 0.315238 0.15 0.317143 0.1 0.319048 0.1 0.319048 0.15 0.317143 0.1 0.319048 0.15 0.317143 0.15 0.319048 0.1 0.320952 0.1 0.320952 0.15 0.319048 0.1 0.320952 0.15 0.319048 0.15 0.320952 0.1 0.322857 0.1 0.322857 0.15 0.320952 0.1 0.322857 0.15 0.320952 0.15 0.322857 0.1 0.324762 0.1 0.324762 0.15 0.322857 0.1 0.324762 0.15 0.322857 0.15 0.324762 0.1 0.326667 0.1 0.326667 0.15 0.324762 0.1 0.326667 0.15 0.324762 0.15 0.326667 0.1 0.328571 0.1 0.328571 0.15 0.326667 0.1 0.328571 0.15 0.326667 0.15 0.328571 0.1 0.330476 0.1 0.330476 0.15 0.328571 0.1 0.330476 0.15 0.328571 0.15 0.330476 0.1 0.332381 0.1 0.332381 0.15 0.330476 0.1 0.332381 0.15 0.330476 0.15 0.332381 0.1 0.334286 0.1 0.334286 0.15 0.332381 0.1 0.334286 0.15 0.332381 0.15 0.334286 0.1 0.33619 0.1 0.33619 0.15 0.334286 0.1 0.33619 0.15 0.334286 0.15 0.33619 0.1 0.338095 0.1 0.338095 0.15 0.33619 0.1 0.338095 0.15 0.33619 0.15 0.30381 0.0980952 0.305714 0.0980952 0.305714 0.1 0.30381 0.0980952 0.305714 0.1 0.30381 0.1 0.305714 0.0980952 0.307619 0.0980952 0.307619 0.1 0.305714 0.0980952 0.307619 0.1 0.305714 0.1 0.307619 0.0980952 0.309524 0.0980952 0.309524 0.1 0.307619 0.0980952 0.309524 0.1 0.307619 0.1 0.309524 0.0980952 0.311429 0.0980952 0.311429 0.1 0.309524 0.0980952 0.311429 0.1 0.309524 0.1 0.311429 0.0980952 0.313333 0.0980952 0.313333 0.1 0.311429 0.0980952 0.313333 0.1 0.311429 0.1 0.313333 0.0980952 0.315238 0.0980952 0.315238 0.1 0.313333 0.0980952 0.315238 0.1 0.313333 0.1 0.315238 0.0980952 0.317143 0.0980952 0.317143 0.1 0.315238 0.0980952 0.317143 0.1 0.315238 0.1 0.317143 0.0980952 0.319048 0.0980952 0.319048 0.1 0.317143 0.0980952 0.319048 0.1 0.317143 0.1 0.319048 0.0980952 0.320952 0.0980952 0.320952 0.1 0.319048 0.0980952 0.320952 0.1 0.319048 0.1 0.320952 0.0980952 0.322857 0.0980952 0.322857 0.1 0.320952 0.0980952 0.322857 0.1 0.320952 0.1 0.322857 0.0980952 0.324762 0.0980952 0.324762 0.1 0.322857 0.0980952 0.324762 0.1 0.322857 0.1 0.324762 0.0980952 0.326667 0.0980952 0.326667 0.1 0.324762 0.0980952 0.326667 0.1 0.324762 0.1 0.326667 0.0980952 0.328571 0.0980952 0.328571 0.1 0.326667 0.0980952 0.328571 0.1 0.326667 0.1 0.328571 0.0980952 0.330476 0.0980952 0.330476 0.1 0.328571 0.0980952 0.330476 0.1 0.328571 0.1 0.330476 0.0980952 0.332381 0.0980952 0.332381 0.1 0.330476 0.0980952 0.332381 0.1 0.330476 0.1 0.332381 0.0980952 0.334286 0.0980952 0.334286 0.1 0.332381 0.0980952 0.334286 0.1 0.332381 0.1 0.334286 0.0980952 0.336191 0.0980952 0.33619 0.1 0.334286 0.0980952 0.33619 0.1 0.334286 0.1 0.336191 0.0980952 0.338095 0.0980952 0.338095 0.1 0.336191 0.0980952 0.338095 0.1 0.33619 0.1 0.338095 0.0566667 0.33619 0.0566667 0.33619 0.0533333 0.338095 0.0566667 0.33619 0.0533333 0.338095 0.0533333 0.334286 0.0566667 0.332381 0.0566667 0.332381 0.0533333 0.334286 0.0566667 0.332381 0.0533333 0.334286 0.0533333 0.330476 0.0566667 0.328571 0.0566667 0.328571 0.0533333 0.330476 0.0566667 0.328571 0.0533333 0.330476 0.0533333 0.326667 0.0566667 0.324762 0.0566667 0.324762 0.0533333 0.326667 0.0566667 0.324762 0.0533333 0.326667 0.0533333 0.322857 0.0566667 0.320952 0.0566667 0.320952 0.0533333 0.322857 0.0566667 0.320952 0.0533333 0.322857 0.0533333 0.319048 0.0566667 0.317143 0.0566667 0.317143 0.0533333 0.319048 0.0566667 0.317143 0.0533333 0.319048 0.0533333 0.315238 0.0566667 0.313333 0.0566667 0.313333 0.0533333 0.315238 0.0566667 0.313333 0.0533333 0.315238 0.0533333 0.311429 0.0566667 0.309524 0.0566667 0.309524 0.0533333 0.311429 0.0566667 0.309524 0.0533333 0.311429 0.0533333 0.307619 0.0566667 0.305714 0.0566667 0.307619 0.0533333 0.303809 0.0566667 0.301905 0.0566667 0.301905 0.0533333 0.303809 0.0566667 0.301905 0.0533333 0.303809 0.0533333 0.338095 0.06 0.33619 0.06 0.33619 0.0566667 0.338095 0.06 0.33619 0.0566667 0.338095 0.0566667 0.334286 0.06 0.332381 0.06 0.332381 0.0566667 0.334286 0.06 0.332381 0.0566667 0.334286 0.0566667 0.330476 0.06 0.328571 0.06 0.328571 0.0566667 0.330476 0.06 0.328571 0.0566667 0.330476 0.0566667 0.326667 0.06 0.324762 0.06 0.324762 0.0566667 0.326667 0.06 0.324762 0.0566667 0.326667 0.0566667 0.322857 0.06 0.320952 0.06 0.320952 0.0566667 0.322857 0.06 0.320952 0.0566667 0.322857 0.0566667 0.319048 0.06 0.317143 0.06 0.317143 0.0566667 0.319048 0.06 0.317143 0.0566667 0.319048 0.0566667 0.315238 0.06 0.313333 0.06 0.313333 0.0566667 0.315238 0.06 0.313333 0.0566667 0.315238 0.0566667 0.311429 0.06 0.309524 0.06 0.309524 0.0566667 0.311429 0.06 0.309524 0.0566667 0.311429 0.0566667 0.307619 0.06 0.305714 0.06 0.305714 0.0566667 0.307619 0.06 0.305714 0.0566667 0.307619 0.0566667 0.25 0.0980952 0.251734 0.0980952 0.25 0.0991865 0.254762 0.0980952 0.257143 0.0980952 0.257143 0.1 0.254762 0.0980952 0.257143 0.1 0.254762 0.1 0.259524 0.0980952 0.261905 0.0980952 0.261905 0.1 0.259524 0.0980952 0.261905 0.1 0.259524 0.1 0.264286 0.0980952 0.266667 0.0980952 0.266667 0.1 0.264286 0.0980952 0.266667 0.1 0.264286 0.1 0.269048 0.0980952 0.271429 0.0980952 0.271429 0.1 0.269048 0.0980952 0.271429 0.1 0.269048 0.1 0.273809 0.0980952 0.27619 0.0980952 0.27619 0.1 0.273809 0.0980952 0.27619 0.1 0.273809 0.1 0.278571 0.0980952 0.280952 0.0980952 0.280952 0.1 0.278571 0.0980952 0.280952 0.1 0.278571 0.1 0.283333 0.0980952 0.285714 0.0980952 0.285714 0.1 0.283333 0.0980952 0.285714 0.1 0.283333 0.1 0.288095 0.0980952 0.290476 0.0980952 0.290476 0.1 0.288095 0.0980952 0.290476 0.1 0.288095 0.1 0.292857 0.0980952 0.295238 0.0980952 0.295238 0.1 0.292857 0.0980952 0.295238 0.1 0.292857 0.1 0.25 0 0.252381 0 0.252381 0.04 0.25 0 0.252381 0.04 0.25 0.04 0.252381 0 0.254762 0 0.254762 0.04 0.252381 0 0.254762 0.04 0.252381 0.04 0.254762 0 0.257143 0 0.257143 0.04 0.254762 0 0.257143 0.04 0.254762 0.04 0.257143 0 0.259524 0 0.259524 0.04 0.257143 0 0.259524 0.04 0.257143 0.04 0.259524 0 0.261905 0 0.261905 0.04 0.259524 0 0.261905 0.04 0.259524 0.04 0.261905 0 0.264286 0 0.264286 0.04 0.261905 0 0.264286 0.04 0.261905 0.04 0.264286 0 0.266667 0 0.266667 0.04 0.264286 0 0.266667 0.04 0.264286 0.04 0.266667 0 0.269048 0 0.269048 0.04 0.266667 0 0.269048 0.04 0.266667 0.04 0.269048 0 0.271429 0 0.271429 0.04 0.269048 0 0.271429 0.04 0.269048 0.04 0.271429 0 0.27381 0 0.27381 0.04 0.271429 0 0.27381 0.04 0.271429 0.04 0.27381 0 0.276191 0 0.27619 0.04 0.27381 0 0.27619 0.04 0.27381 0.04 0.276191 0 0.278571 0 0.278571 0.04 0.276191 0 0.278571 0.04 0.27619 0.04 0.278571 0 0.280952 0 0.280952 0.04 0.278571 0 0.280952 0.04 0.278571 0.04 0.280952 0 0.283333 0 0.283333 0.04 0.280952 0 0.283333 0.04 0.280952 0.04 0.283333 0 0.285714 0 0.285714 0.04 0.283333 0 0.285714 0.04 0.283333 0.04 0.285714 0 0.288095 0 0.288095 0.04 0.285714 0 0.288095 0.04 0.285714 0.04 0.288095 0 0.290476 0 0.290476 0.04 0.288095 0 0.290476 0.04 0.288095 0.04 0.290476 0 0.292857 0 0.292857 0.04 0.290476 0 0.292857 0.04 0.290476 0.04 0.292857 0 0.295238 0 0.295238 0.04 0.292857 0 0.295238 0.04 0.292857 0.04 0.295238 0 0.297619 0 0.297619 0.04 0.295238 0 0.297619 0.04 0.295238 0.04 0.3 0.06 0.297619 0.06 0.297619 0.04 0.3 0.06 0.297619 0.04 0.3 0.04 0.297619 0.06 0.295238 0.06 0.295238 0.04 0.297619 0.06 0.295238 0.04 0.297619 0.04 0.295238 0.06 0.292857 0.06 0.292857 0.04 0.295238 0.06 0.292857 0.04 0.295238 0.04 0.292857 0.06 0.290476 0.06 0.290476 0.04 0.292857 0.06 0.290476 0.04 0.292857 0.04 0.290476 0.06 0.288095 0.06 0.288095 0.04 0.290476 0.06 0.288095 0.04 0.290476 0.04 0.288095 0.06 0.285714 0.06 0.285714 0.04 0.288095 0.06 0.285714 0.04 0.288095 0.04 0.285714 0.06 0.283333 0.06 0.283333 0.04 0.285714 0.06 0.283333 0.04 0.285714 0.04 0.283333 0.06 0.280952 0.06 0.280952 0.04 0.283333 0.06 0.280952 0.04 0.283333 0.04 0.280952 0.06 0.278571 0.06 0.278571 0.04 0.280952 0.06 0.278571 0.04 0.280952 0.04 0.278571 0.06 0.27619 0.06 0.27619 0.04 0.278571 0.06 0.27619 0.04 0.278571 0.04 0.27619 0.06 0.27381 0.06 0.27381 0.04 0.27619 0.06 0.27381 0.04 0.27619 0.04 0.27381 0.06 0.271429 0.0599999 0.271429 0.04 0.27381 0.06 0.271429 0.04 0.27381 0.04 0.271429 0.0599999 0.269048 0.06 0.269048 0.04 0.271429 0.0599999 0.269048 0.04 0.271429 0.04 0.269048 0.06 0.266667 0.06 0.266667 0.04 0.269048 0.06 0.266667 0.04 0.269048 0.04 0.266667 0.06 0.264286 0.06 0.264286 0.04 0.266667 0.06 0.264286 0.04 0.266667 0.04 0.264286 0.06 0.261905 0.06 0.261905 0.04 0.264286 0.06 0.261905 0.04 0.264286 0.04 0.261905 0.06 0.259524 0.06 0.259524 0.04 0.261905 0.06 0.259524 0.04 0.261905 0.04 0.259524 0.06 0.257143 0.06 0.257143 0.04 0.259524 0.06 0.257143 0.04 0.259524 0.04 0.257143 0.06 0.254762 0.06 0.254762 0.04 0.257143 0.06 0.254762 0.04 0.257143 0.04 0.254762 0.06 0.252381 0.06 0.252381 0.04 0.254762 0.06 0.252381 0.04 0.254762 0.04 0.295238 0.06 0.297619 0.06 0.297619 0.0619047 0.295238 0.06 0.297619 0.0619047 0.295238 0.0619047 0.295238 0.0619047 0.297619 0.0619047 0.297619 0.0638095 0.295238 0.0619047 0.297619 0.0638095 0.295238 0.0638095 0.295238 0.0638095 0.297619 0.0638095 0.297619 0.0657143 0.295238 0.0638095 0.297619 0.0657143 0.295238 0.0657143 0.295238 0.067619 0.295238 0.0657143 0.297619 0.0657143 0.297619 0.0657143 0.297619 0.0667892 0.296897 0.067619 0.297619 0.0657143 0.296897 0.067619 0.295238 0.067619 0.295238 0.067619 0.296897 0.067619 0.295238 0.0695238 0.292857 0.06 0.295238 0.06 0.295238 0.0619047 0.292857 0.06 0.295238 0.0619047 0.292857 0.0619047 0.292857 0.0619047 0.295238 0.0619047 0.295238 0.0638095 0.292857 0.0619047 0.295238 0.0638095 0.292857 0.0638095 0.292857 0.0638095 0.295238 0.0638095 0.295238 0.0657143 0.292857 0.0638095 0.295238 0.0657143 0.292857 0.0657143 0.292857 0.0657143 0.295238 0.0657143 0.295238 0.067619 0.292857 0.0657143 0.295238 0.067619 0.292857 0.067619 0.292857 0.067619 0.295238 0.067619 0.295238 0.0695238 0.292857 0.067619 0.295238 0.0695238 0.292857 0.0695238 0.292857 0.0695238 0.295238 0.0695238 0.292857 0.0714285 0.292857 0.0733333 0.295238 0.0733333 0.295238 0.0752381 0.292857 0.0733333 0.295238 0.0752381 0.292857 0.0752381 0.292857 0.0752381 0.295238 0.0752381 0.295238 0.0771428 0.292857 0.0752381 0.295238 0.0771428 0.292857 0.0771428 0.292857 0.0771428 0.295238 0.0771428 0.295238 0.0790476 0.292857 0.0771428 0.295238 0.0790476 0.292857 0.0790476 0.292857 0.0790476 0.295238 0.0790476 0.295238 0.0809524 0.292857 0.0790476 0.295238 0.0809524 0.292857 0.0809524 0.292857 0.0809524 0.295238 0.0809524 0.295238 0.0828571 0.292857 0.0809524 0.295238 0.0828571 0.292857 0.0828571 0.292857 0.0828571 0.295238 0.0828571 0.295238 0.0847619 0.292857 0.0828571 0.295238 0.0847619 0.292857 0.0847619 0.292857 0.0847619 0.295238 0.0847619 0.295238 0.0866666 0.292857 0.0847619 0.295238 0.0866666 0.292857 0.0866666 0.292857 0.0866666 0.295238 0.0866666 0.295238 0.0885714 0.292857 0.0866666 0.295238 0.0885714 0.292857 0.0885714 0.292857 0.0885714 0.295238 0.0885714 0.295238 0.0904762 0.292857 0.0885714 0.295238 0.0904762 0.292857 0.0904762 0.292857 0.0904762 0.295238 0.0904762 0.295238 0.0923809 0.292857 0.0904762 0.295238 0.0923809 0.292857 0.0923809 0.292857 0.0923809 0.295238 0.0923809 0.295238 0.0942857 0.292857 0.0923809 0.295238 0.0942857 0.292857 0.0942857 0.292857 0.0942857 0.295238 0.0942857 0.295238 0.0961905 0.292857 0.0942857 0.295238 0.0961905 0.292857 0.0961905 0.292857 0.0961905 0.295238 0.0961905 0.295238 0.0980952 0.292857 0.0961905 0.295238 0.0980952 0.292857 0.0980952 0.290476 0.06 0.292857 0.06 0.292857 0.0619047 0.290476 0.06 0.292857 0.0619047 0.290476 0.0619047 0.290476 0.0619047 0.292857 0.0619047 0.292857 0.0638095 0.290476 0.0619047 0.292857 0.0638095 0.290476 0.0638095 0.290476 0.0638095 0.292857 0.0638095 0.292857 0.0657143 0.290476 0.0638095 0.292857 0.0657143 0.290476 0.0657143 0.290476 0.0657143 0.292857 0.0657143 0.292857 0.067619 0.290476 0.0657143 0.292857 0.067619 0.290476 0.067619 0.290476 0.067619 0.292857 0.067619 0.292857 0.0695238 0.290476 0.067619 0.292857 0.0695238 0.290476 0.0695238 0.290476 0.0695238 0.292857 0.0695238 0.292857 0.0714285 0.290476 0.0695238 0.292857 0.0714285 0.290476 0.0714285 0.290476 0.0714285 0.292857 0.0714285 0.290476 0.0733333 0.288095 0.06 0.290476 0.06 0.290476 0.0619047 0.288095 0.06 0.290476 0.0619047 0.288095 0.0619047 0.288095 0.0619047 0.290476 0.0619047 0.290476 0.0638095 0.288095 0.0619047 0.290476 0.0638095 0.288095 0.0638095 0.288095 0.0638095 0.290476 0.0638095 0.290476 0.0657143 0.288095 0.0638095 0.290476 0.0657143 0.288095 0.0657143 0.288095 0.0657143 0.290476 0.0657143 0.290476 0.067619 0.288095 0.0657143 0.290476 0.067619 0.288095 0.067619 0.288095 0.067619 0.290476 0.067619 0.290476 0.0695238 0.288095 0.067619 0.290476 0.0695238 0.288095 0.0695238 0.288095 0.0695238 0.290476 0.0695238 0.290476 0.0714285 0.288095 0.0695238 0.290476 0.0714285 0.288095 0.0714285 0.288095 0.0714285 0.290476 0.0714285 0.290476 0.0733333 0.288095 0.0714285 0.290476 0.0733333 0.288095 0.0733333 0.288095 0.0733333 0.290476 0.0733333 0.288095 0.0752381 0.288095 0.0771428 0.290476 0.0771428 0.290476 0.0790476 0.288095 0.0771428 0.290476 0.0790476 0.288095 0.0790476 0.288095 0.0790476 0.290476 0.0790476 0.290476 0.0809524 0.288095 0.0790476 0.290476 0.0809524 0.288095 0.0809524 0.288095 0.0809524 0.290476 0.0809524 0.290476 0.0828571 0.288095 0.0809524 0.290476 0.0828571 0.288095 0.0828571 0.288095 0.0828571 0.290476 0.0828571 0.290476 0.0847619 0.288095 0.0828571 0.290476 0.0847619 0.288095 0.0847619 0.288095 0.0847619 0.290476 0.0847619 0.290476 0.0866666 0.288095 0.0847619 0.290476 0.0866666 0.288095 0.0866666 0.288095 0.0866666 0.290476 0.0866666 0.290476 0.0885714 0.288095 0.0866666 0.290476 0.0885714 0.288095 0.0885714 0.288095 0.0885714 0.290476 0.0885714 0.290476 0.0904762 0.288095 0.0885714 0.290476 0.0904762 0.288095 0.0904762 0.288095 0.0904762 0.290476 0.0904762 0.290476 0.0923809 0.288095 0.0904762 0.290476 0.0923809 0.288095 0.0923809 0.288095 0.0923809 0.290476 0.0923809 0.290476 0.0942857 0.288095 0.0923809 0.290476 0.0942857 0.288095 0.0942857 0.288095 0.0942857 0.290476 0.0942857 0.290476 0.0961905 0.288095 0.0942857 0.290476 0.0961905 0.288095 0.0961905 0.288095 0.0961905 0.290476 0.0961905 0.290476 0.0980952 0.288095 0.0961905 0.290476 0.0980952 0.288095 0.0980952 0.285714 0.06 0.288095 0.06 0.288095 0.0619047 0.285714 0.06 0.288095 0.0619047 0.285714 0.0619047 0.285714 0.0619047 0.288095 0.0619047 0.288095 0.0638095 0.285714 0.0619047 0.288095 0.0638095 0.285714 0.0638095 0.285714 0.0638095 0.288095 0.0638095 0.288095 0.0657143 0.285714 0.0638095 0.288095 0.0657143 0.285714 0.0657143 0.285714 0.0657143 0.288095 0.0657143 0.288095 0.067619 0.285714 0.0657143 0.288095 0.067619 0.285714 0.067619 0.285714 0.067619 0.288095 0.067619 0.288095 0.0695238 0.285714 0.067619 0.288095 0.0695238 0.285714 0.0695238 0.285714 0.0695238 0.288095 0.0695238 0.288095 0.0714285 0.285714 0.0695238 0.288095 0.0714285 0.285714 0.0714285 0.285714 0.0714285 0.288095 0.0714285 0.288095 0.0733333 0.285714 0.0714285 0.288095 0.0733333 0.285714 0.0733333 0.285714 0.0733333 0.288095 0.0733333 0.288095 0.0752381 0.285714 0.0733333 0.288095 0.0752381 0.285714 0.0752381 0.285714 0.0752381 0.288095 0.0752381 0.285714 0.0771428 0.283333 0.06 0.285714 0.06 0.285714 0.0619047 0.283333 0.06 0.285714 0.0619047 0.283333 0.0619047 0.283333 0.0619047 0.285714 0.0619047 0.285714 0.0638095 0.283333 0.0619047 0.285714 0.0638095 0.283333 0.0638095 0.283333 0.0638095 0.285714 0.0638095 0.285714 0.0657143 0.283333 0.0638095 0.285714 0.0657143 0.283333 0.0657143 0.283333 0.0657143 0.285714 0.0657143 0.285714 0.067619 0.283333 0.0657143 0.285714 0.067619 0.283333 0.067619 0.283333 0.067619 0.285714 0.067619 0.285714 0.0695238 0.283333 0.067619 0.285714 0.0695238 0.283333 0.0695238 0.283333 0.0695238 0.285714 0.0695238 0.285714 0.0714285 0.283333 0.0695238 0.285714 0.0714285 0.283333 0.0714285 0.283333 0.0714285 0.285714 0.0714285 0.285714 0.0733333 0.283333 0.0714285 0.285714 0.0733333 0.283333 0.0733333 0.283333 0.0733333 0.285714 0.0733333 0.285714 0.0752381 0.283333 0.0733333 0.285714 0.0752381 0.283333 0.0752381 0.283333 0.0752381 0.285714 0.0752381 0.285714 0.0771428 0.283333 0.0752381 0.285714 0.0771428 0.283333 0.0771428 0.283333 0.0771428 0.285714 0.0771428 0.283333 0.0790476 0.283333 0.0809524 0.285714 0.0809524 0.285714 0.0828571 0.283333 0.0809524 0.285714 0.0828571 0.283333 0.0828571 0.283333 0.0828571 0.285714 0.0828571 0.285714 0.0847619 0.283333 0.0828571 0.285714 0.0847619 0.283333 0.0847619 0.283333 0.0847619 0.285714 0.0847619 0.285714 0.0866666 0.283333 0.0847619 0.285714 0.0866666 0.283333 0.0866666 0.283333 0.0866666 0.285714 0.0866666 0.285714 0.0885714 0.283333 0.0866666 0.285714 0.0885714 0.283333 0.0885714 0.283333 0.0885714 0.285714 0.0885714 0.285714 0.0904762 0.283333 0.0885714 0.285714 0.0904762 0.283333 0.0904762 0.283333 0.0904762 0.285714 0.0904762 0.285714 0.0923809 0.283333 0.0904762 0.285714 0.0923809 0.283333 0.0923809 0.283333 0.0923809 0.285714 0.0923809 0.285714 0.0942857 0.283333 0.0923809 0.285714 0.0942857 0.283333 0.0942857 0.283333 0.0942857 0.285714 0.0942857 0.285714 0.0961905 0.283333 0.0942857 0.285714 0.0961905 0.283333 0.0961905 0.283333 0.0961905 0.285714 0.0961905 0.285714 0.0980952 0.283333 0.0961905 0.285714 0.0980952 0.283333 0.0980952 0.280952 0.06 0.283333 0.06 0.283333 0.0619047 0.280952 0.06 0.283333 0.0619047 0.280952 0.0619047 0.280952 0.0619047 0.283333 0.0619047 0.283333 0.0638095 0.280952 0.0619047 0.283333 0.0638095 0.280952 0.0638095 0.280952 0.0638095 0.283333 0.0638095 0.283333 0.0657143 0.280952 0.0638095 0.283333 0.0657143 0.280952 0.0657143 0.280952 0.0657143 0.283333 0.0657143 0.283333 0.067619 0.280952 0.0657143 0.283333 0.067619 0.280952 0.067619 0.280952 0.067619 0.283333 0.067619 0.283333 0.0695238 0.280952 0.067619 0.283333 0.0695238 0.280952 0.0695238 0.280952 0.0695238 0.283333 0.0695238 0.283333 0.0714285 0.280952 0.0695238 0.283333 0.0714285 0.280952 0.0714285 0.280952 0.0714285 0.283333 0.0714285 0.283333 0.0733333 0.280952 0.0714285 0.283333 0.0733333 0.280952 0.0733333 0.280952 0.0733333 0.283333 0.0733333 0.283333 0.0752381 0.280952 0.0733333 0.283333 0.0752381 0.280952 0.0752381 0.280952 0.0752381 0.283333 0.0752381 0.283333 0.0771428 0.280952 0.0752381 0.283333 0.0771428 0.280952 0.0771428 0.280952 0.0771428 0.283333 0.0771428 0.283333 0.0790476 0.280952 0.0771428 0.283333 0.0790476 0.280952 0.0790476 0.280952 0.0790476 0.283333 0.0790476 0.280952 0.0809524 0.278571 0.06 0.280952 0.06 0.280952 0.0619047 0.278571 0.06 0.280952 0.0619047 0.278571 0.0619047 0.278571 0.0619047 0.280952 0.0619047 0.280952 0.0638095 0.278571 0.0619047 0.280952 0.0638095 0.278571 0.0638095 0.278571 0.0638095 0.280952 0.0638095 0.280952 0.0657143 0.278571 0.0638095 0.280952 0.0657143 0.278571 0.0657143 0.278571 0.0657143 0.280952 0.0657143 0.280952 0.067619 0.278571 0.0657143 0.280952 0.067619 0.278571 0.067619 0.278571 0.067619 0.280952 0.067619 0.280952 0.0695238 0.278571 0.067619 0.280952 0.0695238 0.278571 0.0695238 0.278571 0.0695238 0.280952 0.0695238 0.280952 0.0714285 0.278571 0.0695238 0.280952 0.0714285 0.278571 0.0714285 0.278571 0.0714285 0.280952 0.0714285 0.280952 0.0733333 0.278571 0.0714285 0.280952 0.0733333 0.278571 0.0733333 0.278571 0.0733333 0.280952 0.0733333 0.280952 0.0752381 0.278571 0.0733333 0.280952 0.0752381 0.278571 0.0752381 0.278571 0.0752381 0.280952 0.0752381 0.280952 0.0771428 0.278571 0.0752381 0.280952 0.0771428 0.278571 0.0771428 0.278571 0.0771428 0.280952 0.0771428 0.280952 0.0790476 0.278571 0.0771428 0.280952 0.0790476 0.278571 0.0790476 0.278571 0.0790476 0.280952 0.0790476 0.280952 0.0809524 0.278571 0.0790476 0.280952 0.0809524 0.278571 0.0809524 0.278571 0.0809524 0.280952 0.0809524 0.278571 0.0828571 0.278571 0.0847619 0.280952 0.0847619 0.280952 0.0866666 0.278571 0.0847619 0.280952 0.0866666 0.278571 0.0866666 0.278571 0.0866666 0.280952 0.0866666 0.280952 0.0885714 0.278571 0.0866666 0.280952 0.0885714 0.278571 0.0885714 0.278571 0.0885714 0.280952 0.0885714 0.280952 0.0904762 0.278571 0.0885714 0.280952 0.0904762 0.278571 0.0904762 0.278571 0.0904762 0.280952 0.0904762 0.280952 0.0923809 0.278571 0.0904762 0.280952 0.0923809 0.278571 0.0923809 0.278571 0.0923809 0.280952 0.0923809 0.280952 0.0942857 0.278571 0.0923809 0.280952 0.0942857 0.278571 0.0942857 0.278571 0.0942857 0.280952 0.0942857 0.280952 0.0961905 0.278571 0.0942857 0.280952 0.0961905 0.278571 0.0961905 0.278571 0.0961905 0.280952 0.0961905 0.280952 0.0980952 0.278571 0.0961905 0.280952 0.0980952 0.278571 0.0980952 0.27619 0.06 0.278571 0.06 0.278571 0.0619047 0.27619 0.06 0.278571 0.0619047 0.27619 0.0619047 0.27619 0.0619047 0.278571 0.0619047 0.278571 0.0638095 0.27619 0.0619047 0.278571 0.0638095 0.27619 0.0638095 0.27619 0.0638095 0.278571 0.0638095 0.278571 0.0657143 0.27619 0.0638095 0.278571 0.0657143 0.276191 0.0657143 0.276191 0.0657143 0.278571 0.0657143 0.278571 0.067619 0.276191 0.0657143 0.278571 0.067619 0.27619 0.067619 0.27619 0.067619 0.278571 0.067619 0.278571 0.0695238 0.27619 0.067619 0.278571 0.0695238 0.27619 0.0695238 0.27619 0.0695238 0.278571 0.0695238 0.278571 0.0714285 0.27619 0.0695238 0.278571 0.0714285 0.27619 0.0714285 0.27619 0.0714285 0.278571 0.0714285 0.278571 0.0733333 0.27619 0.0714285 0.278571 0.0733333 0.27619 0.0733333 0.27619 0.0733333 0.278571 0.0733333 0.278571 0.0752381 0.27619 0.0733333 0.278571 0.0752381 0.27619 0.0752381 0.27619 0.0752381 0.278571 0.0752381 0.278571 0.0771428 0.27619 0.0752381 0.278571 0.0771428 0.27619 0.0771428 0.27619 0.0771428 0.278571 0.0771428 0.278571 0.0790476 0.27619 0.0771428 0.278571 0.0790476 0.27619 0.0790476 0.27619 0.0790476 0.278571 0.0790476 0.278571 0.0809524 0.27619 0.0790476 0.278571 0.0809524 0.27619 0.0809524 0.27619 0.0809524 0.278571 0.0809524 0.278571 0.0828571 0.27619 0.0809524 0.278571 0.0828571 0.27619 0.0828571 0.27619 0.0828571 0.278571 0.0828571 0.27619 0.0847619 0.27381 0.06 0.27619 0.06 0.27619 0.0619047 0.27381 0.06 0.27619 0.0619047 0.27381 0.0619047 0.27381 0.0619047 0.27619 0.0619047 0.27619 0.0638095 0.27381 0.0619047 0.27619 0.0638095 0.27381 0.0638095 0.27381 0.0638095 0.27619 0.0638095 0.276191 0.0657143 0.27381 0.0638095 0.276191 0.0657143 0.27381 0.0657143 0.27381 0.0657143 0.276191 0.0657143 0.27619 0.067619 0.27381 0.0657143 0.27619 0.067619 0.27381 0.067619 0.27381 0.067619 0.27619 0.067619 0.27619 0.0695238 0.27381 0.067619 0.27619 0.0695238 0.27381 0.0695238 0.27381 0.0695238 0.27619 0.0695238 0.27619 0.0714285 0.27381 0.0695238 0.27619 0.0714285 0.27381 0.0714285 0.27381 0.0714285 0.27619 0.0714285 0.27619 0.0733333 0.27381 0.0714285 0.27619 0.0733333 0.27381 0.0733333 0.27381 0.0733333 0.27619 0.0733333 0.27619 0.0752381 0.27381 0.0733333 0.27619 0.0752381 0.27381 0.0752381 0.27381 0.0752381 0.27619 0.0752381 0.27619 0.0771428 0.27381 0.0752381 0.27619 0.0771428 0.27381 0.0771428 0.27381 0.0771428 0.27619 0.0771428 0.27619 0.0790476 0.27381 0.0771428 0.27619 0.0790476 0.27381 0.0790476 0.27381 0.0790476 0.27619 0.0790476 0.27619 0.0809524 0.27381 0.0790476 0.27619 0.0809524 0.27381 0.0809523 0.27381 0.0809523 0.27619 0.0809524 0.27619 0.0828571 0.27381 0.0809523 0.27619 0.0828571 0.27381 0.0828571 0.27381 0.0828571 0.27619 0.0828571 0.27619 0.0847619 0.27381 0.0828571 0.27619 0.0847619 0.27381 0.0847619 0.27381 0.0847619 0.27619 0.0847619 0.27381 0.0860317 0.27381 0.0885714 0.27619 0.0885714 0.27619 0.0904762 0.27381 0.0885714 0.27619 0.0904762 0.27381 0.0904762 0.27381 0.0904762 0.27619 0.0904762 0.27619 0.0923809 0.27381 0.0904762 0.27619 0.0923809 0.27381 0.0923809 0.27381 0.0923809 0.27619 0.0923809 0.27619 0.0942857 0.27381 0.0923809 0.27619 0.0942857 0.273809 0.0942857 0.273809 0.0942857 0.27619 0.0942857 0.27619 0.0961905 0.273809 0.0942857 0.27619 0.0961905 0.273809 0.0961905 0.273809 0.0961905 0.27619 0.0961905 0.27619 0.0980952 0.273809 0.0961905 0.27619 0.0980952 0.273809 0.0980952 0.271429 0.0599999 0.27381 0.06 0.27381 0.0619047 0.271429 0.0599999 0.27381 0.0619047 0.271429 0.0619047 0.271429 0.0619047 0.27381 0.0619047 0.27381 0.0638095 0.271429 0.0619047 0.27381 0.0638095 0.271429 0.0638095 0.271429 0.0638095 0.27381 0.0638095 0.27381 0.0657143 0.271429 0.0638095 0.27381 0.0657143 0.271429 0.0657142 0.271429 0.0657142 0.27381 0.0657143 0.27381 0.067619 0.271429 0.0657142 0.27381 0.067619 0.271428 0.067619 0.271428 0.067619 0.27381 0.067619 0.27381 0.0695238 0.271428 0.067619 0.27381 0.0695238 0.271428 0.0695238 0.271428 0.0695238 0.27381 0.0695238 0.27381 0.0714285 0.271428 0.0695238 0.27381 0.0714285 0.271428 0.0714285 0.271428 0.0714285 0.27381 0.0714285 0.27381 0.0733333 0.271428 0.0714285 0.27381 0.0733333 0.271428 0.0733333 0.271428 0.0733333 0.27381 0.0733333 0.27381 0.0752381 0.271428 0.0733333 0.27381 0.0752381 0.271428 0.075238 0.271428 0.075238 0.27381 0.0752381 0.27381 0.0771428 0.271428 0.075238 0.27381 0.0771428 0.271428 0.0771428 0.271428 0.0771428 0.27381 0.0771428 0.27381 0.0790476 0.271428 0.0771428 0.27381 0.0790476 0.271428 0.0790476 0.271428 0.0790476 0.27381 0.0790476 0.27381 0.0809523 0.271428 0.0790476 0.27381 0.0809523 0.271428 0.0809523 0.271428 0.0809523 0.27381 0.0809523 0.27381 0.0828571 0.271428 0.0809523 0.27381 0.0828571 0.271428 0.0828571 0.271428 0.0828571 0.27381 0.0828571 0.27381 0.0847619 0.271428 0.0828571 0.27381 0.0847619 0.271428 0.0847619 0.271428 0.0866666 0.271428 0.0847619 0.27381 0.0847619 0.27381 0.0847619 0.27381 0.0860317 0.272619 0.0866666 0.27381 0.0847619 0.272619 0.0866666 0.271428 0.0866666 0.271428 0.0866666 0.272619 0.0866666 0.271428 0.0873016 0.269048 0.06 0.271429 0.0599999 0.271429 0.0619047 0.269048 0.06 0.271429 0.0619047 0.269048 0.0619047 0.269048 0.0619047 0.271429 0.0619047 0.271429 0.0638095 0.269048 0.0619047 0.271429 0.0638095 0.269048 0.0638095 0.269048 0.0638095 0.271429 0.0638095 0.271429 0.0657142 0.269048 0.0638095 0.271429 0.0657142 0.269048 0.0657142 0.269048 0.0657142 0.271429 0.0657142 0.271428 0.067619 0.269048 0.0657142 0.271428 0.067619 0.269048 0.067619 0.269048 0.067619 0.271428 0.067619 0.271428 0.0695238 0.269048 0.067619 0.271428 0.0695238 0.269048 0.0695238 0.269048 0.0695238 0.271428 0.0695238 0.271428 0.0714285 0.269048 0.0695238 0.271428 0.0714285 0.269048 0.0714285 0.269048 0.0714285 0.271428 0.0714285 0.271428 0.0733333 0.269048 0.0714285 0.271428 0.0733333 0.269048 0.0733333 0.269048 0.0733333 0.271428 0.0733333 0.271428 0.075238 0.269048 0.0733333 0.271428 0.075238 0.269048 0.075238 0.269048 0.075238 0.271428 0.075238 0.271428 0.0771428 0.269048 0.075238 0.271428 0.0771428 0.269048 0.0771428 0.269048 0.0771428 0.271428 0.0771428 0.271428 0.0790476 0.269048 0.0771428 0.271428 0.0790476 0.269048 0.0790476 0.269048 0.0790476 0.271428 0.0790476 0.271428 0.0809523 0.269048 0.0790476 0.271428 0.0809523 0.269048 0.0809523 0.269048 0.0809523 0.271428 0.0809523 0.271428 0.0828571 0.269048 0.0809523 0.271428 0.0828571 0.269048 0.0828571 0.269048 0.0828571 0.271428 0.0828571 0.271428 0.0847619 0.269048 0.0828571 0.271428 0.0847619 0.269048 0.0847619 0.269048 0.0847619 0.271428 0.0847619 0.271428 0.0866666 0.269048 0.0847619 0.271428 0.0866666 0.269048 0.0866666 0.269048 0.0866666 0.271428 0.0866666 0.271428 0.0873016 0.269048 0.0866666 0.271428 0.0873016 0.269048 0.0885714 0.269048 0.0904762 0.271428 0.0904762 0.271429 0.0923809 0.269048 0.0904762 0.271429 0.0923809 0.269048 0.0923809 0.269048 0.0923809 0.271429 0.0923809 0.271429 0.0942857 0.269048 0.0923809 0.271429 0.0942857 0.269048 0.0942857 0.269048 0.0942857 0.271429 0.0942857 0.271429 0.0961905 0.269048 0.0942857 0.271429 0.0961905 0.269048 0.0961905 0.269048 0.0961905 0.271429 0.0961905 0.271429 0.0980952 0.269048 0.0961905 0.271429 0.0980952 0.269048 0.0980952 0.266667 0.06 0.269048 0.06 0.269048 0.0619047 0.266667 0.06 0.269048 0.0619047 0.266667 0.0619047 0.266667 0.0619047 0.269048 0.0619047 0.269048 0.0638095 0.266667 0.0619047 0.269048 0.0638095 0.266667 0.0638095 0.266667 0.0638095 0.269048 0.0638095 0.269048 0.0657142 0.266667 0.0638095 0.269048 0.0657142 0.266667 0.0657142 0.266667 0.0657142 0.269048 0.0657142 0.269048 0.067619 0.266667 0.0657142 0.269048 0.067619 0.266667 0.067619 0.266667 0.067619 0.269048 0.067619 0.269048 0.0695238 0.266667 0.067619 0.269048 0.0695238 0.266667 0.0695238 0.266667 0.0695238 0.269048 0.0695238 0.269048 0.0714285 0.266667 0.0695238 0.269048 0.0714285 0.266667 0.0714285 0.266667 0.0714285 0.269048 0.0714285 0.269048 0.0733333 0.266667 0.0714285 0.269048 0.0733333 0.266667 0.0733333 0.266667 0.0733333 0.269048 0.0733333 0.269048 0.075238 0.266667 0.0733333 0.269048 0.075238 0.266667 0.0752381 0.266667 0.0752381 0.269048 0.075238 0.269048 0.0771428 0.266667 0.0752381 0.269048 0.0771428 0.266667 0.0771428 0.266667 0.0771428 0.269048 0.0771428 0.269048 0.0790476 0.266667 0.0771428 0.269048 0.0790476 0.266667 0.0790476 0.266667 0.0790476 0.269048 0.0790476 0.269048 0.0809523 0.266667 0.0790476 0.269048 0.0809523 0.266667 0.0809523 0.266667 0.0809523 0.269048 0.0809523 0.269048 0.0828571 0.266667 0.0809523 0.269048 0.0828571 0.266667 0.0828571 0.266667 0.0828571 0.269048 0.0828571 0.269048 0.0847619 0.266667 0.0828571 0.269048 0.0847619 0.266667 0.0847619 0.266667 0.0847619 0.269048 0.0847619 0.269048 0.0866666 0.266667 0.0847619 0.269048 0.0866666 0.266667 0.0866666 0.266667 0.0866666 0.269048 0.0866666 0.269048 0.0885714 0.266667 0.0866666 0.269048 0.0885714 0.266667 0.0885714 0.266667 0.0885714 0.269048 0.0885714 0.266667 0.0898413 0.264286 0.06 0.266667 0.06 0.266667 0.0619047 0.264286 0.06 0.266667 0.0619047 0.264286 0.0619047 0.264286 0.0619047 0.266667 0.0619047 0.266667 0.0638095 0.264286 0.0619047 0.266667 0.0638095 0.264286 0.0638095 0.264286 0.0638095 0.266667 0.0638095 0.266667 0.0657142 0.264286 0.0638095 0.266667 0.0657142 0.264286 0.0657142 0.264286 0.0657142 0.266667 0.0657142 0.266667 0.067619 0.264286 0.0657142 0.266667 0.067619 0.264286 0.067619 0.264286 0.067619 0.266667 0.067619 0.266667 0.0695238 0.264286 0.067619 0.266667 0.0695238 0.264286 0.0695238 0.264286 0.0695238 0.266667 0.0695238 0.266667 0.0714285 0.264286 0.0695238 0.266667 0.0714285 0.264286 0.0714285 0.264286 0.0714285 0.266667 0.0714285 0.266667 0.0733333 0.264286 0.0714285 0.266667 0.0733333 0.264286 0.0733333 0.264286 0.0733333 0.266667 0.0733333 0.266667 0.0752381 0.264286 0.0733333 0.266667 0.0752381 0.264286 0.0752381 0.264286 0.0752381 0.266667 0.0752381 0.266667 0.0771428 0.264286 0.0752381 0.266667 0.0771428 0.264286 0.0771428 0.264286 0.0771428 0.266667 0.0771428 0.266667 0.0790476 0.264286 0.0771428 0.266667 0.0790476 0.264286 0.0790476 0.264286 0.0790476 0.266667 0.0790476 0.266667 0.0809523 0.264286 0.0790476 0.266667 0.0809523 0.264286 0.0809523 0.264286 0.0809523 0.266667 0.0809523 0.266667 0.0828571 0.264286 0.0809523 0.266667 0.0828571 0.264286 0.0828571 0.264286 0.0828571 0.266667 0.0828571 0.266667 0.0847619 0.264286 0.0828571 0.266667 0.0847619 0.264286 0.0847619 0.264286 0.0847619 0.266667 0.0847619 0.266667 0.0866666 0.264286 0.0847619 0.266667 0.0866666 0.264286 0.0866666 0.264286 0.0866666 0.266667 0.0866666 0.266667 0.0885714 0.264286 0.0866666 0.266667 0.0885714 0.264286 0.0885714 0.264286 0.0904762 0.264286 0.0885714 0.266667 0.0885714 0.266667 0.0885714 0.266667 0.0898413 0.265476 0.0904762 0.266667 0.0885714 0.265476 0.0904762 0.264286 0.0904762 0.264286 0.0904762 0.265476 0.0904762 0.264286 0.0911111 0.264286 0.0923809 0.266667 0.0923809 0.266667 0.0942857 0.264286 0.0923809 0.266667 0.0942857 0.264286 0.0942857 0.264286 0.0942857 0.266667 0.0942857 0.266667 0.0961905 0.264286 0.0942857 0.266667 0.0961905 0.264286 0.0961905 0.264286 0.0961905 0.266667 0.0961905 0.266667 0.0980952 0.264286 0.0961905 0.266667 0.0980952 0.264286 0.0980952 0.261905 0.06 0.264286 0.06 0.264286 0.0619047 0.261905 0.06 0.264286 0.0619047 0.261905 0.0619047 0.261905 0.0619047 0.264286 0.0619047 0.264286 0.0638095 0.261905 0.0619047 0.264286 0.0638095 0.261905 0.0638095 0.261905 0.0638095 0.264286 0.0638095 0.264286 0.0657142 0.261905 0.0638095 0.264286 0.0657142 0.261905 0.0657142 0.261905 0.0657142 0.264286 0.0657142 0.264286 0.067619 0.261905 0.0657142 0.264286 0.067619 0.261905 0.067619 0.261905 0.067619 0.264286 0.067619 0.264286 0.0695238 0.261905 0.067619 0.264286 0.0695238 0.261905 0.0695238 0.261905 0.0695238 0.264286 0.0695238 0.264286 0.0714285 0.261905 0.0695238 0.264286 0.0714285 0.261905 0.0714285 0.261905 0.0714285 0.264286 0.0714285 0.264286 0.0733333 0.261905 0.0714285 0.264286 0.0733333 0.261905 0.0733333 0.261905 0.0733333 0.264286 0.0733333 0.264286 0.0752381 0.261905 0.0733333 0.264286 0.0752381 0.261905 0.0752381 0.261905 0.0752381 0.264286 0.0752381 0.264286 0.0771428 0.261905 0.0752381 0.264286 0.0771428 0.261905 0.0771428 0.261905 0.0771428 0.264286 0.0771428 0.264286 0.0790476 0.261905 0.0771428 0.264286 0.0790476 0.261905 0.0790476 0.261905 0.0790476 0.264286 0.0790476 0.264286 0.0809523 0.261905 0.0790476 0.264286 0.0809523 0.261905 0.0809523 0.261905 0.0809523 0.264286 0.0809523 0.264286 0.0828571 0.261905 0.0809523 0.264286 0.0828571 0.261905 0.0828571 0.261905 0.0828571 0.264286 0.0828571 0.264286 0.0847619 0.261905 0.0828571 0.264286 0.0847619 0.261905 0.0847619 0.261905 0.0847619 0.264286 0.0847619 0.264286 0.0866666 0.261905 0.0847619 0.264286 0.0866666 0.261905 0.0866666 0.261905 0.0866666 0.264286 0.0866666 0.264286 0.0885714 0.261905 0.0866666 0.264286 0.0885714 0.261905 0.0885714 0.261905 0.0885714 0.264286 0.0885714 0.264286 0.0904762 0.261905 0.0885714 0.264286 0.0904762 0.261905 0.0904762 0.261905 0.0904762 0.264286 0.0904762 0.264286 0.0911111 0.261905 0.0904762 0.264286 0.0911111 0.261905 0.0923809 0.259524 0.06 0.261905 0.06 0.261905 0.0619047 0.259524 0.06 0.261905 0.0619047 0.259524 0.0619047 0.259524 0.0619047 0.261905 0.0619047 0.261905 0.0638095 0.259524 0.0619047 0.261905 0.0638095 0.259524 0.0638095 0.259524 0.0638095 0.261905 0.0638095 0.261905 0.0657142 0.259524 0.0638095 0.261905 0.0657142 0.259524 0.0657143 0.259524 0.0657143 0.261905 0.0657142 0.261905 0.067619 0.259524 0.0657143 0.261905 0.067619 0.259524 0.067619 0.259524 0.067619 0.261905 0.067619 0.261905 0.0695238 0.259524 0.067619 0.261905 0.0695238 0.259524 0.0695238 0.259524 0.0695238 0.261905 0.0695238 0.261905 0.0714285 0.259524 0.0695238 0.261905 0.0714285 0.259524 0.0714285 0.259524 0.0714285 0.261905 0.0714285 0.261905 0.0733333 0.259524 0.0714285 0.261905 0.0733333 0.259524 0.0733333 0.259524 0.0733333 0.261905 0.0733333 0.261905 0.0752381 0.259524 0.0733333 0.261905 0.0752381 0.259524 0.0752381 0.259524 0.0752381 0.261905 0.0752381 0.261905 0.0771428 0.259524 0.0752381 0.261905 0.0771428 0.259524 0.0771428 0.259524 0.0771428 0.261905 0.0771428 0.261905 0.0790476 0.259524 0.0771428 0.261905 0.0790476 0.259524 0.0790476 0.259524 0.0790476 0.261905 0.0790476 0.261905 0.0809523 0.259524 0.0790476 0.261905 0.0809523 0.259524 0.0809524 0.259524 0.0809524 0.261905 0.0809523 0.261905 0.0828571 0.259524 0.0809524 0.261905 0.0828571 0.259524 0.0828571 0.259524 0.0828571 0.261905 0.0828571 0.261905 0.0847619 0.259524 0.0828571 0.261905 0.0847619 0.259524 0.0847619 0.259524 0.0847619 0.261905 0.0847619 0.261905 0.0866666 0.259524 0.0847619 0.261905 0.0866666 0.259524 0.0866666 0.259524 0.0866666 0.261905 0.0866666 0.261905 0.0885714 0.259524 0.0866666 0.261905 0.0885714 0.259524 0.0885714 0.259524 0.0885714 0.261905 0.0885714 0.261905 0.0904762 0.259524 0.0885714 0.261905 0.0904762 0.259524 0.0904762 0.259524 0.0904762 0.261905 0.0904762 0.261905 0.0923809 0.259524 0.0904762 0.261905 0.0923809 0.259524 0.0923809 0.259524 0.0923809 0.261905 0.0923809 0.259524 0.0936508 0.259524 0.0961905 0.261905 0.0961905 0.261905 0.0980952 0.259524 0.0961905 0.261905 0.0980952 0.259524 0.0980952 0.257143 0.06 0.259524 0.06 0.259524 0.0619047 0.257143 0.06 0.259524 0.0619047 0.257143 0.0619047 0.257143 0.0619047 0.259524 0.0619047 0.259524 0.0638095 0.257143 0.0619047 0.259524 0.0638095 0.257143 0.0638095 0.257143 0.0638095 0.259524 0.0638095 0.259524 0.0657143 0.257143 0.0638095 0.259524 0.0657143 0.257143 0.0657143 0.257143 0.0657143 0.259524 0.0657143 0.259524 0.067619 0.257143 0.0657143 0.259524 0.067619 0.257143 0.067619 0.257143 0.067619 0.259524 0.067619 0.259524 0.0695238 0.257143 0.067619 0.259524 0.0695238 0.257143 0.0695238 0.257143 0.0695238 0.259524 0.0695238 0.259524 0.0714285 0.257143 0.0695238 0.259524 0.0714285 0.257143 0.0714285 0.257143 0.0714285 0.259524 0.0714285 0.259524 0.0733333 0.257143 0.0714285 0.259524 0.0733333 0.257143 0.0733333 0.257143 0.0733333 0.259524 0.0733333 0.259524 0.0752381 0.257143 0.0733333 0.259524 0.0752381 0.257143 0.0752381 0.257143 0.0752381 0.259524 0.0752381 0.259524 0.0771428 0.257143 0.0752381 0.259524 0.0771428 0.257143 0.0771428 0.257143 0.0771428 0.259524 0.0771428 0.259524 0.0790476 0.257143 0.0771428 0.259524 0.0790476 0.257143 0.0790476 0.257143 0.0790476 0.259524 0.0790476 0.259524 0.0809524 0.257143 0.0790476 0.259524 0.0809524 0.257143 0.0809524 0.257143 0.0809524 0.259524 0.0809524 0.259524 0.0828571 0.257143 0.0809524 0.259524 0.0828571 0.257143 0.0828571 0.257143 0.0828571 0.259524 0.0828571 0.259524 0.0847619 0.257143 0.0828571 0.259524 0.0847619 0.257143 0.0847619 0.257143 0.0847619 0.259524 0.0847619 0.259524 0.0866666 0.257143 0.0847619 0.259524 0.0866666 0.257143 0.0866666 0.257143 0.0866666 0.259524 0.0866666 0.259524 0.0885714 0.257143 0.0866666 0.259524 0.0885714 0.257143 0.0885714 0.257143 0.0885714 0.259524 0.0885714 0.259524 0.0904762 0.257143 0.0885714 0.259524 0.0904762 0.257143 0.0904762 0.257143 0.0904762 0.259524 0.0904762 0.259524 0.0923809 0.257143 0.0904762 0.259524 0.0923809 0.257143 0.0923809 0.257143 0.0942857 0.257143 0.0923809 0.259524 0.0923809 0.259524 0.0923809 0.259524 0.0936508 0.258333 0.0942857 0.259524 0.0923809 0.258333 0.0942857 0.257143 0.0942857 0.257143 0.0942857 0.258333 0.0942857 0.257143 0.0949206 0.254762 0.06 0.257143 0.06 0.257143 0.0619047 0.254762 0.06 0.257143 0.0619047 0.254762 0.0619047 0.254762 0.0619047 0.257143 0.0619047 0.257143 0.0638095 0.254762 0.0619047 0.257143 0.0638095 0.254762 0.0638095 0.254762 0.0638095 0.257143 0.0638095 0.257143 0.0657143 0.254762 0.0638095 0.257143 0.0657143 0.254762 0.0657142 0.254762 0.0657142 0.257143 0.0657143 0.257143 0.067619 0.254762 0.0657142 0.257143 0.067619 0.254762 0.067619 0.254762 0.067619 0.257143 0.067619 0.257143 0.0695238 0.254762 0.067619 0.257143 0.0695238 0.254762 0.0695238 0.254762 0.0695238 0.257143 0.0695238 0.257143 0.0714285 0.254762 0.0695238 0.257143 0.0714285 0.254762 0.0714285 0.254762 0.0714285 0.257143 0.0714285 0.257143 0.0733333 0.254762 0.0714285 0.257143 0.0733333 0.254762 0.0733333 0.254762 0.0733333 0.257143 0.0733333 0.257143 0.0752381 0.254762 0.0733333 0.257143 0.0752381 0.254762 0.075238 0.254762 0.075238 0.257143 0.0752381 0.257143 0.0771428 0.254762 0.075238 0.257143 0.0771428 0.254762 0.0771428 0.254762 0.0771428 0.257143 0.0771428 0.257143 0.0790476 0.254762 0.0771428 0.257143 0.0790476 0.254762 0.0790476 0.254762 0.0790476 0.257143 0.0790476 0.257143 0.0809524 0.254762 0.0790476 0.257143 0.0809524 0.254762 0.0809523 0.254762 0.0809523 0.257143 0.0809524 0.257143 0.0828571 0.254762 0.0809523 0.257143 0.0828571 0.254762 0.0828571 0.254762 0.0828571 0.257143 0.0828571 0.257143 0.0847619 0.254762 0.0828571 0.257143 0.0847619 0.254762 0.0847619 0.254762 0.0847619 0.257143 0.0847619 0.257143 0.0866666 0.254762 0.0847619 0.257143 0.0866666 0.254762 0.0866666 0.254762 0.0866666 0.257143 0.0866666 0.257143 0.0885714 0.254762 0.0866666 0.257143 0.0885714 0.254762 0.0885714 0.254762 0.0885714 0.257143 0.0885714 0.257143 0.0904762 0.254762 0.0885714 0.257143 0.0904762 0.254762 0.0904762 0.254762 0.0904762 0.257143 0.0904762 0.257143 0.0923809 0.254762 0.0904762 0.257143 0.0923809 0.254762 0.0923809 0.254762 0.0923809 0.257143 0.0923809 0.257143 0.0942857 0.254762 0.0923809 0.257143 0.0942857 0.254762 0.0942857 0.254762 0.0942857 0.257143 0.0942857 0.257143 0.0949206 0.254762 0.0942857 0.257143 0.0949206 0.254762 0.0961905 0.252381 0.06 0.254762 0.06 0.254762 0.0619047 0.252381 0.06 0.254762 0.0619047 0.252381 0.0619047 0.252381 0.0619047 0.254762 0.0619047 0.254762 0.0638095 0.252381 0.0619047 0.254762 0.0638095 0.252381 0.0638095 0.252381 0.0638095 0.254762 0.0638095 0.254762 0.0657142 0.252381 0.0638095 0.254762 0.0657142 0.252381 0.0657142 0.252381 0.0657142 0.254762 0.0657142 0.254762 0.067619 0.252381 0.0657142 0.254762 0.067619 0.252381 0.067619 0.252381 0.067619 0.254762 0.067619 0.254762 0.0695238 0.252381 0.067619 0.254762 0.0695238 0.252381 0.0695238 0.252381 0.0695238 0.254762 0.0695238 0.254762 0.0714285 0.252381 0.0695238 0.254762 0.0714285 0.252381 0.0714285 0.252381 0.0714285 0.254762 0.0714285 0.254762 0.0733333 0.252381 0.0714285 0.254762 0.0733333 0.252381 0.0733333 0.252381 0.0733333 0.254762 0.0733333 0.254762 0.075238 0.252381 0.0733333 0.254762 0.075238 0.252381 0.0752381 0.252381 0.0752381 0.254762 0.075238 0.254762 0.0771428 0.252381 0.0752381 0.254762 0.0771428 0.252381 0.0771428 0.252381 0.0771428 0.254762 0.0771428 0.254762 0.0790476 0.252381 0.0771428 0.254762 0.0790476 0.252381 0.0790476 0.252381 0.0790476 0.254762 0.0790476 0.254762 0.0809523 0.252381 0.0790476 0.254762 0.0809523 0.252381 0.0809523 0.252381 0.0809523 0.254762 0.0809523 0.254762 0.0828571 0.252381 0.0809523 0.254762 0.0828571 0.252381 0.0828571 0.252381 0.0828571 0.254762 0.0828571 0.254762 0.0847619 0.252381 0.0828571 0.254762 0.0847619 0.252381 0.0847619 0.252381 0.0847619 0.254762 0.0847619 0.254762 0.0866666 0.252381 0.0847619 0.254762 0.0866666 0.252381 0.0866666 0.252381 0.0866666 0.254762 0.0866666 0.254762 0.0885714 0.252381 0.0866666 0.254762 0.0885714 0.252381 0.0885714 0.252381 0.0885714 0.254762 0.0885714 0.254762 0.0904762 0.252381 0.0885714 0.254762 0.0904762 0.252381 0.0904762 0.252381 0.0904762 0.254762 0.0904762 0.254762 0.0923809 0.252381 0.0904762 0.254762 0.0923809 0.252381 0.0923809 0.252381 0.0923809 0.254762 0.0923809 0.254762 0.0942857 0.252381 0.0923809 0.254762 0.0942857 0.252381 0.0942857 0.252381 0.0942857 0.254762 0.0942857 0.254762 0.0961905 0.252381 0.0942857 0.254762 0.0961905 0.252381 0.0961905 0.252381 0.0961905 0.254762 0.0961905 0.252381 0.0976886 0.25 0.06 0.252381 0.06 0.252381 0.0619047 0.25 0.06 0.252381 0.0619047 0.25 0.0619047 0.25 0.0619047 0.252381 0.0619047 0.252381 0.0638095 0.25 0.0619047 0.252381 0.0638095 0.25 0.0638095 0.25 0.0638095 0.252381 0.0638095 0.252381 0.0657142 0.25 0.0638095 0.252381 0.0657142 0.25 0.0657142 0.25 0.0657142 0.252381 0.0657142 0.252381 0.067619 0.25 0.0657142 0.252381 0.067619 0.25 0.067619 0.25 0.067619 0.252381 0.067619 0.252381 0.0695238 0.25 0.067619 0.252381 0.0695238 0.25 0.0695238 0.25 0.0695238 0.252381 0.0695238 0.252381 0.0714285 0.25 0.0695238 0.252381 0.0714285 0.25 0.0714285 0.25 0.0714285 0.252381 0.0714285 0.252381 0.0733333 0.25 0.0714285 0.252381 0.0733333 0.25 0.0733333 0.25 0.0733333 0.252381 0.0733333 0.252381 0.0752381 0.25 0.0733333 0.252381 0.0752381 0.25 0.075238 0.25 0.075238 0.252381 0.0752381 0.252381 0.0771428 0.25 0.075238 0.252381 0.0771428 0.25 0.0771428 0.25 0.0771428 0.252381 0.0771428 0.252381 0.0790476 0.25 0.0771428 0.252381 0.0790476 0.25 0.0790476 0.25 0.0790476 0.252381 0.0790476 0.252381 0.0809523 0.25 0.0790476 0.252381 0.0809523 0.25 0.0809523 0.25 0.0809523 0.252381 0.0809523 0.252381 0.0828571 0.25 0.0809523 0.252381 0.0828571 0.25 0.0828571 0.25 0.0828571 0.252381 0.0828571 0.252381 0.0847619 0.25 0.0828571 0.252381 0.0847619 0.25 0.0847619 0.25 0.0847619 0.252381 0.0847619 0.252381 0.0866666 0.25 0.0847619 0.252381 0.0866666 0.25 0.0866666 0.25 0.0866666 0.252381 0.0866666 0.252381 0.0885714 0.25 0.0866666 0.252381 0.0885714 0.25 0.0885714 0.25 0.0885714 0.252381 0.0885714 0.252381 0.0904762 0.25 0.0885714 0.252381 0.0904762 0.25 0.0904762 0.25 0.0904762 0.252381 0.0904762 0.252381 0.0923809 0.25 0.0904762 0.252381 0.0923809 0.25 0.0923809 0.25 0.0923809 0.252381 0.0923809 0.252381 0.0942857 0.25 0.0923809 0.252381 0.0942857 0.25 0.0942857 0.25 0.0942857 0.252381 0.0942857 0.252381 0.0961905 0.25 0.0942857 0.252381 0.0961905 0.25 0.0961905 0.25 0.0980952 0.25 0.0961905 0.252381 0.0961905 0.252381 0.0961905 0.252381 0.0976886 0.251734 0.0980952 0.252381 0.0961905 0.251734 0.0980952 0.25 0.0980952 0.33619 0.0619048 0.33619 0.06 0.338095 0.06 0.338095 0.06 0.338095 0.0612598 0.337126 0.0619047 0.338095 0.06 0.337126 0.0619047 0.33619 0.0619048 0.33619 0.0619048 0.337126 0.0619047 0.33619 0.0625296 0.33619 0.0657143 0.338095 0.0657143 0.338095 0.067619 0.33619 0.0657143 0.338095 0.067619 0.33619 0.067619 0.33619 0.067619 0.338095 0.067619 0.338095 0.0695238 0.33619 0.067619 0.338095 0.0695238 0.33619 0.0695238 0.33619 0.0695238 0.338095 0.0695238 0.338095 0.0714285 0.33619 0.0695238 0.338095 0.0714285 0.33619 0.0714285 0.33619 0.0714285 0.338095 0.0714285 0.338095 0.0733333 0.33619 0.0714285 0.338095 0.0733333 0.33619 0.0733333 0.33619 0.0733333 0.338095 0.0733333 0.338095 0.0752381 0.33619 0.0733333 0.338095 0.0752381 0.33619 0.0752381 0.33619 0.0752381 0.338095 0.0752381 0.338095 0.0771428 0.33619 0.0752381 0.338095 0.0771428 0.33619 0.0771428 0.33619 0.0771428 0.338095 0.0771428 0.338095 0.0790476 0.33619 0.0771428 0.338095 0.0790476 0.33619 0.0790476 0.33619 0.0790476 0.338095 0.0790476 0.338095 0.0809524 0.33619 0.0790476 0.338095 0.0809524 0.33619 0.0809524 0.33619 0.0809524 0.338095 0.0809524 0.338095 0.0828571 0.33619 0.0809524 0.338095 0.0828571 0.33619 0.0828571 0.33619 0.0828571 0.338095 0.0828571 0.338095 0.0847619 0.33619 0.0828571 0.338095 0.0847619 0.33619 0.0847619 0.33619 0.0847619 0.338095 0.0847619 0.338095 0.0866666 0.33619 0.0847619 0.338095 0.0866666 0.33619 0.0866666 0.33619 0.0866666 0.338095 0.0866666 0.338095 0.0885714 0.33619 0.0866666 0.338095 0.0885714 0.33619 0.0885714 0.33619 0.0885714 0.338095 0.0885714 0.338095 0.0904762 0.33619 0.0885714 0.338095 0.0904762 0.33619 0.0904762 0.33619 0.0904762 0.338095 0.0904762 0.338095 0.0923809 0.33619 0.0904762 0.338095 0.0923809 0.33619 0.0923809 0.33619 0.0923809 0.338095 0.0923809 0.338095 0.0942857 0.33619 0.0923809 0.338095 0.0942857 0.33619 0.0942857 0.33619 0.0942857 0.338095 0.0942857 0.338095 0.0961905 0.33619 0.0942857 0.338095 0.0961905 0.33619 0.0961905 0.33619 0.0961905 0.338095 0.0961905 0.338095 0.0980952 0.33619 0.0961905 0.338095 0.0980952 0.336191 0.0980952 0.334286 0.0657143 0.33619 0.0657143 0.33619 0.067619 0.334286 0.0657143 0.33619 0.067619 0.334286 0.067619 0.334286 0.067619 0.33619 0.067619 0.33619 0.0695238 0.334286 0.067619 0.33619 0.0695238 0.334286 0.0695238 0.334286 0.0695238 0.33619 0.0695238 0.33619 0.0714285 0.334286 0.0695238 0.33619 0.0714285 0.334286 0.0714285 0.334286 0.0714285 0.33619 0.0714285 0.33619 0.0733333 0.334286 0.0714285 0.33619 0.0733333 0.334286 0.0733333 0.334286 0.0733333 0.33619 0.0733333 0.33619 0.0752381 0.334286 0.0733333 0.33619 0.0752381 0.334286 0.0752381 0.334286 0.0752381 0.33619 0.0752381 0.33619 0.0771428 0.334286 0.0752381 0.33619 0.0771428 0.334286 0.0771428 0.334286 0.0771428 0.33619 0.0771428 0.33619 0.0790476 0.334286 0.0771428 0.33619 0.0790476 0.334286 0.0790476 0.334286 0.0790476 0.33619 0.0790476 0.33619 0.0809524 0.334286 0.0790476 0.33619 0.0809524 0.334286 0.0809523 0.334286 0.0809523 0.33619 0.0809524 0.33619 0.0828571 0.334286 0.0809523 0.33619 0.0828571 0.334286 0.0828571 0.334286 0.0828571 0.33619 0.0828571 0.33619 0.0847619 0.334286 0.0828571 0.33619 0.0847619 0.334286 0.0847619 0.334286 0.0847619 0.33619 0.0847619 0.33619 0.0866666 0.334286 0.0847619 0.33619 0.0866666 0.334286 0.0866666 0.334286 0.0866666 0.33619 0.0866666 0.33619 0.0885714 0.334286 0.0866666 0.33619 0.0885714 0.334286 0.0885714 0.334286 0.0885714 0.33619 0.0885714 0.33619 0.0904762 0.334286 0.0885714 0.33619 0.0904762 0.334286 0.0904762 0.334286 0.0904762 0.33619 0.0904762 0.33619 0.0923809 0.334286 0.0904762 0.33619 0.0923809 0.334286 0.0923809 0.334286 0.0923809 0.33619 0.0923809 0.33619 0.0942857 0.334286 0.0923809 0.33619 0.0942857 0.334286 0.0942857 0.334286 0.0942857 0.33619 0.0942857 0.33619 0.0961905 0.334286 0.0942857 0.33619 0.0961905 0.334286 0.0961905 0.334286 0.0961905 0.33619 0.0961905 0.336191 0.0980952 0.334286 0.0961905 0.336191 0.0980952 0.334286 0.0980952 0.332381 0.06 0.334286 0.06 0.334286 0.0619047 0.332381 0.06 0.334286 0.0619047 0.332381 0.0619048 0.332381 0.0619048 0.334286 0.0619047 0.334286 0.0638095 0.332381 0.0619048 0.334286 0.0638095 0.332381 0.0638095 0.332381 0.0638095 0.334286 0.0638095 0.332381 0.0650694 0.332381 0.067619 0.334286 0.067619 0.334286 0.0695238 0.332381 0.067619 0.334286 0.0695238 0.332381 0.0695238 0.332381 0.0695238 0.334286 0.0695238 0.334286 0.0714285 0.332381 0.0695238 0.334286 0.0714285 0.332381 0.0714285 0.332381 0.0714285 0.334286 0.0714285 0.334286 0.0733333 0.332381 0.0714285 0.334286 0.0733333 0.332381 0.0733333 0.332381 0.0733333 0.334286 0.0733333 0.334286 0.0752381 0.332381 0.0733333 0.334286 0.0752381 0.332381 0.0752381 0.332381 0.0752381 0.334286 0.0752381 0.334286 0.0771428 0.332381 0.0752381 0.334286 0.0771428 0.332381 0.0771428 0.332381 0.0771428 0.334286 0.0771428 0.334286 0.0790476 0.332381 0.0771428 0.334286 0.0790476 0.332381 0.0790476 0.332381 0.0790476 0.334286 0.0790476 0.334286 0.0809523 0.332381 0.0790476 0.334286 0.0809523 0.332381 0.0809524 0.332381 0.0809524 0.334286 0.0809523 0.334286 0.0828571 0.332381 0.0809524 0.334286 0.0828571 0.332381 0.0828571 0.332381 0.0828571 0.334286 0.0828571 0.334286 0.0847619 0.332381 0.0828571 0.334286 0.0847619 0.332381 0.0847619 0.332381 0.0847619 0.334286 0.0847619 0.334286 0.0866666 0.332381 0.0847619 0.334286 0.0866666 0.332381 0.0866666 0.332381 0.0866666 0.334286 0.0866666 0.334286 0.0885714 0.332381 0.0866666 0.334286 0.0885714 0.332381 0.0885714 0.332381 0.0885714 0.334286 0.0885714 0.334286 0.0904762 0.332381 0.0885714 0.334286 0.0904762 0.332381 0.0904762 0.332381 0.0904762 0.334286 0.0904762 0.334286 0.0923809 0.332381 0.0904762 0.334286 0.0923809 0.332381 0.0923809 0.332381 0.0923809 0.334286 0.0923809 0.334286 0.0942857 0.332381 0.0923809 0.334286 0.0942857 0.332381 0.0942857 0.332381 0.0942857 0.334286 0.0942857 0.334286 0.0961905 0.332381 0.0942857 0.334286 0.0961905 0.332381 0.0961905 0.332381 0.0961905 0.334286 0.0961905 0.334286 0.0980952 0.332381 0.0961905 0.334286 0.0980952 0.332381 0.0980952 0.330476 0.0695238 0.332381 0.0695238 0.332381 0.0714285 0.330476 0.0695238 0.332381 0.0714285 0.330476 0.0714285 0.330476 0.0714285 0.332381 0.0714285 0.332381 0.0733333 0.330476 0.0714285 0.332381 0.0733333 0.330476 0.0733333 0.330476 0.0733333 0.332381 0.0733333 0.332381 0.0752381 0.330476 0.0733333 0.332381 0.0752381 0.330476 0.0752381 0.330476 0.0752381 0.332381 0.0752381 0.332381 0.0771428 0.330476 0.0752381 0.332381 0.0771428 0.330476 0.0771428 0.330476 0.0771428 0.332381 0.0771428 0.332381 0.0790476 0.330476 0.0771428 0.332381 0.0790476 0.330476 0.0790476 0.330476 0.0790476 0.332381 0.0790476 0.332381 0.0809524 0.330476 0.0790476 0.332381 0.0809524 0.330476 0.0809523 0.330476 0.0809523 0.332381 0.0809524 0.332381 0.0828571 0.330476 0.0809523 0.332381 0.0828571 0.330476 0.0828571 0.330476 0.0828571 0.332381 0.0828571 0.332381 0.0847619 0.330476 0.0828571 0.332381 0.0847619 0.330476 0.0847619 0.330476 0.0847619 0.332381 0.0847619 0.332381 0.0866666 0.330476 0.0847619 0.332381 0.0866666 0.330476 0.0866666 0.330476 0.0866666 0.332381 0.0866666 0.332381 0.0885714 0.330476 0.0866666 0.332381 0.0885714 0.330476 0.0885714 0.330476 0.0885714 0.332381 0.0885714 0.332381 0.0904762 0.330476 0.0885714 0.332381 0.0904762 0.330476 0.0904762 0.330476 0.0904762 0.332381 0.0904762 0.332381 0.0923809 0.330476 0.0904762 0.332381 0.0923809 0.330476 0.0923809 0.330476 0.0923809 0.332381 0.0923809 0.332381 0.0942857 0.330476 0.0923809 0.332381 0.0942857 0.330476 0.0942857 0.330476 0.0942857 0.332381 0.0942857 0.332381 0.0961905 0.330476 0.0942857 0.332381 0.0961905 0.330476 0.0961905 0.330476 0.0961905 0.332381 0.0961905 0.332381 0.0980952 0.330476 0.0961905 0.332381 0.0980952 0.330476 0.0980952 0.328571 0.06 0.330476 0.06 0.330476 0.0619047 0.328571 0.06 0.330476 0.0619047 0.328571 0.0619047 0.328571 0.0619047 0.330476 0.0619047 0.330476 0.0638095 0.328571 0.0619047 0.330476 0.0638095 0.328571 0.0638095 0.328571 0.0638095 0.330476 0.0638095 0.330476 0.0657142 0.328571 0.0638095 0.330476 0.0657142 0.328571 0.0657142 0.328571 0.0657142 0.330476 0.0657142 0.330476 0.0663393 0.328571 0.0657142 0.330476 0.0663393 0.328571 0.067619 0.328571 0.0695238 0.330476 0.0695238 0.330476 0.0714285 0.328571 0.0695238 0.330476 0.0714285 0.328571 0.0714285 0.328571 0.0714285 0.330476 0.0714285 0.330476 0.0733333 0.328571 0.0714285 0.330476 0.0733333 0.328571 0.0733333 0.328571 0.0733333 0.330476 0.0733333 0.330476 0.0752381 0.328571 0.0733333 0.330476 0.0752381 0.328571 0.0752381 0.328571 0.0752381 0.330476 0.0752381 0.330476 0.0771428 0.328571 0.0752381 0.330476 0.0771428 0.328571 0.0771428 0.328571 0.0771428 0.330476 0.0771428 0.330476 0.0790476 0.328571 0.0771428 0.330476 0.0790476 0.328571 0.0790476 0.328571 0.0790476 0.330476 0.0790476 0.330476 0.0809523 0.328571 0.0790476 0.330476 0.0809523 0.328571 0.0809523 0.328571 0.0809523 0.330476 0.0809523 0.330476 0.0828571 0.328571 0.0809523 0.330476 0.0828571 0.328571 0.0828571 0.328571 0.0828571 0.330476 0.0828571 0.330476 0.0847619 0.328571 0.0828571 0.330476 0.0847619 0.328571 0.0847619 0.328571 0.0847619 0.330476 0.0847619 0.330476 0.0866666 0.328571 0.0847619 0.330476 0.0866666 0.328571 0.0866666 0.328571 0.0866666 0.330476 0.0866666 0.330476 0.0885714 0.328571 0.0866666 0.330476 0.0885714 0.328571 0.0885714 0.328571 0.0885714 0.330476 0.0885714 0.330476 0.0904762 0.328571 0.0885714 0.330476 0.0904762 0.328571 0.0904762 0.328571 0.0904762 0.330476 0.0904762 0.330476 0.0923809 0.328571 0.0904762 0.330476 0.0923809 0.328571 0.0923809 0.328571 0.0923809 0.330476 0.0923809 0.330476 0.0942857 0.328571 0.0923809 0.330476 0.0942857 0.328571 0.0942857 0.328571 0.0942857 0.330476 0.0942857 0.330476 0.0961905 0.328571 0.0942857 0.330476 0.0961905 0.328571 0.0961905 0.328571 0.0961905 0.330476 0.0961905 0.330476 0.0980952 0.328571 0.0961905 0.330476 0.0980952 0.328571 0.0980952 0.326667 0.0714285 0.328571 0.0714285 0.328571 0.0733333 0.326667 0.0714285 0.328571 0.0733333 0.326667 0.0733333 0.326667 0.0733333 0.328571 0.0733333 0.328571 0.0752381 0.326667 0.0733333 0.328571 0.0752381 0.326667 0.0752381 0.326667 0.0752381 0.328571 0.0752381 0.328571 0.0771428 0.326667 0.0752381 0.328571 0.0771428 0.326667 0.0771428 0.326667 0.0771428 0.328571 0.0771428 0.328571 0.0790476 0.326667 0.0771428 0.328571 0.0790476 0.326667 0.0790476 0.326667 0.0790476 0.328571 0.0790476 0.328571 0.0809523 0.326667 0.0790476 0.328571 0.0809523 0.326667 0.0809523 0.326667 0.0809523 0.328571 0.0809523 0.328571 0.0828571 0.326667 0.0809523 0.328571 0.0828571 0.326667 0.0828571 0.326667 0.0828571 0.328571 0.0828571 0.328571 0.0847619 0.326667 0.0828571 0.328571 0.0847619 0.326667 0.0847619 0.326667 0.0847619 0.328571 0.0847619 0.328571 0.0866666 0.326667 0.0847619 0.328571 0.0866666 0.326667 0.0866666 0.326667 0.0866666 0.328571 0.0866666 0.328571 0.0885714 0.326667 0.0866666 0.328571 0.0885714 0.326667 0.0885714 0.326667 0.0885714 0.328571 0.0885714 0.328571 0.0904762 0.326667 0.0885714 0.328571 0.0904762 0.326667 0.0904762 0.326667 0.0904762 0.328571 0.0904762 0.328571 0.0923809 0.326667 0.0904762 0.328571 0.0923809 0.326667 0.0923809 0.326667 0.0923809 0.328571 0.0923809 0.328571 0.0942857 0.326667 0.0923809 0.328571 0.0942857 0.326667 0.0942857 0.326667 0.0942857 0.328571 0.0942857 0.328571 0.0961905 0.326667 0.0942857 0.328571 0.0961905 0.326667 0.0961905 0.326667 0.0961905 0.328571 0.0961905 0.328571 0.0980952 0.326667 0.0961905 0.328571 0.0980952 0.326667 0.0980952 0.324762 0.06 0.326667 0.06 0.326667 0.0619047 0.324762 0.06 0.326667 0.0619047 0.324762 0.0619047 0.324762 0.0619047 0.326667 0.0619047 0.326667 0.0638095 0.324762 0.0619047 0.326667 0.0638095 0.324762 0.0638095 0.324762 0.0638095 0.326667 0.0638095 0.326667 0.0657142 0.324762 0.0638095 0.326667 0.0657142 0.324762 0.0657142 0.324762 0.0657142 0.326667 0.0657142 0.326667 0.067619 0.324762 0.0657142 0.326667 0.067619 0.324762 0.067619 0.324762 0.0695238 0.324762 0.067619 0.326667 0.067619 0.326667 0.067619 0.326667 0.0688791 0.325698 0.0695238 0.326667 0.067619 0.325698 0.0695238 0.324762 0.0695238 0.324762 0.0695238 0.325698 0.0695238 0.324762 0.0701489 0.324762 0.0733333 0.326667 0.0733333 0.326667 0.0752381 0.324762 0.0733333 0.326667 0.0752381 0.324762 0.0752381 0.324762 0.0752381 0.326667 0.0752381 0.326667 0.0771428 0.324762 0.0752381 0.326667 0.0771428 0.324762 0.0771428 0.324762 0.0771428 0.326667 0.0771428 0.326667 0.0790476 0.324762 0.0771428 0.326667 0.0790476 0.324762 0.0790476 0.324762 0.0790476 0.326667 0.0790476 0.326667 0.0809523 0.324762 0.0790476 0.326667 0.0809523 0.324762 0.0809523 0.324762 0.0809523 0.326667 0.0809523 0.326667 0.0828571 0.324762 0.0809523 0.326667 0.0828571 0.324762 0.0828571 0.324762 0.0828571 0.326667 0.0828571 0.326667 0.0847619 0.324762 0.0828571 0.326667 0.0847619 0.324762 0.0847619 0.324762 0.0847619 0.326667 0.0847619 0.326667 0.0866666 0.324762 0.0847619 0.326667 0.0866666 0.324762 0.0866667 0.324762 0.0866667 0.326667 0.0866666 0.326667 0.0885714 0.324762 0.0866667 0.326667 0.0885714 0.324762 0.0885714 0.324762 0.0885714 0.326667 0.0885714 0.326667 0.0904762 0.324762 0.0885714 0.326667 0.0904762 0.324762 0.0904762 0.324762 0.0904762 0.326667 0.0904762 0.326667 0.0923809 0.324762 0.0904762 0.326667 0.0923809 0.324762 0.0923809 0.324762 0.0923809 0.326667 0.0923809 0.326667 0.0942857 0.324762 0.0923809 0.326667 0.0942857 0.324762 0.0942857 0.324762 0.0942857 0.326667 0.0942857 0.326667 0.0961905 0.324762 0.0942857 0.326667 0.0961905 0.324762 0.0961905 0.324762 0.0961905 0.326667 0.0961905 0.326667 0.0980952 0.324762 0.0961905 0.326667 0.0980952 0.324762 0.0980952 0.322857 0.0733333 0.324762 0.0733333 0.324762 0.0752381 0.322857 0.0733333 0.324762 0.0752381 0.322857 0.0752381 0.322857 0.0752381 0.324762 0.0752381 0.324762 0.0771428 0.322857 0.0752381 0.324762 0.0771428 0.322857 0.0771428 0.322857 0.0771428 0.324762 0.0771428 0.324762 0.0790476 0.322857 0.0771428 0.324762 0.0790476 0.322857 0.0790476 0.322857 0.0790476 0.324762 0.0790476 0.324762 0.0809523 0.322857 0.0790476 0.324762 0.0809523 0.322857 0.0809523 0.322857 0.0809523 0.324762 0.0809523 0.324762 0.0828571 0.322857 0.0809523 0.324762 0.0828571 0.322857 0.0828571 0.322857 0.0828571 0.324762 0.0828571 0.324762 0.0847619 0.322857 0.0828571 0.324762 0.0847619 0.322857 0.0847619 0.322857 0.0847619 0.324762 0.0847619 0.324762 0.0866667 0.322857 0.0847619 0.324762 0.0866667 0.322857 0.0866666 0.322857 0.0866666 0.324762 0.0866667 0.324762 0.0885714 0.322857 0.0866666 0.324762 0.0885714 0.322857 0.0885714 0.322857 0.0885714 0.324762 0.0885714 0.324762 0.0904762 0.322857 0.0885714 0.324762 0.0904762 0.322857 0.0904762 0.322857 0.0904762 0.324762 0.0904762 0.324762 0.0923809 0.322857 0.0904762 0.324762 0.0923809 0.322857 0.0923809 0.322857 0.0923809 0.324762 0.0923809 0.324762 0.0942857 0.322857 0.0923809 0.324762 0.0942857 0.322857 0.0942857 0.322857 0.0942857 0.324762 0.0942857 0.324762 0.0961905 0.322857 0.0942857 0.324762 0.0961905 0.322857 0.0961905 0.322857 0.0961905 0.324762 0.0961905 0.324762 0.0980952 0.322857 0.0961905 0.324762 0.0980952 0.322857 0.0980952 0.320952 0.06 0.322857 0.06 0.322857 0.0619047 0.320952 0.06 0.322857 0.0619047 0.320952 0.0619047 0.320952 0.0619047 0.322857 0.0619047 0.322857 0.0638095 0.320952 0.0619047 0.322857 0.0638095 0.320952 0.0638095 0.320952 0.0638095 0.322857 0.0638095 0.322857 0.0657142 0.320952 0.0638095 0.322857 0.0657142 0.320952 0.0657142 0.320952 0.0657142 0.322857 0.0657142 0.322857 0.067619 0.320952 0.0657142 0.322857 0.067619 0.320952 0.067619 0.320952 0.067619 0.322857 0.067619 0.322857 0.0695238 0.320952 0.067619 0.322857 0.0695238 0.320952 0.0695238 0.320952 0.0695238 0.322857 0.0695238 0.322857 0.0714285 0.320952 0.0695238 0.322857 0.0714285 0.320952 0.0714285 0.320952 0.0714285 0.322857 0.0714285 0.320952 0.0733333 0.320952 0.0752381 0.322857 0.0752381 0.322857 0.0771428 0.320952 0.0752381 0.322857 0.0771428 0.320952 0.0771428 0.320952 0.0771428 0.322857 0.0771428 0.322857 0.0790476 0.320952 0.0771428 0.322857 0.0790476 0.320952 0.0790476 0.320952 0.0790476 0.322857 0.0790476 0.322857 0.0809523 0.320952 0.0790476 0.322857 0.0809523 0.320952 0.0809523 0.320952 0.0809523 0.322857 0.0809523 0.322857 0.0828571 0.320952 0.0809523 0.322857 0.0828571 0.320952 0.0828571 0.320952 0.0828571 0.322857 0.0828571 0.322857 0.0847619 0.320952 0.0828571 0.322857 0.0847619 0.320952 0.0847619 0.320952 0.0847619 0.322857 0.0847619 0.322857 0.0866666 0.320952 0.0847619 0.322857 0.0866666 0.320952 0.0866666 0.320952 0.0866666 0.322857 0.0866666 0.322857 0.0885714 0.320952 0.0866666 0.322857 0.0885714 0.320952 0.0885714 0.320952 0.0885714 0.322857 0.0885714 0.322857 0.0904762 0.320952 0.0885714 0.322857 0.0904762 0.320952 0.0904762 0.320952 0.0904762 0.322857 0.0904762 0.322857 0.0923809 0.320952 0.0904762 0.322857 0.0923809 0.320952 0.0923809 0.320952 0.0923809 0.322857 0.0923809 0.322857 0.0942857 0.320952 0.0923809 0.322857 0.0942857 0.320952 0.0942857 0.320952 0.0942857 0.322857 0.0942857 0.322857 0.0961905 0.320952 0.0942857 0.322857 0.0961905 0.320952 0.0961905 0.320952 0.0961905 0.322857 0.0961905 0.322857 0.0980952 0.320952 0.0961905 0.322857 0.0980952 0.320952 0.0980952 0.319048 0.0771428 0.320952 0.0771428 0.320952 0.0790476 0.319048 0.0771428 0.320952 0.0790476 0.319048 0.0790476 0.319048 0.0790476 0.320952 0.0790476 0.320952 0.0809523 0.319048 0.0790476 0.320952 0.0809523 0.319048 0.0809524 0.319048 0.0809524 0.320952 0.0809523 0.320952 0.0828571 0.319048 0.0809524 0.320952 0.0828571 0.319048 0.0828571 0.319048 0.0828571 0.320952 0.0828571 0.320952 0.0847619 0.319048 0.0828571 0.320952 0.0847619 0.319048 0.0847619 0.319048 0.0847619 0.320952 0.0847619 0.320952 0.0866666 0.319048 0.0847619 0.320952 0.0866666 0.319048 0.0866666 0.319048 0.0866666 0.320952 0.0866666 0.320952 0.0885714 0.319048 0.0866666 0.320952 0.0885714 0.319048 0.0885714 0.319048 0.0885714 0.320952 0.0885714 0.320952 0.0904762 0.319048 0.0885714 0.320952 0.0904762 0.319048 0.0904762 0.319048 0.0904762 0.320952 0.0904762 0.320952 0.0923809 0.319048 0.0904762 0.320952 0.0923809 0.319048 0.0923809 0.319048 0.0923809 0.320952 0.0923809 0.320952 0.0942857 0.319048 0.0923809 0.320952 0.0942857 0.319048 0.0942857 0.319048 0.0942857 0.320952 0.0942857 0.320952 0.0961905 0.319048 0.0942857 0.320952 0.0961905 0.319048 0.0961905 0.319048 0.0961905 0.320952 0.0961905 0.320952 0.0980952 0.319048 0.0961905 0.320952 0.0980952 0.319048 0.0980952 0.317143 0.06 0.319048 0.06 0.319048 0.0619047 0.317143 0.06 0.319048 0.0619047 0.317143 0.0619047 0.317143 0.0619047 0.319048 0.0619047 0.319048 0.0638095 0.317143 0.0619047 0.319048 0.0638095 0.317143 0.0638095 0.317143 0.0638095 0.319048 0.0638095 0.319048 0.0657143 0.317143 0.0638095 0.319048 0.0657143 0.317143 0.0657142 0.317143 0.0657142 0.319048 0.0657143 0.319048 0.067619 0.317143 0.0657142 0.319048 0.067619 0.317143 0.067619 0.317143 0.067619 0.319048 0.067619 0.319048 0.0695238 0.317143 0.067619 0.319048 0.0695238 0.317143 0.0695238 0.317143 0.0695238 0.319048 0.0695238 0.319048 0.0714285 0.317143 0.0695238 0.319048 0.0714285 0.317143 0.0714285 0.317143 0.0714285 0.319048 0.0714285 0.319048 0.0733333 0.317143 0.0714285 0.319048 0.0733333 0.317143 0.0733333 0.317143 0.0733333 0.319048 0.0733333 0.319048 0.0752381 0.317143 0.0733333 0.319048 0.0752381 0.317143 0.0752381 0.317143 0.0752381 0.319048 0.0752381 0.317143 0.0771428 0.317143 0.0790476 0.319048 0.0790476 0.319048 0.0809524 0.317143 0.0790476 0.319048 0.0809524 0.317143 0.0809523 0.317143 0.0809523 0.319048 0.0809524 0.319048 0.0828571 0.317143 0.0809523 0.319048 0.0828571 0.317143 0.0828571 0.317143 0.0828571 0.319048 0.0828571 0.319048 0.0847619 0.317143 0.0828571 0.319048 0.0847619 0.317143 0.0847619 0.317143 0.0847619 0.319048 0.0847619 0.319048 0.0866666 0.317143 0.0847619 0.319048 0.0866666 0.317143 0.0866666 0.317143 0.0866666 0.319048 0.0866666 0.319048 0.0885714 0.317143 0.0866666 0.319048 0.0885714 0.317143 0.0885714 0.317143 0.0885714 0.319048 0.0885714 0.319048 0.0904762 0.317143 0.0885714 0.319048 0.0904762 0.317143 0.0904762 0.317143 0.0904762 0.319048 0.0904762 0.319048 0.0923809 0.317143 0.0904762 0.319048 0.0923809 0.317143 0.0923809 0.317143 0.0923809 0.319048 0.0923809 0.319048 0.0942857 0.317143 0.0923809 0.319048 0.0942857 0.317143 0.0942857 0.317143 0.0942857 0.319048 0.0942857 0.319048 0.0961905 0.317143 0.0942857 0.319048 0.0961905 0.317143 0.0961905 0.317143 0.0961905 0.319048 0.0961905 0.319048 0.0980952 0.317143 0.0961905 0.319048 0.0980952 0.317143 0.0980952 0.315238 0.0809524 0.317143 0.0809523 0.317143 0.0828571 0.315238 0.0809524 0.317143 0.0828571 0.315238 0.0828571 0.315238 0.0828571 0.317143 0.0828571 0.317143 0.0847619 0.315238 0.0828571 0.317143 0.0847619 0.315238 0.0847619 0.315238 0.0847619 0.317143 0.0847619 0.317143 0.0866666 0.315238 0.0847619 0.317143 0.0866666 0.315238 0.0866666 0.315238 0.0866666 0.317143 0.0866666 0.317143 0.0885714 0.315238 0.0866666 0.317143 0.0885714 0.315238 0.0885714 0.315238 0.0885714 0.317143 0.0885714 0.317143 0.0904762 0.315238 0.0885714 0.317143 0.0904762 0.315238 0.0904762 0.315238 0.0904762 0.317143 0.0904762 0.317143 0.0923809 0.315238 0.0904762 0.317143 0.0923809 0.315238 0.0923809 0.315238 0.0923809 0.317143 0.0923809 0.317143 0.0942857 0.315238 0.0923809 0.317143 0.0942857 0.315238 0.0942857 0.315238 0.0942857 0.317143 0.0942857 0.317143 0.0961905 0.315238 0.0942857 0.317143 0.0961905 0.315238 0.0961905 0.315238 0.0961905 0.317143 0.0961905 0.317143 0.0980952 0.315238 0.0961905 0.317143 0.0980952 0.315238 0.0980952 0.313333 0.06 0.315238 0.06 0.315238 0.0619047 0.313333 0.06 0.315238 0.0619047 0.313333 0.0619047 0.313333 0.0619047 0.315238 0.0619047 0.315238 0.0638095 0.313333 0.0619047 0.315238 0.0638095 0.313333 0.0638095 0.313333 0.0638095 0.315238 0.0638095 0.315238 0.0657143 0.313333 0.0638095 0.315238 0.0657143 0.313333 0.0657142 0.313333 0.0657142 0.315238 0.0657143 0.315238 0.067619 0.313333 0.0657142 0.315238 0.067619 0.313333 0.067619 0.313333 0.067619 0.315238 0.067619 0.315238 0.0695238 0.313333 0.067619 0.315238 0.0695238 0.313333 0.0695238 0.313333 0.0695238 0.315238 0.0695238 0.315238 0.0714285 0.313333 0.0695238 0.315238 0.0714285 0.313333 0.0714285 0.313333 0.0714285 0.315238 0.0714285 0.315238 0.0733333 0.313333 0.0714285 0.315238 0.0733333 0.313333 0.0733333 0.313333 0.0733333 0.315238 0.0733333 0.315238 0.0752381 0.313333 0.0733333 0.315238 0.0752381 0.313333 0.0752381 0.313333 0.0752381 0.315238 0.0752381 0.315238 0.0771428 0.313333 0.0752381 0.315238 0.0771428 0.313333 0.0771428 0.313333 0.0771428 0.315238 0.0771428 0.315238 0.0790476 0.313333 0.0771428 0.315238 0.0790476 0.313333 0.0790476 0.313333 0.0790476 0.315238 0.0790476 0.313333 0.0809524 0.313333 0.0828571 0.315238 0.0828571 0.315238 0.0847619 0.313333 0.0828571 0.315238 0.0847619 0.313333 0.0847619 0.313333 0.0847619 0.315238 0.0847619 0.315238 0.0866666 0.313333 0.0847619 0.315238 0.0866666 0.313333 0.0866666 0.313333 0.0866666 0.315238 0.0866666 0.315238 0.0885714 0.313333 0.0866666 0.315238 0.0885714 0.313333 0.0885714 0.313333 0.0885714 0.315238 0.0885714 0.315238 0.0904762 0.313333 0.0885714 0.315238 0.0904762 0.313333 0.0904762 0.313333 0.0904762 0.315238 0.0904762 0.315238 0.0923809 0.313333 0.0904762 0.315238 0.0923809 0.313333 0.0923809 0.313333 0.0923809 0.315238 0.0923809 0.315238 0.0942857 0.313333 0.0923809 0.315238 0.0942857 0.313333 0.0942857 0.313333 0.0942857 0.315238 0.0942857 0.315238 0.0961905 0.313333 0.0942857 0.315238 0.0961905 0.313333 0.0961905 0.313333 0.0961905 0.315238 0.0961905 0.315238 0.0980952 0.313333 0.0961905 0.315238 0.0980952 0.313333 0.0980952 0.311429 0.0847619 0.313333 0.0847619 0.313333 0.0866666 0.311429 0.0847619 0.313333 0.0866666 0.311429 0.0866667 0.311429 0.0866667 0.313333 0.0866666 0.313333 0.0885714 0.311429 0.0866667 0.313333 0.0885714 0.311429 0.0885714 0.311429 0.0885714 0.313333 0.0885714 0.313333 0.0904762 0.311429 0.0885714 0.313333 0.0904762 0.311429 0.0904762 0.311429 0.0904762 0.313333 0.0904762 0.313333 0.0923809 0.311429 0.0904762 0.313333 0.0923809 0.311429 0.0923809 0.311429 0.0923809 0.313333 0.0923809 0.313333 0.0942857 0.311429 0.0923809 0.313333 0.0942857 0.311429 0.0942857 0.311429 0.0942857 0.313333 0.0942857 0.313333 0.0961905 0.311429 0.0942857 0.313333 0.0961905 0.311429 0.0961905 0.311429 0.0961905 0.313333 0.0961905 0.313333 0.0980952 0.311429 0.0961905 0.313333 0.0980952 0.311429 0.0980952 0.309524 0.06 0.311429 0.06 0.311429 0.0619048 0.309524 0.06 0.311429 0.0619048 0.309524 0.0619047 0.309524 0.0619047 0.311429 0.0619048 0.311429 0.0638095 0.309524 0.0619047 0.311429 0.0638095 0.309524 0.0638095 0.309524 0.0638095 0.311429 0.0638095 0.311429 0.0657143 0.309524 0.0638095 0.311429 0.0657143 0.309524 0.0657143 0.309524 0.0657143 0.311429 0.0657143 0.311429 0.067619 0.309524 0.0657143 0.311429 0.067619 0.309524 0.067619 0.309524 0.067619 0.311429 0.067619 0.311429 0.0695238 0.309524 0.067619 0.311429 0.0695238 0.309524 0.0695238 0.309524 0.0695238 0.311429 0.0695238 0.311429 0.0714286 0.309524 0.0695238 0.311429 0.0714286 0.309524 0.0714285 0.309524 0.0714285 0.311429 0.0714286 0.311429 0.0733333 0.309524 0.0714285 0.311429 0.0733333 0.309524 0.0733333 0.309524 0.0733333 0.311429 0.0733333 0.311429 0.0752381 0.309524 0.0733333 0.311429 0.0752381 0.309524 0.0752381 0.309524 0.0752381 0.311429 0.0752381 0.311429 0.0771428 0.309524 0.0752381 0.311429 0.0771428 0.309524 0.0771428 0.309524 0.0771428 0.311429 0.0771428 0.311429 0.0790476 0.309524 0.0771428 0.311429 0.0790476 0.309524 0.0790476 0.309524 0.0790476 0.311429 0.0790476 0.311429 0.0809524 0.309524 0.0790476 0.311429 0.0809524 0.309524 0.0809524 0.309524 0.0809524 0.311429 0.0809524 0.311429 0.0828571 0.309524 0.0809524 0.311429 0.0828571 0.309524 0.0828571 0.309524 0.0828571 0.311429 0.0828571 0.309524 0.0847619 0.309524 0.0866666 0.311429 0.0866667 0.311429 0.0885714 0.309524 0.0866666 0.311429 0.0885714 0.309524 0.0885714 0.309524 0.0885714 0.311429 0.0885714 0.311429 0.0904762 0.309524 0.0885714 0.311429 0.0904762 0.309524 0.0904762 0.309524 0.0904762 0.311429 0.0904762 0.311429 0.0923809 0.309524 0.0904762 0.311429 0.0923809 0.309524 0.0923809 0.309524 0.0923809 0.311429 0.0923809 0.311429 0.0942857 0.309524 0.0923809 0.311429 0.0942857 0.309524 0.0942857 0.309524 0.0942857 0.311429 0.0942857 0.311429 0.0961905 0.309524 0.0942857 0.311429 0.0961905 0.309524 0.0961905 0.309524 0.0961905 0.311429 0.0961905 0.311429 0.0980952 0.309524 0.0961905 0.311429 0.0980952 0.309524 0.0980952 0.307619 0.0885714 0.309524 0.0885714 0.309524 0.0904762 0.307619 0.0885714 0.309524 0.0904762 0.307619 0.0904762 0.307619 0.0904762 0.309524 0.0904762 0.309524 0.0923809 0.307619 0.0904762 0.309524 0.0923809 0.307619 0.0923809 0.307619 0.0923809 0.309524 0.0923809 0.309524 0.0942857 0.307619 0.0923809 0.309524 0.0942857 0.307619 0.0942857 0.307619 0.0942857 0.309524 0.0942857 0.309524 0.0961905 0.307619 0.0942857 0.309524 0.0961905 0.307619 0.0961905 0.307619 0.0961905 0.309524 0.0961905 0.309524 0.0980952 0.307619 0.0961905 0.309524 0.0980952 0.307619 0.0980952 0.305714 0.06 0.307619 0.06 0.307619 0.0619048 0.305714 0.06 0.307619 0.0619048 0.305714 0.0619047 0.305714 0.0619047 0.307619 0.0619048 0.307619 0.0638095 0.305714 0.0619047 0.307619 0.0638095 0.305714 0.0638095 0.305714 0.0638095 0.307619 0.0638095 0.307619 0.0657143 0.305714 0.0638095 0.307619 0.0657143 0.305714 0.0657143 0.305714 0.0657143 0.307619 0.0657143 0.307619 0.0676191 0.305714 0.0657143 0.307619 0.0676191 0.305714 0.067619 0.305714 0.067619 0.307619 0.0676191 0.307619 0.0695238 0.305714 0.067619 0.307619 0.0695238 0.305714 0.0695238 0.305714 0.0695238 0.307619 0.0695238 0.307619 0.0714286 0.305714 0.0695238 0.307619 0.0714286 0.305714 0.0714285 0.305714 0.0714285 0.307619 0.0714286 0.307619 0.0733333 0.305714 0.0714285 0.307619 0.0733333 0.305714 0.0733333 0.305714 0.0733333 0.307619 0.0733333 0.307619 0.0752381 0.305714 0.0733333 0.307619 0.0752381 0.305714 0.0752381 0.305714 0.0752381 0.307619 0.0752381 0.307619 0.0771428 0.305714 0.0752381 0.307619 0.0771428 0.305714 0.0771428 0.305714 0.0771428 0.307619 0.0771428 0.307619 0.0790476 0.305714 0.0771428 0.307619 0.0790476 0.305714 0.0790476 0.305714 0.0790476 0.307619 0.0790476 0.307619 0.0809523 0.305714 0.0790476 0.307619 0.0809523 0.305714 0.0809524 0.305714 0.0809524 0.307619 0.0809523 0.307619 0.0828571 0.305714 0.0809524 0.307619 0.0828571 0.305714 0.0828571 0.305714 0.0828571 0.307619 0.0828571 0.307619 0.0847619 0.305714 0.0828571 0.307619 0.0847619 0.305714 0.0847619 0.305714 0.0847619 0.307619 0.0847619 0.307619 0.0866666 0.305714 0.0847619 0.307619 0.0866666 0.305714 0.0866666 0.305714 0.0866666 0.307619 0.0866666 0.305714 0.0885714 0.305714 0.0904762 0.307619 0.0904762 0.307619 0.0923809 0.305714 0.0904762 0.307619 0.0923809 0.305714 0.0923809 0.305714 0.0923809 0.307619 0.0923809 0.307619 0.0942857 0.305714 0.0923809 0.307619 0.0942857 0.305714 0.0942857 0.305714 0.0942857 0.307619 0.0942857 0.307619 0.0961905 0.305714 0.0942857 0.307619 0.0961905 0.305714 0.0961905 0.305714 0.0961905 0.307619 0.0961905 0.307619 0.0980952 0.305714 0.0961905 0.307619 0.0980952 0.305714 0.0980952 0.30381 0.0961905 0.305714 0.0961905 0.305714 0.0980952 0.30381 0.0961905 0.305714 0.0980952 0.30381 0.0980952 0.301905 0.06 0.302575 0.06 0.301905 0.0607992 0.301905 0.0638095 0.303809 0.0638095 0.303809 0.0657142 0.301905 0.0638095 0.303809 0.0657142 0.301905 0.0657143 0.301905 0.0657143 0.303809 0.0657142 0.30381 0.067619 0.301905 0.0657143 0.30381 0.067619 0.301905 0.067619 0.301905 0.067619 0.30381 0.067619 0.303809 0.0695238 0.301905 0.067619 0.303809 0.0695238 0.301905 0.0695238 0.301905 0.0695238 0.303809 0.0695238 0.30381 0.0714285 0.301905 0.0695238 0.30381 0.0714285 0.301905 0.0714285 0.301905 0.0714285 0.30381 0.0714285 0.303809 0.0733333 0.301905 0.0714285 0.303809 0.0733333 0.301905 0.0733333 0.301905 0.0733333 0.303809 0.0733333 0.30381 0.0752381 0.301905 0.0733333 0.30381 0.0752381 0.301905 0.0752381 0.301905 0.0752381 0.30381 0.0752381 0.303809 0.0771428 0.301905 0.0752381 0.303809 0.0771428 0.301905 0.0771428 0.301905 0.0771428 0.303809 0.0771428 0.30381 0.0790476 0.301905 0.0771428 0.30381 0.0790476 0.301905 0.0790476 0.301905 0.0790476 0.30381 0.0790476 0.303809 0.0809523 0.301905 0.0790476 0.303809 0.0809523 0.301905 0.0809524 0.301905 0.0809524 0.303809 0.0809523 0.30381 0.0828571 0.301905 0.0809524 0.30381 0.0828571 0.301905 0.0828571 0.301905 0.0828571 0.30381 0.0828571 0.303809 0.0847619 0.301905 0.0828571 0.303809 0.0847619 0.301905 0.0847619 0.301905 0.0847619 0.303809 0.0847619 0.30381 0.0866666 0.301905 0.0847619 0.30381 0.0866666 0.301905 0.0866666 0.301905 0.0866666 0.30381 0.0866666 0.30381 0.0885714 0.301905 0.0866666 0.30381 0.0885714 0.301905 0.0885714 0.301905 0.0885714 0.30381 0.0885714 0.303809 0.0904762 0.301905 0.0885714 0.303809 0.0904762 0.301905 0.0904762 0.301905 0.0904762 0.303809 0.0904762 0.303809 0.0923809 0.301905 0.0904762 0.303809 0.0923809 0.301905 0.0923809 0.301905 0.0923809 0.303809 0.0923809 0.302852 0.0942857 0.301905 0.0923809 0.302852 0.0942857 0.301905 0.0942857 0.301905 0.0942857 0.302852 0.0942857 0.301905 0.0961905 0.3 0.0619047 0.3 0.06 0.301905 0.06 0.301905 0.06 0.301905 0.0607992 0.301201 0.0619047 0.301905 0.06 0.301201 0.0619047 0.3 0.0619047 0.3 0.0619047 0.301201 0.0619047 0.3 0.0638095 1 0.1 1 0.0980952 1 0.0980952 1 0.1 1 0.0980952 1 0.1 1 0.0980952 1 0.0961905 1 0.0961905 1 0.0980952 1 0.0961905 1 0.0980952 1 0.0961905 1 0.0942857 1 0.0942857 1 0.0961905 1 0.0942857 1 0.0961905 1 0.0942857 1 0.0923809 1 0.0923809 1 0.0942857 1 0.0923809 1 0.0942857 1 0.0923809 1 0.0904762 1 0.0904762 1 0.0923809 1 0.0904762 1 0.0923809 1 0.0904762 1 0.0885714 1 0.0885714 1 0.0904762 1 0.0885714 1 0.0904762 1 0.0885714 1 0.0866666 1 0.0866666 1 0.0885714 1 0.0866666 1 0.0885714 1 0.0866666 1 0.0847619 1 0.0847619 1 0.0866666 1 0.0847619 1 0.0866666 1 0.0847619 1 0.0828571 1 0.0828571 1 0.0847619 1 0.0828571 1 0.0847619 1 0.0828571 1 0.0809524 1 0.0809524 1 0.0828571 1 0.0809524 1 0.0828571 1 0.0809524 1 0.0790476 1 0.0790476 1 0.0809524 1 0.0790476 1 0.0809524 1 0.0790476 1 0.0771428 1 0.0771428 1 0.0790476 1 0.0771428 1 0.0790476 1 0.0771428 1 0.0752381 1 0.0752381 1 0.0771428 1 0.0752381 1 0.0771428 1 0.0752381 1 0.0733333 1 0.0733333 1 0.0752381 1 0.0733333 1 0.0752381 1 0.0733333 1 0.0714285 1 0.0714286 1 0.0733333 1 0.0714286 1 0.0733333 1 0.0714285 1 0.0695238 1 0.0695238 1 0.0714285 1 0.0695238 1 0.0714286 1 0.0695238 1 0.067619 1 0.067619 1 0.0695238 1 0.067619 1 0.0695238 1 0.067619 1 0.0657143 1 0.0657143 1 0.067619 1 0.0657143 1 0.067619 1 0.0657143 1 0.0638095 1 0.0638095 1 0.0657143 1 0.0638095 1 0.0657143 1 0.0638095 1 0.0619048 1 0.0619048 1 0.0638095 1 0.0619048 1 0.0638095 1 0.1 1 0.0980952 1 0.0980952 1 0.1 1 0.0980952 1 0.1 1 0.0980952 1 0.0961905 1 0.0961905 1 0.0980952 1 0.0961905 1 0.0980952 1 0.0961905 1 0.0942857 1 0.0942857 1 0.0961905 1 0.0942857 1 0.0961905 1 0.0942857 1 0.0923809 1 0.0923809 1 0.0942857 1 0.0923809 1 0.0942857 1 0.0923809 1 0.0904762 1 0.0904762 1 0.0923809 1 0.0904762 1 0.0923809 1 0.0904762 1 0.0885714 1 0.0885714 1 0.0904762 1 0.0885714 1 0.0904762 1 0.0885714 1 0.0866666 1 0.0866666 1 0.0885714 1 0.0866666 1 0.0885714 1 0.0866666 1 0.0847619 1 0.0847619 1 0.0866666 1 0.0847619 1 0.0866666 1 0.0847619 1 0.0828571 1 0.0828571 1 0.0847619 1 0.0828571 1 0.0847619 1 0.0828571 1 0.0809524 1 0.0809524 1 0.0828571 1 0.0809524 1 0.0828571 1 0.0809524 1 0.0790476 1 0.0790476 1 0.0809524 1 0.0790476 1 0.0809524 1 0.0790476 1 0.0771428 1 0.0771428 1 0.0790476 1 0.0771428 1 0.0790476 1 0.0771428 1 0.0752381 1 0.0752381 1 0.0771428 1 0.0752381 1 0.0771428 1 0.0752381 1 0.0733333 1 0.0733333 1 0.0752381 1 0.0733333 1 0.0752381 1 0.0733333 1 0.0714286 1 0.0714285 1 0.0733333 1 0.0714285 1 0.0733333 1 0.0714286 1 0.0695238 1 0.0695238 1 0.0714286 1 0.0695238 1 0.0714285 1 0.0695238 1 0.067619 1 0.067619 1 0.0695238 1 0.067619 1 0.0695238 1 0.067619 1 0.0657143 1 0.0657143 1 0.067619 1 0.0657143 1 0.067619 1 0.0657143 1 0.0638095 1 0.0638095 1 0.0657143 1 0.0638095 1 0.0657143 1 0.0638095 1 0.0619048 1 0.0619048 1 0.0638095 1 0.0619048 1 0.0638095 1 0.1 1 0.0980952 1 0.0980952 1 0.1 1 0.0980952 1 0.1 1 0.0980952 1 0.0961905 1 0.0961905 1 0.0980952 1 0.0961905 1 0.0980952 1 0.0961905 1 0.0942857 1 0.0942857 1 0.0961905 1 0.0942857 1 0.0961905 1 0.0942857 1 0.0923809 1 0.0923809 1 0.0942857 1 0.0923809 1 0.0942857 1 0.0923809 1 0.0904762 1 0.0904762 1 0.0923809 1 0.0904762 1 0.0923809 1 0.0904762 1 0.0885714 1 0.0885714 1 0.0904762 1 0.0885714 1 0.0904762 1 0.0885714 1 0.0866666 1 0.0866666 1 0.0885714 1 0.0866666 1 0.0885714 1 0.0866666 1 0.0847619 1 0.0847619 1 0.0866666 1 0.0847619 1 0.0866666 1 0.0847619 1 0.0828571 1 0.0828571 1 0.0847619 1 0.0828571 1 0.0847619 1 0.0828571 1 0.0809524 1 0.0809524 1 0.0828571 1 0.0809524 1 0.0828571 1 0.0809524 1 0.0790476 1 0.0790476 1 0.0809524 1 0.0790476 1 0.0809524 1 0.0790476 1 0.0771428 1 0.0771428 1 0.0790476 1 0.0771428 1 0.0790476 1 0.0771428 1 0.0752381 1 0.0752381 1 0.0771428 1 0.0752381 1 0.0771428 1 0.0752381 1 0.0733333 1 0.0733333 1 0.0752381 1 0.0733333 1 0.0752381 1 0.0733333 1 0.0714285 1 0.0714285 1 0.0733333 1 0.0714285 1 0.0733333 1 0.0714285 1 0.0695238 1 0.0695238 1 0.0714285 1 0.0695238 1 0.0714285 1 0.0695238 1 0.067619 1 0.067619 1 0.0695238 1 0.067619 1 0.0695238 1 0.067619 1 0.0657143 1 0.0657143 1 0.067619 1 0.0657143 1 0.067619 1 0.0657143 1 0.0638095 1 0.0638095 1 0.0657143 1 0.0638095 1 0.0657143 1 0.0638095 1 0.0619047 1 0.0619048 1 0.0638095 1 0.0619048 1 0.0638095 1 0.06 1 0.0619047 1 0.0619048 1 0.06 1 0.0619048 1 0.06 1 0.0619047 1 0.0638095 1 0.0638095 1 0.0619047 1 0.0638095 1 0.0619048 1 0.0638095 1 0.0657143 1 0.0657143 1 0.0638095 1 0.0657143 1 0.0638095 1 0.0657143 1 0.067619 1 0.067619 1 0.0657143 1 0.067619 1 0.0657143 1 0.067619 1 0.0695238 1 0.0695238 1 0.067619 1 0.0695238 1 0.067619 1 0.0695238 1 0.0714285 1 0.0714285 1 0.0695238 1 0.0714285 1 0.0695238 1 0.0714285 1 0.0733333 1 0.0733333 1 0.0714285 1 0.0733333 1 0.0714285 1 0.0733333 1 0.0752381 1 0.0752381 1 0.0733333 1 0.0752381 1 0.0733333 1 0.0752381 1 0.0771428 1 0.0771428 1 0.0752381 1 0.0771428 1 0.0752381 1 0.0771428 1 0.0790476 1 0.0790476 1 0.0771428 1 0.0790476 1 0.0771428 1 0.0790476 1 0.0809524 1 0.0809524 1 0.0790476 1 0.0809524 1 0.0790476 1 0.0809524 1 0.0828571 1 0.0828571 1 0.0809524 1 0.0828571 1 0.0809524 1 0.0828571 1 0.0847619 1 0.0847619 1 0.0828571 1 0.0847619 1 0.0828571 1 0.0847619 1 0.0866666 1 0.0866666 1 0.0847619 1 0.0866666 1 0.0847619 1 0.0866666 1 0.0885714 1 0.0885714 1 0.0866666 1 0.0885714 1 0.0866666 1 0.0885714 1 0.0904762 1 0.0904762 1 0.0885714 1 0.0904762 1 0.0885714 1 0.0904762 1 0.0923809 1 0.0923809 1 0.0904762 1 0.0923809 1 0.0904762 1 0.0923809 1 0.0942857 1 0.0942857 1 0.0923809 1 0.0942857 1 0.0923809 1 0.0942857 1 0.0961905 1 0.0961905 1 0.0942857 1 0.0961905 1 0.0942857 1 0.0961905 1 0.0980952 1 0.0980952 1 0.0961905 1 0.0980952 1 0.0961905 0.76 0.06 0.8 0.06 0.8 0.0619048 0.76 0.06 0.8 0.0619048 0.76 0.0619048 0.76 0.0619048 0.8 0.0619048 0.8 0.0638095 0.76 0.0619048 0.8 0.0638095 0.76 0.0638095 0.76 0.0638095 0.8 0.0638095 0.8 0.0657143 0.76 0.0638095 0.8 0.0657143 0.76 0.0657143 0.76 0.0657143 0.8 0.0657143 0.8 0.067619 0.76 0.0657143 0.8 0.067619 0.76 0.067619 0.76 0.067619 0.8 0.067619 0.8 0.0695238 0.76 0.067619 0.8 0.0695238 0.76 0.0695238 0.76 0.0695238 0.8 0.0695238 0.8 0.0714286 0.76 0.0695238 0.8 0.0714286 0.76 0.0714285 0.76 0.0714285 0.8 0.0714286 0.8 0.0733333 0.76 0.0714285 0.8 0.0733333 0.76 0.0733333 0.76 0.0733333 0.8 0.0733333 0.8 0.0752381 0.76 0.0733333 0.8 0.0752381 0.76 0.0752381 0.76 0.0752381 0.8 0.0752381 0.8 0.0771428 0.76 0.0752381 0.8 0.0771428 0.76 0.0771428 0.76 0.0771428 0.8 0.0771428 0.8 0.0790476 0.76 0.0771428 0.8 0.0790476 0.76 0.0790476 0.76 0.0790476 0.8 0.0790476 0.8 0.0809524 0.76 0.0790476 0.8 0.0809524 0.76 0.0809524 0.76 0.0809524 0.8 0.0809524 0.8 0.0828571 0.76 0.0809524 0.8 0.0828571 0.76 0.0828571 0.76 0.0828571 0.8 0.0828571 0.8 0.0847619 0.76 0.0828571 0.8 0.0847619 0.76 0.0847619 0.76 0.0847619 0.8 0.0847619 0.8 0.0866666 0.76 0.0847619 0.8 0.0866666 0.76 0.0866666 0.76 0.0866666 0.8 0.0866666 0.8 0.0885714 0.76 0.0866666 0.8 0.0885714 0.76 0.0885714 0.76 0.0885714 0.8 0.0885714 0.8 0.0904762 0.76 0.0885714 0.8 0.0904762 0.76 0.0904762 0.76 0.0904762 0.8 0.0904762 0.8 0.0923809 0.76 0.0904762 0.8 0.0923809 0.76 0.0923809 0.76 0.0923809 0.8 0.0923809 0.8 0.0942857 0.76 0.0923809 0.8 0.0942857 0.76 0.0942857 0.76 0.0942857 0.8 0.0942857 0.8 0.0961905 0.76 0.0942857 0.8 0.0961905 0.76 0.0961905 0.76 0.0961905 0.8 0.0961905 0.8 0.0980952 0.76 0.0961905 0.8 0.0980952 0.76 0.0980952 0.725 0.06 0.74 0.06 0.74 0.0619048 0.725 0.06 0.74 0.0619048 0.725 0.0619048 0.725 0.0619048 0.74 0.0619048 0.74 0.0638095 0.725 0.0619048 0.74 0.0638095 0.725 0.0638095 0.725 0.0638095 0.74 0.0638095 0.74 0.0657143 0.725 0.0638095 0.74 0.0657143 0.725 0.0657143 0.725 0.0657143 0.74 0.0657143 0.74 0.067619 0.725 0.0657143 0.74 0.067619 0.725 0.067619 0.725 0.067619 0.74 0.067619 0.74 0.0695238 0.725 0.067619 0.74 0.0695238 0.725 0.0695238 0.725 0.0695238 0.74 0.0695238 0.74 0.0714286 0.725 0.0695238 0.74 0.0714286 0.725 0.0714286 0.725 0.0714286 0.74 0.0714286 0.74 0.0733333 0.725 0.0714286 0.74 0.0733333 0.725 0.0733333 0.725 0.0733333 0.74 0.0733333 0.74 0.0752381 0.725 0.0733333 0.74 0.0752381 0.725 0.0752381 0.725 0.0752381 0.74 0.0752381 0.74 0.0771428 0.725 0.0752381 0.74 0.0771428 0.725 0.0771428 0.725 0.0771428 0.74 0.0771428 0.74 0.0790476 0.725 0.0771428 0.74 0.0790476 0.725 0.0790476 0.725 0.0790476 0.74 0.0790476 0.74 0.0809524 0.725 0.0790476 0.74 0.0809524 0.725 0.0809524 0.725 0.0809524 0.74 0.0809524 0.74 0.0828571 0.725 0.0809524 0.74 0.0828571 0.725 0.0828571 0.725 0.0828571 0.74 0.0828571 0.74 0.0847619 0.725 0.0828571 0.74 0.0847619 0.725 0.0847619 0.725 0.0847619 0.74 0.0847619 0.74 0.0866666 0.725 0.0847619 0.74 0.0866666 0.725 0.0866666 0.725 0.0866666 0.74 0.0866666 0.74 0.0885714 0.725 0.0866666 0.74 0.0885714 0.725 0.0885714 0.725 0.0885714 0.74 0.0885714 0.74 0.0904762 0.725 0.0885714 0.74 0.0904762 0.725 0.0904762 0.725 0.0904762 0.74 0.0904762 0.74 0.0923809 0.725 0.0904762 0.74 0.0923809 0.725 0.0923809 0.725 0.0923809 0.74 0.0923809 0.74 0.0942857 0.725 0.0923809 0.74 0.0942857 0.725 0.0942857 0.725 0.0942857 0.74 0.0942857 0.74 0.0961905 0.725 0.0942857 0.74 0.0961905 0.725 0.0961905 0.725 0.0961905 0.74 0.0961905 0.74 0.0980952 0.725 0.0961905 0.74 0.0980952 0.725 0.0980952 0.74 0.1 0.74 0.0980952 0.76 0.0980952 0.74 0.1 0.76 0.0980952 0.76 0.1 0.74 0.0980952 0.74 0.0961905 0.76 0.0961905 0.74 0.0980952 0.76 0.0961905 0.76 0.0980952 0.74 0.0961905 0.74 0.0942857 0.76 0.0942857 0.74 0.0961905 0.76 0.0942857 0.76 0.0961905 0.74 0.0942857 0.74 0.0923809 0.76 0.0923809 0.74 0.0942857 0.76 0.0923809 0.76 0.0942857 0.74 0.0923809 0.74 0.0904762 0.76 0.0904762 0.74 0.0923809 0.76 0.0904762 0.76 0.0923809 0.74 0.0904762 0.74 0.0885714 0.76 0.0885714 0.74 0.0904762 0.76 0.0885714 0.76 0.0904762 0.74 0.0885714 0.74 0.0866666 0.76 0.0866666 0.74 0.0885714 0.76 0.0866666 0.76 0.0885714 0.74 0.0866666 0.74 0.0847619 0.76 0.0847619 0.74 0.0866666 0.76 0.0847619 0.76 0.0866666 0.74 0.0847619 0.74 0.0828571 0.76 0.0828571 0.74 0.0847619 0.76 0.0828571 0.76 0.0847619 0.74 0.0828571 0.74 0.0809524 0.76 0.0809524 0.74 0.0828571 0.76 0.0809524 0.76 0.0828571 0.74 0.0809524 0.74 0.0790476 0.76 0.0790476 0.74 0.0809524 0.76 0.0790476 0.76 0.0809524 0.74 0.0790476 0.74 0.0771428 0.76 0.0771428 0.74 0.0790476 0.76 0.0771428 0.76 0.0790476 0.74 0.0771428 0.74 0.0752381 0.76 0.0752381 0.74 0.0771428 0.76 0.0752381 0.76 0.0771428 0.74 0.0752381 0.74 0.0733333 0.76 0.0733333 0.74 0.0752381 0.76 0.0733333 0.76 0.0752381 0.74 0.0733333 0.74 0.0714286 0.76 0.0714285 0.74 0.0733333 0.76 0.0714285 0.76 0.0733333 0.74 0.0714286 0.74 0.0695238 0.76 0.0695238 0.74 0.0714286 0.76 0.0695238 0.76 0.0714285 0.74 0.0695238 0.74 0.067619 0.76 0.067619 0.74 0.0695238 0.76 0.067619 0.76 0.0695238 0.74 0.067619 0.74 0.0657143 0.76 0.0657143 0.74 0.067619 0.76 0.0657143 0.76 0.067619 0.74 0.0657143 0.74 0.0638095 0.76 0.0638095 0.74 0.0657143 0.76 0.0638095 0.76 0.0657143 0.74 0.0638095 0.74 0.0619048 0.76 0.0619048 0.74 0.0638095 0.76 0.0619048 0.76 0.0638095 0.36 0.06 0.4 0.06 0.4 0.0619047 0.36 0.06 0.4 0.0619047 0.36 0.0619047 0.36 0.0619047 0.4 0.0619047 0.4 0.0638095 0.36 0.0619047 0.4 0.0638095 0.36 0.0638095 0.36 0.0638095 0.4 0.0638095 0.4 0.0657142 0.36 0.0638095 0.4 0.0657142 0.36 0.0657143 0.36 0.0657143 0.4 0.0657142 0.4 0.067619 0.36 0.0657143 0.4 0.067619 0.36 0.067619 0.36 0.067619 0.4 0.067619 0.4 0.0695238 0.36 0.067619 0.4 0.0695238 0.36 0.0695238 0.36 0.0695238 0.4 0.0695238 0.4 0.0714285 0.36 0.0695238 0.4 0.0714285 0.36 0.0714285 0.36 0.0714285 0.4 0.0714285 0.4 0.0733333 0.36 0.0714285 0.4 0.0733333 0.36 0.0733333 0.36 0.0733333 0.4 0.0733333 0.4 0.0752381 0.36 0.0733333 0.4 0.0752381 0.36 0.0752381 0.36 0.0752381 0.4 0.0752381 0.4 0.0771428 0.36 0.0752381 0.4 0.0771428 0.36 0.0771428 0.36 0.0771428 0.4 0.0771428 0.4 0.0790476 0.36 0.0771428 0.4 0.0790476 0.36 0.0790476 0.36 0.0790476 0.4 0.0790476 0.4 0.0809523 0.36 0.0790476 0.4 0.0809523 0.36 0.0809524 0.36 0.0809524 0.4 0.0809523 0.4 0.0828571 0.36 0.0809524 0.4 0.0828571 0.36 0.0828571 0.36 0.0828571 0.4 0.0828571 0.4 0.0847619 0.36 0.0828571 0.4 0.0847619 0.36 0.0847619 0.36 0.0847619 0.4 0.0847619 0.4 0.0866666 0.36 0.0847619 0.4 0.0866666 0.36 0.0866666 0.36 0.0866666 0.4 0.0866666 0.4 0.0885714 0.36 0.0866666 0.4 0.0885714 0.36 0.0885714 0.36 0.0885714 0.4 0.0885714 0.4 0.0904762 0.36 0.0885714 0.4 0.0904762 0.36 0.0904762 0.36 0.0904762 0.4 0.0904762 0.4 0.0923809 0.36 0.0904762 0.4 0.0923809 0.36 0.0923809 0.36 0.0923809 0.4 0.0923809 0.4 0.0942857 0.36 0.0923809 0.4 0.0942857 0.36 0.0942857 0.36 0.0942857 0.4 0.0942857 0.4 0.0961905 0.36 0.0942857 0.4 0.0961905 0.36 0.0961905 0.36 0.0961905 0.4 0.0961905 0.4 0.0980952 0.36 0.0961905 0.4 0.0980952 0.36 0.0980952 0.338095 0.0638095 0.34 0.0638095 0.34 0.0657143 0.338095 0.0638095 0.34 0.0657143 0.338095 0.0657143 0.338095 0.0657143 0.34 0.0657143 0.34 0.067619 0.338095 0.0657143 0.34 0.067619 0.338095 0.067619 0.338095 0.067619 0.34 0.067619 0.34 0.0695238 0.338095 0.067619 0.34 0.0695238 0.338095 0.0695238 0.338095 0.0695238 0.34 0.0695238 0.34 0.0714285 0.338095 0.0695238 0.34 0.0714285 0.338095 0.0714285 0.338095 0.0714285 0.34 0.0714285 0.34 0.0733333 0.338095 0.0714285 0.34 0.0733333 0.338095 0.0733333 0.338095 0.0733333 0.34 0.0733333 0.34 0.0752381 0.338095 0.0733333 0.34 0.0752381 0.338095 0.0752381 0.338095 0.0752381 0.34 0.0752381 0.34 0.0771428 0.338095 0.0752381 0.34 0.0771428 0.338095 0.0771428 0.338095 0.0771428 0.34 0.0771428 0.34 0.0790476 0.338095 0.0771428 0.34 0.0790476 0.338095 0.0790476 0.338095 0.0790476 0.34 0.0790476 0.34 0.0809523 0.338095 0.0790476 0.34 0.0809523 0.338095 0.0809524 0.338095 0.0809524 0.34 0.0809523 0.34 0.0828571 0.338095 0.0809524 0.34 0.0828571 0.338095 0.0828571 0.338095 0.0828571 0.34 0.0828571 0.34 0.0847619 0.338095 0.0828571 0.34 0.0847619 0.338095 0.0847619 0.338095 0.0847619 0.34 0.0847619 0.34 0.0866666 0.338095 0.0847619 0.34 0.0866666 0.338095 0.0866666 0.338095 0.0866666 0.34 0.0866666 0.34 0.0885714 0.338095 0.0866666 0.34 0.0885714 0.338095 0.0885714 0.338095 0.0885714 0.34 0.0885714 0.34 0.0904762 0.338095 0.0885714 0.34 0.0904762 0.338095 0.0904762 0.338095 0.0904762 0.34 0.0904762 0.34 0.0923809 0.338095 0.0904762 0.34 0.0923809 0.338095 0.0923809 0.338095 0.0923809 0.34 0.0923809 0.34 0.0942857 0.338095 0.0923809 0.34 0.0942857 0.338095 0.0942857 0.338095 0.0942857 0.34 0.0942857 0.34 0.0961905 0.338095 0.0942857 0.34 0.0961905 0.338095 0.0961905 0.338095 0.0961905 0.34 0.0961905 0.34 0.0980952 0.338095 0.0961905 0.34 0.0980952 0.338095 0.0980952 0.34 0.1 0.34 0.0980952 0.36 0.0980952 0.34 0.1 0.36 0.0980952 0.36 0.1 0.34 0.0980952 0.34 0.0961905 0.36 0.0961905 0.34 0.0980952 0.36 0.0961905 0.36 0.0980952 0.34 0.0961905 0.34 0.0942857 0.36 0.0942857 0.34 0.0961905 0.36 0.0942857 0.36 0.0961905 0.34 0.0942857 0.34 0.0923809 0.36 0.0923809 0.34 0.0942857 0.36 0.0923809 0.36 0.0942857 0.34 0.0923809 0.34 0.0904762 0.36 0.0904762 0.34 0.0923809 0.36 0.0904762 0.36 0.0923809 0.34 0.0904762 0.34 0.0885714 0.36 0.0885714 0.34 0.0904762 0.36 0.0885714 0.36 0.0904762 0.34 0.0885714 0.34 0.0866666 0.36 0.0866666 0.34 0.0885714 0.36 0.0866666 0.36 0.0885714 0.34 0.0866666 0.34 0.0847619 0.36 0.0847619 0.34 0.0866666 0.36 0.0847619 0.36 0.0866666 0.34 0.0847619 0.34 0.0828571 0.36 0.0828571 0.34 0.0847619 0.36 0.0828571 0.36 0.0847619 0.34 0.0828571 0.34 0.0809523 0.36 0.0809524 0.34 0.0828571 0.36 0.0809524 0.36 0.0828571 0.34 0.0809523 0.34 0.0790476 0.36 0.0790476 0.34 0.0809523 0.36 0.0790476 0.36 0.0809524 0.34 0.0790476 0.34 0.0771428 0.36 0.0771428 0.34 0.0790476 0.36 0.0771428 0.36 0.0790476 0.34 0.0771428 0.34 0.0752381 0.36 0.0752381 0.34 0.0771428 0.36 0.0752381 0.36 0.0771428 0.34 0.0752381 0.34 0.0733333 0.36 0.0733333 0.34 0.0752381 0.36 0.0733333 0.36 0.0752381 0.34 0.0733333 0.34 0.0714285 0.36 0.0714285 0.34 0.0733333 0.36 0.0714285 0.36 0.0733333 0.34 0.0714285 0.34 0.0695238 0.36 0.0695238 0.34 0.0714285 0.36 0.0695238 0.36 0.0714285 0.34 0.0695238 0.34 0.067619 0.36 0.067619 0.34 0.0695238 0.36 0.067619 0.36 0.0695238 0.34 0.067619 0.34 0.0657143 0.36 0.0657143 0.34 0.067619 0.36 0.0657143 0.36 0.067619 0.34 0.0657143 0.34 0.0638095 0.36 0.0638095 0.34 0.0657143 0.36 0.0638095 0.36 0.0657143 0.34 0.0638095 0.34 0.0619047 0.36 0.0619047 0.34 0.0638095 0.36 0.0619047 0.36 0.0638095 0.0591571 0.06 0.1 0.06 0.1 0.0619047 0.0591571 0.06 0.1 0.0619047 0.0591571 0.0619047 0.0591571 0.0619047 0.1 0.0619047 0.1 0.0638095 0.0591571 0.0619047 0.1 0.0638095 0.0591571 0.0638095 0.0591571 0.0638095 0.1 0.0638095 0.1 0.0657142 0.0591571 0.0638095 0.1 0.0657142 0.0591571 0.0657142 0.0591571 0.0657142 0.1 0.0657142 0.1 0.067619 0.0591571 0.0657142 0.1 0.067619 0.0591571 0.067619 0.0591571 0.067619 0.1 0.067619 0.1 0.0695238 0.0591571 0.067619 0.1 0.0695238 0.0591571 0.0695238 0.0591571 0.0695238 0.1 0.0695238 0.1 0.0714285 0.0591571 0.0695238 0.1 0.0714285 0.0591571 0.0714285 0.0591571 0.0714285 0.1 0.0714285 0.1 0.0733333 0.0591571 0.0714285 0.1 0.0733333 0.0591571 0.0733333 0.0591571 0.0733333 0.1 0.0733333 0.1 0.075238 0.0591571 0.0733333 0.1 0.075238 0.0591571 0.0752381 0.0591571 0.0752381 0.1 0.075238 0.1 0.0771428 0.0591571 0.0752381 0.1 0.0771428 0.0591571 0.0771428 0.0591571 0.0771428 0.1 0.0771428 0.1 0.0790476 0.0591571 0.0771428 0.1 0.0790476 0.0591571 0.0790476 0.0591571 0.0790476 0.1 0.0790476 0.1 0.0809523 0.0591571 0.0790476 0.1 0.0809523 0.0591571 0.0809523 0.0591571 0.0809523 0.1 0.0809523 0.1 0.0828571 0.0591571 0.0809523 0.1 0.0828571 0.0591571 0.0828571 0.0591571 0.0828571 0.1 0.0828571 0.1 0.0847619 0.0591571 0.0828571 0.1 0.0847619 0.0591571 0.0847619 0.0591571 0.0847619 0.1 0.0847619 0.1 0.0866666 0.0591571 0.0847619 0.1 0.0866666 0.0591571 0.0866666 0.0591571 0.0866666 0.1 0.0866666 0.1 0.0885714 0.0591571 0.0866666 0.1 0.0885714 0.0591571 0.0885714 0.0591571 0.0885714 0.1 0.0885714 0.1 0.0904762 0.0591571 0.0885714 0.1 0.0904762 0.0591571 0.0904762 0.0591571 0.0904762 0.1 0.0904762 0.1 0.0923809 0.0591571 0.0904762 0.1 0.0923809 0.0591571 0.0923809 0.0591571 0.0923809 0.1 0.0923809 0.1 0.0942857 0.0591571 0.0923809 0.1 0.0942857 0.0591571 0.0942857 0.0591571 0.0942857 0.1 0.0942857 0.1 0.0961905 0.0591571 0.0942857 0.1 0.0961905 0.0591571 0.0961905 0.0591571 0.0961905 0.1 0.0961905 0.1 0.0980952 0.0591571 0.0961905 0.1 0.0980952 0.0591571 0.0980952 0 0.06 0.0408429 0.06 0.0408429 0.0619047 0 0.06 0.0408429 0.0619047 0 0.0619047 0 0.0619047 0.0408429 0.0619047 0.0408429 0.0638095 0 0.0619047 0.0408429 0.0638095 0 0.0638095 0 0.0638095 0.0408429 0.0638095 0.0408429 0.0657142 0 0.0638095 0.0408429 0.0657142 0 0.0657142 0 0.0657142 0.0408429 0.0657142 0.0408429 0.067619 0 0.0657142 0.0408429 0.067619 0 0.067619 0 0.067619 0.0408429 0.067619 0.0408429 0.0695238 0 0.067619 0.0408429 0.0695238 0 0.0695238 0 0.0695238 0.0408429 0.0695238 0.0408429 0.0714285 0 0.0695238 0.0408429 0.0714285 0 0.0714285 0 0.0714285 0.0408429 0.0714285 0.0408429 0.0733333 0 0.0714285 0.0408429 0.0733333 0 0.0733333 0 0.0733333 0.0408429 0.0733333 0.0408429 0.0752381 0 0.0733333 0.0408429 0.0752381 0 0.0752381 0 0.0752381 0.0408429 0.0752381 0.0408429 0.0771428 0 0.0752381 0.0408429 0.0771428 0 0.0771428 0 0.0771428 0.0408429 0.0771428 0.0408429 0.0790476 0 0.0771428 0.0408429 0.0790476 0 0.0790476 0 0.0790476 0.0408429 0.0790476 0.0408429 0.0809523 0 0.0790476 0.0408429 0.0809523 0 0.0809523 0 0.0809523 0.0408429 0.0809523 0.0408429 0.0828571 0 0.0809523 0.0408429 0.0828571 0 0.0828571 0 0.0828571 0.0408429 0.0828571 0.0408429 0.0847619 0 0.0828571 0.0408429 0.0847619 0 0.0847619 0 0.0847619 0.0408429 0.0847619 0.0408429 0.0866666 0 0.0847619 0.0408429 0.0866666 0 0.0866666 0 0.0866666 0.0408429 0.0866666 0.0408429 0.0885714 0 0.0866666 0.0408429 0.0885714 0 0.0885714 0 0.0885714 0.0408429 0.0885714 0.0408429 0.0904762 0 0.0885714 0.0408429 0.0904762 0 0.0904762 0 0.0904762 0.0408429 0.0904762 0.0408429 0.0923809 0 0.0904762 0.0408429 0.0923809 0 0.0923809 0 0.0923809 0.0408429 0.0923809 0.0408429 0.0942857 0 0.0923809 0.0408429 0.0942857 0 0.0942857 0 0.0942857 0.0408429 0.0942857 0.0408429 0.0961905 0 0.0942857 0.0408429 0.0961905 0 0.0961905 0 0.0961905 0.0408429 0.0961905 0.0408429 0.0980952 0 0.0961905 0.0408429 0.0980952 0 0.0980952 0.0591571 0.06 0.0591571 0.0619047 0.0408429 0.0619047 0.0591571 0.06 0.0408429 0.0619047 0.0408429 0.06 0.0591571 0.0619047 0.0591571 0.0638095 0.0408429 0.0638095 0.0591571 0.0619047 0.0408429 0.0638095 0.0408429 0.0619047 0.0591571 0.0638095 0.0591571 0.0657142 0.0408429 0.0657142 0.0591571 0.0638095 0.0408429 0.0657142 0.0408429 0.0638095 0.0591571 0.0657142 0.0591571 0.067619 0.0408429 0.067619 0.0591571 0.0657142 0.0408429 0.067619 0.0408429 0.0657142 0.0591571 0.067619 0.0591571 0.0695238 0.0408429 0.0695238 0.0591571 0.067619 0.0408429 0.0695238 0.0408429 0.067619 0.0591571 0.0695238 0.0591571 0.0714285 0.0408429 0.0714285 0.0591571 0.0695238 0.0408429 0.0714285 0.0408429 0.0695238 0.0591571 0.0714285 0.0591571 0.0733333 0.0408429 0.0733333 0.0591571 0.0714285 0.0408429 0.0733333 0.0408429 0.0714285 0.0591571 0.0733333 0.0591571 0.0752381 0.0408429 0.0752381 0.0591571 0.0733333 0.0408429 0.0752381 0.0408429 0.0733333 0.0591571 0.0752381 0.0591571 0.0771428 0.0408429 0.0771428 0.0591571 0.0752381 0.0408429 0.0771428 0.0408429 0.0752381 0.0591571 0.0771428 0.0591571 0.0790476 0.0408429 0.0790476 0.0591571 0.0771428 0.0408429 0.0790476 0.0408429 0.0771428 0.0591571 0.0790476 0.0591571 0.0809523 0.0408429 0.0809523 0.0591571 0.0790476 0.0408429 0.0809523 0.0408429 0.0790476 0.0591571 0.0809523 0.0591571 0.0828571 0.0408429 0.0828571 0.0591571 0.0809523 0.0408429 0.0828571 0.0408429 0.0809523 0.0591571 0.0828571 0.0591571 0.0847619 0.0408429 0.0847619 0.0591571 0.0828571 0.0408429 0.0847619 0.0408429 0.0828571 0.0591571 0.0847619 0.0591571 0.0866666 0.0408429 0.0866666 0.0591571 0.0847619 0.0408429 0.0866666 0.0408429 0.0847619 0.0591571 0.0866666 0.0591571 0.0885714 0.0408429 0.0885714 0.0591571 0.0866666 0.0408429 0.0885714 0.0408429 0.0866666 0.0591571 0.0885714 0.0591571 0.0904762 0.0408429 0.0904762 0.0591571 0.0885714 0.0408429 0.0904762 0.0408429 0.0885714 0.0591571 0.0904762 0.0591571 0.0923809 0.0408429 0.0923809 0.0591571 0.0904762 0.0408429 0.0923809 0.0408429 0.0904762 0.0591571 0.0923809 0.0591571 0.0942857 0.0408429 0.0942857 0.0591571 0.0923809 0.0408429 0.0942857 0.0408429 0.0923809 0.0591571 0.0942857 0.0591571 0.0961905 0.0408429 0.0961905 0.0591571 0.0942857 0.0408429 0.0961905 0.0408429 0.0942857 0.0591571 0.0961905 0.0591571 0.0980952 0.0408429 0.0980952 0.0591571 0.0961905 0.0408429 0.0980952 0.0408429 0.0961905 0.1 0.06 0.15 0.06 0.15 0.0619047 0.1 0.06 0.15 0.0619047 0.1 0.0619047 0.1 0.0619047 0.15 0.0619047 0.15 0.0638095 0.1 0.0619047 0.15 0.0638095 0.1 0.0638095 0.1 0.0638095 0.15 0.0638095 0.15 0.0657142 0.1 0.0638095 0.15 0.0657142 0.1 0.0657142 0.1 0.0657142 0.15 0.0657142 0.15 0.067619 0.1 0.0657142 0.15 0.067619 0.1 0.067619 0.1 0.067619 0.15 0.067619 0.15 0.0695238 0.1 0.067619 0.15 0.0695238 0.1 0.0695238 0.1 0.0695238 0.15 0.0695238 0.15 0.0714285 0.1 0.0695238 0.15 0.0714285 0.1 0.0714285 0.1 0.0714285 0.15 0.0714285 0.15 0.0733333 0.1 0.0714285 0.15 0.0733333 0.1 0.0733333 0.1 0.0733333 0.15 0.0733333 0.15 0.0752381 0.1 0.0733333 0.15 0.0752381 0.1 0.075238 0.1 0.075238 0.15 0.0752381 0.15 0.0771428 0.1 0.075238 0.15 0.0771428 0.1 0.0771428 0.1 0.0771428 0.15 0.0771428 0.15 0.0790476 0.1 0.0771428 0.15 0.0790476 0.1 0.0790476 0.1 0.0790476 0.15 0.0790476 0.15 0.0809523 0.1 0.0790476 0.15 0.0809523 0.1 0.0809523 0.1 0.0809523 0.15 0.0809523 0.15 0.0828571 0.1 0.0809523 0.15 0.0828571 0.1 0.0828571 0.1 0.0828571 0.15 0.0828571 0.15 0.0847619 0.1 0.0828571 0.15 0.0847619 0.1 0.0847619 0.1 0.0847619 0.15 0.0847619 0.15 0.0866666 0.1 0.0847619 0.15 0.0866666 0.1 0.0866666 0.1 0.0866666 0.15 0.0866666 0.15 0.0885714 0.1 0.0866666 0.15 0.0885714 0.1 0.0885714 0.1 0.0885714 0.15 0.0885714 0.15 0.0904762 0.1 0.0885714 0.15 0.0904762 0.1 0.0904762 0.1 0.0904762 0.15 0.0904762 0.15 0.0923809 0.1 0.0904762 0.15 0.0923809 0.1 0.0923809 0.1 0.0923809 0.15 0.0923809 0.15 0.0942857 0.1 0.0923809 0.15 0.0942857 0.1 0.0942857 0.1 0.0942857 0.15 0.0942857 0.15 0.0961905 0.1 0.0942857 0.15 0.0961905 0.1 0.0961905 0.1 0.0961905 0.15 0.0961905 0.15 0.0980952 0.1 0.0961905 0.15 0.0980952 0.1 0.0980952 0.15 0.06 0.2 0.06 0.2 0.0619047 0.15 0.06 0.2 0.0619047 0.15 0.0619047 0.15 0.0619047 0.2 0.0619047 0.2 0.0638095 0.15 0.0619047 0.2 0.0638095 0.15 0.0638095 0.15 0.0638095 0.2 0.0638095 0.2 0.0657142 0.15 0.0638095 0.2 0.0657142 0.15 0.0657142 0.15 0.0657142 0.2 0.0657142 0.2 0.067619 0.15 0.0657142 0.2 0.067619 0.15 0.067619 0.15 0.067619 0.2 0.067619 0.2 0.0695238 0.15 0.067619 0.2 0.0695238 0.15 0.0695238 0.15 0.0695238 0.2 0.0695238 0.2 0.0714285 0.15 0.0695238 0.2 0.0714285 0.15 0.0714285 0.15 0.0714285 0.2 0.0714285 0.2 0.0733333 0.15 0.0714285 0.2 0.0733333 0.15 0.0733333 0.15 0.0733333 0.2 0.0733333 0.2 0.0752381 0.15 0.0733333 0.2 0.0752381 0.15 0.0752381 0.15 0.0752381 0.2 0.0752381 0.2 0.0771428 0.15 0.0752381 0.2 0.0771428 0.15 0.0771428 0.15 0.0771428 0.2 0.0771428 0.2 0.0790476 0.15 0.0771428 0.2 0.0790476 0.15 0.0790476 0.15 0.0790476 0.2 0.0790476 0.2 0.0809523 0.15 0.0790476 0.2 0.0809523 0.15 0.0809523 0.15 0.0809523 0.2 0.0809523 0.2 0.0828571 0.15 0.0809523 0.2 0.0828571 0.15 0.0828571 0.15 0.0828571 0.2 0.0828571 0.2 0.0847619 0.15 0.0828571 0.2 0.0847619 0.15 0.0847619 0.15 0.0847619 0.2 0.0847619 0.2 0.0866666 0.15 0.0847619 0.2 0.0866666 0.15 0.0866666 0.15 0.0866666 0.2 0.0866666 0.2 0.0885714 0.15 0.0866666 0.2 0.0885714 0.15 0.0885714 0.15 0.0885714 0.2 0.0885714 0.2 0.0904762 0.15 0.0885714 0.2 0.0904762 0.15 0.0904762 0.15 0.0904762 0.2 0.0904762 0.2 0.0923809 0.15 0.0904762 0.2 0.0923809 0.15 0.0923809 0.15 0.0923809 0.2 0.0923809 0.2 0.0942857 0.15 0.0923809 0.2 0.0942857 0.15 0.0942857 0.15 0.0942857 0.2 0.0942857 0.2 0.0961905 0.15 0.0942857 0.2 0.0961905 0.15 0.0961905 0.15 0.0961905 0.2 0.0961905 0.2 0.0980952 0.15 0.0961905 0.2 0.0980952 0.15 0.0980952 0.2 0.06 0.25 0.06 0.25 0.0619047 0.2 0.06 0.25 0.0619047 0.2 0.0619047 0.2 0.0619047 0.25 0.0619047 0.25 0.0638095 0.2 0.0619047 0.25 0.0638095 0.2 0.0638095 0.2 0.0638095 0.25 0.0638095 0.25 0.0657142 0.2 0.0638095 0.25 0.0657142 0.2 0.0657142 0.2 0.0657142 0.25 0.0657142 0.25 0.067619 0.2 0.0657142 0.25 0.067619 0.2 0.067619 0.2 0.067619 0.25 0.067619 0.25 0.0695238 0.2 0.067619 0.25 0.0695238 0.2 0.0695238 0.2 0.0695238 0.25 0.0695238 0.25 0.0714285 0.2 0.0695238 0.25 0.0714285 0.2 0.0714285 0.2 0.0714285 0.25 0.0714285 0.25 0.0733333 0.2 0.0714285 0.25 0.0733333 0.2 0.0733333 0.2 0.0733333 0.25 0.0733333 0.25 0.075238 0.2 0.0733333 0.25 0.075238 0.2 0.0752381 0.2 0.0752381 0.25 0.075238 0.25 0.0771428 0.2 0.0752381 0.25 0.0771428 0.2 0.0771428 0.2 0.0771428 0.25 0.0771428 0.25 0.0790476 0.2 0.0771428 0.25 0.0790476 0.2 0.0790476 0.2 0.0790476 0.25 0.0790476 0.25 0.0809523 0.2 0.0790476 0.25 0.0809523 0.2 0.0809523 0.2 0.0809523 0.25 0.0809523 0.25 0.0828571 0.2 0.0809523 0.25 0.0828571 0.2 0.0828571 0.2 0.0828571 0.25 0.0828571 0.25 0.0847619 0.2 0.0828571 0.25 0.0847619 0.2 0.0847619 0.2 0.0847619 0.25 0.0847619 0.25 0.0866666 0.2 0.0847619 0.25 0.0866666 0.2 0.0866666 0.2 0.0866666 0.25 0.0866666 0.25 0.0885714 0.2 0.0866666 0.25 0.0885714 0.2 0.0885714 0.2 0.0885714 0.25 0.0885714 0.25 0.0904762 0.2 0.0885714 0.25 0.0904762 0.2 0.0904762 0.2 0.0904762 0.25 0.0904762 0.25 0.0923809 0.2 0.0904762 0.25 0.0923809 0.2 0.0923809 0.2 0.0923809 0.25 0.0923809 0.25 0.0942857 0.2 0.0923809 0.25 0.0942857 0.2 0.0942857 0.2 0.0942857 0.25 0.0942857 0.25 0.0961905 0.2 0.0942857 0.25 0.0961905 0.2 0.0961905 0.2 0.0961905 0.25 0.0961905 0.25 0.0980952 0.2 0.0961905 0.25 0.0980952 0.2 0.0980952 0.297619 0.06 0.3 0.06 0.3 0.0619047 0.297619 0.06 0.3 0.0619047 0.297619 0.0619047 0.297619 0.0619047 0.3 0.0619047 0.3 0.0638095 0.297619 0.0619047 0.3 0.0638095 0.297619 0.0638095 0.297619 0.0638095 0.3 0.0638095 0.298478 0.0657142 0.297619 0.0638095 0.298478 0.0657142 0.297619 0.0657143 0.297619 0.0657143 0.298478 0.0657142 0.297619 0.0667892 0.297619 0.0695238 0.3 0.0695238 0.3 0.0714285 0.297619 0.0695238 0.3 0.0714285 0.297619 0.0714285 0.297619 0.0714285 0.3 0.0714285 0.3 0.0733333 0.297619 0.0714285 0.3 0.0733333 0.297619 0.0733333 0.297619 0.0733333 0.3 0.0733333 0.3 0.0752381 0.297619 0.0733333 0.3 0.0752381 0.297619 0.0752381 0.297619 0.0752381 0.3 0.0752381 0.3 0.0771428 0.297619 0.0752381 0.3 0.0771428 0.297619 0.0771428 0.297619 0.0771428 0.3 0.0771428 0.3 0.0790476 0.297619 0.0771428 0.3 0.0790476 0.297619 0.0790476 0.297619 0.0790476 0.3 0.0790476 0.3 0.0809523 0.297619 0.0790476 0.3 0.0809523 0.297619 0.0809524 0.297619 0.0809524 0.3 0.0809523 0.3 0.0828571 0.297619 0.0809524 0.3 0.0828571 0.297619 0.0828571 0.297619 0.0828571 0.3 0.0828571 0.3 0.0847619 0.297619 0.0828571 0.3 0.0847619 0.297619 0.0847619 0.297619 0.0847619 0.3 0.0847619 0.3 0.0866666 0.297619 0.0847619 0.3 0.0866666 0.297619 0.0866666 0.297619 0.0866666 0.3 0.0866666 0.3 0.0885714 0.297619 0.0866666 0.3 0.0885714 0.297619 0.0885714 0.297619 0.0885714 0.3 0.0885714 0.3 0.0904762 0.297619 0.0885714 0.3 0.0904762 0.297619 0.0904762 0.297619 0.0904762 0.3 0.0904762 0.3 0.0923809 0.297619 0.0904762 0.3 0.0923809 0.297619 0.0923809 0.297619 0.0923809 0.3 0.0923809 0.3 0.0942857 0.297619 0.0923809 0.3 0.0942857 0.297619 0.0942857 0.297619 0.0942857 0.3 0.0942857 0.3 0.0961905 0.297619 0.0942857 0.3 0.0961905 0.297619 0.0961905 0.297619 0.0961905 0.3 0.0961905 0.3 0.0980952 0.297619 0.0961905 0.3 0.0980952 0.297619 0.0980952 0.45 0.06 0.475 0.06 0.475 0.0619047 0.45 0.06 0.475 0.0619047 0.45 0.0619047 0.45 0.0619047 0.475 0.0619047 0.475 0.0638095 0.45 0.0619047 0.475 0.0638095 0.45 0.0638095 0.45 0.0638095 0.475 0.0638095 0.475 0.0657142 0.45 0.0638095 0.475 0.0657142 0.45 0.0657143 0.45 0.0657143 0.475 0.0657142 0.475 0.067619 0.45 0.0657143 0.475 0.067619 0.45 0.067619 0.45 0.067619 0.475 0.067619 0.475 0.0695238 0.45 0.067619 0.475 0.0695238 0.45 0.0695238 0.45 0.0695238 0.475 0.0695238 0.475 0.0714285 0.45 0.0695238 0.475 0.0714285 0.45 0.0714285 0.45 0.0714285 0.475 0.0714285 0.475 0.0733333 0.45 0.0714285 0.475 0.0733333 0.45 0.0733333 0.45 0.0733333 0.475 0.0733333 0.475 0.0752381 0.45 0.0733333 0.475 0.0752381 0.45 0.0752381 0.45 0.0752381 0.475 0.0752381 0.475 0.0771428 0.45 0.0752381 0.475 0.0771428 0.45 0.0771428 0.45 0.0771428 0.475 0.0771428 0.475 0.0790476 0.45 0.0771428 0.475 0.0790476 0.45 0.0790476 0.45 0.0790476 0.475 0.0790476 0.475 0.0809523 0.45 0.0790476 0.475 0.0809523 0.45 0.0809524 0.45 0.0809524 0.475 0.0809523 0.475 0.0828571 0.45 0.0809524 0.475 0.0828571 0.45 0.0828571 0.45 0.0828571 0.475 0.0828571 0.475 0.0847619 0.45 0.0828571 0.475 0.0847619 0.45 0.0847619 0.45 0.0847619 0.475 0.0847619 0.475 0.0866666 0.45 0.0847619 0.475 0.0866666 0.45 0.0866666 0.45 0.0866666 0.475 0.0866666 0.475 0.0885714 0.45 0.0866666 0.475 0.0885714 0.45 0.0885714 0.45 0.0885714 0.475 0.0885714 0.475 0.0904762 0.45 0.0885714 0.475 0.0904762 0.45 0.0904762 0.45 0.0904762 0.475 0.0904762 0.475 0.0923809 0.45 0.0904762 0.475 0.0923809 0.45 0.0923809 0.45 0.0923809 0.475 0.0923809 0.475 0.0942857 0.45 0.0923809 0.475 0.0942857 0.45 0.0942857 0.45 0.0942857 0.475 0.0942857 0.475 0.0961905 0.45 0.0942857 0.475 0.0961905 0.45 0.0961905 0.45 0.0961905 0.475 0.0961905 0.475 0.0980952 0.45 0.0961905 0.475 0.0980952 0.45 0.0980952 0.4 0.06 0.45 0.06 0.45 0.0619047 0.4 0.06 0.45 0.0619047 0.4 0.0619047 0.4 0.0619047 0.45 0.0619047 0.45 0.0638095 0.4 0.0619047 0.45 0.0638095 0.4 0.0638095 0.4 0.0638095 0.45 0.0638095 0.45 0.0657143 0.4 0.0638095 0.45 0.0657143 0.4 0.0657142 0.4 0.0657142 0.45 0.0657143 0.45 0.067619 0.4 0.0657142 0.45 0.067619 0.4 0.067619 0.4 0.067619 0.45 0.067619 0.45 0.0695238 0.4 0.067619 0.45 0.0695238 0.4 0.0695238 0.4 0.0695238 0.45 0.0695238 0.45 0.0714285 0.4 0.0695238 0.45 0.0714285 0.4 0.0714285 0.4 0.0714285 0.45 0.0714285 0.45 0.0733333 0.4 0.0714285 0.45 0.0733333 0.4 0.0733333 0.4 0.0733333 0.45 0.0733333 0.45 0.0752381 0.4 0.0733333 0.45 0.0752381 0.4 0.0752381 0.4 0.0752381 0.45 0.0752381 0.45 0.0771428 0.4 0.0752381 0.45 0.0771428 0.4 0.0771428 0.4 0.0771428 0.45 0.0771428 0.45 0.0790476 0.4 0.0771428 0.45 0.0790476 0.4 0.0790476 0.4 0.0790476 0.45 0.0790476 0.45 0.0809524 0.4 0.0790476 0.45 0.0809524 0.4 0.0809523 0.4 0.0809523 0.45 0.0809524 0.45 0.0828571 0.4 0.0809523 0.45 0.0828571 0.4 0.0828571 0.4 0.0828571 0.45 0.0828571 0.45 0.0847619 0.4 0.0828571 0.45 0.0847619 0.4 0.0847619 0.4 0.0847619 0.45 0.0847619 0.45 0.0866666 0.4 0.0847619 0.45 0.0866666 0.4 0.0866666 0.4 0.0866666 0.45 0.0866666 0.45 0.0885714 0.4 0.0866666 0.45 0.0885714 0.4 0.0885714 0.4 0.0885714 0.45 0.0885714 0.45 0.0904762 0.4 0.0885714 0.45 0.0904762 0.4 0.0904762 0.4 0.0904762 0.45 0.0904762 0.45 0.0923809 0.4 0.0904762 0.45 0.0923809 0.4 0.0923809 0.4 0.0923809 0.45 0.0923809 0.45 0.0942857 0.4 0.0923809 0.45 0.0942857 0.4 0.0942857 0.4 0.0942857 0.45 0.0942857 0.45 0.0961905 0.4 0.0942857 0.45 0.0961905 0.4 0.0961905 0.4 0.0961905 0.45 0.0961905 0.45 0.0980952 0.4 0.0961905 0.45 0.0980952 0.4 0.0980952 0.475 0.06 0.5 0.06 0.5 0.0619048 0.475 0.06 0.5 0.0619048 0.475 0.0619047 0.475 0.0619047 0.5 0.0619048 0.5 0.0638095 0.475 0.0619047 0.5 0.0638095 0.475 0.0638095 0.475 0.0638095 0.5 0.0638095 0.5 0.0657143 0.475 0.0638095 0.5 0.0657143 0.475 0.0657142 0.475 0.0657142 0.5 0.0657143 0.5 0.067619 0.475 0.0657142 0.5 0.067619 0.475 0.067619 0.475 0.067619 0.5 0.067619 0.5 0.0695238 0.475 0.067619 0.5 0.0695238 0.475 0.0695238 0.475 0.0695238 0.5 0.0695238 0.5 0.0714286 0.475 0.0695238 0.5 0.0714286 0.475 0.0714285 0.475 0.0714285 0.5 0.0714286 0.5 0.0733333 0.475 0.0714285 0.5 0.0733333 0.475 0.0733333 0.475 0.0733333 0.5 0.0733333 0.5 0.0752381 0.475 0.0733333 0.5 0.0752381 0.475 0.0752381 0.475 0.0752381 0.5 0.0752381 0.5 0.0771428 0.475 0.0752381 0.5 0.0771428 0.475 0.0771428 0.475 0.0771428 0.5 0.0771428 0.5 0.0790476 0.475 0.0771428 0.5 0.0790476 0.475 0.0790476 0.475 0.0790476 0.5 0.0790476 0.5 0.0809524 0.475 0.0790476 0.5 0.0809524 0.475 0.0809523 0.475 0.0809523 0.5 0.0809524 0.5 0.0828571 0.475 0.0809523 0.5 0.0828571 0.475 0.0828571 0.475 0.0828571 0.5 0.0828571 0.5 0.0847619 0.475 0.0828571 0.5 0.0847619 0.475 0.0847619 0.475 0.0847619 0.5 0.0847619 0.5 0.0866666 0.475 0.0847619 0.5 0.0866666 0.475 0.0866666 0.475 0.0866666 0.5 0.0866666 0.5 0.0885714 0.475 0.0866666 0.5 0.0885714 0.475 0.0885714 0.475 0.0885714 0.5 0.0885714 0.5 0.0904762 0.475 0.0885714 0.5 0.0904762 0.475 0.0904762 0.475 0.0904762 0.5 0.0904762 0.5 0.0923809 0.475 0.0904762 0.5 0.0923809 0.475 0.0923809 0.475 0.0923809 0.5 0.0923809 0.5 0.0942857 0.475 0.0923809 0.5 0.0942857 0.475 0.0942857 0.475 0.0942857 0.5 0.0942857 0.5 0.0961905 0.475 0.0942857 0.5 0.0961905 0.475 0.0961905 0.475 0.0961905 0.5 0.0961905 0.5 0.0980952 0.475 0.0961905 0.5 0.0980952 0.475 0.0980952 0.5 0.06 0.525 0.06 0.525 0.0619048 0.5 0.06 0.525 0.0619048 0.5 0.0619048 0.5 0.0619048 0.525 0.0619048 0.525 0.0638095 0.5 0.0619048 0.525 0.0638095 0.5 0.0638095 0.5 0.0638095 0.525 0.0638095 0.525 0.0657143 0.5 0.0638095 0.525 0.0657143 0.5 0.0657143 0.5 0.0657143 0.525 0.0657143 0.525 0.067619 0.5 0.0657143 0.525 0.067619 0.5 0.067619 0.5 0.067619 0.525 0.067619 0.525 0.0695238 0.5 0.067619 0.525 0.0695238 0.5 0.0695238 0.5 0.0695238 0.525 0.0695238 0.525 0.0714286 0.5 0.0695238 0.525 0.0714286 0.5 0.0714286 0.5 0.0714286 0.525 0.0714286 0.525 0.0733333 0.5 0.0714286 0.525 0.0733333 0.5 0.0733333 0.5 0.0733333 0.525 0.0733333 0.525 0.0752381 0.5 0.0733333 0.525 0.0752381 0.5 0.0752381 0.5 0.0752381 0.525 0.0752381 0.525 0.0771428 0.5 0.0752381 0.525 0.0771428 0.5 0.0771428 0.5 0.0771428 0.525 0.0771428 0.525 0.0790476 0.5 0.0771428 0.525 0.0790476 0.5 0.0790476 0.5 0.0790476 0.525 0.0790476 0.525 0.0809524 0.5 0.0790476 0.525 0.0809524 0.5 0.0809524 0.5 0.0809524 0.525 0.0809524 0.525 0.0828571 0.5 0.0809524 0.525 0.0828571 0.5 0.0828571 0.5 0.0828571 0.525 0.0828571 0.525 0.0847619 0.5 0.0828571 0.525 0.0847619 0.5 0.0847619 0.5 0.0847619 0.525 0.0847619 0.525 0.0866666 0.5 0.0847619 0.525 0.0866666 0.5 0.0866666 0.5 0.0866666 0.525 0.0866666 0.525 0.0885714 0.5 0.0866666 0.525 0.0885714 0.5 0.0885714 0.5 0.0885714 0.525 0.0885714 0.525 0.0904762 0.5 0.0885714 0.525 0.0904762 0.5 0.0904762 0.5 0.0904762 0.525 0.0904762 0.525 0.0923809 0.5 0.0904762 0.525 0.0923809 0.5 0.0923809 0.5 0.0923809 0.525 0.0923809 0.525 0.0942857 0.5 0.0923809 0.525 0.0942857 0.5 0.0942857 0.5 0.0942857 0.525 0.0942857 0.525 0.0961905 0.5 0.0942857 0.525 0.0961905 0.5 0.0961905 0.5 0.0961905 0.525 0.0961905 0.525 0.0980952 0.5 0.0961905 0.525 0.0980952 0.5 0.0980952 0.525 0.06 0.55 0.06 0.55 0.0619047 0.525 0.06 0.55 0.0619047 0.525 0.0619048 0.525 0.0619048 0.55 0.0619047 0.55 0.0638095 0.525 0.0619048 0.55 0.0638095 0.525 0.0638095 0.525 0.0638095 0.55 0.0638095 0.55 0.0657143 0.525 0.0638095 0.55 0.0657143 0.525 0.0657143 0.525 0.0657143 0.55 0.0657143 0.55 0.067619 0.525 0.0657143 0.55 0.067619 0.525 0.067619 0.525 0.067619 0.55 0.067619 0.55 0.0695238 0.525 0.067619 0.55 0.0695238 0.525 0.0695238 0.525 0.0695238 0.55 0.0695238 0.55 0.0714285 0.525 0.0695238 0.55 0.0714285 0.525 0.0714286 0.525 0.0714286 0.55 0.0714285 0.55 0.0733333 0.525 0.0714286 0.55 0.0733333 0.525 0.0733333 0.525 0.0733333 0.55 0.0733333 0.55 0.0752381 0.525 0.0733333 0.55 0.0752381 0.525 0.0752381 0.525 0.0752381 0.55 0.0752381 0.55 0.0771428 0.525 0.0752381 0.55 0.0771428 0.525 0.0771428 0.525 0.0771428 0.55 0.0771428 0.55 0.0790476 0.525 0.0771428 0.55 0.0790476 0.525 0.0790476 0.525 0.0790476 0.55 0.0790476 0.55 0.0809524 0.525 0.0790476 0.55 0.0809524 0.525 0.0809524 0.525 0.0809524 0.55 0.0809524 0.55 0.0828571 0.525 0.0809524 0.55 0.0828571 0.525 0.0828571 0.525 0.0828571 0.55 0.0828571 0.55 0.0847619 0.525 0.0828571 0.55 0.0847619 0.525 0.0847619 0.525 0.0847619 0.55 0.0847619 0.55 0.0866666 0.525 0.0847619 0.55 0.0866666 0.525 0.0866666 0.525 0.0866666 0.55 0.0866666 0.55 0.0885714 0.525 0.0866666 0.55 0.0885714 0.525 0.0885714 0.525 0.0885714 0.55 0.0885714 0.55 0.0904762 0.525 0.0885714 0.55 0.0904762 0.525 0.0904762 0.525 0.0904762 0.55 0.0904762 0.55 0.0923809 0.525 0.0904762 0.55 0.0923809 0.525 0.0923809 0.525 0.0923809 0.55 0.0923809 0.55 0.0942857 0.525 0.0923809 0.55 0.0942857 0.525 0.0942857 0.525 0.0942857 0.55 0.0942857 0.55 0.0961905 0.525 0.0942857 0.55 0.0961905 0.525 0.0961905 0.525 0.0961905 0.55 0.0961905 0.55 0.0980952 0.525 0.0961905 0.55 0.0980952 0.525 0.0980952 0.6 0.06 0.625 0.06 0.625 0.0619047 0.6 0.06 0.625 0.0619047 0.6 0.0619047 0.6 0.0619047 0.625 0.0619047 0.625 0.0638095 0.6 0.0619047 0.625 0.0638095 0.6 0.0638095 0.6 0.0638095 0.625 0.0638095 0.625 0.0657143 0.6 0.0638095 0.625 0.0657143 0.6 0.0657143 0.6 0.0657143 0.625 0.0657143 0.625 0.067619 0.6 0.0657143 0.625 0.067619 0.6 0.067619 0.6 0.067619 0.625 0.067619 0.625 0.0695238 0.6 0.067619 0.625 0.0695238 0.6 0.0695238 0.6 0.0695238 0.625 0.0695238 0.625 0.0714285 0.6 0.0695238 0.625 0.0714285 0.6 0.0714285 0.6 0.0714285 0.625 0.0714285 0.625 0.0733333 0.6 0.0714285 0.625 0.0733333 0.6 0.0733333 0.6 0.0733333 0.625 0.0733333 0.625 0.0752381 0.6 0.0733333 0.625 0.0752381 0.6 0.0752381 0.6 0.0752381 0.625 0.0752381 0.625 0.0771428 0.6 0.0752381 0.625 0.0771428 0.6 0.0771428 0.6 0.0771428 0.625 0.0771428 0.625 0.0790476 0.6 0.0771428 0.625 0.0790476 0.6 0.0790476 0.6 0.0790476 0.625 0.0790476 0.625 0.0809524 0.6 0.0790476 0.625 0.0809524 0.6 0.0809524 0.6 0.0809524 0.625 0.0809524 0.625 0.0828571 0.6 0.0809524 0.625 0.0828571 0.6 0.0828571 0.6 0.0828571 0.625 0.0828571 0.625 0.0847619 0.6 0.0828571 0.625 0.0847619 0.6 0.0847619 0.6 0.0847619 0.625 0.0847619 0.625 0.0866666 0.6 0.0847619 0.625 0.0866666 0.6 0.0866666 0.6 0.0866666 0.625 0.0866666 0.625 0.0885714 0.6 0.0866666 0.625 0.0885714 0.6 0.0885714 0.6 0.0885714 0.625 0.0885714 0.625 0.0904762 0.6 0.0885714 0.625 0.0904762 0.6 0.0904762 0.6 0.0904762 0.625 0.0904762 0.625 0.0923809 0.6 0.0904762 0.625 0.0923809 0.6 0.0923809 0.6 0.0923809 0.625 0.0923809 0.625 0.0942857 0.6 0.0923809 0.625 0.0942857 0.6 0.0942857 0.6 0.0942857 0.625 0.0942857 0.625 0.0961905 0.6 0.0942857 0.625 0.0961905 0.6 0.0961905 0.6 0.0961905 0.625 0.0961905 0.625 0.0980952 0.6 0.0961905 0.625 0.0980952 0.6 0.0980952 0.55 0.06 0.6 0.06 0.6 0.0619047 0.55 0.06 0.6 0.0619047 0.55 0.0619047 0.55 0.0619047 0.6 0.0619047 0.6 0.0638095 0.55 0.0619047 0.6 0.0638095 0.55 0.0638095 0.55 0.0638095 0.6 0.0638095 0.6 0.0657143 0.55 0.0638095 0.6 0.0657143 0.55 0.0657143 0.55 0.0657143 0.6 0.0657143 0.6 0.067619 0.55 0.0657143 0.6 0.067619 0.55 0.067619 0.55 0.067619 0.6 0.067619 0.6 0.0695238 0.55 0.067619 0.6 0.0695238 0.55 0.0695238 0.55 0.0695238 0.6 0.0695238 0.6 0.0714285 0.55 0.0695238 0.6 0.0714285 0.55 0.0714285 0.55 0.0714285 0.6 0.0714285 0.6 0.0733333 0.55 0.0714285 0.6 0.0733333 0.55 0.0733333 0.55 0.0733333 0.6 0.0733333 0.6 0.0752381 0.55 0.0733333 0.6 0.0752381 0.55 0.0752381 0.55 0.0752381 0.6 0.0752381 0.6 0.0771428 0.55 0.0752381 0.6 0.0771428 0.55 0.0771428 0.55 0.0771428 0.6 0.0771428 0.6 0.0790476 0.55 0.0771428 0.6 0.0790476 0.55 0.0790476 0.55 0.0790476 0.6 0.0790476 0.6 0.0809524 0.55 0.0790476 0.6 0.0809524 0.55 0.0809524 0.55 0.0809524 0.6 0.0809524 0.6 0.0828571 0.55 0.0809524 0.6 0.0828571 0.55 0.0828571 0.55 0.0828571 0.6 0.0828571 0.6 0.0847619 0.55 0.0828571 0.6 0.0847619 0.55 0.0847619 0.55 0.0847619 0.6 0.0847619 0.6 0.0866666 0.55 0.0847619 0.6 0.0866666 0.55 0.0866666 0.55 0.0866666 0.6 0.0866666 0.6 0.0885714 0.55 0.0866666 0.6 0.0885714 0.55 0.0885714 0.55 0.0885714 0.6 0.0885714 0.6 0.0904762 0.55 0.0885714 0.6 0.0904762 0.55 0.0904762 0.55 0.0904762 0.6 0.0904762 0.6 0.0923809 0.55 0.0904762 0.6 0.0923809 0.55 0.0923809 0.55 0.0923809 0.6 0.0923809 0.6 0.0942857 0.55 0.0923809 0.6 0.0942857 0.55 0.0942857 0.55 0.0942857 0.6 0.0942857 0.6 0.0961905 0.55 0.0942857 0.6 0.0961905 0.55 0.0961905 0.55 0.0961905 0.6 0.0961905 0.6 0.0980952 0.55 0.0961905 0.6 0.0980952 0.55 0.0980952 0.625 0.06 0.65 0.06 0.65 0.0619048 0.625 0.06 0.65 0.0619048 0.625 0.0619047 0.625 0.0619047 0.65 0.0619048 0.65 0.0638095 0.625 0.0619047 0.65 0.0638095 0.625 0.0638095 0.625 0.0638095 0.65 0.0638095 0.65 0.0657143 0.625 0.0638095 0.65 0.0657143 0.625 0.0657143 0.625 0.0657143 0.65 0.0657143 0.65 0.067619 0.625 0.0657143 0.65 0.067619 0.625 0.067619 0.625 0.067619 0.65 0.067619 0.65 0.0695238 0.625 0.067619 0.65 0.0695238 0.625 0.0695238 0.625 0.0695238 0.65 0.0695238 0.65 0.0714286 0.625 0.0695238 0.65 0.0714286 0.625 0.0714285 0.625 0.0714285 0.65 0.0714286 0.65 0.0733333 0.625 0.0714285 0.65 0.0733333 0.625 0.0733333 0.625 0.0733333 0.65 0.0733333 0.65 0.0752381 0.625 0.0733333 0.65 0.0752381 0.625 0.0752381 0.625 0.0752381 0.65 0.0752381 0.65 0.0771428 0.625 0.0752381 0.65 0.0771428 0.625 0.0771428 0.625 0.0771428 0.65 0.0771428 0.65 0.0790476 0.625 0.0771428 0.65 0.0790476 0.625 0.0790476 0.625 0.0790476 0.65 0.0790476 0.65 0.0809524 0.625 0.0790476 0.65 0.0809524 0.625 0.0809524 0.625 0.0809524 0.65 0.0809524 0.65 0.0828571 0.625 0.0809524 0.65 0.0828571 0.625 0.0828571 0.625 0.0828571 0.65 0.0828571 0.65 0.0847619 0.625 0.0828571 0.65 0.0847619 0.625 0.0847619 0.625 0.0847619 0.65 0.0847619 0.65 0.0866667 0.625 0.0847619 0.65 0.0866667 0.625 0.0866666 0.625 0.0866666 0.65 0.0866667 0.65 0.0885714 0.625 0.0866666 0.65 0.0885714 0.625 0.0885714 0.625 0.0885714 0.65 0.0885714 0.65 0.0904762 0.625 0.0885714 0.65 0.0904762 0.625 0.0904762 0.625 0.0904762 0.65 0.0904762 0.65 0.0923809 0.625 0.0904762 0.65 0.0923809 0.625 0.0923809 0.625 0.0923809 0.65 0.0923809 0.65 0.0942857 0.625 0.0923809 0.65 0.0942857 0.625 0.0942857 0.625 0.0942857 0.65 0.0942857 0.65 0.0961905 0.625 0.0942857 0.65 0.0961905 0.625 0.0961905 0.625 0.0961905 0.65 0.0961905 0.65 0.0980952 0.625 0.0961905 0.65 0.0980952 0.625 0.0980952 0.65 0.06 0.675 0.06 0.675 0.0619048 0.65 0.06 0.675 0.0619048 0.65 0.0619048 0.65 0.0619048 0.675 0.0619048 0.675 0.0638095 0.65 0.0619048 0.675 0.0638095 0.65 0.0638095 0.65 0.0638095 0.675 0.0638095 0.675 0.0657143 0.65 0.0638095 0.675 0.0657143 0.65 0.0657143 0.65 0.0657143 0.675 0.0657143 0.675 0.067619 0.65 0.0657143 0.675 0.067619 0.65 0.067619 0.65 0.067619 0.675 0.067619 0.675 0.0695238 0.65 0.067619 0.675 0.0695238 0.65 0.0695238 0.65 0.0695238 0.675 0.0695238 0.675 0.0714285 0.65 0.0695238 0.675 0.0714285 0.65 0.0714286 0.65 0.0714286 0.675 0.0714285 0.675 0.0733333 0.65 0.0714286 0.675 0.0733333 0.65 0.0733333 0.65 0.0733333 0.675 0.0733333 0.675 0.0752381 0.65 0.0733333 0.675 0.0752381 0.65 0.0752381 0.65 0.0752381 0.675 0.0752381 0.675 0.0771428 0.65 0.0752381 0.675 0.0771428 0.65 0.0771428 0.65 0.0771428 0.675 0.0771428 0.675 0.0790476 0.65 0.0771428 0.675 0.0790476 0.65 0.0790476 0.65 0.0790476 0.675 0.0790476 0.675 0.0809524 0.65 0.0790476 0.675 0.0809524 0.65 0.0809524 0.65 0.0809524 0.675 0.0809524 0.675 0.0828571 0.65 0.0809524 0.675 0.0828571 0.65 0.0828571 0.65 0.0828571 0.675 0.0828571 0.675 0.0847619 0.65 0.0828571 0.675 0.0847619 0.65 0.0847619 0.65 0.0847619 0.675 0.0847619 0.675 0.0866666 0.65 0.0847619 0.675 0.0866666 0.65 0.0866667 0.65 0.0866667 0.675 0.0866666 0.675 0.0885714 0.65 0.0866667 0.675 0.0885714 0.65 0.0885714 0.65 0.0885714 0.675 0.0885714 0.675 0.0904762 0.65 0.0885714 0.675 0.0904762 0.65 0.0904762 0.65 0.0904762 0.675 0.0904762 0.675 0.0923809 0.65 0.0904762 0.675 0.0923809 0.65 0.0923809 0.65 0.0923809 0.675 0.0923809 0.675 0.0942857 0.65 0.0923809 0.675 0.0942857 0.65 0.0942857 0.65 0.0942857 0.675 0.0942857 0.675 0.0961905 0.65 0.0942857 0.675 0.0961905 0.65 0.0961905 0.65 0.0961905 0.675 0.0961905 0.675 0.0980952 0.65 0.0961905 0.675 0.0980952 0.65 0.0980952 0.675 0.06 0.7 0.06 0.7 0.0619047 0.675 0.06 0.7 0.0619047 0.675 0.0619048 0.675 0.0619048 0.7 0.0619047 0.7 0.0638095 0.675 0.0619048 0.7 0.0638095 0.675 0.0638095 0.675 0.0638095 0.7 0.0638095 0.7 0.0657143 0.675 0.0638095 0.7 0.0657143 0.675 0.0657143 0.675 0.0657143 0.7 0.0657143 0.7 0.067619 0.675 0.0657143 0.7 0.067619 0.675 0.067619 0.675 0.067619 0.7 0.067619 0.7 0.0695238 0.675 0.067619 0.7 0.0695238 0.675 0.0695238 0.675 0.0695238 0.7 0.0695238 0.7 0.0714285 0.675 0.0695238 0.7 0.0714285 0.675 0.0714285 0.675 0.0714285 0.7 0.0714285 0.7 0.0733333 0.675 0.0714285 0.7 0.0733333 0.675 0.0733333 0.675 0.0733333 0.7 0.0733333 0.7 0.0752381 0.675 0.0733333 0.7 0.0752381 0.675 0.0752381 0.675 0.0752381 0.7 0.0752381 0.7 0.0771428 0.675 0.0752381 0.7 0.0771428 0.675 0.0771428 0.675 0.0771428 0.7 0.0771428 0.7 0.0790476 0.675 0.0771428 0.7 0.0790476 0.675 0.0790476 0.675 0.0790476 0.7 0.0790476 0.7 0.0809524 0.675 0.0790476 0.7 0.0809524 0.675 0.0809524 0.675 0.0809524 0.7 0.0809524 0.7 0.0828571 0.675 0.0809524 0.7 0.0828571 0.675 0.0828571 0.675 0.0828571 0.7 0.0828571 0.7 0.0847619 0.675 0.0828571 0.7 0.0847619 0.675 0.0847619 0.675 0.0847619 0.7 0.0847619 0.7 0.0866666 0.675 0.0847619 0.7 0.0866666 0.675 0.0866666 0.675 0.0866666 0.7 0.0866666 0.7 0.0885714 0.675 0.0866666 0.7 0.0885714 0.675 0.0885714 0.675 0.0885714 0.7 0.0885714 0.7 0.0904762 0.675 0.0885714 0.7 0.0904762 0.675 0.0904762 0.675 0.0904762 0.7 0.0904762 0.7 0.0923809 0.675 0.0904762 0.7 0.0923809 0.675 0.0923809 0.675 0.0923809 0.7 0.0923809 0.7 0.0942857 0.675 0.0923809 0.7 0.0942857 0.675 0.0942857 0.675 0.0942857 0.7 0.0942857 0.7 0.0961905 0.675 0.0942857 0.7 0.0961905 0.675 0.0961905 0.675 0.0961905 0.7 0.0961905 0.7 0.0980952 0.675 0.0961905 0.7 0.0980952 0.675 0.0980952 0.7 0.06 0.725 0.06 0.725 0.0619048 0.7 0.06 0.725 0.0619048 0.7 0.0619047 0.7 0.0619047 0.725 0.0619048 0.725 0.0638095 0.7 0.0619047 0.725 0.0638095 0.7 0.0638095 0.7 0.0638095 0.725 0.0638095 0.725 0.0657143 0.7 0.0638095 0.725 0.0657143 0.7 0.0657143 0.7 0.0657143 0.725 0.0657143 0.725 0.067619 0.7 0.0657143 0.725 0.067619 0.7 0.067619 0.7 0.067619 0.725 0.067619 0.725 0.0695238 0.7 0.067619 0.725 0.0695238 0.7 0.0695238 0.7 0.0695238 0.725 0.0695238 0.725 0.0714286 0.7 0.0695238 0.725 0.0714286 0.7 0.0714285 0.7 0.0714285 0.725 0.0714286 0.725 0.0733333 0.7 0.0714285 0.725 0.0733333 0.7 0.0733333 0.7 0.0733333 0.725 0.0733333 0.725 0.0752381 0.7 0.0733333 0.725 0.0752381 0.7 0.0752381 0.7 0.0752381 0.725 0.0752381 0.725 0.0771428 0.7 0.0752381 0.725 0.0771428 0.7 0.0771428 0.7 0.0771428 0.725 0.0771428 0.725 0.0790476 0.7 0.0771428 0.725 0.0790476 0.7 0.0790476 0.7 0.0790476 0.725 0.0790476 0.725 0.0809524 0.7 0.0790476 0.725 0.0809524 0.7 0.0809524 0.7 0.0809524 0.725 0.0809524 0.725 0.0828571 0.7 0.0809524 0.725 0.0828571 0.7 0.0828571 0.7 0.0828571 0.725 0.0828571 0.725 0.0847619 0.7 0.0828571 0.725 0.0847619 0.7 0.0847619 0.7 0.0847619 0.725 0.0847619 0.725 0.0866666 0.7 0.0847619 0.725 0.0866666 0.7 0.0866666 0.7 0.0866666 0.725 0.0866666 0.725 0.0885714 0.7 0.0866666 0.725 0.0885714 0.7 0.0885714 0.7 0.0885714 0.725 0.0885714 0.725 0.0904762 0.7 0.0885714 0.725 0.0904762 0.7 0.0904762 0.7 0.0904762 0.725 0.0904762 0.725 0.0923809 0.7 0.0904762 0.725 0.0923809 0.7 0.0923809 0.7 0.0923809 0.725 0.0923809 0.725 0.0942857 0.7 0.0923809 0.725 0.0942857 0.7 0.0942857 0.7 0.0942857 0.725 0.0942857 0.725 0.0961905 0.7 0.0942857 0.725 0.0961905 0.7 0.0961905 0.7 0.0961905 0.725 0.0961905 0.725 0.0980952 0.7 0.0961905 0.725 0.0980952 0.7 0.0980952 0.8 0.06 0.85 0.06 0.85 0.0619048 0.8 0.06 0.85 0.0619048 0.8 0.0619048 0.8 0.0619048 0.85 0.0619048 0.85 0.0638095 0.8 0.0619048 0.85 0.0638095 0.8 0.0638095 0.8 0.0638095 0.85 0.0638095 0.85 0.0657143 0.8 0.0638095 0.85 0.0657143 0.8 0.0657143 0.8 0.0657143 0.85 0.0657143 0.85 0.067619 0.8 0.0657143 0.85 0.067619 0.8 0.067619 0.8 0.067619 0.85 0.067619 0.85 0.0695238 0.8 0.067619 0.85 0.0695238 0.8 0.0695238 0.8 0.0695238 0.85 0.0695238 0.85 0.0714286 0.8 0.0695238 0.85 0.0714286 0.8 0.0714286 0.8 0.0714286 0.85 0.0714286 0.85 0.0733333 0.8 0.0714286 0.85 0.0733333 0.8 0.0733333 0.8 0.0733333 0.85 0.0733333 0.85 0.0752381 0.8 0.0733333 0.85 0.0752381 0.8 0.0752381 0.8 0.0752381 0.85 0.0752381 0.85 0.0771428 0.8 0.0752381 0.85 0.0771428 0.8 0.0771428 0.8 0.0771428 0.85 0.0771428 0.85 0.0790476 0.8 0.0771428 0.85 0.0790476 0.8 0.0790476 0.8 0.0790476 0.85 0.0790476 0.85 0.0809524 0.8 0.0790476 0.85 0.0809524 0.8 0.0809524 0.8 0.0809524 0.85 0.0809524 0.85 0.0828571 0.8 0.0809524 0.85 0.0828571 0.8 0.0828571 0.8 0.0828571 0.85 0.0828571 0.85 0.0847619 0.8 0.0828571 0.85 0.0847619 0.8 0.0847619 0.8 0.0847619 0.85 0.0847619 0.85 0.0866666 0.8 0.0847619 0.85 0.0866666 0.8 0.0866666 0.8 0.0866666 0.85 0.0866666 0.85 0.0885714 0.8 0.0866666 0.85 0.0885714 0.8 0.0885714 0.8 0.0885714 0.85 0.0885714 0.85 0.0904762 0.8 0.0885714 0.85 0.0904762 0.8 0.0904762 0.8 0.0904762 0.85 0.0904762 0.85 0.0923809 0.8 0.0904762 0.85 0.0923809 0.8 0.0923809 0.8 0.0923809 0.85 0.0923809 0.85 0.0942857 0.8 0.0923809 0.85 0.0942857 0.8 0.0942857 0.8 0.0942857 0.85 0.0942857 0.85 0.0961905 0.8 0.0942857 0.85 0.0961905 0.8 0.0961905 0.8 0.0961905 0.85 0.0961905 0.85 0.0980952 0.8 0.0961905 0.85 0.0980952 0.8 0.0980952 0.85 0.06 0.9 0.06 0.9 0.0619047 0.85 0.06 0.9 0.0619047 0.85 0.0619048 0.85 0.0619048 0.9 0.0619047 0.9 0.0638095 0.85 0.0619048 0.9 0.0638095 0.85 0.0638095 0.85 0.0638095 0.9 0.0638095 0.9 0.0657143 0.85 0.0638095 0.9 0.0657143 0.85 0.0657143 0.85 0.0657143 0.9 0.0657143 0.9 0.067619 0.85 0.0657143 0.9 0.067619 0.85 0.067619 0.85 0.067619 0.9 0.067619 0.9 0.0695238 0.85 0.067619 0.9 0.0695238 0.85 0.0695238 0.85 0.0695238 0.9 0.0695238 0.9 0.0714285 0.85 0.0695238 0.9 0.0714285 0.85 0.0714286 0.85 0.0714286 0.9 0.0714285 0.9 0.0733333 0.85 0.0714286 0.9 0.0733333 0.85 0.0733333 0.85 0.0733333 0.9 0.0733333 0.9 0.0752381 0.85 0.0733333 0.9 0.0752381 0.85 0.0752381 0.85 0.0752381 0.9 0.0752381 0.9 0.0771428 0.85 0.0752381 0.9 0.0771428 0.85 0.0771428 0.85 0.0771428 0.9 0.0771428 0.9 0.0790476 0.85 0.0771428 0.9 0.0790476 0.85 0.0790476 0.85 0.0790476 0.9 0.0790476 0.9 0.0809524 0.85 0.0790476 0.9 0.0809524 0.85 0.0809524 0.85 0.0809524 0.9 0.0809524 0.9 0.0828571 0.85 0.0809524 0.9 0.0828571 0.85 0.0828571 0.85 0.0828571 0.9 0.0828571 0.9 0.0847619 0.85 0.0828571 0.9 0.0847619 0.85 0.0847619 0.85 0.0847619 0.9 0.0847619 0.9 0.0866666 0.85 0.0847619 0.9 0.0866666 0.85 0.0866666 0.85 0.0866666 0.9 0.0866666 0.9 0.0885714 0.85 0.0866666 0.9 0.0885714 0.85 0.0885714 0.85 0.0885714 0.9 0.0885714 0.9 0.0904762 0.85 0.0885714 0.9 0.0904762 0.85 0.0904762 0.85 0.0904762 0.9 0.0904762 0.9 0.0923809 0.85 0.0904762 0.9 0.0923809 0.85 0.0923809 0.85 0.0923809 0.9 0.0923809 0.9 0.0942857 0.85 0.0923809 0.9 0.0942857 0.85 0.0942857 0.85 0.0942857 0.9 0.0942857 0.9 0.0961905 0.85 0.0942857 0.9 0.0961905 0.85 0.0961905 0.85 0.0961905 0.9 0.0961905 0.9 0.0980952 0.85 0.0961905 0.9 0.0980952 0.85 0.0980952 0.9 0.06 0.95 0.06 0.95 0.0619047 0.9 0.06 0.95 0.0619047 0.9 0.0619047 0.9 0.0619047 0.95 0.0619047 0.95 0.0638095 0.9 0.0619047 0.95 0.0638095 0.9 0.0638095 0.9 0.0638095 0.95 0.0638095 0.95 0.0657143 0.9 0.0638095 0.95 0.0657143 0.9 0.0657143 0.9 0.0657143 0.95 0.0657143 0.95 0.067619 0.9 0.0657143 0.95 0.067619 0.9 0.067619 0.9 0.067619 0.95 0.067619 0.95 0.0695238 0.9 0.067619 0.95 0.0695238 0.9 0.0695238 0.9 0.0695238 0.95 0.0695238 0.95 0.0714285 0.9 0.0695238 0.95 0.0714285 0.9 0.0714285 0.9 0.0714285 0.95 0.0714285 0.95 0.0733333 0.9 0.0714285 0.95 0.0733333 0.9 0.0733333 0.9 0.0733333 0.95 0.0733333 0.95 0.0752381 0.9 0.0733333 0.95 0.0752381 0.9 0.0752381 0.9 0.0752381 0.95 0.0752381 0.95 0.0771428 0.9 0.0752381 0.95 0.0771428 0.9 0.0771428 0.9 0.0771428 0.95 0.0771428 0.95 0.0790476 0.9 0.0771428 0.95 0.0790476 0.9 0.0790476 0.9 0.0790476 0.95 0.0790476 0.95 0.0809524 0.9 0.0790476 0.95 0.0809524 0.9 0.0809524 0.9 0.0809524 0.95 0.0809524 0.95 0.0828571 0.9 0.0809524 0.95 0.0828571 0.9 0.0828571 0.9 0.0828571 0.95 0.0828571 0.95 0.0847619 0.9 0.0828571 0.95 0.0847619 0.9 0.0847619 0.9 0.0847619 0.95 0.0847619 0.95 0.0866666 0.9 0.0847619 0.95 0.0866666 0.9 0.0866666 0.9 0.0866666 0.95 0.0866666 0.95 0.0885714 0.9 0.0866666 0.95 0.0885714 0.9 0.0885714 0.9 0.0885714 0.95 0.0885714 0.95 0.0904762 0.9 0.0885714 0.95 0.0904762 0.9 0.0904762 0.9 0.0904762 0.95 0.0904762 0.95 0.0923809 0.9 0.0904762 0.95 0.0923809 0.9 0.0923809 0.9 0.0923809 0.95 0.0923809 0.95 0.0942857 0.9 0.0923809 0.95 0.0942857 0.9 0.0942857 0.9 0.0942857 0.95 0.0942857 0.95 0.0961905 0.9 0.0942857 0.95 0.0961905 0.9 0.0961905 0.9 0.0961905 0.95 0.0961905 0.95 0.0980952 0.9 0.0961905 0.95 0.0980952 0.9 0.0980952 0.95 0.06 1 0.06 1 0.0619048 0.95 0.06 1 0.0619048 0.95 0.0619047 0.95 0.0619047 1 0.0619048 1 0.0638095 0.95 0.0619047 1 0.0638095 0.95 0.0638095 0.95 0.0638095 1 0.0638095 1 0.0657143 0.95 0.0638095 1 0.0657143 0.95 0.0657143 0.95 0.0657143 1 0.0657143 1 0.067619 0.95 0.0657143 1 0.067619 0.95 0.067619 0.95 0.067619 1 0.067619 1 0.0695238 0.95 0.067619 1 0.0695238 0.95 0.0695238 0.95 0.0695238 1 0.0695238 1 0.0714286 0.95 0.0695238 1 0.0714286 0.95 0.0714285 0.95 0.0714285 1 0.0714286 1 0.0733333 0.95 0.0714285 1 0.0733333 0.95 0.0733333 0.95 0.0733333 1 0.0733333 1 0.0752381 0.95 0.0733333 1 0.0752381 0.95 0.0752381 0.95 0.0752381 1 0.0752381 1 0.0771428 0.95 0.0752381 1 0.0771428 0.95 0.0771428 0.95 0.0771428 1 0.0771428 1 0.0790476 0.95 0.0771428 1 0.0790476 0.95 0.0790476 0.95 0.0790476 1 0.0790476 1 0.0809524 0.95 0.0790476 1 0.0809524 0.95 0.0809524 0.95 0.0809524 1 0.0809524 1 0.0828571 0.95 0.0809524 1 0.0828571 0.95 0.0828571 0.95 0.0828571 1 0.0828571 1 0.0847619 0.95 0.0828571 1 0.0847619 0.95 0.0847619 0.95 0.0847619 1 0.0847619 1 0.0866666 0.95 0.0847619 1 0.0866666 0.95 0.0866666 0.95 0.0866666 1 0.0866666 1 0.0885714 0.95 0.0866666 1 0.0885714 0.95 0.0885714 0.95 0.0885714 1 0.0885714 1 0.0904762 0.95 0.0885714 1 0.0904762 0.95 0.0904762 0.95 0.0904762 1 0.0904762 1 0.0923809 0.95 0.0904762 1 0.0923809 0.95 0.0923809 0.95 0.0923809 1 0.0923809 1 0.0942857 0.95 0.0923809 1 0.0942857 0.95 0.0942857 0.95 0.0942857 1 0.0942857 1 0.0961905 0.95 0.0942857 1 0.0961905 0.95 0.0961905 0.95 0.0961905 1 0.0961905 1 0.0980952 0.95 0.0961905 1 0.0980952 0.95 0.0980952 0.298413 0.067619 0.3 0.0657142 0.3 0.067619 0.275 0.0866666 0.27619 0.0860317 0.27619 0.0866666 0.297619 0.0695238 0.297619 0.0685714 0.298413 0.067619 0.298413 0.067619 0.3 0.067619 0.3 0.0695238 0.298413 0.067619 0.3 0.0695238 0.297619 0.0695238 0.27381 0.0885714 0.27381 0.0873016 0.275 0.0866666 0.275 0.0866666 0.27619 0.0866666 0.27619 0.0885714 0.275 0.0866666 0.27619 0.0885714 0.27381 0.0885714 0.254762 0.0974603 0.257143 0.0961905 0.257143 0.0980952 0.254762 0.0974603 0.257143 0.0980952 0.254762 0.0980952 0.302525 0.0619047 0.303809 0.06 0.303809 0.0619047 0.288095 0.0771428 0.290476 0.0752381 0.290476 0.0771428 0.301905 0.0638095 0.301905 0.0628319 0.302525 0.0619047 0.302525 0.0619047 0.303809 0.0619047 0.303809 0.0638095 0.302525 0.0619047 0.303809 0.0638095 0.301905 0.0638095 0.269048 0.0898413 0.271428 0.0885714 0.271428 0.0904762 0.269048 0.0898413 0.271428 0.0904762 0.269048 0.0904762 0.283333 0.0809524 0.285714 0.0790476 0.285714 0.0809524 0.264286 0.0923809 0.266667 0.0911111 0.266667 0.0923809 0.292857 0.0733333 0.295238 0.0714285 0.295238 0.0733333 0.278571 0.0847619 0.280952 0.0828571 0.280952 0.0847619 0.260714 0.0942857 0.261905 0.0936508 0.261905 0.0942857 0.259524 0.0961905 0.259524 0.0949206 0.260714 0.0942857 0.260714 0.0942857 0.261905 0.0942857 0.261905 0.0961905 0.260714 0.0942857 0.261905 0.0961905 0.259524 0.0961905 0.303809 0.0566667 0.302575 0.06 0.301905 0.06 0.303809 0.0566667 0.301905 0.06 0.301905 0.0566667 0.305714 0.053515 0.303809 0.0566667 0.303809 0.0533333 0.305714 0.053515 0.303809 0.0533333 0.305714 0.0533333 0.301287 0.1 0.301905 0.0986401 0.301905 0.1 0.320952 0.0751548 0.322857 0.0733333 0.322857 0.0752381 0.320952 0.0751548 0.322857 0.0752381 0.320952 0.0752381 0.307536 0.0885714 0.307619 0.0884848 0.307619 0.0885714 0.334286 0.0656697 0.33619 0.064405 0.33619 0.0657143 0.334286 0.0656697 0.33619 0.0657143 0.334286 0.0657143 0.31695 0.0790476 0.317143 0.0788581 0.317143 0.0790476 0.307619 0.0885714 0.307619 0.0884848 0.309377 0.0866666 0.309377 0.0866666 0.309524 0.0866666 0.309524 0.0885714 0.309377 0.0866666 0.309524 0.0885714 0.307619 0.0885714 0.319048 0.0771428 0.319048 0.0769963 0.320866 0.0752381 0.320866 0.0752381 0.320952 0.0752381 0.320952 0.0771428 0.320866 0.0752381 0.320952 0.0771428 0.319048 0.0771428 0.317143 0.0790476 0.317143 0.0788581 0.318897 0.0771428 0.318897 0.0771428 0.319048 0.0771428 0.319048 0.0790476 0.318897 0.0771428 0.319048 0.0790476 0.317143 0.0790476 0.330476 0.0695238 0.330476 0.068229 0.331379 0.067619 0.331379 0.067619 0.332381 0.067619 0.332381 0.0695238 0.331379 0.067619 0.332381 0.0695238 0.330476 0.0695238 0.30481 0.0923809 0.305714 0.0904762 0.305714 0.0923809 0.303915 0.0942857 0.30481 0.0923809 0.305714 0.0923809 0.303915 0.0942857 0.305714 0.0923809 0.305714 0.0942857 0.325698 0.0714285 0.326667 0.0707839 0.326667 0.0714285 0.30381 0.0961905 0.30381 0.0945112 0.303915 0.0942857 0.303915 0.0942857 0.305714 0.0942857 0.305714 0.0961905 0.303915 0.0942857 0.305714 0.0961905 0.30381 0.0961905 0.326667 0.0707839 0.328571 0.0695238 0.328571 0.0714285 0.326667 0.0707839 0.328571 0.0714285 0.326667 0.0714285 0.315025 0.0809524 0.315238 0.0807406 0.315238 0.0809524 0.313333 0.0828571 0.313333 0.0826442 0.315025 0.0809524 0.315025 0.0809524 0.315238 0.0809524 0.315238 0.0828571 0.315025 0.0809524 0.315238 0.0828571 0.313333 0.0828571 0.337092 0.0638095 0.338095 0.06315 0.338095 0.0638095 0.322857 0.0733333 0.324762 0.0720537 0.324762 0.0733333 0.309377 0.0866666 0.309524 0.0865159 0.309524 0.0866666 0.33619 0.0657143 0.33619 0.064405 0.337092 0.0638095 0.337092 0.0638095 0.338095 0.0638095 0.338095 0.0657143 0.337092 0.0638095 0.338095 0.0657143 0.33619 0.0657143 0.309524 0.0866666 0.309524 0.0865159 0.311239 0.0847619 0.311239 0.0847619 0.311429 0.0847619 0.311429 0.0866667 0.311239 0.0847619 0.311429 0.0866667 0.309524 0.0866666 0.311239 0.0847619 0.311429 0.0845692 0.311429 0.0847619 0.320866 0.0752381 0.320952 0.0751548 0.320952 0.0752381 0.301905 0.1 0.301905 0.0986401 0.302154 0.0980952 0.302154 0.0980952 0.30381 0.0980952 0.30381 0.1 0.302154 0.0980952 0.30381 0.1 0.301905 0.1 0.334219 0.0657143 0.334286 0.0656697 0.334286 0.0657143 0.30303 0.0961905 0.30381 0.0945112 0.30381 0.0961905 0.3 0.15 0.3 0.103225 0.301287 0.1 0.301287 0.1 0.301905 0.1 0.301905 0.15 0.301287 0.1 0.301905 0.15 0.3 0.15 0.332381 0.067619 0.332381 0.0669444 0.334219 0.0657143 0.334219 0.0657143 0.334286 0.0657143 0.334286 0.067619 0.334219 0.0657143 0.334286 0.067619 0.332381 0.067619 0.313122 0.0828571 0.313333 0.0826442 0.313333 0.0828571 0.318897 0.0771428 0.319048 0.0769963 0.319048 0.0771428 0.305714 0.0904762 0.307536 0.0885714 0.307619 0.0885714 0.305714 0.0904762 0.307619 0.0885714 0.307619 0.0904762 0.331379 0.067619 0.332381 0.0669444 0.332381 0.067619 0.315238 0.0809524 0.315238 0.0807406 0.31695 0.0790476 0.31695 0.0790476 0.317143 0.0790476 0.317143 0.0809523 0.31695 0.0790476 0.317143 0.0809523 0.315238 0.0809524 0.328571 0.0695238 0.330476 0.068229 0.330476 0.0695238 0.338095 0.06315 0.34 0.0619047 0.34 0.0638095 0.338095 0.06315 0.34 0.0638095 0.338095 0.0638095 0.302154 0.0980952 0.30303 0.0961905 0.30381 0.0961905 0.302154 0.0980952 0.30381 0.0961905 0.30381 0.0980952 0.324762 0.0733333 0.324762 0.0720537 0.325698 0.0714285 0.325698 0.0714285 0.326667 0.0714285 0.326667 0.0733333 0.325698 0.0714285 0.326667 0.0733333 0.324762 0.0733333 0.311429 0.0847619 0.311429 0.0845692 0.313122 0.0828571 0.313122 0.0828571 0.313333 0.0828571 0.313333 0.0847619 0.313122 0.0828571 0.313333 0.0847619 0.311429 0.0847619 0.45 1 0.45 1 0.446667 1 0.45 1 0.446667 1 0.446667 1 0.453333 1 0.453333 1 0.45 1 0.453333 1 0.45 1 0.45 1 0.456667 1 0.456667 1 0.453333 1 0.456667 1 0.453333 1 0.453333 1 0.456667 1 0.456667 1 0.453333 1 0.456667 1 0.453333 1 0.453333 1 0.456667 1 0.456667 1 0.453333 1 0.456667 1 0.453333 1 0.453333 1 0.456667 1 0.456667 1 0.453333 1 0.456667 1 0.453333 1 0.453333 1 0.456667 1 0.456667 1 0.453333 1 0.456667 1 0.453333 1 0.453333 1 0.456667 1 0.456667 1 0.453333 1 0.456667 1 0.453333 1 0.453333 1 0.456667 1 0.456667 1 0.453333 1 0.456667 1 0.453333 1 0.453333 1 0.46 1 0.46 1 0.456667 1 0.46 1 0.456667 1 0.456667 1 0.46 1 0.46 1 0.456667 1 0.46 1 0.456667 1 0.456667 1 0.46 1 0.46 1 0.456667 1 0.46 1 0.456667 1 0.456667 1 0.46 1 0.46 1 0.456667 1 0.46 1 0.456667 1 0.456667 1 0.46 1 0.46 1 0.456667 1 0.46 1 0.456667 1 0.456667 1 0.46 1 0.46 1 0.456667 1 0.46 1 0.456667 1 0.456667 1 0.46 1 0.46 1 0.456667 1 0.46 1 0.456667 1 0.456667 1 0.46 1 0.475 1 0.475 1 0.46 1 0.475 1 0.46 1 0.46 1 0.475 1 0.475 1 0.46 1 0.475 1 0.46 1 0.46 1 0.475 1 0.475 1 0.46 1 0.475 1 0.46 1 0.46 1 0.475 1 0.475 1 0.46 1 0.475 1 0.46 1 0.46 1 0.475 1 0.475 1 0.46 1 0.475 1 0.46 1 0.46 1 0.475 1 0.475 1 0.46 1 0.475 1 0.46 1 0.46 1 0.475 1 0.475 1 0.46 1 0.475 1 0.46 1 0.475 1 0.49875 1 0.49875 1 0.475 1 0.49875 1 0.475 1 0.475 1 0.49875 1 0.49875 1 0.475 1 0.49875 1 0.475 1 0.475 1 0.49875 1 0.49875 1 0.475 1 0.49875 1 0.475 1 0.475 1 0.49875 1 0.49875 1 0.475 1 0.49875 1 0.475 1 0.475 1 0.49875 1 0.49875 1 0.475 1 0.49875 1 0.475 1 0.475 1 0.49875 1 0.49875 1 0.475 1 0.49875 1 0.475 1 0.475 1 0.49875 1 0.49875 1 0.475 1 0.49875 1 0.475 1</float_array>
                    <technique_common>
                        <accessor count="16761" source="#shape0-lib-map-array" stride="2">
                            <param name="U" type="float"/>
                            <param name="V" type="float"/>
                        </accessor>
                    </technique_common>
                </source>
                <vertices id="shape0-lib-vertices">
                    <input semantic="POSITION" source="#shape0-lib-positions"/>
                </vertices>
                <triangles count="5587" material="material0">
                    <input offset="0" semantic="VERTEX" source="#shape0-lib-vertices"/>
                    <input offset="1" semantic="COLOR" source="#shape0-lib-vcolor"/>
                    <input offset="2" semantic="NORMAL" source="#shape0-lib-normals"/>
                    <input offset="3" semantic="TEXCOORD" source="#shape0-lib-map"/>
                    <p>1 1 0 0 2 2 0 1 3 3 0 2 1 1 1 3 3 3 1 4 0 0 1 5 5 5 2 6 6 6 2 7 7 7 2 8 5 5 3 9 7 7 3 10 4 4 3 11 9 9 4 12 10 10 4 13 11 11 4 14 9 9 5 15 11 11 5 16 8 8 5 17 395 395 6 18 396 396 6 19 38 38 6 20 395 395 7 21 38 38 7 22 118 118 7 23 313 313 8 24 259 259 8 25 261 261 8 26 263 263 9 27 262 262 9 28 315 315 9 29 273 273 10 30 282 282 10 31 317 317 10 32 37 37 11 33 253 253 11 34 164 164 11 35 37 37 12 36 164 164 12 37 254 254 12 38 250 250 13 39 32 32 13 40 163 163 13 41 32 32 14 42 255 255 14 43 163 163 14 44 318 318 15 45 279 279 15 46 283 283 15 47 319 319 16 48 287 287 16 49 285 285 16 50 152 152 17 51 257 257 17 52 256 256 17 53 251 251 18 54 16 16 18 55 252 252 18 56 152 152 19 57 256 256 19 58 251 251 19 59 152 152 20 60 251 251 20 61 252 252 20 62 16 16 21 63 251 251 21 64 256 256 21 65 24 24 22 66 258 258 22 67 151 151 22 68 24 24 23 69 151 151 23 70 249 249 23 71 289 289 24 72 288 288 24 73 320 320 24 74 307 307 25 75 322 322 25 76 309 309 25 77 323 323 26 78 310 310 26 79 311 311 26 80 398 398 27 81 399 399 27 82 132 132 27 83 398 398 28 84 132 132 28 85 133 133 28 86 399 399 29 87 400 400 29 88 131 131 29 89 399 399 30 90 131 131 30 91 132 132 30 92 400 400 31 93 401 401 31 94 130 130 31 95 400 400 32 96 130 130 32 97 131 131 32 98 401 401 33 99 402 402 33 100 129 129 33 101 401 401 34 102 129 129 34 103 130 130 34 104 403 403 35 105 404 404 35 106 127 127 35 107 403 403 36 108 127 127 36 109 128 128 36 110 417 417 37 111 405 405 37 112 126 126 37 113 417 417 38 114 126 126 38 115 374 374 38 116 414 414 39 117 406 406 39 118 125 125 39 119 414 414 40 120 125 125 40 121 328 328 40 122 406 406 41 123 407 407 41 124 124 124 41 125 406 406 42 126 124 124 42 127 125 125 42 128 416 416 43 129 408 408 43 130 123 123 43 131 416 416 44 132 123 123 44 133 337 337 44 134 415 415 45 135 409 409 45 136 122 122 45 137 415 415 46 138 122 122 46 139 333 333 46 140 410 410 47 141 411 411 47 142 120 120 47 143 410 410 48 144 120 120 48 145 121 121 48 146 411 411 49 147 412 412 49 148 119 119 49 149 411 411 50 150 119 119 50 151 120 120 50 152 412 412 51 153 395 395 51 154 118 118 51 155 412 412 52 156 118 118 52 157 119 119 52 158 226 226 53 159 231 231 53 160 230 230 53 161 226 226 54 162 230 230 54 163 227 227 54 164 215 215 55 165 229 229 55 166 228 228 55 167 215 215 56 168 228 228 56 169 216 216 56 170 229 229 57 171 225 225 57 172 224 224 57 173 229 229 58 174 224 224 58 175 228 228 58 176 225 225 59 177 226 226 59 178 227 227 59 179 225 225 60 180 227 227 60 181 224 224 60 182 405 405 61 183 414 414 61 184 328 328 61 185 405 405 62 186 328 328 62 187 126 126 62 188 408 408 63 189 415 415 63 190 333 333 63 191 408 408 64 192 333 333 64 193 123 123 64 194 407 407 65 195 416 416 65 196 337 337 65 197 407 407 66 198 337 337 66 199 124 124 66 200 108 108 67 201 338 338 67 202 370 370 67 203 108 108 68 204 370 370 68 205 361 361 68 206 107 107 69 207 334 334 69 208 369 369 69 209 107 107 70 210 369 369 70 211 362 362 70 212 110 110 71 213 329 329 71 214 368 368 71 215 110 110 72 216 368 368 72 217 359 359 72 218 103 103 73 219 102 102 73 220 349 349 73 221 103 103 74 222 349 349 74 223 366 366 74 224 104 104 75 225 103 103 75 226 366 366 75 227 104 104 76 228 366 366 76 229 365 365 76 230 105 105 77 231 104 104 77 232 365 365 77 233 105 105 78 234 365 365 78 235 364 364 78 236 334 334 79 237 106 106 79 238 363 363 79 239 334 334 80 240 363 363 80 241 369 369 80 242 338 338 81 243 107 107 81 244 362 362 81 245 338 338 82 246 362 362 82 247 370 370 82 248 109 109 83 249 108 108 83 250 361 361 83 251 109 109 84 252 361 361 84 253 360 360 84 254 329 329 85 255 109 109 85 256 360 360 85 257 329 329 86 258 360 360 86 259 368 368 86 260 375 375 87 261 110 110 87 262 359 359 87 263 375 375 88 264 359 359 88 265 385 385 88 266 112 112 89 267 111 111 89 268 358 358 89 269 112 112 90 270 358 358 90 271 357 357 90 272 114 114 91 273 113 113 91 274 356 356 91 275 114 114 92 276 356 356 92 277 355 355 92 278 115 115 93 279 114 114 93 280 355 355 93 281 115 115 94 282 355 355 94 283 354 354 94 284 116 116 95 285 115 115 95 286 354 354 95 287 116 116 96 288 354 354 96 289 353 353 96 290 117 117 97 291 116 116 97 292 353 353 97 293 117 117 98 294 353 353 98 295 352 352 98 296 102 102 99 297 36 36 99 298 350 350 99 299 102 102 100 300 350 350 100 301 349 349 100 302 111 111 101 303 375 375 101 304 385 385 101 305 111 111 102 306 385 385 102 307 358 358 102 308 404 404 103 309 417 417 103 310 374 374 103 311 404 404 104 312 374 374 104 313 127 127 104 314 106 106 105 315 389 389 105 316 394 394 105 317 106 106 106 318 394 394 106 319 363 363 106 320 98 98 107 321 390 390 107 322 393 393 107 323 98 98 108 324 393 393 108 325 346 346 108 326 85 85 109 327 391 391 109 328 390 390 109 329 85 85 110 330 390 390 110 331 98 98 110 332 346 346 111 333 393 393 111 334 389 389 111 335 346 346 112 336 389 389 112 337 106 106 112 338 409 409 113 339 418 418 113 340 388 388 113 341 409 409 114 342 388 388 114 343 122 122 114 344 122 122 115 345 388 388 115 346 387 387 115 347 122 122 116 348 387 387 116 349 135 135 116 350 135 135 117 351 387 387 117 352 386 386 117 353 135 135 118 354 386 386 118 355 140 140 118 356 422 422 119 357 423 423 119 358 424 424 119 359 422 422 120 360 424 424 120 361 421 421 120 362 450 450 121 363 452 452 121 364 451 451 121 365 450 450 122 366 451 451 122 367 449 449 122 368 2384 2384 123 369 448 448 123 370 447 447 123 371 2384 2384 124 372 447 447 124 373 2385 2385 124 374 464 464 125 375 442 442 125 376 441 441 125 377 464 464 126 378 441 441 126 379 463 463 126 380 436 436 127 381 437 437 127 382 438 438 127 383 436 436 128 384 438 438 128 385 435 435 128 386 460 460 129 387 433 433 129 388 434 434 129 389 460 460 130 390 434 434 130 391 459 459 130 392 466 466 131 393 431 431 131 394 432 432 131 395 466 466 132 396 432 432 132 397 465 465 132 398 426 426 133 399 428 428 133 400 427 427 133 401 426 426 134 402 427 427 134 403 425 425 134 404 431 431 135 405 460 460 135 406 459 459 135 407 431 431 136 408 459 459 136 409 432 432 136 410 439 439 137 411 464 464 137 412 463 463 137 413 439 439 138 414 463 463 138 415 440 440 138 416 65 65 139 417 13 13 139 418 421 421 139 419 65 65 140 420 421 421 140 421 424 424 140 422 2425 2425 141 423 2464 2464 141 424 34 34 141 425 2425 2425 142 426 34 34 142 427 81 81 142 428 64 64 143 429 65 65 143 430 424 424 143 431 64 64 144 432 424 424 144 433 425 425 144 434 2465 2465 145 435 2425 2425 145 436 81 81 145 437 2465 2465 146 438 81 81 146 439 82 82 146 440 63 63 147 441 64 64 147 442 425 425 147 443 63 63 148 444 425 425 148 445 427 427 148 446 2485 2485 149 447 2465 2465 149 448 82 82 149 449 2485 2485 150 450 82 82 150 451 83 83 150 452 62 62 151 453 63 63 151 454 427 427 151 455 62 62 152 456 427 427 152 457 429 429 152 458 2505 2505 153 459 2485 2485 153 460 83 83 153 461 2505 2505 154 462 83 83 154 463 84 84 154 464 2545 2545 155 465 2525 2525 155 466 391 391 155 467 2545 2545 156 468 391 391 156 469 85 85 156 470 61 61 157 471 392 392 157 472 465 465 157 473 61 61 158 474 465 465 158 475 432 432 158 476 336 336 159 477 61 61 159 478 432 432 159 479 336 336 160 480 432 432 160 481 459 459 160 482 2565 2565 161 483 2545 2545 161 484 85 85 161 485 2565 2565 162 486 85 85 162 487 335 335 162 488 2585 2585 163 489 2565 2565 163 490 335 335 163 491 2585 2585 164 492 335 335 164 493 86 86 164 494 60 60 165 495 336 336 165 496 459 459 165 497 60 60 166 498 459 459 166 499 434 434 166 500 340 340 167 501 60 60 167 502 434 434 167 503 340 340 168 504 434 434 168 505 461 461 168 506 2605 2605 169 507 2585 2585 169 508 86 86 169 509 2605 2605 170 510 86 86 170 511 339 339 170 512 58 58 171 513 59 59 171 514 435 435 171 515 58 58 172 516 435 435 172 517 438 438 172 518 2625 2625 173 519 2664 2664 173 520 87 87 173 521 2625 2625 174 522 87 87 174 523 88 88 174 524 2664 2664 175 525 2605 2605 175 526 339 339 175 527 2664 2664 176 528 339 339 176 529 87 87 176 530 59 59 177 531 340 340 177 532 461 461 177 533 59 59 178 534 461 461 178 535 435 435 178 536 331 331 179 537 58 58 179 538 438 438 179 539 331 331 180 540 438 438 180 541 457 457 180 542 2665 2665 181 543 2625 2625 181 544 88 88 181 545 2665 2665 182 546 88 88 182 547 330 330 182 548 2685 2685 183 549 2665 2665 183 550 330 330 183 551 2685 2685 184 552 330 330 184 553 89 89 184 554 57 57 185 555 331 331 185 556 457 457 185 557 57 57 186 558 457 457 186 559 440 440 186 560 377 377 187 561 57 57 187 562 440 440 187 563 377 377 188 564 440 440 188 565 463 463 188 566 2705 2705 189 567 2685 2685 189 568 89 89 189 569 2705 2705 190 570 89 89 190 571 376 376 190 572 55 55 191 573 56 56 191 574 441 441 191 575 55 55 192 576 441 441 192 577 443 443 192 578 2725 2725 193 579 2764 2764 193 580 90 90 193 581 2725 2725 194 582 90 90 194 583 91 91 194 584 2764 2764 195 585 2705 2705 195 586 376 376 195 587 2764 2764 196 588 376 376 196 589 90 90 196 590 56 56 197 591 377 377 197 592 463 463 197 593 56 56 198 594 463 463 198 595 441 441 198 596 2364 2364 199 597 54 54 199 598 445 445 199 599 2364 2364 200 600 445 445 200 601 2404 2404 200 602 3850 3850 201 603 2765 2765 201 604 92 92 201 605 3850 3850 202 606 92 92 202 607 2326 2326 202 608 52 52 203 609 53 53 203 610 447 447 203 611 52 52 204 612 447 447 204 613 449 449 204 614 94 94 205 615 2805 2805 205 616 2785 2785 205 617 3886 3886 206 618 93 93 206 619 94 94 206 620 2785 2785 207 621 3886 3886 207 622 94 94 207 623 51 51 208 624 52 52 208 625 449 449 208 626 51 51 209 627 449 449 209 628 451 451 209 629 2825 2825 210 630 2805 2805 210 631 94 94 210 632 2825 2825 211 633 94 94 211 634 95 95 211 635 50 50 212 636 51 51 212 637 451 451 212 638 50 50 213 639 451 451 213 640 453 453 213 641 2845 2845 214 642 2825 2825 214 643 95 95 214 644 2845 2845 215 645 95 95 215 646 96 96 215 647 467 467 216 648 468 468 216 649 469 469 216 650 470 470 217 651 471 471 217 652 472 472 217 653 473 473 218 654 474 474 218 655 475 475 218 656 477 477 219 657 478 478 219 658 479 479 219 659 480 480 220 660 481 481 220 661 482 482 220 662 485 485 221 663 486 486 221 664 487 487 221 665 488 488 222 666 489 489 222 667 490 490 222 668 469 469 223 669 206 206 223 670 211 211 223 671 211 211 224 672 472 472 224 673 471 471 224 674 471 471 225 675 467 467 225 676 469 469 225 677 211 211 226 678 471 471 226 679 469 469 226 680 472 472 227 681 211 211 227 682 383 383 227 683 383 383 228 684 384 384 228 685 470 470 228 686 383 383 229 687 470 470 229 688 472 472 229 689 475 475 230 690 216 216 230 691 228 228 230 692 228 228 231 693 487 487 231 694 486 486 231 695 486 486 232 696 473 473 232 697 475 475 232 698 228 228 233 699 486 486 233 700 475 475 233 701 479 479 234 702 224 224 234 703 227 227 234 704 227 227 235 705 482 482 235 706 481 481 235 707 481 481 236 708 477 477 236 709 479 479 236 710 227 227 237 711 481 481 237 712 479 479 237 713 487 487 238 714 228 228 238 715 224 224 238 716 224 224 239 717 479 479 239 718 478 478 239 719 478 478 240 720 485 485 240 721 487 487 240 722 224 224 241 723 478 478 241 724 487 487 241 725 482 482 242 726 227 227 242 727 230 230 242 728 230 230 243 729 490 490 243 730 489 489 243 731 489 489 244 732 480 480 244 733 482 482 244 734 230 230 245 735 489 489 245 736 482 482 245 737 383 383 246 738 495 495 246 739 496 496 246 740 383 383 247 741 496 496 247 742 384 384 247 743 382 382 248 744 494 494 248 745 495 495 248 746 382 382 249 747 495 495 249 748 383 383 249 749 3961 3961 250 750 3968 3968 250 751 3979 3979 250 752 3961 3961 251 753 3979 3979 251 754 3977 3977 251 755 380 380 252 756 492 492 252 757 493 493 252 758 380 380 253 759 493 493 253 760 381 381 253 761 379 379 254 762 491 491 254 763 492 492 254 764 379 379 255 765 492 492 255 766 380 380 255 767 378 378 256 768 498 498 256 769 491 491 256 770 378 378 257 771 491 491 257 772 379 379 257 773 528 528 258 774 530 530 258 775 529 529 258 776 528 528 259 777 529 529 259 778 527 527 259 779 524 524 260 780 526 526 260 781 525 525 260 782 524 524 261 783 525 525 261 784 523 523 261 785 518 518 262 786 520 520 262 787 519 519 262 788 518 518 263 789 519 519 263 790 517 517 263 791 514 514 264 792 516 516 264 793 515 515 264 794 514 514 265 795 515 515 265 796 513 513 265 797 510 510 266 798 512 512 266 799 511 511 266 800 510 510 267 801 511 511 267 802 509 509 267 803 501 501 268 804 545 545 268 805 546 546 268 806 501 501 269 807 546 546 269 808 502 502 269 809 542 542 270 810 544 544 270 811 543 543 270 812 542 542 271 813 543 543 271 814 541 541 271 815 538 538 272 816 540 540 272 817 539 539 272 818 538 538 273 819 539 539 273 820 537 537 273 821 534 534 274 822 536 536 274 823 535 535 274 824 534 534 275 825 535 535 275 826 533 533 275 827 505 505 276 828 548 548 276 829 547 547 276 830 505 505 277 831 547 547 277 832 506 506 277 833 554 554 278 834 555 555 278 835 556 556 278 836 554 554 279 837 556 556 279 838 553 553 279 839 2904 2904 280 840 504 504 280 841 503 503 280 842 2904 2904 281 843 503 503 281 844 2905 2905 281 845 499 499 282 846 554 554 282 847 553 553 282 848 499 499 283 849 553 553 283 850 500 500 283 851 12 12 284 852 500 500 284 853 553 553 284 854 12 12 285 855 553 553 285 856 419 419 285 857 499 499 286 858 50 50 286 859 453 453 286 860 499 499 287 861 453 453 287 862 554 554 287 863 501 501 288 864 80 80 288 865 212 212 288 866 501 501 289 867 212 212 289 868 545 545 289 869 14 14 290 870 502 502 290 871 546 546 290 872 14 14 291 873 546 546 291 874 223 223 291 875 2405 2405 292 876 2905 2905 292 877 503 503 292 878 2405 2405 293 879 503 503 293 880 33 33 293 881 33 33 294 882 503 503 294 883 506 506 294 884 33 33 295 885 506 506 295 886 31 31 295 887 504 504 296 888 96 96 296 889 101 101 296 890 504 504 297 891 101 101 297 892 505 505 297 893 2904 2904 298 894 2845 2845 298 895 96 96 298 896 2904 2904 299 897 96 96 299 898 504 504 299 899 31 31 300 900 506 506 300 901 547 547 300 902 31 31 301 903 547 547 301 904 342 342 301 905 505 505 302 906 101 101 302 907 343 343 302 908 505 505 303 909 343 343 303 910 548 548 303 911 30 30 304 912 508 508 304 913 549 549 304 914 30 30 305 915 549 549 305 916 351 351 305 917 342 342 306 918 547 547 306 919 508 508 306 920 342 342 307 921 508 508 307 922 30 30 307 923 507 507 308 924 117 117 308 925 352 352 308 926 507 507 309 927 352 352 309 928 550 550 309 929 548 548 310 930 343 343 310 931 117 117 310 932 548 548 311 933 117 117 311 934 507 507 311 935 397 397 312 936 551 551 312 937 509 509 312 938 397 397 313 939 509 509 313 940 29 29 313 941 29 29 314 942 509 509 314 943 511 511 314 944 29 29 315 945 511 511 315 946 28 28 315 947 510 510 316 948 133 133 316 949 138 138 316 950 510 510 317 951 138 138 317 952 512 512 317 953 552 552 318 954 398 398 318 955 133 133 318 956 552 552 319 957 133 133 319 958 510 510 319 959 28 28 320 960 511 511 320 961 513 513 320 962 28 28 321 963 513 513 321 964 27 27 321 965 512 512 322 966 138 138 322 967 143 143 322 968 512 512 323 969 143 143 323 970 514 514 323 971 27 27 324 972 513 513 324 973 515 515 324 974 27 27 325 975 515 515 325 976 26 26 325 977 514 514 326 978 143 143 326 979 146 146 326 980 514 514 327 981 146 146 327 982 516 516 327 983 26 26 328 984 515 515 328 985 517 517 328 986 26 26 329 987 517 517 329 988 25 25 329 989 516 516 330 990 146 146 330 991 149 149 330 992 516 516 331 993 149 149 331 994 518 518 331 995 25 25 332 996 517 517 332 997 519 519 332 998 25 25 333 999 519 519 333 1000 23 23 333 1001 518 518 334 1002 149 149 334 1003 161 161 334 1004 518 518 335 1005 161 161 335 1006 520 520 335 1007 22 22 336 1008 521 521 336 1009 523 523 336 1010 22 22 337 1011 523 523 337 1012 21 21 337 1013 522 522 338 1014 173 173 338 1015 176 176 338 1016 522 522 339 1017 176 176 339 1018 524 524 339 1019 21 21 340 1020 523 523 340 1021 525 525 340 1022 21 21 341 1023 525 525 341 1024 20 20 341 1025 524 524 342 1026 176 176 342 1027 179 179 342 1028 524 524 343 1029 179 179 343 1030 526 526 343 1031 20 20 344 1032 525 525 344 1033 527 527 344 1034 20 20 345 1035 527 527 345 1036 19 19 345 1037 526 526 346 1038 179 179 346 1039 184 184 346 1040 526 526 347 1041 184 184 347 1042 528 528 347 1043 19 19 348 1044 527 527 348 1045 529 529 348 1046 19 19 349 1047 529 529 349 1048 18 18 349 1049 528 528 350 1050 184 184 350 1051 189 189 350 1052 528 528 351 1053 189 189 351 1054 530 530 351 1055 18 18 352 1056 529 529 352 1057 531 531 352 1058 18 18 353 1059 531 531 353 1060 17 17 353 1061 530 530 354 1062 189 189 354 1063 205 205 354 1064 530 530 355 1065 205 205 355 1066 532 532 355 1067 535 535 356 1068 474 474 356 1069 476 476 356 1070 535 535 357 1071 476 476 357 1072 533 533 357 1073 218 218 358 1074 536 536 358 1075 534 534 358 1076 218 218 359 1077 534 534 359 1078 217 217 359 1079 535 535 360 1080 537 537 360 1081 216 216 360 1082 216 216 361 1083 475 475 361 1084 474 474 361 1085 216 216 362 1086 474 474 362 1087 535 535 362 1088 219 219 363 1089 538 538 363 1090 536 536 363 1091 219 219 364 1092 536 536 364 1093 218 218 364 1094 539 539 365 1095 215 215 365 1096 216 216 365 1097 539 539 366 1098 216 216 366 1099 537 537 366 1100 220 220 367 1101 540 540 367 1102 538 538 367 1103 220 220 368 1104 538 538 368 1105 219 219 368 1106 541 541 369 1107 214 214 369 1108 215 215 369 1109 541 541 370 1110 215 215 370 1111 539 539 370 1112 221 221 371 1113 542 542 371 1114 540 540 371 1115 221 221 372 1116 540 540 372 1117 220 220 372 1118 543 543 373 1119 213 213 373 1120 214 214 373 1121 543 543 374 1122 214 214 374 1123 541 541 374 1124 222 222 375 1125 544 544 375 1126 542 542 375 1127 222 222 376 1128 542 542 376 1129 221 221 376 1130 545 545 377 1131 212 212 377 1132 213 213 377 1133 545 545 378 1134 213 213 378 1135 543 543 378 1136 223 223 379 1137 546 546 379 1138 544 544 379 1139 223 223 380 1140 544 544 380 1141 222 222 380 1142 419 419 381 1143 553 553 381 1144 556 556 381 1145 419 419 382 1146 556 556 382 1147 420 420 382 1148 454 454 383 1149 555 555 383 1150 554 554 383 1151 454 454 384 1152 554 554 384 1153 453 453 384 1154 572 572 385 1155 574 574 385 1156 573 573 385 1157 572 572 386 1158 573 573 386 1159 571 571 386 1160 568 568 387 1161 570 570 387 1162 569 569 387 1163 568 568 388 1164 569 569 388 1165 567 567 388 1166 588 588 389 1167 564 564 389 1168 563 563 389 1169 588 588 390 1170 563 563 390 1171 587 587 390 1172 578 578 391 1173 584 584 391 1174 582 582 391 1175 578 578 392 1176 582 582 392 1177 580 580 392 1178 559 559 393 1179 586 586 393 1180 585 585 393 1181 559 559 394 1182 585 585 394 1183 560 560 394 1184 589 589 395 1185 558 558 395 1186 557 557 395 1187 589 589 396 1188 557 557 396 1189 590 590 396 1190 575 575 397 1191 592 592 397 1192 591 591 397 1193 575 575 398 1194 591 591 398 1195 576 576 398 1196 558 558 399 1197 589 589 399 1198 521 521 399 1199 558 558 400 1200 521 521 400 1201 22 22 400 1202 23 23 401 1203 519 519 401 1204 590 590 401 1205 23 23 402 1206 590 590 402 1207 557 557 402 1208 324 324 403 1209 165 165 403 1210 559 559 403 1211 579 579 404 1212 281 281 404 1213 282 282 404 1214 324 324 405 1215 559 559 405 1216 579 579 405 1217 282 282 406 1218 273 273 406 1219 324 324 406 1220 579 579 407 1221 282 282 407 1222 324 324 407 1223 285 285 408 1224 577 577 408 1225 560 560 408 1226 560 560 409 1227 153 153 409 1228 319 319 409 1229 560 560 410 1230 319 319 410 1231 285 285 410 1232 327 327 411 1233 153 153 411 1234 560 560 411 1235 327 327 412 1236 560 560 412 1237 585 585 412 1238 586 586 413 1239 559 559 413 1240 165 165 413 1241 586 586 414 1242 165 165 414 1243 326 326 414 1244 561 561 415 1245 586 586 415 1246 326 326 415 1247 561 561 416 1248 326 326 416 1249 166 166 416 1250 154 154 417 1251 327 327 417 1252 585 585 417 1253 154 154 418 1254 585 585 418 1255 562 562 418 1256 373 373 419 1257 154 154 419 1258 562 562 419 1259 373 373 420 1260 562 562 420 1261 587 587 420 1262 588 588 421 1263 561 561 421 1264 166 166 421 1265 588 588 422 1266 166 166 422 1267 372 372 422 1268 156 156 423 1269 155 155 423 1270 563 563 423 1271 156 156 424 1272 563 563 424 1273 565 565 424 1274 566 566 425 1275 564 564 425 1276 167 167 425 1277 566 566 426 1278 167 167 426 1279 168 168 426 1280 564 564 427 1281 588 588 427 1282 372 372 427 1283 564 564 428 1284 372 372 428 1285 167 167 428 1286 155 155 429 1287 373 373 429 1288 587 587 429 1289 155 155 430 1290 587 587 430 1291 563 563 430 1292 158 158 431 1293 157 157 431 1294 567 567 431 1295 158 158 432 1296 567 567 432 1297 569 569 432 1298 570 570 433 1299 568 568 433 1300 169 169 433 1301 570 570 434 1302 169 169 434 1303 170 170 434 1304 159 159 435 1305 158 158 435 1306 569 569 435 1307 159 159 436 1308 569 569 436 1309 571 571 436 1310 572 572 437 1311 570 570 437 1312 170 170 437 1313 572 572 438 1314 170 170 438 1315 171 171 438 1316 160 160 439 1317 159 159 439 1318 571 571 439 1319 160 160 440 1320 571 571 440 1321 573 573 440 1322 574 574 441 1323 572 572 441 1324 171 171 441 1325 574 574 442 1326 171 171 442 1327 172 172 442 1328 161 161 443 1329 160 160 443 1330 573 573 443 1331 161 161 444 1332 573 573 444 1333 576 576 444 1334 575 575 445 1335 574 574 445 1336 172 172 445 1337 575 575 446 1338 172 172 446 1339 173 173 446 1340 592 592 447 1341 575 575 447 1342 173 173 447 1343 592 592 448 1344 173 173 448 1345 522 522 448 1346 520 520 449 1347 161 161 449 1348 576 576 449 1349 520 520 450 1350 576 576 450 1351 591 591 450 1352 281 281 451 1353 579 579 451 1354 581 581 451 1355 584 584 452 1356 578 578 452 1357 286 286 452 1358 592 592 453 1359 522 522 453 1360 521 521 453 1361 592 592 454 1362 521 521 454 1363 589 589 454 1364 622 622 455 1365 624 624 455 1366 623 623 455 1367 622 622 456 1368 623 623 456 1369 621 621 456 1370 618 618 457 1371 620 620 457 1372 619 619 457 1373 618 618 458 1374 619 619 458 1375 617 617 458 1376 610 610 459 1377 612 612 459 1378 611 611 459 1379 610 610 460 1380 611 611 460 1381 609 609 460 1382 606 606 461 1383 608 608 461 1384 607 607 461 1385 606 606 462 1386 607 607 462 1387 605 605 462 1388 636 636 463 1389 604 604 463 1390 603 603 463 1391 636 636 464 1392 603 603 464 1393 635 635 464 1394 628 628 465 1395 630 630 465 1396 629 629 465 1397 628 628 466 1398 629 629 466 1399 627 627 466 1400 599 599 467 1401 632 632 467 1402 631 631 467 1403 599 599 468 1404 631 631 468 1405 600 600 468 1406 601 601 469 1407 634 634 469 1408 633 633 469 1409 601 601 470 1410 633 633 470 1411 602 602 470 1412 638 638 471 1413 639 639 471 1414 640 640 471 1415 638 638 472 1416 640 640 472 1417 637 637 472 1418 637 637 473 1419 594 594 473 1420 593 593 473 1421 637 637 474 1422 593 593 474 1423 638 638 474 1424 2944 2944 475 1425 640 640 475 1426 639 639 475 1427 2944 2944 476 1428 639 639 476 1429 2945 2945 476 1430 641 641 477 1431 628 628 477 1432 627 627 477 1433 641 641 478 1434 627 627 478 1435 642 642 478 1436 644 644 479 1437 645 645 479 1438 646 646 479 1439 644 644 480 1440 646 646 480 1441 643 643 480 1442 643 643 481 1443 614 614 481 1444 613 613 481 1445 643 643 482 1446 613 613 482 1447 644 644 482 1448 615 615 483 1449 646 646 483 1450 645 645 483 1451 615 615 484 1452 645 645 484 1453 616 616 484 1454 54 54 485 1455 594 594 485 1456 637 637 485 1457 54 54 486 1458 637 637 486 1459 445 445 486 1460 593 593 487 1461 55 55 487 1462 443 443 487 1463 593 593 488 1464 443 443 488 1465 638 638 488 1466 3455 3455 489 1467 2925 2925 489 1468 597 597 489 1469 3455 3455 490 1470 597 597 490 1471 1787 1787 490 1472 1787 1787 491 1473 597 597 491 1474 600 600 491 1475 1787 1787 492 1476 600 600 492 1477 1807 1807 492 1478 598 598 493 1479 91 91 493 1480 99 99 493 1481 598 598 494 1482 99 99 494 1483 599 599 494 1484 2964 2964 495 1485 2725 2725 495 1486 91 91 495 1487 2964 2964 496 1488 91 91 496 1489 598 598 496 1490 1807 1807 497 1491 600 600 497 1492 631 631 497 1493 1807 1807 498 1494 631 631 498 1495 1827 1827 498 1496 599 599 499 1497 99 99 499 1498 345 345 499 1499 599 599 500 1500 345 345 500 1501 632 632 500 1502 1866 1866 501 1503 602 602 501 1504 633 633 501 1505 1866 1866 502 1506 633 633 502 1507 1867 1867 502 1508 1827 1827 503 1509 631 631 503 1510 602 602 503 1511 1827 1827 504 1512 602 602 504 1513 1866 1866 504 1514 601 601 505 1515 112 112 505 1516 357 357 505 1517 601 601 506 1518 357 357 506 1519 634 634 506 1520 632 632 507 1521 345 345 507 1522 112 112 507 1523 632 632 508 1524 112 112 508 1525 601 601 508 1526 1887 1887 509 1527 635 635 509 1528 603 603 509 1529 1887 1887 510 1530 603 603 510 1531 1907 1907 510 1532 1907 1907 511 1533 603 603 511 1534 605 605 511 1535 1907 1907 512 1536 605 605 512 1537 1927 1927 512 1538 604 604 513 1539 128 128 513 1540 136 136 513 1541 604 604 514 1542 136 136 514 1543 606 606 514 1544 636 636 515 1545 403 403 515 1546 128 128 515 1547 636 636 516 1548 128 128 516 1549 604 604 516 1550 1927 1927 517 1551 605 605 517 1552 607 607 517 1553 1927 1927 518 1554 607 607 518 1555 1947 1947 518 1556 606 606 519 1557 136 136 519 1558 141 141 519 1559 606 606 520 1560 141 141 520 1561 608 608 520 1562 1947 1947 521 1563 607 607 521 1564 609 609 521 1565 1947 1947 522 1566 609 609 522 1567 1967 1967 522 1568 608 608 523 1569 141 141 523 1570 144 144 523 1571 608 608 524 1572 144 144 524 1573 610 610 524 1574 1967 1967 525 1575 609 609 525 1576 611 611 525 1577 1967 1967 526 1578 611 611 526 1579 1987 1987 526 1580 610 610 527 1581 144 144 527 1582 147 147 527 1583 610 610 528 1584 147 147 528 1585 612 612 528 1586 1987 1987 529 1587 611 611 529 1588 614 614 529 1589 1987 1987 530 1590 614 614 530 1591 2007 2007 530 1592 612 612 531 1593 147 147 531 1594 156 156 531 1595 612 612 532 1596 156 156 532 1597 613 613 532 1598 2007 2007 533 1599 614 614 533 1600 643 643 533 1601 2007 2007 534 1602 643 643 534 1603 2027 2027 534 1604 613 613 535 1605 156 156 535 1606 565 565 535 1607 613 613 536 1608 565 565 536 1609 644 644 536 1610 2066 2066 537 1611 646 646 537 1612 615 615 537 1613 2066 2066 538 1614 615 615 538 1615 2067 2067 538 1616 2067 2067 539 1617 615 615 539 1618 617 617 539 1619 2067 2067 540 1620 617 617 540 1621 2087 2087 540 1622 616 616 541 1623 168 168 541 1624 174 174 541 1625 616 616 542 1626 174 174 542 1627 618 618 542 1628 645 645 543 1629 566 566 543 1630 168 168 543 1631 645 645 544 1632 168 168 544 1633 616 616 544 1634 2087 2087 545 1635 617 617 545 1636 619 619 545 1637 2087 2087 546 1638 619 619 546 1639 2107 2107 546 1640 618 618 547 1641 174 174 547 1642 177 177 547 1643 618 618 548 1644 177 177 548 1645 620 620 548 1646 2107 2107 549 1647 619 619 549 1648 621 621 549 1649 2107 2107 550 1650 621 621 550 1651 2127 2127 550 1652 620 620 551 1653 177 177 551 1654 182 182 551 1655 620 620 552 1656 182 182 552 1657 622 622 552 1658 2127 2127 553 1659 621 621 553 1660 623 623 553 1661 2127 2127 554 1662 623 623 554 1663 2147 2147 554 1664 622 622 555 1665 182 182 555 1666 187 187 555 1667 622 622 556 1668 187 187 556 1669 624 624 556 1670 2147 2147 557 1671 623 623 557 1672 625 625 557 1673 2147 2147 558 1674 625 625 558 1675 2167 2167 558 1676 624 624 559 1677 187 187 559 1678 200 200 559 1679 624 624 560 1680 200 200 560 1681 626 626 560 1682 629 629 561 1683 207 207 561 1684 206 206 561 1685 629 629 562 1686 206 206 562 1687 627 627 562 1688 231 231 563 1689 630 630 563 1690 628 628 563 1691 231 231 564 1692 628 628 564 1693 230 230 564 1694 627 627 565 1695 206 206 565 1696 469 469 565 1697 642 642 566 1698 627 627 566 1699 469 469 566 1700 468 468 567 1701 483 483 567 1702 642 642 567 1703 469 469 568 1704 468 468 568 1705 642 642 568 1706 490 490 569 1707 230 230 569 1708 628 628 569 1709 488 488 570 1710 490 490 570 1711 628 628 570 1712 628 628 571 1713 641 641 571 1714 484 484 571 1715 628 628 572 1716 484 484 572 1717 488 488 572 1718 444 444 573 1719 639 639 573 1720 638 638 573 1721 444 444 574 1722 638 638 574 1723 443 443 574 1724 483 483 575 1725 484 484 575 1726 641 641 575 1727 483 483 576 1728 641 641 576 1729 642 642 576 1730 566 566 577 1731 645 645 577 1732 644 644 577 1733 566 566 578 1734 644 644 578 1735 565 565 578 1736 2047 2047 579 1737 568 568 579 1738 567 567 579 1739 2047 2047 580 1740 567 567 580 1741 2046 2046 580 1742 658 658 581 1743 660 660 581 1744 659 659 581 1745 658 658 582 1746 659 659 582 1747 657 657 582 1748 668 668 583 1749 656 656 583 1750 655 655 583 1751 668 668 584 1752 655 655 584 1753 667 667 584 1754 651 651 585 1755 664 664 585 1756 663 663 585 1757 651 651 586 1758 663 663 586 1759 652 652 586 1760 653 653 587 1761 666 666 587 1762 665 665 587 1763 653 653 588 1764 665 665 588 1765 654 654 588 1766 670 670 589 1767 671 671 589 1768 672 672 589 1769 670 670 590 1770 672 672 590 1771 669 669 590 1772 671 671 591 1773 648 648 591 1774 647 647 591 1775 671 671 592 1776 647 647 592 1777 672 672 592 1778 2984 2984 593 1779 670 670 593 1780 669 669 593 1781 2984 2984 594 1782 669 669 594 1783 2985 2985 594 1784 392 392 595 1785 648 648 595 1786 671 671 595 1787 392 392 596 1788 671 671 596 1789 465 465 596 1790 647 647 597 1791 62 62 597 1792 429 429 597 1793 647 647 598 1794 429 429 598 1795 672 672 598 1796 650 650 599 1797 84 84 599 1798 97 97 599 1799 650 650 600 1800 97 97 600 1801 651 651 600 1802 2525 2525 601 1803 2965 2965 601 1804 649 649 601 1805 2525 2525 602 1806 649 649 602 1807 391 391 602 1808 3004 3004 603 1809 2505 2505 603 1810 84 84 603 1811 3004 3004 604 1812 84 84 604 1813 650 650 604 1814 391 391 605 1815 649 649 605 1816 652 652 605 1817 391 391 606 1818 652 652 606 1819 390 390 606 1820 651 651 607 1821 97 97 607 1822 347 347 607 1823 651 651 608 1824 347 347 608 1825 664 664 608 1826 390 390 609 1827 652 652 609 1828 663 663 609 1829 390 390 610 1830 663 663 610 1831 393 393 610 1832 653 653 611 1833 105 105 611 1834 364 364 611 1835 653 653 612 1836 364 364 612 1837 666 666 612 1838 664 664 613 1839 347 347 613 1840 105 105 613 1841 664 664 614 1842 105 105 614 1843 653 653 614 1844 389 389 615 1845 654 654 615 1846 665 665 615 1847 389 389 616 1848 665 665 616 1849 394 394 616 1850 393 393 617 1851 663 663 617 1852 654 654 617 1853 393 393 618 1854 654 654 618 1855 389 389 618 1856 656 656 619 1857 121 121 619 1858 134 134 619 1859 656 656 620 1860 134 134 620 1861 658 658 620 1862 668 668 621 1863 410 410 621 1864 121 121 621 1865 668 668 622 1866 121 121 622 1867 656 656 622 1868 418 418 623 1869 667 667 623 1870 655 655 623 1871 418 418 624 1872 655 655 624 1873 388 388 624 1874 388 388 625 1875 655 655 625 1876 657 657 625 1877 388 388 626 1878 657 657 626 1879 387 387 626 1880 658 658 627 1881 134 134 627 1882 139 139 627 1883 658 658 628 1884 139 139 628 1885 660 660 628 1886 387 387 629 1887 657 657 629 1888 659 659 629 1889 387 387 630 1890 659 659 630 1891 386 386 630 1892 311 311 631 1893 662 662 631 1894 660 660 631 1895 660 660 632 1896 139 139 632 1897 323 323 632 1898 660 660 633 1899 323 323 633 1900 311 311 633 1901 309 309 634 1902 322 322 634 1903 140 140 634 1904 386 386 635 1905 659 659 635 1906 661 661 635 1907 309 309 636 1908 140 140 636 1909 386 386 636 1910 386 386 637 1911 661 661 637 1912 309 309 637 1913 430 430 638 1914 669 669 638 1915 672 672 638 1916 430 430 639 1917 672 672 639 1918 429 429 639 1919 670 670 640 1920 466 466 640 1921 465 465 640 1922 670 670 641 1923 465 465 641 1924 671 671 641 1925 678 678 642 1926 679 679 642 1927 680 680 642 1928 678 678 643 1929 680 680 643 1930 677 677 643 1931 673 673 644 1932 681 681 644 1933 682 682 644 1934 673 673 645 1935 682 682 645 1936 674 674 645 1937 685 685 646 1938 691 691 646 1939 692 692 646 1940 685 685 647 1941 692 692 647 1942 686 686 647 1943 687 687 648 1944 695 695 648 1945 696 696 648 1946 687 687 649 1947 696 696 649 1948 688 688 649 1949 697 697 650 1950 708 708 650 1951 707 707 650 1952 697 697 651 1953 707 707 651 1954 698 698 651 1955 703 703 652 1956 710 710 652 1957 709 709 652 1958 703 703 653 1959 709 709 653 1960 704 704 653 1961 675 675 654 1962 712 712 654 1963 711 711 654 1964 675 675 655 1965 711 711 655 1966 676 676 655 1967 683 683 656 1968 716 716 656 1969 715 715 656 1970 683 683 657 1971 715 715 657 1972 684 684 657 1973 3024 3024 658 1974 690 690 658 1975 689 689 658 1976 3024 3024 659 1977 689 689 659 1978 3025 3025 659 1979 681 681 660 1980 673 673 660 1981 238 238 660 1982 681 681 661 1983 238 238 661 1984 239 239 661 1985 673 673 662 1986 676 676 662 1987 237 237 662 1988 673 673 663 1989 237 237 663 1990 238 238 663 1991 40 40 664 1992 39 39 664 1993 674 674 664 1994 40 40 665 1995 674 674 665 1996 682 682 665 1997 39 39 666 1998 38 38 666 1999 675 675 666 2000 39 39 667 2001 675 675 667 2002 674 674 667 2003 38 38 668 2004 396 396 668 2005 712 712 668 2006 38 38 669 2007 712 712 669 2008 675 675 669 2009 676 676 670 2010 711 711 670 2011 413 413 670 2012 676 676 671 2013 413 413 671 2014 237 237 671 2015 685 685 672 2016 677 677 672 2017 245 245 672 2018 685 685 673 2019 245 245 673 2020 246 246 673 2021 677 677 674 2022 680 680 674 2023 244 244 674 2024 677 677 675 2025 244 244 675 2026 245 245 675 2027 47 47 676 2028 46 46 676 2029 678 678 676 2030 47 47 677 2031 678 678 677 2032 686 686 677 2033 46 46 678 2034 45 45 678 2035 679 679 678 2036 46 46 679 2037 679 679 679 2038 678 678 679 2039 680 680 680 2040 705 705 680 2041 243 243 680 2042 680 680 681 2043 243 243 681 2044 244 244 681 2045 45 45 682 2046 44 44 682 2047 706 706 682 2048 45 45 683 2049 706 706 683 2050 679 679 683 2051 687 687 684 2052 681 681 684 2053 239 239 684 2054 687 687 685 2055 239 239 685 2056 240 240 685 2057 41 41 686 2058 40 40 686 2059 682 682 686 2060 41 41 687 2061 682 682 687 2062 688 688 687 2063 716 716 688 2064 683 683 688 2065 232 232 688 2066 716 716 689 2067 232 232 689 2068 456 456 689 2069 421 421 690 2070 13 13 690 2071 684 684 690 2072 421 421 691 2073 684 684 691 2074 715 715 691 2075 691 691 692 2076 685 685 692 2077 246 246 692 2078 691 691 693 2079 246 246 693 2080 247 247 693 2081 48 48 694 2082 47 47 694 2083 686 686 694 2084 48 48 695 2085 686 686 695 2086 692 692 695 2087 695 695 696 2088 687 687 696 2089 240 240 696 2090 695 695 697 2091 240 240 697 2092 241 241 697 2093 42 42 698 2094 41 41 698 2095 688 688 698 2096 42 42 699 2097 688 688 699 2098 696 696 699 2099 3005 3005 700 2100 713 713 700 2101 455 455 700 2102 3005 3005 701 2103 455 455 701 2104 2865 2865 701 2105 697 697 702 2106 690 690 702 2107 234 234 702 2108 697 697 703 2109 234 234 703 2110 235 235 703 2111 35 35 704 2112 34 34 704 2113 689 689 704 2114 35 35 705 2115 689 689 705 2116 698 698 705 2117 2445 2445 706 2118 422 422 706 2119 714 714 706 2120 2445 2445 707 2121 714 714 707 2122 3044 3044 707 2123 699 699 708 2124 691 691 708 2125 247 247 708 2126 699 699 709 2127 247 247 709 2128 248 248 709 2129 49 49 710 2130 48 48 710 2131 692 692 710 2132 49 49 711 2133 692 692 711 2134 700 700 711 2135 701 701 712 2136 695 695 712 2137 241 241 712 2138 701 701 713 2139 241 241 713 2140 242 242 713 2141 43 43 714 2142 42 42 714 2143 696 696 714 2144 43 43 715 2145 696 696 715 2146 702 702 715 2147 708 708 716 2148 697 697 716 2149 235 235 716 2150 708 708 717 2151 235 235 717 2152 348 348 717 2153 341 341 718 2154 35 35 718 2155 698 698 718 2156 341 341 719 2157 698 698 719 2158 707 707 719 2159 703 703 720 2160 708 708 720 2161 348 348 720 2162 703 703 721 2163 348 348 721 2164 236 236 721 2165 36 36 722 2166 341 341 722 2167 707 707 722 2168 36 36 723 2169 707 707 723 2170 704 704 723 2171 350 350 724 2172 36 36 724 2173 704 704 724 2174 350 350 725 2175 704 704 725 2176 709 709 725 2177 710 710 726 2178 703 703 726 2179 236 236 726 2180 710 710 727 2181 236 236 727 2182 367 367 727 2183 455 455 728 2184 713 713 728 2185 716 716 728 2186 455 455 729 2187 716 716 729 2188 456 456 729 2189 719 719 730 2190 723 723 730 2191 726 726 730 2192 719 719 731 2193 726 726 731 2194 720 720 731 2195 724 724 732 2196 732 732 732 2197 730 730 732 2198 724 724 733 2199 730 730 733 2200 727 727 733 2201 735 735 734 2202 736 736 734 2203 737 737 734 2204 735 735 735 2205 737 737 735 2206 734 734 735 2207 721 721 736 2208 735 735 736 2209 734 734 736 2210 721 721 737 2211 734 734 737 2212 722 722 737 2213 736 736 738 2214 718 718 738 2215 717 717 738 2216 736 736 739 2217 717 717 739 2218 737 737 739 2219 717 717 740 2220 43 43 740 2221 702 702 740 2222 717 717 741 2223 702 702 741 2224 737 737 741 2225 150 150 742 2226 43 43 742 2227 717 717 742 2228 150 150 743 2229 717 717 743 2230 720 720 743 2231 719 719 744 2232 718 718 744 2233 44 44 744 2234 719 719 745 2235 44 44 745 2236 162 162 745 2237 44 44 746 2238 718 718 746 2239 736 736 746 2240 44 44 747 2241 736 736 747 2242 706 706 747 2243 320 320 748 2244 150 150 748 2245 720 720 748 2246 726 726 749 2247 291 291 749 2248 289 289 749 2249 289 289 750 2250 320 320 750 2251 720 720 750 2252 720 720 751 2253 726 726 751 2254 289 289 751 2255 283 283 752 2256 723 723 752 2257 719 719 752 2258 719 719 753 2259 162 162 753 2260 318 318 753 2261 283 283 754 2262 719 719 754 2263 318 318 754 2264 734 734 755 2265 701 701 755 2266 242 242 755 2267 734 734 756 2268 242 242 756 2269 722 722 756 2270 705 705 757 2271 735 735 757 2272 721 721 757 2273 705 705 758 2274 721 721 758 2275 243 243 758 2276 733 733 759 2277 725 725 759 2278 284 284 759 2279 290 290 760 2280 726 726 760 2281 728 728 760 2282 701 701 761 2283 734 734 761 2284 737 737 761 2285 701 701 762 2286 737 737 762 2287 702 702 762 2288 735 735 763 2289 705 705 763 2290 706 706 763 2291 735 735 764 2292 706 706 764 2293 736 736 764 2294 771 771 765 2295 772 772 765 2296 773 773 765 2297 771 771 766 2298 773 773 766 2299 770 770 766 2300 767 767 767 2301 769 769 767 2302 768 768 767 2303 767 767 768 2304 768 768 768 2305 766 766 768 2306 783 783 769 2307 761 761 769 2308 760 760 769 2309 783 783 770 2310 760 760 770 2311 782 782 770 2312 755 755 771 2313 756 756 771 2314 757 757 771 2315 755 755 772 2316 757 757 772 2317 754 754 772 2318 779 779 773 2319 752 752 773 2320 753 753 773 2321 779 779 774 2322 753 753 774 2323 778 778 774 2324 785 785 775 2325 750 750 775 2326 751 751 775 2327 785 785 776 2328 751 751 776 2329 784 784 776 2330 747 747 777 2331 748 748 777 2332 749 749 777 2333 747 747 778 2334 749 749 778 2335 746 746 778 2336 742 742 779 2337 745 745 779 2338 744 744 779 2339 742 742 780 2340 744 744 780 2341 743 743 780 2342 750 750 781 2343 779 779 781 2344 778 778 781 2345 750 750 782 2346 778 778 782 2347 751 751 782 2348 758 758 783 2349 783 783 783 2350 782 782 783 2351 758 758 784 2352 782 782 784 2353 759 759 784 2354 738 738 785 2355 789 789 785 2356 788 788 785 2357 738 738 786 2358 788 788 786 2359 739 739 786 2360 786 786 787 2361 773 773 787 2362 772 772 787 2363 786 786 788 2364 772 772 788 2365 787 787 788 2366 791 791 789 2367 792 792 789 2368 793 793 789 2369 791 791 790 2370 793 793 790 2371 790 790 790 2372 2206 2206 791 2373 793 793 791 2374 792 792 791 2375 2206 2206 792 2376 792 792 792 2377 2207 2207 792 2378 790 790 793 2379 763 763 793 2380 762 762 793 2381 790 790 794 2382 762 762 794 2383 791 791 794 2384 795 795 795 2385 796 796 795 2386 797 797 795 2387 795 795 796 2388 797 797 796 2389 794 794 796 2390 794 794 797 2391 749 749 797 2392 748 748 797 2393 794 794 798 2394 748 748 798 2395 795 795 798 2396 796 796 799 2397 785 785 799 2398 784 784 799 2399 796 796 800 2400 784 784 800 2401 797 797 800 2402 799 799 801 2403 800 800 801 2404 801 801 801 2405 799 799 802 2406 801 801 802 2407 798 798 802 2408 774 774 803 2409 799 799 803 2410 798 798 803 2411 774 774 804 2412 798 798 804 2413 775 775 804 2414 740 740 805 2415 801 801 805 2416 800 800 805 2417 740 740 806 2418 800 800 806 2419 741 741 806 2420 739 739 807 2421 788 788 807 2422 551 551 807 2423 739 739 808 2424 551 551 808 2425 397 397 808 2426 351 351 809 2427 549 549 809 2428 789 789 809 2429 351 351 810 2430 789 789 810 2431 738 738 810 2432 740 740 811 2433 350 350 811 2434 709 709 811 2435 740 740 812 2436 709 709 812 2437 801 801 812 2438 349 349 813 2439 350 350 813 2440 740 740 813 2441 349 349 814 2442 740 740 814 2443 743 743 814 2444 742 742 815 2445 741 741 815 2446 396 396 815 2447 742 742 816 2448 396 396 816 2449 395 395 816 2450 396 396 817 2451 741 741 817 2452 800 800 817 2453 396 396 818 2454 800 800 818 2455 712 712 818 2456 366 366 819 2457 349 349 819 2458 743 743 819 2459 366 366 820 2460 743 743 820 2461 744 744 820 2462 745 745 821 2463 742 742 821 2464 395 395 821 2465 745 745 822 2466 395 395 822 2467 412 412 822 2468 747 747 823 2469 745 745 823 2470 412 412 823 2471 747 747 824 2472 412 412 824 2473 411 411 824 2474 365 365 825 2475 366 366 825 2476 744 744 825 2477 365 365 826 2478 744 744 826 2479 746 746 826 2480 748 748 827 2481 747 747 827 2482 411 411 827 2483 748 748 828 2484 411 411 828 2485 410 410 828 2486 364 364 829 2487 365 365 829 2488 746 746 829 2489 364 364 830 2490 746 746 830 2491 749 749 830 2492 795 795 831 2493 748 748 831 2494 410 410 831 2495 795 795 832 2496 410 410 832 2497 668 668 832 2498 666 666 833 2499 364 364 833 2500 749 749 833 2501 666 666 834 2502 749 749 834 2503 794 794 834 2504 750 750 835 2505 785 785 835 2506 418 418 835 2507 750 750 836 2508 418 418 836 2509 409 409 836 2510 363 363 837 2511 394 394 837 2512 784 784 837 2513 363 363 838 2514 784 784 838 2515 751 751 838 2516 369 369 839 2517 363 363 839 2518 751 751 839 2519 369 369 840 2520 751 751 840 2521 778 778 840 2522 779 779 841 2523 750 750 841 2524 409 409 841 2525 779 779 842 2526 409 409 842 2527 415 415 842 2528 752 752 843 2529 779 779 843 2530 415 415 843 2531 752 752 844 2532 415 415 844 2533 408 408 844 2534 362 362 845 2535 369 369 845 2536 778 778 845 2537 362 362 846 2538 778 778 846 2539 753 753 846 2540 370 370 847 2541 362 362 847 2542 753 753 847 2543 370 370 848 2544 753 753 848 2545 780 780 848 2546 781 781 849 2547 752 752 849 2548 408 408 849 2549 781 781 850 2550 408 408 850 2551 416 416 850 2552 756 756 851 2553 755 755 851 2554 407 407 851 2555 756 756 852 2556 407 407 852 2557 406 406 852 2558 360 360 853 2559 361 361 853 2560 754 754 853 2561 360 360 854 2562 754 754 854 2563 757 757 854 2564 755 755 855 2565 781 781 855 2566 416 416 855 2567 755 755 856 2568 416 416 856 2569 407 407 856 2570 361 361 857 2571 370 370 857 2572 780 780 857 2573 361 361 858 2574 780 780 858 2575 754 754 858 2576 368 368 859 2577 360 360 859 2578 757 757 859 2579 368 368 860 2580 757 757 860 2581 776 776 860 2582 777 777 861 2583 756 756 861 2584 406 406 861 2585 777 777 862 2586 406 406 862 2587 414 414 862 2588 758 758 863 2589 777 777 863 2590 414 414 863 2591 758 758 864 2592 414 414 864 2593 405 405 864 2594 359 359 865 2595 368 368 865 2596 776 776 865 2597 359 359 866 2598 776 776 866 2599 759 759 866 2600 385 385 867 2601 359 359 867 2602 759 759 867 2603 385 385 868 2604 759 759 868 2605 782 782 868 2606 783 783 869 2607 758 758 869 2608 405 405 869 2609 783 783 870 2610 405 405 870 2611 417 417 870 2612 762 762 871 2613 761 761 871 2614 404 404 871 2615 762 762 872 2616 404 404 872 2617 403 403 872 2618 357 357 873 2619 358 358 873 2620 760 760 873 2621 357 357 874 2622 760 760 874 2623 763 763 874 2624 761 761 875 2625 783 783 875 2626 417 417 875 2627 761 761 876 2628 417 417 876 2629 404 404 876 2630 358 358 877 2631 385 385 877 2632 782 782 877 2633 358 358 878 2634 782 782 878 2635 760 760 878 2636 791 791 879 2637 762 762 879 2638 403 403 879 2639 791 791 880 2640 403 403 880 2641 636 636 880 2642 634 634 881 2643 357 357 881 2644 763 763 881 2645 634 634 882 2646 763 763 882 2647 790 790 882 2648 767 767 883 2649 765 765 883 2650 402 402 883 2651 767 767 884 2652 402 402 884 2653 401 401 884 2654 2207 2207 885 2655 792 792 885 2656 635 635 885 2657 2207 2207 886 2658 635 635 886 2659 1887 1887 886 2660 355 355 887 2661 356 356 887 2662 764 764 887 2663 355 355 888 2664 764 764 888 2665 766 766 888 2666 1867 1867 889 2667 633 633 889 2668 793 793 889 2669 1867 1867 890 2670 793 793 890 2671 2206 2206 890 2672 769 769 891 2673 767 767 891 2674 401 401 891 2675 769 769 892 2676 401 401 892 2677 400 400 892 2678 354 354 893 2679 355 355 893 2680 766 766 893 2681 354 354 894 2682 766 766 894 2683 768 768 894 2684 771 771 895 2685 769 769 895 2686 400 400 895 2687 771 771 896 2688 400 400 896 2689 399 399 896 2690 353 353 897 2691 354 354 897 2692 768 768 897 2693 353 353 898 2694 768 768 898 2695 770 770 898 2696 772 772 899 2697 771 771 899 2698 399 399 899 2699 772 772 900 2700 399 399 900 2701 398 398 900 2702 352 352 901 2703 353 353 901 2704 770 770 901 2705 352 352 902 2706 770 770 902 2707 773 773 902 2708 787 787 903 2709 772 772 903 2710 398 398 903 2711 787 787 904 2712 398 398 904 2713 552 552 904 2714 550 550 905 2715 352 352 905 2716 773 773 905 2717 550 550 906 2718 773 773 906 2719 786 786 906 2720 798 798 907 2721 710 710 907 2722 367 367 907 2723 798 798 908 2724 367 367 908 2725 775 775 908 2726 711 711 909 2727 799 799 909 2728 774 774 909 2729 711 711 910 2730 774 774 910 2731 413 413 910 2732 785 785 911 2733 796 796 911 2734 667 667 911 2735 785 785 912 2736 667 667 912 2737 418 418 912 2738 394 394 913 2739 665 665 913 2740 797 797 913 2741 394 394 914 2742 797 797 914 2743 784 784 914 2744 550 550 915 2745 786 786 915 2746 789 789 915 2747 550 550 916 2748 789 789 916 2749 549 549 916 2750 634 634 917 2751 790 790 917 2752 793 793 917 2753 634 634 918 2754 793 793 918 2755 633 633 918 2756 791 791 919 2757 636 636 919 2758 635 635 919 2759 791 791 920 2760 635 635 920 2761 792 792 920 2762 666 666 921 2763 794 794 921 2764 797 797 921 2765 666 666 922 2766 797 797 922 2767 665 665 922 2768 795 795 923 2769 668 668 923 2770 667 667 923 2771 795 795 924 2772 667 667 924 2773 796 796 924 2774 710 710 925 2775 798 798 925 2776 801 801 925 2777 710 710 926 2778 801 801 926 2779 709 709 926 2780 712 712 927 2781 800 800 927 2782 799 799 927 2783 712 712 928 2784 799 799 928 2785 711 711 928 2786 835 835 929 2787 836 836 929 2788 837 837 929 2789 835 835 930 2790 837 837 930 2791 834 834 930 2792 831 831 931 2793 833 833 931 2794 832 832 931 2795 831 831 932 2796 832 832 932 2797 830 830 932 2798 843 843 933 2799 825 825 933 2800 824 824 933 2801 843 843 934 2802 824 824 934 2803 842 842 934 2804 819 819 935 2805 820 820 935 2806 821 821 935 2807 819 819 936 2808 821 821 936 2809 818 818 936 2810 815 815 937 2811 817 817 937 2812 816 816 937 2813 815 815 938 2814 816 816 938 2815 814 814 938 2816 811 811 939 2817 813 813 939 2818 812 812 939 2819 811 811 940 2820 812 812 940 2821 810 810 940 2822 806 806 941 2823 809 809 941 2824 808 808 941 2825 806 806 942 2826 808 808 942 2827 807 807 942 2828 845 845 943 2829 843 843 943 2830 842 842 943 2831 845 845 944 2832 842 842 944 2833 844 844 944 2834 846 846 945 2835 837 837 945 2836 836 836 945 2837 846 846 946 2838 836 836 946 2839 847 847 946 2840 802 802 947 2841 849 849 947 2842 848 848 947 2843 802 802 948 2844 848 848 948 2845 803 803 948 2846 851 851 949 2847 852 852 949 2848 853 853 949 2849 851 851 950 2850 853 853 950 2851 850 850 950 2852 850 850 951 2853 827 827 951 2854 826 826 951 2855 850 850 952 2856 826 826 952 2857 851 851 952 2858 2246 2246 953 2859 853 853 953 2860 852 852 953 2861 2246 2246 954 2862 852 852 954 2863 2247 2247 954 2864 855 855 955 2865 856 856 955 2866 857 857 955 2867 855 855 956 2868 857 857 956 2869 854 854 956 2870 856 856 957 2871 839 839 957 2872 838 838 957 2873 856 856 958 2874 838 838 958 2875 857 857 958 2876 804 804 959 2877 855 855 959 2878 854 854 959 2879 804 804 960 2880 854 854 960 2881 805 805 960 2882 17 17 961 2883 531 531 961 2884 849 849 961 2885 17 17 962 2886 849 849 962 2887 802 802 962 2888 803 803 963 2889 848 848 963 2890 502 502 963 2891 803 803 964 2892 502 502 964 2893 14 14 964 2894 190 190 965 2895 49 49 965 2896 804 804 965 2897 190 190 966 2898 804 804 966 2899 807 807 966 2900 806 806 967 2901 805 805 967 2902 15 15 967 2903 806 806 968 2904 15 15 968 2905 66 66 968 2906 804 804 969 2907 49 49 969 2908 700 700 969 2909 804 804 970 2910 700 700 970 2911 855 855 970 2912 15 15 971 2913 805 805 971 2914 854 854 971 2915 15 15 972 2916 854 854 972 2917 693 693 972 2918 809 809 973 2919 806 806 973 2920 66 66 973 2921 809 809 974 2922 66 66 974 2923 67 67 974 2924 191 191 975 2925 190 190 975 2926 807 807 975 2927 191 191 976 2928 807 807 976 2929 808 808 976 2930 192 192 977 2931 191 191 977 2932 808 808 977 2933 192 192 978 2934 808 808 978 2935 810 810 978 2936 811 811 979 2937 809 809 979 2938 67 67 979 2939 811 811 980 2940 67 67 980 2941 68 68 980 2942 193 193 981 2943 192 192 981 2944 810 810 981 2945 193 193 982 2946 810 810 982 2947 812 812 982 2948 813 813 983 2949 811 811 983 2950 68 68 983 2951 813 813 984 2952 68 68 984 2953 69 69 984 2954 195 195 985 2955 194 194 985 2956 814 814 985 2957 195 195 986 2958 814 814 986 2959 816 816 986 2960 817 817 987 2961 815 815 987 2962 70 70 987 2963 817 817 988 2964 70 70 988 2965 71 71 988 2966 196 196 989 2967 195 195 989 2968 816 816 989 2969 196 196 990 2970 816 816 990 2971 818 818 990 2972 819 819 991 2973 817 817 991 2974 71 71 991 2975 819 819 992 2976 71 71 992 2977 72 72 992 2978 197 197 993 2979 196 196 993 2980 818 818 993 2981 197 197 994 2982 818 818 994 2983 821 821 994 2984 820 820 995 2985 819 819 995 2986 72 72 995 2987 820 820 996 2988 72 72 996 2989 73 73 996 2990 841 841 997 2991 820 820 997 2992 73 73 997 2993 841 841 998 2994 73 73 998 2995 332 332 998 2996 325 325 999 2997 197 197 999 2998 821 821 999 2999 325 325 1000 3000 821 821 1000 3001 840 840 1000 3002 198 198 1001 3003 325 325 1001 3004 840 840 1001 3005 198 198 1002 3006 840 840 1002 3007 823 823 1002 3008 822 822 1003 3009 841 841 1003 3010 332 332 1003 3011 822 822 1004 3012 332 332 1004 3013 74 74 1004 3014 845 845 1005 3015 822 822 1005 3016 74 74 1005 3017 845 845 1006 3018 74 74 1006 3019 498 498 1006 3020 497 497 1007 3021 198 198 1007 3022 823 823 1007 3023 497 497 1008 3024 823 823 1008 3025 844 844 1008 3026 199 199 1009 3027 371 371 1009 3028 842 842 1009 3029 199 199 1010 3030 842 842 1010 3031 824 824 1010 3032 200 200 1011 3033 199 199 1011 3034 824 824 1011 3035 200 200 1012 3036 824 824 1012 3037 827 827 1012 3038 626 626 1013 3039 200 200 1013 3040 827 827 1013 3041 626 626 1014 3042 827 827 1014 3043 850 850 1014 3044 851 851 1015 3045 826 826 1015 3046 75 75 1015 3047 851 851 1016 3048 75 75 1016 3049 595 595 1016 3050 2167 2167 1017 3051 625 625 1017 3052 853 853 1017 3053 2167 2167 1018 3054 853 853 1018 3055 2246 2246 1018 3056 202 202 1019 3057 201 201 1019 3058 828 828 1019 3059 202 202 1020 3060 828 828 1020 3061 830 830 1020 3062 831 831 1021 3063 829 829 1021 3064 76 76 1021 3065 831 831 1022 3066 76 76 1022 3067 77 77 1022 3068 2247 2247 1023 3069 852 852 1023 3070 596 596 1023 3071 2247 2247 1024 3072 596 596 1024 3073 1747 1747 1024 3074 203 203 1025 3075 202 202 1025 3076 830 830 1025 3077 203 203 1026 3078 830 830 1026 3079 832 832 1026 3080 833 833 1027 3081 831 831 1027 3082 77 77 1027 3083 833 833 1028 3084 77 77 1028 3085 78 78 1028 3086 204 204 1029 3087 203 203 1029 3088 832 832 1029 3089 204 204 1030 3090 832 832 1030 3091 834 834 1030 3092 835 835 1031 3093 833 833 1031 3094 78 78 1031 3095 835 835 1032 3096 78 78 1032 3097 79 79 1032 3098 205 205 1033 3099 204 204 1033 3100 834 834 1033 3101 205 205 1034 3102 834 834 1034 3103 837 837 1034 3104 836 836 1035 3105 835 835 1035 3106 79 79 1035 3107 836 836 1036 3108 79 79 1036 3109 80 80 1036 3110 532 532 1037 3111 205 205 1037 3112 837 837 1037 3113 532 532 1038 3114 837 837 1038 3115 846 846 1038 3116 847 847 1039 3117 836 836 1039 3118 80 80 1039 3119 847 847 1040 3120 80 80 1040 3121 501 501 1040 3122 694 694 1041 3123 857 857 1041 3124 838 838 1041 3125 694 694 1042 3126 838 838 1042 3127 233 233 1042 3128 856 856 1043 3129 699 699 1043 3130 248 248 1043 3131 856 856 1044 3132 248 248 1044 3133 839 839 1044 3134 843 843 1045 3135 845 845 1045 3136 498 498 1045 3137 843 843 1046 3138 498 498 1046 3139 378 378 1046 3140 371 371 1047 3141 497 497 1047 3142 844 844 1047 3143 371 371 1048 3144 844 844 1048 3145 842 842 1048 3146 532 532 1049 3147 846 846 1049 3148 849 849 1049 3149 532 532 1050 3150 849 849 1050 3151 531 531 1050 3152 626 626 1051 3153 850 850 1051 3154 853 853 1051 3155 626 626 1052 3156 853 853 1052 3157 625 625 1052 3158 596 596 1053 3159 852 852 1053 3160 851 851 1053 3161 596 596 1054 3162 851 851 1054 3163 595 595 1054 3164 693 693 1055 3165 854 854 1055 3166 857 857 1055 3167 693 693 1056 3168 857 857 1056 3169 694 694 1056 3170 855 855 1057 3171 700 700 1057 3172 699 699 1057 3173 855 855 1058 3174 699 699 1058 3175 856 856 1058 3176 861 861 1059 3177 863 863 1059 3178 862 862 1059 3179 861 861 1060 3180 862 862 1060 3181 860 860 1060 3182 869 869 1061 3183 870 870 1061 3184 871 871 1061 3185 869 869 1062 3186 871 871 1062 3187 868 868 1062 3188 868 868 1063 3189 865 865 1063 3190 864 864 1063 3191 868 868 1064 3192 864 864 1064 3193 869 869 1064 3194 858 858 1065 3195 871 871 1065 3196 870 870 1065 3197 858 858 1066 3198 870 870 1066 3199 859 859 1066 3200 815 815 1067 3201 871 871 1067 3202 858 858 1067 3203 815 815 1068 3204 858 858 1068 3205 70 70 1068 3206 870 870 1069 3207 813 813 1069 3208 69 69 1069 3209 870 870 1070 3210 69 69 1070 3211 859 859 1070 3212 261 261 1071 3213 867 867 1071 3214 860 860 1071 3215 860 860 1072 3216 181 181 1072 3217 313 313 1072 3218 860 860 1073 3219 313 313 1073 3220 261 261 1073 3221 181 181 1074 3222 860 860 1074 3223 862 862 1074 3224 181 181 1075 3225 862 862 1075 3226 186 186 1075 3227 861 861 1076 3228 180 180 1076 3229 185 185 1076 3230 861 861 1077 3231 185 185 1077 3232 863 863 1077 3233 263 263 1078 3234 315 315 1078 3235 180 180 1078 3236 180 180 1079 3237 861 861 1079 3238 866 866 1079 3239 180 180 1080 3240 866 866 1080 3241 263 263 1080 3242 186 186 1081 3243 862 862 1081 3244 865 865 1081 3245 186 186 1082 3246 865 865 1082 3247 194 194 1082 3248 863 863 1083 3249 185 185 1083 3250 193 193 1083 3251 863 863 1084 3252 193 193 1084 3253 864 864 1084 3254 194 194 1085 3255 865 865 1085 3256 868 868 1085 3257 194 194 1086 3258 868 868 1086 3259 814 814 1086 3260 864 864 1087 3261 193 193 1087 3262 812 812 1087 3263 864 864 1088 3264 812 812 1088 3265 869 869 1088 3266 261 261 1089 3267 259 259 1089 3268 260 260 1089 3269 314 314 1090 3270 268 268 1090 3271 267 267 1090 3272 261 261 1091 3273 260 260 1091 3274 314 314 1091 3275 866 866 1092 3276 867 867 1092 3277 261 261 1092 3278 262 262 1093 3279 263 263 1093 3280 866 866 1093 3281 316 316 1094 3282 264 264 1094 3283 262 262 1094 3284 269 269 1095 3285 270 270 1095 3286 316 316 1095 3287 271 271 1096 3288 272 272 1096 3289 269 269 1096 3290 277 277 1097 3291 278 278 1097 3292 271 271 1097 3293 279 279 1098 3294 280 280 1098 3295 277 277 1098 3296 298 298 1099 3297 288 288 1099 3298 289 289 1099 3299 295 295 1100 3300 296 296 1100 3301 297 297 1100 3302 297 297 1101 3303 298 298 1101 3304 289 289 1101 3305 295 295 1102 3306 297 297 1102 3307 289 289 1102 3308 305 305 1103 3309 306 306 1103 3310 295 295 1103 3311 304 304 1104 3312 303 303 1104 3313 305 305 1104 3314 310 310 1105 3315 312 312 1105 3316 304 304 1105 3317 662 662 1106 3318 311 311 1106 3319 310 310 1106 3320 309 309 1107 3321 661 661 1107 3322 662 662 1107 3323 308 308 1108 3324 307 307 1108 3325 309 309 1108 3326 302 302 1109 3327 301 301 1109 3328 308 308 1109 3329 321 321 1110 3330 300 300 1110 3331 299 299 1110 3332 299 299 1111 3333 302 302 1111 3334 308 308 1111 3335 308 308 1112 3336 309 309 1112 3337 662 662 1112 3338 662 662 1113 3339 310 310 1113 3340 304 304 1113 3341 304 304 1114 3342 305 305 1114 3343 295 295 1114 3344 283 283 1115 3345 279 279 1115 3346 277 277 1115 3347 277 277 1116 3348 271 271 1116 3349 269 269 1116 3350 269 269 1117 3351 316 316 1117 3352 262 262 1117 3353 262 262 1118 3354 866 866 1118 3355 261 261 1118 3356 261 261 1119 3357 314 314 1119 3358 267 267 1119 3359 267 267 1120 3360 266 266 1120 3361 265 265 1120 3362 265 265 1121 3363 276 276 1121 3364 275 275 1121 3365 275 275 1122 3366 274 274 1122 3367 317 317 1122 3368 317 317 1123 3369 282 282 1123 3370 281 281 1123 3371 265 265 1124 3372 275 275 1124 3373 317 317 1124 3374 261 261 1125 3375 267 267 1125 3376 265 265 1125 3377 269 269 1126 3378 262 262 1126 3379 261 261 1126 3380 283 283 1127 3381 277 277 1127 3382 269 269 1127 3383 283 283 1128 3384 269 269 1128 3385 261 261 1128 3386 261 261 1129 3387 265 265 1129 3388 317 317 1129 3389 583 583 1130 3390 285 285 1130 3391 287 287 1130 3392 287 287 1131 3393 292 292 1131 3394 293 293 1131 3395 293 293 1132 3396 294 294 1132 3397 321 321 1132 3398 321 321 1133 3399 299 299 1133 3400 308 308 1133 3401 308 308 1134 3402 662 662 1134 3403 304 304 1134 3404 304 304 1135 3405 295 295 1135 3406 289 289 1135 3407 308 308 1136 3408 304 304 1136 3409 289 289 1136 3410 293 293 1137 3411 321 321 1137 3412 308 308 1137 3413 261 261 1138 3414 317 317 1138 3415 281 281 1138 3416 293 293 1139 3417 308 308 1139 3418 289 289 1139 3419 283 283 1140 3420 261 261 1140 3421 281 281 1140 3422 731 731 1141 3423 283 283 1141 3424 281 281 1141 3425 287 287 1142 3426 293 293 1142 3427 289 289 1142 3428 281 281 1143 3429 581 581 1143 3430 583 583 1143 3431 583 583 1144 3432 287 287 1144 3433 289 289 1144 3434 281 281 1145 3435 583 583 1145 3436 289 289 1145 3437 290 290 1146 3438 729 729 1146 3439 731 731 1146 3440 289 289 1147 3441 290 290 1147 3442 731 731 1147 3443 281 281 1148 3444 289 289 1148 3445 731 731 1148 3446 813 813 1149 3447 870 870 1149 3448 869 869 1149 3449 813 813 1150 3450 869 869 1150 3451 812 812 1150 3452 871 871 1151 3453 815 815 1151 3454 814 814 1151 3455 871 871 1152 3456 814 814 1152 3457 868 868 1152 3458 872 872 1153 3459 873 873 1153 3460 874 874 1153 3461 881 881 1154 3462 882 882 1154 3463 883 883 1154 3464 872 872 1155 3465 875 875 1155 3466 876 876 1155 3467 872 872 1156 3468 876 876 1156 3469 873 873 1156 3470 877 877 1157 3471 879 879 1157 3472 880 880 1157 3473 877 877 1158 3474 880 880 1158 3475 878 878 1158 3476 75 75 1159 3477 826 826 1159 3478 825 825 1159 3479 825 825 1160 3480 874 874 1160 3481 873 873 1160 3482 825 825 1161 3483 873 873 1161 3484 75 75 1161 3485 872 872 1162 3486 378 378 1162 3487 379 379 1162 3488 872 872 1163 3489 379 379 1163 3490 875 875 1163 3491 75 75 1164 3492 873 873 1164 3493 876 876 1164 3494 75 75 1165 3495 876 876 1165 3496 210 210 1165 3497 874 874 1166 3498 825 825 1166 3499 843 843 1166 3500 843 843 1167 3501 378 378 1167 3502 872 872 1167 3503 843 843 1168 3504 872 872 1168 3505 874 874 1168 3506 210 210 1169 3507 876 876 1169 3508 878 878 1169 3509 210 210 1170 3510 878 878 1170 3511 209 209 1170 3512 875 875 1171 3513 379 379 1171 3514 380 380 1171 3515 875 875 1172 3516 380 380 1172 3517 877 877 1172 3518 209 209 1173 3519 878 878 1173 3520 880 880 1173 3521 209 209 1174 3522 880 880 1174 3523 208 208 1174 3524 877 877 1175 3525 380 380 1175 3526 381 381 1175 3527 877 877 1176 3528 381 381 1176 3529 879 879 1176 3530 208 208 1177 3531 880 880 1177 3532 3985 3985 1177 3533 208 208 1178 3534 3985 3985 1178 3535 3984 3984 1178 3536 3975 3975 1179 3537 3961 3961 1179 3538 3977 3977 1179 3539 3975 3975 1180 3540 3977 3977 1180 3541 3981 3981 1180 3542 206 206 1181 3543 207 207 1181 3544 881 881 1181 3545 881 881 1182 3546 883 883 1182 3547 211 211 1182 3548 881 881 1183 3549 211 211 1183 3550 206 206 1183 3551 211 211 1184 3552 883 883 1184 3553 882 882 1184 3554 882 882 1185 3555 382 382 1185 3556 383 383 1185 3557 882 882 1186 3558 383 383 1186 3559 211 211 1186 3560 1449 1449 1187 3561 1445 1445 1187 3562 914 914 1187 3563 1449 1449 1188 3564 914 914 1188 3565 912 912 1188 3566 1457 1457 1189 3567 1453 1453 1189 3568 910 910 1189 3569 1457 1457 1190 3570 910 910 1190 3571 908 908 1190 3572 1579 1579 1191 3573 1575 1575 1191 3574 904 904 1191 3575 1579 1579 1192 3576 904 904 1192 3577 902 902 1192 3578 1583 1583 1193 3579 1590 1590 1193 3580 901 901 1193 3581 1583 1583 1194 3582 901 901 1194 3583 916 916 1194 3584 1599 1599 1195 3585 1595 1595 1195 3586 896 896 1195 3587 1599 1599 1196 3588 896 896 1196 3589 918 918 1196 3590 1667 1667 1197 3591 1663 1663 1197 3592 892 892 1197 3593 1667 1667 1198 3594 892 892 1198 3595 890 890 1198 3596 1658 1658 1199 3597 1659 1659 1199 3598 888 888 1199 3599 1658 1658 1200 3600 888 888 1200 3601 887 887 1200 3602 1594 1594 1201 3603 1583 1583 1201 3604 916 916 1201 3605 1594 1594 1202 3606 916 916 1202 3607 899 899 1202 3608 1606 1606 1203 3609 1599 1599 1203 3610 918 918 1203 3611 1606 1606 1204 3612 918 918 1204 3613 895 895 1204 3614 1353 1353 1205 3615 1349 1349 1205 3616 950 950 1205 3617 1353 1353 1206 3618 950 950 1206 3619 948 948 1206 3620 1361 1361 1207 3621 1357 1357 1207 3622 946 946 1207 3623 1361 1361 1208 3624 946 946 1208 3625 944 944 1208 3626 1369 1369 1209 3627 1365 1365 1209 3628 942 942 1209 3629 1369 1369 1210 3630 942 942 1210 3631 940 940 1210 3632 1385 1385 1211 3633 1381 1381 1211 3634 936 936 1211 3635 1385 1385 1212 3636 936 936 1212 3637 934 934 1212 3638 1393 1393 1213 3639 1389 1389 1213 3640 932 932 1213 3641 1393 1393 1214 3642 932 932 1214 3643 930 930 1214 3644 1401 1401 1215 3645 1397 1397 1215 3646 928 928 1215 3647 1401 1401 1216 3648 928 928 1216 3649 968 968 1216 3650 1429 1429 1217 3651 1436 1436 1217 3652 927 927 1217 3653 1429 1429 1218 3654 927 927 1218 3655 964 964 1218 3656 1437 1437 1219 3657 1444 1444 1219 3658 925 925 1219 3659 1437 1437 1220 3660 925 925 1220 3661 922 922 1220 3662 1329 1329 1221 3663 1325 1325 1221 3664 962 962 1221 3665 1329 1329 1222 3666 962 962 1222 3667 960 960 1222 3668 1337 1337 1223 3669 1333 1333 1223 3670 958 958 1223 3671 1337 1337 1224 3672 958 958 1224 3673 956 956 1224 3674 1345 1345 1225 3675 1341 1341 1225 3676 954 954 1225 3677 1345 1345 1226 3678 954 954 1226 3679 952 952 1226 3680 1436 1436 1227 3681 1425 1425 1227 3682 966 966 1227 3683 1436 1436 1228 3684 966 966 1228 3685 927 927 1228 3686 1539 1539 1229 3687 1546 1546 1229 3688 985 985 1229 3689 1539 1539 1230 3690 985 985 1230 3691 982 982 1230 3692 1535 1535 1231 3693 1531 1531 1231 3694 980 980 1231 3695 1535 1535 1232 3696 980 980 1232 3697 978 978 1232 3698 1551 1551 1233 3699 1547 1547 1233 3700 976 976 1233 3701 1551 1551 1234 3702 976 976 1234 3703 974 974 1234 3704 1559 1559 1235 3705 1566 1566 1235 3706 973 973 1235 3707 1559 1559 1236 3708 973 973 1236 3709 988 988 1236 3710 1567 1567 1237 3711 1574 1574 1237 3712 987 987 1237 3713 1567 1567 1238 3714 987 987 1238 3715 970 970 1238 3716 1566 1566 1239 3717 1555 1555 1239 3718 990 990 1239 3719 1566 1566 1240 3720 990 990 1240 3721 973 973 1240 3722 1373 1373 1241 3723 1377 1377 1241 3724 992 992 1241 3725 1373 1373 1242 3726 992 992 1242 3727 938 938 1242 3728 1527 1527 1243 3729 1523 1523 1243 3730 1022 1022 1243 3731 1527 1527 1244 3732 1022 1022 1244 3733 1020 1020 1244 3734 1519 1519 1245 3735 1515 1515 1245 3736 1018 1018 1245 3737 1519 1519 1246 3738 1018 1018 1246 3739 1016 1016 1246 3740 1511 1511 1247 3741 1507 1507 1247 3742 1014 1014 1247 3743 1511 1511 1248 3744 1014 1014 1248 3745 1012 1012 1248 3746 1499 1499 1249 3747 1506 1506 1249 3748 1011 1011 1249 3749 1499 1499 1250 3750 1011 1011 1250 3751 1008 1008 1250 3752 1495 1495 1251 3753 1491 1491 1251 3754 1006 1006 1251 3755 1495 1495 1252 3756 1006 1006 1252 3757 1004 1004 1252 3758 1487 1487 1253 3759 1483 1483 1253 3760 1002 1002 1253 3761 1487 1487 1254 3762 1002 1002 1254 3763 1000 1000 1254 3764 1475 1475 1255 3765 1482 1482 1255 3766 999 999 1255 3767 1475 1475 1256 3768 999 999 1256 3769 1024 1024 1256 3770 1467 1467 1257 3771 1474 1474 1257 3772 997 997 1257 3773 1467 1467 1258 3774 997 997 1258 3775 994 994 1258 3776 1466 1466 1259 3777 1461 1461 1259 3778 906 906 1259 3779 1466 1466 1260 3780 906 906 1260 3781 1026 1026 1260 3782 1631 1631 1261 3783 1638 1638 1261 3784 1039 1039 1261 3785 1631 1631 1262 3786 1039 1039 1262 3787 1037 1037 1262 3788 1627 1627 1263 3789 1623 1623 1263 3790 1035 1035 1263 3791 1627 1627 1264 3792 1035 1035 1264 3793 1033 1033 1264 3794 1615 1615 1265 3795 1622 1622 1265 3796 1032 1032 1265 3797 1615 1615 1266 3798 1032 1032 1266 3799 1041 1041 1266 3800 1607 1607 1267 3801 1614 1614 1267 3802 1030 1030 1267 3803 1607 1607 1268 3804 1030 1030 1268 3805 1027 1027 1268 3806 1193 1193 1269 3807 1200 1200 1269 3808 1046 1046 1269 3809 1193 1193 1270 3810 1046 1046 1270 3811 1043 1043 1270 3812 1228 1228 1271 3813 1232 1232 1271 3814 1054 1054 1271 3815 1228 1228 1272 3816 1054 1054 1272 3817 1048 1048 1272 3818 1204 1204 1273 3819 1208 1208 1273 3820 1056 1056 1273 3821 1204 1204 1274 3822 1056 1056 1274 3823 1052 1052 1274 3824 1177 1177 1275 3825 1184 1184 1275 3826 1064 1064 1275 3827 1177 1177 1276 3828 1064 1064 1276 3829 1057 1057 1276 3830 1236 1236 1277 3831 1240 1240 1277 3832 1066 1066 1277 3833 1236 1236 1278 3834 1066 1066 1278 3835 1060 1060 1278 3836 1212 1212 1279 3837 1216 1216 1279 3838 1068 1068 1279 3839 1212 1212 1280 3840 1068 1068 1280 3841 1062 1062 1280 3842 1185 1185 1281 3843 1192 1192 1281 3844 1070 1070 1281 3845 1185 1185 1282 3846 1070 1070 1282 3847 1073 1073 1282 3848 1220 1220 1283 3849 1221 1221 1283 3850 1071 1071 1283 3851 1220 1220 1284 3852 1071 1071 1284 3853 1050 1050 1284 3854 1172 1172 1285 3855 1077 1077 1285 3856 1078 1078 1285 3857 1172 1172 1286 3858 1078 1078 1286 3859 1173 1173 1286 3860 1168 1168 1287 3861 1169 1169 1287 3862 1076 1076 1287 3863 1168 1168 1288 3864 1076 1076 1288 3865 885 885 1288 3866 1671 1671 1289 3867 1678 1678 1289 3868 1082 1082 1289 3869 1671 1671 1290 3870 1082 1082 1290 3871 1079 1079 1290 3872 1647 1647 1291 3873 1654 1654 1291 3874 1086 1086 1291 3875 1647 1647 1292 3876 1086 1086 1292 3877 1083 1083 1292 3878 1413 1413 1293 3879 1409 1409 1293 3880 1109 1109 1293 3881 1413 1413 1294 3882 1109 1109 1294 3883 1107 1107 1294 3884 1421 1421 1295 3885 1417 1417 1295 3886 1105 1105 1295 3887 1421 1421 1296 3888 1105 1105 1296 3889 1103 1103 1296 3890 1719 1719 1297 3891 1726 1726 1297 3892 1102 1102 1297 3893 1719 1719 1298 3894 1102 1102 1298 3895 1099 1099 1298 3896 1707 1707 1299 3897 1714 1714 1299 3898 1098 1098 1299 3899 1707 1707 1300 3900 1098 1098 1300 3901 1111 1111 1300 3902 1699 1699 1301 3903 1695 1695 1301 3904 1093 1093 1301 3905 1699 1699 1302 3906 1093 1093 1302 3907 1113 1113 1302 3908 1643 1643 1303 3909 1639 1639 1303 3910 1089 1089 1303 3911 1643 1643 1304 3912 1089 1089 1304 3913 1087 1087 1304 3914 1718 1718 1305 3915 1707 1707 1305 3916 1111 1111 1305 3917 1718 1718 1306 3918 1111 1111 1306 3919 1096 1096 1306 3920 1706 1706 1307 3921 1699 1699 1307 3922 1113 1113 1307 3923 1706 1706 1308 3924 1113 1113 1308 3925 1092 1092 1308 3926 1408 1408 1309 3927 1401 1401 1309 3928 968 968 1309 3929 1408 1408 1310 3930 968 968 1310 3931 1116 1116 1310 3932 1241 1241 1311 3933 1248 1248 1311 3934 1120 1120 1311 3935 1241 1241 1312 3936 1120 1120 1312 3937 1117 1117 1312 3938 1313 1313 1313 3939 1309 1309 1313 3940 1143 1143 1313 3941 1313 1313 1314 3942 1143 1143 1314 3943 1141 1141 1314 3944 1305 1305 1315 3945 1301 1301 1315 3946 1139 1139 1315 3947 1305 1305 1316 3948 1139 1139 1316 3949 1137 1137 1316 3950 1281 1281 1317 3951 1288 1288 1317 3952 1136 1136 1317 3953 1281 1281 1318 3954 1136 1136 1318 3955 1133 1133 1318 3956 1265 1265 1319 3957 1272 1272 1319 3958 1132 1132 1319 3959 1265 1265 1320 3960 1132 1132 1320 3961 1145 1145 1320 3962 1261 1261 1321 3963 1257 1257 1321 3964 1127 1127 1321 3965 1261 1261 1322 3966 1127 1127 1322 3967 1125 1125 1322 3968 1253 1253 1323 3969 1249 1249 1323 3970 1123 1123 1323 3971 1253 1253 1324 3972 1123 1123 1324 3973 1121 1121 1324 3974 1276 1276 1325 3975 1265 1265 1325 3976 1145 1145 1325 3977 1276 1276 1326 3978 1145 1145 1326 3979 1130 1130 1326 3980 1272 1272 1327 3981 1277 1277 1327 3982 1147 1147 1327 3983 1272 1272 1328 3984 1147 1147 1328 3985 1132 1132 1328 3986 1317 1317 1329 3987 1321 1321 1329 3988 1149 1149 1329 3989 1317 1317 1330 3990 1149 1149 1330 3991 920 920 1330 3992 1679 1679 1331 3993 1686 1686 1331 3994 1156 1156 1331 3995 1679 1679 1332 3996 1156 1156 1332 3997 1153 1153 1332 3998 1690 1690 1333 3999 1694 1694 1333 4000 1157 1157 1333 4001 1690 1690 1334 4002 1157 1157 1334 4003 1152 1152 1334 4004 1292 1292 1335 4005 1296 1296 1335 4006 1162 1162 1335 4007 1292 1292 1336 4008 1162 1162 1336 4009 1160 1160 1336 4010 1300 1300 1337 4011 3983 3983 1337 4012 3982 3982 1337 4013 1300 1300 1338 4014 3982 3982 1338 4015 1164 1164 1338 4016 884 884 1339 4017 1077 1077 1339 4018 1172 1172 1339 4019 884 884 1340 4020 1172 1172 1340 4021 1165 1165 1340 4022 1165 1165 1341 4023 1172 1172 1341 4024 1171 1171 1341 4025 1165 1165 1342 4026 1171 1171 1342 4027 1166 1166 1342 4028 1167 1167 1343 4029 1170 1170 1343 4030 1169 1169 1343 4031 1167 1167 1344 4032 1169 1169 1344 4033 1168 1168 1344 4034 1076 1076 1345 4035 1169 1169 1345 4036 1176 1176 1345 4037 1076 1076 1346 4038 1176 1176 1346 4039 1075 1075 1346 4040 1169 1169 1347 4041 1170 1170 1347 4042 1175 1175 1347 4043 1169 1169 1348 4044 1175 1175 1348 4045 1176 1176 1348 4046 1171 1171 1349 4047 1172 1172 1349 4048 1173 1173 1349 4049 1171 1171 1350 4050 1173 1173 1350 4051 1174 1174 1350 4052 1058 1058 1351 4053 1063 1063 1351 4054 1181 1181 1351 4055 1058 1058 1352 4056 1181 1181 1352 4057 1180 1180 1352 4058 1180 1180 1353 4059 1181 1181 1353 4060 1182 1182 1353 4061 1180 1180 1354 4062 1182 1182 1354 4063 1179 1179 1354 4064 1178 1178 1355 4065 1183 1183 1355 4066 1184 1184 1355 4067 1178 1178 1356 4068 1184 1184 1356 4069 1177 1177 1356 4070 1074 1074 1357 4071 1069 1069 1357 4072 1189 1189 1357 4073 1074 1074 1358 4074 1189 1189 1358 4075 1188 1188 1358 4076 1188 1188 1359 4077 1189 1189 1359 4078 1190 1190 1359 4079 1188 1188 1360 4080 1190 1190 1360 4081 1187 1187 1360 4082 1186 1186 1361 4083 1191 1191 1361 4084 1192 1192 1361 4085 1186 1186 1362 4086 1192 1192 1362 4087 1185 1185 1362 4088 1044 1044 1363 4089 1045 1045 1363 4090 1197 1197 1363 4091 1044 1044 1364 4092 1197 1197 1364 4093 1196 1196 1364 4094 1196 1196 1365 4095 1197 1197 1365 4096 1198 1198 1365 4097 1196 1196 1366 4098 1198 1198 1366 4099 1195 1195 1366 4100 1194 1194 1367 4101 1199 1199 1367 4102 1200 1200 1367 4103 1194 1194 1368 4104 1200 1200 1368 4105 1193 1193 1368 4106 1051 1051 1369 4107 1055 1055 1369 4108 1205 1205 1369 4109 1051 1051 1370 4110 1205 1205 1370 4111 1201 1201 1370 4112 1201 1201 1371 4113 1205 1205 1371 4114 1206 1206 1371 4115 1201 1201 1372 4116 1206 1206 1372 4117 1202 1202 1372 4118 1203 1203 1373 4119 1207 1207 1373 4120 1208 1208 1373 4121 1203 1203 1374 4122 1208 1208 1374 4123 1204 1204 1374 4124 1061 1061 1375 4125 1067 1067 1375 4126 1213 1213 1375 4127 1061 1061 1376 4128 1213 1213 1376 4129 1209 1209 1376 4130 1209 1209 1377 4131 1213 1213 1377 4132 1214 1214 1377 4133 1209 1209 1378 4134 1214 1214 1378 4135 1210 1210 1378 4136 1211 1211 1379 4137 1215 1215 1379 4138 1216 1216 1379 4139 1211 1211 1380 4140 1216 1216 1380 4141 1212 1212 1380 4142 1049 1049 1381 4143 1072 1072 1381 4144 1224 1224 1381 4145 1049 1049 1382 4146 1224 1224 1382 4147 1217 1217 1382 4148 1217 1217 1383 4149 1224 1224 1383 4150 1223 1223 1383 4151 1217 1217 1384 4152 1223 1223 1384 4153 1218 1218 1384 4154 1219 1219 1385 4155 1222 1222 1385 4156 1221 1221 1385 4157 1219 1219 1386 4158 1221 1221 1386 4159 1220 1220 1386 4160 1047 1047 1387 4161 1053 1053 1387 4162 1229 1229 1387 4163 1047 1047 1388 4164 1229 1229 1388 4165 1225 1225 1388 4166 1225 1225 1389 4167 1229 1229 1389 4168 1230 1230 1389 4169 1225 1225 1390 4170 1230 1230 1390 4171 1226 1226 1390 4172 1227 1227 1391 4173 1231 1231 1391 4174 1232 1232 1391 4175 1227 1227 1392 4176 1232 1232 1392 4177 1228 1228 1392 4178 1059 1059 1393 4179 1065 1065 1393 4180 1237 1237 1393 4181 1059 1059 1394 4182 1237 1237 1394 4183 1233 1233 1394 4184 1233 1233 1395 4185 1237 1237 1395 4186 1238 1238 1395 4187 1233 1233 1396 4188 1238 1238 1396 4189 1234 1234 1396 4190 1235 1235 1397 4191 1239 1239 1397 4192 1240 1240 1397 4193 1235 1235 1398 4194 1240 1240 1398 4195 1236 1236 1398 4196 1118 1118 1399 4197 1119 1119 1399 4198 1245 1245 1399 4199 1118 1118 1400 4200 1245 1245 1400 4201 1244 1244 1400 4202 1244 1244 1401 4203 1245 1245 1401 4204 1246 1246 1401 4205 1244 1244 1402 4206 1246 1246 1402 4207 1243 1243 1402 4208 1242 1242 1403 4209 1247 1247 1403 4210 1248 1248 1403 4211 1242 1242 1404 4212 1248 1248 1404 4213 1241 1241 1404 4214 1122 1122 1405 4215 1124 1124 1405 4216 1252 1252 1405 4217 1122 1122 1406 4218 1252 1252 1406 4219 1256 1256 1406 4220 1256 1256 1407 4221 1252 1252 1407 4222 1251 1251 1407 4223 1256 1256 1408 4224 1251 1251 1408 4225 1255 1255 1408 4226 1254 1254 1409 4227 1250 1250 1409 4228 1249 1249 1409 4229 1254 1254 1410 4230 1249 1249 1410 4231 1253 1253 1410 4232 1126 1126 1411 4233 1128 1128 1411 4234 1260 1260 1411 4235 1126 1126 1412 4236 1260 1260 1412 4237 1264 1264 1412 4238 1264 1264 1413 4239 1260 1260 1413 4240 1259 1259 1413 4241 1264 1264 1414 4242 1259 1259 1414 4243 1263 1263 1414 4244 1262 1262 1415 4245 1258 1258 1415 4246 1257 1257 1415 4247 1262 1262 1416 4248 1257 1257 1416 4249 1261 1261 1416 4250 1131 1131 1417 4251 1148 1148 1417 4252 1280 1280 1417 4253 1131 1131 1418 4254 1280 1280 1418 4255 1269 1269 1418 4256 1269 1269 1419 4257 1280 1280 1419 4258 1279 1279 1419 4259 1269 1269 1420 4260 1279 1279 1420 4261 1270 1270 1420 4262 1271 1271 1421 4263 1278 1278 1421 4264 1277 1277 1421 4265 1271 1271 1422 4266 1277 1277 1422 4267 1272 1272 1422 4268 1129 1129 1423 4269 1146 1146 1423 4270 1268 1268 1423 4271 1129 1129 1424 4272 1268 1268 1424 4273 1273 1273 1424 4274 1273 1273 1425 4275 1268 1268 1425 4276 1267 1267 1425 4277 1273 1273 1426 4278 1267 1267 1426 4279 1274 1274 1426 4280 1275 1275 1427 4281 1266 1266 1427 4282 1265 1265 1427 4283 1275 1275 1428 4284 1265 1265 1428 4285 1276 1276 1428 4286 1146 1146 1429 4287 1131 1131 1429 4288 1269 1269 1429 4289 1146 1146 1430 4290 1269 1269 1430 4291 1268 1268 1430 4292 1268 1268 1431 4293 1269 1269 1431 4294 1270 1270 1431 4295 1268 1268 1432 4296 1270 1270 1432 4297 1267 1267 1432 4298 1266 1266 1433 4299 1271 1271 1433 4300 1272 1272 1433 4301 1266 1266 1434 4302 1272 1272 1434 4303 1265 1265 1434 4304 1134 1134 1435 4305 1135 1135 1435 4306 1285 1285 1435 4307 1134 1134 1436 4308 1285 1285 1436 4309 1284 1284 1436 4310 1284 1284 1437 4311 1285 1285 1437 4312 1286 1286 1437 4313 1284 1284 1438 4314 1286 1286 1438 4315 1283 1283 1438 4316 1282 1282 1439 4317 1287 1287 1439 4318 1288 1288 1439 4319 1282 1282 1440 4320 1288 1288 1440 4321 1281 1281 1440 4322 1159 1159 1441 4323 1161 1161 1441 4324 1293 1293 1441 4325 1159 1159 1442 4326 1293 1293 1442 4327 1289 1289 1442 4328 1289 1289 1443 4329 1293 1293 1443 4330 1294 1294 1443 4331 1289 1289 1444 4332 1294 1294 1444 4333 1290 1290 1444 4334 1291 1291 1445 4335 1295 1295 1445 4336 1296 1296 1445 4337 1291 1291 1446 4338 1296 1296 1446 4339 1292 1292 1446 4340 3940 3940 1447 4341 3976 3976 1447 4342 3978 3978 1447 4343 3940 3940 1448 4344 3978 3978 1448 4345 3941 3941 1448 4346 3941 3941 1449 4347 3978 3978 1449 4348 3980 3980 1449 4349 3941 3941 1450 4350 3980 3980 1450 4351 3948 3948 1450 4352 1299 1299 1451 4353 3986 3986 1451 4354 3983 3983 1451 4355 1299 1299 1452 4356 3983 3983 1452 4357 1300 1300 1452 4358 1138 1138 1453 4359 1140 1140 1453 4360 1304 1304 1453 4361 1138 1138 1454 4362 1304 1304 1454 4363 1308 1308 1454 4364 1308 1308 1455 4365 1304 1304 1455 4366 1303 1303 1455 4367 1308 1308 1456 4368 1303 1303 1456 4369 1307 1307 1456 4370 1306 1306 1457 4371 1302 1302 1457 4372 1301 1301 1457 4373 1306 1306 1458 4374 1301 1301 1458 4375 1305 1305 1458 4376 1142 1142 1459 4377 1144 1144 1459 4378 1312 1312 1459 4379 1142 1142 1460 4380 1312 1312 1460 4381 1316 1316 1460 4382 1316 1316 1461 4383 1312 1312 1461 4384 1311 1311 1461 4385 1316 1316 1462 4386 1311 1311 1462 4387 1315 1315 1462 4388 1314 1314 1463 4389 1310 1310 1463 4390 1309 1309 1463 4391 1314 1314 1464 4392 1309 1309 1464 4393 1313 1313 1464 4394 921 921 1465 4395 1150 1150 1465 4396 1324 1324 1465 4397 921 921 1466 4398 1324 1324 1466 4399 1320 1320 1466 4400 1320 1320 1467 4401 1324 1324 1467 4402 1323 1323 1467 4403 1320 1320 1468 4404 1323 1323 1468 4405 1319 1319 1468 4406 1318 1318 1469 4407 1322 1322 1469 4408 1321 1321 1469 4409 1318 1318 1470 4410 1321 1321 1470 4411 1317 1317 1470 4412 961 961 1471 4413 963 963 1471 4414 1328 1328 1471 4415 961 961 1472 4416 1328 1328 1472 4417 1332 1332 1472 4418 1332 1332 1473 4419 1328 1328 1473 4420 1327 1327 1473 4421 1332 1332 1474 4422 1327 1327 1474 4423 1331 1331 1474 4424 1330 1330 1475 4425 1326 1326 1475 4426 1325 1325 1475 4427 1330 1330 1476 4428 1325 1325 1476 4429 1329 1329 1476 4430 957 957 1477 4431 959 959 1477 4432 1336 1336 1477 4433 957 957 1478 4434 1336 1336 1478 4435 1340 1340 1478 4436 1340 1340 1479 4437 1336 1336 1479 4438 1335 1335 1479 4439 1340 1340 1480 4440 1335 1335 1480 4441 1339 1339 1480 4442 1338 1338 1481 4443 1334 1334 1481 4444 1333 1333 1481 4445 1338 1338 1482 4446 1333 1333 1482 4447 1337 1337 1482 4448 953 953 1483 4449 955 955 1483 4450 1344 1344 1483 4451 953 953 1484 4452 1344 1344 1484 4453 1348 1348 1484 4454 1348 1348 1485 4455 1344 1344 1485 4456 1343 1343 1485 4457 1348 1348 1486 4458 1343 1343 1486 4459 1347 1347 1486 4460 1346 1346 1487 4461 1342 1342 1487 4462 1341 1341 1487 4463 1346 1346 1488 4464 1341 1341 1488 4465 1345 1345 1488 4466 949 949 1489 4467 951 951 1489 4468 1352 1352 1489 4469 949 949 1490 4470 1352 1352 1490 4471 1356 1356 1490 4472 1356 1356 1491 4473 1352 1352 1491 4474 1351 1351 1491 4475 1356 1356 1492 4476 1351 1351 1492 4477 1355 1355 1492 4478 1354 1354 1493 4479 1350 1350 1493 4480 1349 1349 1493 4481 1354 1354 1494 4482 1349 1349 1494 4483 1353 1353 1494 4484 945 945 1495 4485 947 947 1495 4486 1360 1360 1495 4487 945 945 1496 4488 1360 1360 1496 4489 1364 1364 1496 4490 1364 1364 1497 4491 1360 1360 1497 4492 1359 1359 1497 4493 1364 1364 1498 4494 1359 1359 1498 4495 1363 1363 1498 4496 1362 1362 1499 4497 1358 1358 1499 4498 1357 1357 1499 4499 1362 1362 1500 4500 1357 1357 1500 4501 1361 1361 1500 4502 941 941 1501 4503 943 943 1501 4504 1368 1368 1501 4505 941 941 1502 4506 1368 1368 1502 4507 1372 1372 1502 4508 1372 1372 1503 4509 1368 1368 1503 4510 1367 1367 1503 4511 1372 1372 1504 4512 1367 1367 1504 4513 1371 1371 1504 4514 1370 1370 1505 4515 1366 1366 1505 4516 1365 1365 1505 4517 1370 1370 1506 4518 1365 1365 1506 4519 1369 1369 1506 4520 939 939 1507 4521 993 993 1507 4522 1380 1380 1507 4523 939 939 1508 4524 1380 1380 1508 4525 1376 1376 1508 4526 1376 1376 1509 4527 1380 1380 1509 4528 1379 1379 1509 4529 1376 1376 1510 4530 1379 1379 1510 4531 1375 1375 1510 4532 1374 1374 1511 4533 1378 1378 1511 4534 1377 1377 1511 4535 1374 1374 1512 4536 1377 1377 1512 4537 1373 1373 1512 4538 935 935 1513 4539 937 937 1513 4540 1384 1384 1513 4541 935 935 1514 4542 1384 1384 1514 4543 1388 1388 1514 4544 1388 1388 1515 4545 1384 1384 1515 4546 1383 1383 1515 4547 1388 1388 1516 4548 1383 1383 1516 4549 1387 1387 1516 4550 1386 1386 1517 4551 1382 1382 1517 4552 1381 1381 1517 4553 1386 1386 1518 4554 1381 1381 1518 4555 1385 1385 1518 4556 931 931 1519 4557 933 933 1519 4558 1392 1392 1519 4559 931 931 1520 4560 1392 1392 1520 4561 1396 1396 1520 4562 1396 1396 1521 4563 1392 1392 1521 4564 1391 1391 1521 4565 1396 1396 1522 4566 1391 1391 1522 4567 1395 1395 1522 4568 1394 1394 1523 4569 1390 1390 1523 4570 1389 1389 1523 4571 1394 1394 1524 4572 1389 1389 1524 4573 1393 1393 1524 4574 1115 1115 1525 4575 969 969 1525 4576 1404 1404 1525 4577 1115 1115 1526 4578 1404 1404 1526 4579 1405 1405 1526 4580 1405 1405 1527 4581 1404 1404 1527 4582 1403 1403 1527 4583 1405 1405 1528 4584 1403 1403 1528 4585 1406 1406 1528 4586 1407 1407 1529 4587 1402 1402 1529 4588 1401 1401 1529 4589 1407 1407 1530 4590 1401 1401 1530 4591 1408 1408 1530 4592 969 969 1531 4593 929 929 1531 4594 1400 1400 1531 4595 969 969 1532 4596 1400 1400 1532 4597 1404 1404 1532 4598 1404 1404 1533 4599 1400 1400 1533 4600 1399 1399 1533 4601 1404 1404 1534 4602 1399 1399 1534 4603 1403 1403 1534 4604 1402 1402 1535 4605 1398 1398 1535 4606 1397 1397 1535 4607 1402 1402 1536 4608 1397 1397 1536 4609 1401 1401 1536 4610 1108 1108 1537 4611 1110 1110 1537 4612 1412 1412 1537 4613 1108 1108 1538 4614 1412 1412 1538 4615 1416 1416 1538 4616 1416 1416 1539 4617 1412 1412 1539 4618 1411 1411 1539 4619 1416 1416 1540 4620 1411 1411 1540 4621 1415 1415 1540 4622 1414 1414 1541 4623 1410 1410 1541 4624 1409 1409 1541 4625 1414 1414 1542 4626 1409 1409 1542 4627 1413 1413 1542 4628 1104 1104 1543 4629 1106 1106 1543 4630 1420 1420 1543 4631 1104 1104 1544 4632 1420 1420 1544 4633 1424 1424 1544 4634 1424 1424 1545 4635 1420 1420 1545 4636 1419 1419 1545 4637 1424 1424 1546 4638 1419 1419 1546 4639 1423 1423 1546 4640 1422 1422 1547 4641 1418 1418 1547 4642 1417 1417 1547 4643 1422 1422 1548 4644 1417 1417 1548 4645 1421 1421 1548 4646 926 926 1549 4647 967 967 1549 4648 1428 1428 1549 4649 926 926 1550 4650 1428 1428 1550 4651 1433 1433 1550 4652 1433 1433 1551 4653 1428 1428 1551 4654 1427 1427 1551 4655 1433 1433 1552 4656 1427 1427 1552 4657 1434 1434 1552 4658 1435 1435 1553 4659 1426 1426 1553 4660 1425 1425 1553 4661 1435 1435 1554 4662 1425 1425 1554 4663 1436 1436 1554 4664 965 965 1555 4665 926 926 1555 4666 1433 1433 1555 4667 965 965 1556 4668 1433 1433 1556 4669 1432 1432 1556 4670 1432 1432 1557 4671 1433 1433 1557 4672 1434 1434 1557 4673 1432 1432 1558 4674 1434 1434 1558 4675 1431 1431 1558 4676 1430 1430 1559 4677 1435 1435 1559 4678 1436 1436 1559 4679 1430 1430 1560 4680 1436 1436 1560 4681 1429 1429 1560 4682 923 923 1561 4683 924 924 1561 4684 1441 1441 1561 4685 923 923 1562 4686 1441 1441 1562 4687 1440 1440 1562 4688 1440 1440 1563 4689 1441 1441 1563 4690 1442 1442 1563 4691 1440 1440 1564 4692 1442 1442 1564 4693 1439 1439 1564 4694 1438 1438 1565 4695 1443 1443 1565 4696 1444 1444 1565 4697 1438 1438 1566 4698 1444 1444 1566 4699 1437 1437 1566 4700 913 913 1567 4701 915 915 1567 4702 1448 1448 1567 4703 913 913 1568 4704 1448 1448 1568 4705 1452 1452 1568 4706 1452 1452 1569 4707 1448 1448 1569 4708 1447 1447 1569 4709 1452 1452 1570 4710 1447 1447 1570 4711 1451 1451 1570 4712 1450 1450 1571 4713 1446 1446 1571 4714 1445 1445 1571 4715 1450 1450 1572 4716 1445 1445 1572 4717 1449 1449 1572 4718 909 909 1573 4719 911 911 1573 4720 1456 1456 1573 4721 909 909 1574 4722 1456 1456 1574 4723 1460 1460 1574 4724 1460 1460 1575 4725 1456 1456 1575 4726 1455 1455 1575 4727 1460 1460 1576 4728 1455 1455 1576 4729 1459 1459 1576 4730 1458 1458 1577 4731 1454 1454 1577 4732 1453 1453 1577 4733 1458 1458 1578 4734 1453 1453 1578 4735 1457 1457 1578 4736 2267 2267 1579 4737 907 907 1579 4738 1464 1464 1579 4739 2267 2267 1580 4740 1464 1464 1580 4741 2286 2286 1580 4742 2286 2286 1581 4743 1464 1464 1581 4744 1463 1463 1581 4745 2286 2286 1582 4746 1463 1463 1582 4747 2306 2306 1582 4748 1465 1465 1583 4749 1462 1462 1583 4750 1461 1461 1583 4751 1465 1465 1584 4752 1461 1461 1584 4753 1466 1466 1584 4754 995 995 1585 4755 996 996 1585 4756 1471 1471 1585 4757 995 995 1586 4758 1471 1471 1586 4759 1470 1470 1586 4760 1470 1470 1587 4761 1471 1471 1587 4762 1472 1472 1587 4763 1470 1470 1588 4764 1472 1472 1588 4765 1469 1469 1588 4766 1468 1468 1589 4767 1473 1473 1589 4768 1474 1474 1589 4769 1468 1468 1590 4770 1474 1474 1590 4771 1467 1467 1590 4772 1025 1025 1591 4773 998 998 1591 4774 1479 1479 1591 4775 1025 1025 1592 4776 1479 1479 1592 4777 1478 1478 1592 4778 1478 1478 1593 4779 1479 1479 1593 4780 1480 1480 1593 4781 1478 1478 1594 4782 1480 1480 1594 4783 1477 1477 1594 4784 1476 1476 1595 4785 1481 1481 1595 4786 1482 1482 1595 4787 1476 1476 1596 4788 1482 1482 1596 4789 1475 1475 1596 4790 1001 1001 1597 4791 1003 1003 1597 4792 1486 1486 1597 4793 1001 1001 1598 4794 1486 1486 1598 4795 1490 1490 1598 4796 1490 1490 1599 4797 1486 1486 1599 4798 1485 1485 1599 4799 1490 1490 1600 4800 1485 1485 1600 4801 1489 1489 1600 4802 1488 1488 1601 4803 1484 1484 1601 4804 1483 1483 1601 4805 1488 1488 1602 4806 1483 1483 1602 4807 1487 1487 1602 4808 1005 1005 1603 4809 1007 1007 1603 4810 1494 1494 1603 4811 1005 1005 1604 4812 1494 1494 1604 4813 1498 1498 1604 4814 1498 1498 1605 4815 1494 1494 1605 4816 1493 1493 1605 4817 1498 1498 1606 4818 1493 1493 1606 4819 1497 1497 1606 4820 1496 1496 1607 4821 1492 1492 1607 4822 1491 1491 1607 4823 1496 1496 1608 4824 1491 1491 1608 4825 1495 1495 1608 4826 1009 1009 1609 4827 1010 1010 1609 4828 1503 1503 1609 4829 1009 1009 1610 4830 1503 1503 1610 4831 1502 1502 1610 4832 1502 1502 1611 4833 1503 1503 1611 4834 1504 1504 1611 4835 1502 1502 1612 4836 1504 1504 1612 4837 1501 1501 1612 4838 1500 1500 1613 4839 1505 1505 1613 4840 1506 1506 1613 4841 1500 1500 1614 4842 1506 1506 1614 4843 1499 1499 1614 4844 1013 1013 1615 4845 1015 1015 1615 4846 1510 1510 1615 4847 1013 1013 1616 4848 1510 1510 1616 4849 1514 1514 1616 4850 1514 1514 1617 4851 1510 1510 1617 4852 1509 1509 1617 4853 1514 1514 1618 4854 1509 1509 1618 4855 1513 1513 1618 4856 1512 1512 1619 4857 1508 1508 1619 4858 1507 1507 1619 4859 1512 1512 1620 4860 1507 1507 1620 4861 1511 1511 1620 4862 1017 1017 1621 4863 1019 1019 1621 4864 1518 1518 1621 4865 1017 1017 1622 4866 1518 1518 1622 4867 1522 1522 1622 4868 1522 1522 1623 4869 1518 1518 1623 4870 1517 1517 1623 4871 1522 1522 1624 4872 1517 1517 1624 4873 1521 1521 1624 4874 1520 1520 1625 4875 1516 1516 1625 4876 1515 1515 1625 4877 1520 1520 1626 4878 1515 1515 1626 4879 1519 1519 1626 4880 1021 1021 1627 4881 1023 1023 1627 4882 1526 1526 1627 4883 1021 1021 1628 4884 1526 1526 1628 4885 1530 1530 1628 4886 1530 1530 1629 4887 1526 1526 1629 4888 1525 1525 1629 4889 1530 1530 1630 4890 1525 1525 1630 4891 1529 1529 1630 4892 1528 1528 1631 4893 1524 1524 1631 4894 1523 1523 1631 4895 1528 1528 1632 4896 1523 1523 1632 4897 1527 1527 1632 4898 979 979 1633 4899 981 981 1633 4900 1534 1534 1633 4901 979 979 1634 4902 1534 1534 1634 4903 1538 1538 1634 4904 1538 1538 1635 4905 1534 1534 1635 4906 1533 1533 1635 4907 1538 1538 1636 4908 1533 1533 1636 4909 1537 1537 1636 4910 1536 1536 1637 4911 1532 1532 1637 4912 1531 1531 1637 4913 1536 1536 1638 4914 1531 1531 1638 4915 1535 1535 1638 4916 983 983 1639 4917 984 984 1639 4918 1543 1543 1639 4919 983 983 1640 4920 1543 1543 1640 4921 1542 1542 1640 4922 1542 1542 1641 4923 1543 1543 1641 4924 1544 1544 1641 4925 1542 1542 1642 4926 1544 1544 1642 4927 1541 1541 1642 4928 1540 1540 1643 4929 1545 1545 1643 4930 1546 1546 1643 4931 1540 1540 1644 4932 1546 1546 1644 4933 1539 1539 1644 4934 975 975 1645 4935 977 977 1645 4936 1550 1550 1645 4937 975 975 1646 4938 1550 1550 1646 4939 1554 1554 1646 4940 1554 1554 1647 4941 1550 1550 1647 4942 1549 1549 1647 4943 1554 1554 1648 4944 1549 1549 1648 4945 1553 1553 1648 4946 1552 1552 1649 4947 1548 1548 1649 4948 1547 1547 1649 4949 1552 1552 1650 4950 1547 1547 1650 4951 1551 1551 1650 4952 972 972 1651 4953 991 991 1651 4954 1558 1558 1651 4955 972 972 1652 4956 1558 1558 1652 4957 1563 1563 1652 4958 1563 1563 1653 4959 1558 1558 1653 4960 1557 1557 1653 4961 1563 1563 1654 4962 1557 1557 1654 4963 1564 1564 1654 4964 1565 1565 1655 4965 1556 1556 1655 4966 1555 1555 1655 4967 1565 1565 1656 4968 1555 1555 1656 4969 1566 1566 1656 4970 989 989 1657 4971 972 972 1657 4972 1563 1563 1657 4973 989 989 1658 4974 1563 1563 1658 4975 1562 1562 1658 4976 1562 1562 1659 4977 1563 1563 1659 4978 1564 1564 1659 4979 1562 1562 1660 4980 1564 1564 1660 4981 1561 1561 1660 4982 1560 1560 1661 4983 1565 1565 1661 4984 1566 1566 1661 4985 1560 1560 1662 4986 1566 1566 1662 4987 1559 1559 1662 4988 971 971 1663 4989 986 986 1663 4990 1571 1571 1663 4991 971 971 1664 4992 1571 1571 1664 4993 1570 1570 1664 4994 1570 1570 1665 4995 1571 1571 1665 4996 1572 1572 1665 4997 1570 1570 1666 4998 1572 1572 1666 4999 1569 1569 1666 5000 1568 1568 1667 5001 1573 1573 1667 5002 1574 1574 1667 5003 1568 1568 1668 5004 1574 1574 1668 5005 1567 1567 1668 5006 903 903 1669 5007 905 905 1669 5008 1578 1578 1669 5009 903 903 1670 5010 1578 1578 1670 5011 1582 1582 1670 5012 1582 1582 1671 5013 1578 1578 1671 5014 1577 1577 1671 5015 1582 1582 1672 5016 1577 1577 1672 5017 1581 1581 1672 5018 1580 1580 1673 5019 1576 1576 1673 5020 1575 1575 1673 5021 1580 1580 1674 5022 1575 1575 1674 5023 1579 1579 1674 5024 898 898 1675 5025 917 917 1675 5026 1586 1586 1675 5027 898 898 1676 5028 1586 1586 1676 5029 1591 1591 1676 5030 1591 1591 1677 5031 1586 1586 1677 5032 1585 1585 1677 5033 1591 1591 1678 5034 1585 1585 1678 5035 1592 1592 1678 5036 1593 1593 1679 5037 1584 1584 1679 5038 1583 1583 1679 5039 1593 1593 1680 5040 1583 1583 1680 5041 1594 1594 1680 5042 917 917 1681 5043 900 900 1681 5044 1587 1587 1681 5045 917 917 1682 5046 1587 1587 1682 5047 1586 1586 1682 5048 1586 1586 1683 5049 1587 1587 1683 5050 1588 1588 1683 5051 1586 1586 1684 5052 1588 1588 1684 5053 1585 1585 1684 5054 1584 1584 1685 5055 1589 1589 1685 5056 1590 1590 1685 5057 1584 1584 1686 5058 1590 1590 1686 5059 1583 1583 1686 5060 894 894 1687 5061 919 919 1687 5062 1602 1602 1687 5063 894 894 1688 5064 1602 1602 1688 5065 1603 1603 1688 5066 1603 1603 1689 5067 1602 1602 1689 5068 1601 1601 1689 5069 1603 1603 1690 5070 1601 1601 1690 5071 1604 1604 1690 5072 1605 1605 1691 5073 1600 1600 1691 5074 1599 1599 1691 5075 1605 1605 1692 5076 1599 1599 1692 5077 1606 1606 1692 5078 919 919 1693 5079 897 897 1693 5080 1598 1598 1693 5081 919 919 1694 5082 1598 1598 1694 5083 1602 1602 1694 5084 1602 1602 1695 5085 1598 1598 1695 5086 1597 1597 1695 5087 1602 1602 1696 5088 1597 1597 1696 5089 1601 1601 1696 5090 1600 1600 1697 5091 1596 1596 1697 5092 1595 1595 1697 5093 1600 1600 1698 5094 1595 1595 1698 5095 1599 1599 1698 5096 1028 1028 1699 5097 1029 1029 1699 5098 1611 1611 1699 5099 1028 1028 1700 5100 1611 1611 1700 5101 1610 1610 1700 5102 1610 1610 1701 5103 1611 1611 1701 5104 1612 1612 1701 5105 1610 1610 1702 5106 1612 1612 1702 5107 1609 1609 1702 5108 1608 1608 1703 5109 1613 1613 1703 5110 1614 1614 1703 5111 1608 1608 1704 5112 1614 1614 1704 5113 1607 1607 1704 5114 1042 1042 1705 5115 1031 1031 1705 5116 1619 1619 1705 5117 1042 1042 1706 5118 1619 1619 1706 5119 1618 1618 1706 5120 1618 1618 1707 5121 1619 1619 1707 5122 1620 1620 1707 5123 1618 1618 1708 5124 1620 1620 1708 5125 1617 1617 1708 5126 1616 1616 1709 5127 1621 1621 1709 5128 1622 1622 1709 5129 1616 1616 1710 5130 1622 1622 1710 5131 1615 1615 1710 5132 1034 1034 1711 5133 1036 1036 1711 5134 1626 1626 1711 5135 1034 1034 1712 5136 1626 1626 1712 5137 1630 1630 1712 5138 1630 1630 1713 5139 1626 1626 1713 5140 1625 1625 1713 5141 1630 1630 1714 5142 1625 1625 1714 5143 1629 1629 1714 5144 1628 1628 1715 5145 1624 1624 1715 5146 1623 1623 1715 5147 1628 1628 1716 5148 1623 1623 1716 5149 1627 1627 1716 5150 1038 1038 1717 5151 1040 1040 1717 5152 1635 1635 1717 5153 1038 1038 1718 5154 1635 1635 1718 5155 1634 1634 1718 5156 1634 1634 1719 5157 1635 1635 1719 5158 1636 1636 1719 5159 1634 1634 1720 5160 1636 1636 1720 5161 1633 1633 1720 5162 1632 1632 1721 5163 1637 1637 1721 5164 1638 1638 1721 5165 1632 1632 1722 5166 1638 1638 1722 5167 1631 1631 1722 5168 1088 1088 1723 5169 1090 1090 1723 5170 1642 1642 1723 5171 1088 1088 1724 5172 1642 1642 1724 5173 1646 1646 1724 5174 1646 1646 1725 5175 1642 1642 1725 5176 1641 1641 1725 5177 1646 1646 1726 5178 1641 1641 1726 5179 1645 1645 1726 5180 1644 1644 1727 5181 1640 1640 1727 5182 1639 1639 1727 5183 1644 1644 1728 5184 1639 1639 1728 5185 1643 1643 1728 5186 1084 1084 1729 5187 1085 1085 1729 5188 1651 1651 1729 5189 1084 1084 1730 5190 1651 1651 1730 5191 1650 1650 1730 5192 1650 1650 1731 5193 1651 1651 1731 5194 1652 1652 1731 5195 1650 1650 1732 5196 1652 1652 1732 5197 1649 1649 1732 5198 1648 1648 1733 5199 1653 1653 1733 5200 1654 1654 1733 5201 1648 1648 1734 5202 1654 1654 1734 5203 1647 1647 1734 5204 886 886 1735 5205 889 889 1735 5206 1662 1662 1735 5207 886 886 1736 5208 1662 1662 1736 5209 1655 1655 1736 5210 1655 1655 1737 5211 1662 1662 1737 5212 1661 1661 1737 5213 1655 1655 1738 5214 1661 1661 1738 5215 1656 1656 1738 5216 1657 1657 1739 5217 1660 1660 1739 5218 1659 1659 1739 5219 1657 1657 1740 5220 1659 1659 1740 5221 1658 1658 1740 5222 891 891 1741 5223 893 893 1741 5224 1666 1666 1741 5225 891 891 1742 5226 1666 1666 1742 5227 1670 1670 1742 5228 1670 1670 1743 5229 1666 1666 1743 5230 1665 1665 1743 5231 1670 1670 1744 5232 1665 1665 1744 5233 1669 1669 1744 5234 1668 1668 1745 5235 1664 1664 1745 5236 1663 1663 1745 5237 1668 1668 1746 5238 1663 1663 1746 5239 1667 1667 1746 5240 1080 1080 1747 5241 1081 1081 1747 5242 1675 1675 1747 5243 1080 1080 1748 5244 1675 1675 1748 5245 1674 1674 1748 5246 1674 1674 1749 5247 1675 1675 1749 5248 1676 1676 1749 5249 1674 1674 1750 5250 1676 1676 1750 5251 1673 1673 1750 5252 1672 1672 1751 5253 1677 1677 1751 5254 1678 1678 1751 5255 1672 1672 1752 5256 1678 1678 1752 5257 1671 1671 1752 5258 1154 1154 1753 5259 1155 1155 1753 5260 1683 1683 1753 5261 1154 1154 1754 5262 1683 1683 1754 5263 1682 1682 1754 5264 1682 1682 1755 5265 1683 1683 1755 5266 1684 1684 1755 5267 1682 1682 1756 5268 1684 1684 1756 5269 1681 1681 1756 5270 1680 1680 1757 5271 1685 1685 1757 5272 1686 1686 1757 5273 1680 1680 1758 5274 1686 1686 1758 5275 1679 1679 1758 5276 1151 1151 1759 5277 1158 1158 1759 5278 1691 1691 1759 5279 1151 1151 1760 5280 1691 1691 1760 5281 1687 1687 1760 5282 1687 1687 1761 5283 1691 1691 1761 5284 1692 1692 1761 5285 1687 1687 1762 5286 1692 1692 1762 5287 1688 1688 1762 5288 1689 1689 1763 5289 1693 1693 1763 5290 1694 1694 1763 5291 1689 1689 1764 5292 1694 1694 1764 5293 1690 1690 1764 5294 1091 1091 1765 5295 1114 1114 1765 5296 1702 1702 1765 5297 1091 1091 1766 5298 1702 1702 1766 5299 1703 1703 1766 5300 1703 1703 1767 5301 1702 1702 1767 5302 1701 1701 1767 5303 1703 1703 1768 5304 1701 1701 1768 5305 1704 1704 1768 5306 1705 1705 1769 5307 1700 1700 1769 5308 1699 1699 1769 5309 1705 1705 1770 5310 1699 1699 1770 5311 1706 1706 1770 5312 1114 1114 1771 5313 1094 1094 1771 5314 1698 1698 1771 5315 1114 1114 1772 5316 1698 1698 1772 5317 1702 1702 1772 5318 1702 1702 1773 5319 1698 1698 1773 5320 1697 1697 1773 5321 1702 1702 1774 5322 1697 1697 1774 5323 1701 1701 1774 5324 1700 1700 1775 5325 1696 1696 1775 5326 1695 1695 1775 5327 1700 1700 1776 5328 1695 1695 1776 5329 1699 1699 1776 5330 1095 1095 1777 5331 1112 1112 1777 5332 1710 1710 1777 5333 1095 1095 1778 5334 1710 1710 1778 5335 1715 1715 1778 5336 1715 1715 1779 5337 1710 1710 1779 5338 1709 1709 1779 5339 1715 1715 1780 5340 1709 1709 1780 5341 1716 1716 1780 5342 1717 1717 1781 5343 1708 1708 1781 5344 1707 1707 1781 5345 1717 1717 1782 5346 1707 1707 1782 5347 1718 1718 1782 5348 1112 1112 1783 5349 1097 1097 1783 5350 1711 1711 1783 5351 1112 1112 1784 5352 1711 1711 1784 5353 1710 1710 1784 5354 1710 1710 1785 5355 1711 1711 1785 5356 1712 1712 1785 5357 1710 1710 1786 5358 1712 1712 1786 5359 1709 1709 1786 5360 1708 1708 1787 5361 1713 1713 1787 5362 1714 1714 1787 5363 1708 1708 1788 5364 1714 1714 1788 5365 1707 1707 1788 5366 1100 1100 1789 5367 1101 1101 1789 5368 1723 1723 1789 5369 1100 1100 1790 5370 1723 1723 1790 5371 1722 1722 1790 5372 1722 1722 1791 5373 1723 1723 1791 5374 1724 1724 1791 5375 1722 1722 1792 5376 1724 1724 1792 5377 1721 1721 1792 5378 1720 1720 1793 5379 1725 1725 1793 5380 1726 1726 1793 5381 1720 1720 1794 5382 1726 1726 1794 5383 1719 1719 1794 5384 64 64 1795 5385 63 63 1795 5386 1728 1728 1795 5387 64 64 1796 5388 1728 1728 1796 5389 1729 1729 1796 5390 684 684 1797 5391 13 13 1797 5392 1727 1727 1797 5393 684 684 1798 5394 1727 1727 1798 5395 1733 1733 1798 5396 232 232 1799 5397 683 683 1799 5398 1732 1732 1799 5399 232 232 1800 5400 1732 1732 1800 5401 1731 1731 1800 5402 65 65 1801 5403 64 64 1801 5404 1729 1729 1801 5405 65 65 1802 5406 1729 1729 1802 5407 1730 1730 1802 5408 683 683 1803 5409 684 684 1803 5410 1733 1733 1803 5411 683 683 1804 5412 1733 1733 1804 5413 1732 1732 1804 5414 13 13 1805 5415 65 65 1805 5416 1730 1730 1805 5417 13 13 1806 5418 1730 1730 1806 5419 1727 1727 1806 5420 232 232 1807 5421 1731 1731 1807 5422 1740 1740 1807 5423 232 232 1808 5424 1740 1740 1808 5425 1734 1734 1808 5426 235 235 1809 5427 234 234 1809 5428 1735 1735 1809 5429 235 235 1810 5430 1735 1735 1810 5431 1736 1736 1810 5432 348 348 1811 5433 235 235 1811 5434 1736 1736 1811 5435 348 348 1812 5436 1736 1736 1812 5437 1737 1737 1812 5438 456 456 1813 5439 232 232 1813 5440 1734 1734 1813 5441 456 456 1814 5442 1734 1734 1814 5443 1739 1739 1814 5444 455 455 1815 5445 456 456 1815 5446 1739 1739 1815 5447 455 455 1816 5448 1739 1739 1816 5449 1738 1738 1816 5450 2865 2865 1817 5451 455 455 1817 5452 1738 1738 1817 5453 2865 2865 1818 5454 1738 1738 1818 5455 3045 3045 1818 5456 534 534 1819 5457 533 533 1819 5458 1743 1743 1819 5459 534 534 1820 5460 1743 1743 1820 5461 1744 1744 1820 5462 533 533 1821 5463 476 476 1821 5464 1742 1742 1821 5465 533 533 1822 5466 1742 1742 1822 5467 1743 1743 1822 5468 217 217 1823 5469 534 534 1823 5470 1744 1744 1823 5471 217 217 1824 5472 1744 1744 1824 5473 1741 1741 1824 5474 14 14 1825 5475 223 223 1825 5476 1746 1746 1825 5477 14 14 1826 5478 1746 1746 1826 5479 1745 1745 1826 5480 829 829 1827 5481 2266 2266 1827 5482 1766 1766 1827 5483 829 829 1828 5484 1766 1766 1828 5485 76 76 1828 5486 2266 2266 1829 5487 2265 2265 1829 5488 1765 1765 1829 5489 2266 2266 1830 5490 1765 1765 1830 5491 1766 1766 1830 5492 2265 2265 1831 5493 2264 2264 1831 5494 1764 1764 1831 5495 2265 2265 1832 5496 1764 1764 1832 5497 1765 1765 1832 5498 2264 2264 1833 5499 2263 2263 1833 5500 1763 1763 1833 5501 2264 2264 1834 5502 1763 1763 1834 5503 1764 1764 1834 5504 2263 2263 1835 5505 2262 2262 1835 5506 1762 1762 1835 5507 2263 2263 1836 5508 1762 1762 1836 5509 1763 1763 1836 5510 2262 2262 1837 5511 2261 2261 1837 5512 1761 1761 1837 5513 2262 2262 1838 5514 1761 1761 1838 5515 1762 1762 1838 5516 2261 2261 1839 5517 2260 2260 1839 5518 1760 1760 1839 5519 2261 2261 1840 5520 1760 1760 1840 5521 1761 1761 1840 5522 2260 2260 1841 5523 2259 2259 1841 5524 1759 1759 1841 5525 2260 2260 1842 5526 1759 1759 1842 5527 1760 1760 1842 5528 2259 2259 1843 5529 2258 2258 1843 5530 1758 1758 1843 5531 2259 2259 1844 5532 1758 1758 1844 5533 1759 1759 1844 5534 2258 2258 1845 5535 2257 2257 1845 5536 1757 1757 1845 5537 2258 2258 1846 5538 1757 1757 1846 5539 1758 1758 1846 5540 2257 2257 1847 5541 2256 2256 1847 5542 1756 1756 1847 5543 2257 2257 1848 5544 1756 1756 1848 5545 1757 1757 1848 5546 2256 2256 1849 5547 2255 2255 1849 5548 1755 1755 1849 5549 2256 2256 1850 5550 1755 1755 1850 5551 1756 1756 1850 5552 2255 2255 1851 5553 2254 2254 1851 5554 1754 1754 1851 5555 2255 2255 1852 5556 1754 1754 1852 5557 1755 1755 1852 5558 2254 2254 1853 5559 2253 2253 1853 5560 1753 1753 1853 5561 2254 2254 1854 5562 1753 1753 1854 5563 1754 1754 1854 5564 2253 2253 1855 5565 2252 2252 1855 5566 1752 1752 1855 5567 2253 2253 1856 5568 1752 1752 1856 5569 1753 1753 1856 5570 2252 2252 1857 5571 2251 2251 1857 5572 1751 1751 1857 5573 2252 2252 1858 5574 1751 1751 1858 5575 1752 1752 1858 5576 2251 2251 1859 5577 2250 2250 1859 5578 1750 1750 1859 5579 2251 2251 1860 5580 1750 1750 1860 5581 1751 1751 1860 5582 2250 2250 1861 5583 2249 2249 1861 5584 1749 1749 1861 5585 2250 2250 1862 5586 1749 1749 1862 5587 1750 1750 1862 5588 2249 2249 1863 5589 2248 2248 1863 5590 1748 1748 1863 5591 2249 2249 1864 5592 1748 1748 1864 5593 1749 1749 1864 5594 2248 2248 1865 5595 2247 2247 1865 5596 1747 1747 1865 5597 2248 2248 1866 5598 1747 1747 1866 5599 1748 1748 1866 5600 201 201 1867 5601 2186 2186 1867 5602 2227 2227 1867 5603 201 201 1868 5604 2227 2227 1868 5605 828 828 1868 5606 2186 2186 1869 5607 2185 2185 1869 5608 2228 2228 1869 5609 2186 2186 1870 5610 2228 2228 1870 5611 2227 2227 1870 5612 2185 2185 1871 5613 2184 2184 1871 5614 2229 2229 1871 5615 2185 2185 1872 5616 2229 2229 1872 5617 2228 2228 1872 5618 2184 2184 1873 5619 2183 2183 1873 5620 2230 2230 1873 5621 2184 2184 1874 5622 2230 2230 1874 5623 2229 2229 1874 5624 2183 2183 1875 5625 2182 2182 1875 5626 2231 2231 1875 5627 2183 2183 1876 5628 2231 2231 1876 5629 2230 2230 1876 5630 2182 2182 1877 5631 2181 2181 1877 5632 2232 2232 1877 5633 2182 2182 1878 5634 2232 2232 1878 5635 2231 2231 1878 5636 2181 2181 1879 5637 2180 2180 1879 5638 2233 2233 1879 5639 2181 2181 1880 5640 2233 2233 1880 5641 2232 2232 1880 5642 2180 2180 1881 5643 2179 2179 1881 5644 2234 2234 1881 5645 2180 2180 1882 5646 2234 2234 1882 5647 2233 2233 1882 5648 2179 2179 1883 5649 2178 2178 1883 5650 2235 2235 1883 5651 2179 2179 1884 5652 2235 2235 1884 5653 2234 2234 1884 5654 2178 2178 1885 5655 2177 2177 1885 5656 2236 2236 1885 5657 2178 2178 1886 5658 2236 2236 1886 5659 2235 2235 1886 5660 2177 2177 1887 5661 2176 2176 1887 5662 2237 2237 1887 5663 2177 2177 1888 5664 2237 2237 1888 5665 2236 2236 1888 5666 2176 2176 1889 5667 2175 2175 1889 5668 2238 2238 1889 5669 2176 2176 1890 5670 2238 2238 1890 5671 2237 2237 1890 5672 2175 2175 1891 5673 2174 2174 1891 5674 2239 2239 1891 5675 2175 2175 1892 5676 2239 2239 1892 5677 2238 2238 1892 5678 2174 2174 1893 5679 2173 2173 1893 5680 2240 2240 1893 5681 2174 2174 1894 5682 2240 2240 1894 5683 2239 2239 1894 5684 2173 2173 1895 5685 2172 2172 1895 5686 2241 2241 1895 5687 2173 2173 1896 5688 2241 2241 1896 5689 2240 2240 1896 5690 2172 2172 1897 5691 2171 2171 1897 5692 2242 2242 1897 5693 2172 2172 1898 5694 2242 2242 1898 5695 2241 2241 1898 5696 2171 2171 1899 5697 2170 2170 1899 5698 2243 2243 1899 5699 2171 2171 1900 5700 2243 2243 1900 5701 2242 2242 1900 5702 2170 2170 1901 5703 2169 2169 1901 5704 2244 2244 1901 5705 2170 2170 1902 5706 2244 2244 1902 5707 2243 2243 1902 5708 2169 2169 1903 5709 2168 2168 1903 5710 2245 2245 1903 5711 2169 2169 1904 5712 2245 2245 1904 5713 2244 2244 1904 5714 2168 2168 1905 5715 2167 2167 1905 5716 2246 2246 1905 5717 2168 2168 1906 5718 2246 2246 1906 5719 2245 2245 1906 5720 828 828 1907 5721 2227 2227 1907 5722 2266 2266 1907 5723 828 828 1908 5724 2266 2266 1908 5725 829 829 1908 5726 2227 2227 1909 5727 2228 2228 1909 5728 2265 2265 1909 5729 2227 2227 1910 5730 2265 2265 1910 5731 2266 2266 1910 5732 2228 2228 1911 5733 2229 2229 1911 5734 2264 2264 1911 5735 2228 2228 1912 5736 2264 2264 1912 5737 2265 2265 1912 5738 2229 2229 1913 5739 2230 2230 1913 5740 2263 2263 1913 5741 2229 2229 1914 5742 2263 2263 1914 5743 2264 2264 1914 5744 2230 2230 1915 5745 2231 2231 1915 5746 2262 2262 1915 5747 2230 2230 1916 5748 2262 2262 1916 5749 2263 2263 1916 5750 2231 2231 1917 5751 2232 2232 1917 5752 2261 2261 1917 5753 2231 2231 1918 5754 2261 2261 1918 5755 2262 2262 1918 5756 2232 2232 1919 5757 2233 2233 1919 5758 2260 2260 1919 5759 2232 2232 1920 5760 2260 2260 1920 5761 2261 2261 1920 5762 2233 2233 1921 5763 2234 2234 1921 5764 2259 2259 1921 5765 2233 2233 1922 5766 2259 2259 1922 5767 2260 2260 1922 5768 2234 2234 1923 5769 2235 2235 1923 5770 2258 2258 1923 5771 2234 2234 1924 5772 2258 2258 1924 5773 2259 2259 1924 5774 2235 2235 1925 5775 2236 2236 1925 5776 2257 2257 1925 5777 2235 2235 1926 5778 2257 2257 1926 5779 2258 2258 1926 5780 2236 2236 1927 5781 2237 2237 1927 5782 2256 2256 1927 5783 2236 2236 1928 5784 2256 2256 1928 5785 2257 2257 1928 5786 2237 2237 1929 5787 2238 2238 1929 5788 2255 2255 1929 5789 2237 2237 1930 5790 2255 2255 1930 5791 2256 2256 1930 5792 2238 2238 1931 5793 2239 2239 1931 5794 2254 2254 1931 5795 2238 2238 1932 5796 2254 2254 1932 5797 2255 2255 1932 5798 2239 2239 1933 5799 2240 2240 1933 5800 2253 2253 1933 5801 2239 2239 1934 5802 2253 2253 1934 5803 2254 2254 1934 5804 2240 2240 1935 5805 2241 2241 1935 5806 2252 2252 1935 5807 2240 2240 1936 5808 2252 2252 1936 5809 2253 2253 1936 5810 2241 2241 1937 5811 2242 2242 1937 5812 2251 2251 1937 5813 2241 2241 1938 5814 2251 2251 1938 5815 2252 2252 1938 5816 2242 2242 1939 5817 2243 2243 1939 5818 2250 2250 1939 5819 2242 2242 1940 5820 2250 2250 1940 5821 2251 2251 1940 5822 2243 2243 1941 5823 2244 2244 1941 5824 2249 2249 1941 5825 2243 2243 1942 5826 2249 2249 1942 5827 2250 2250 1942 5828 2244 2244 1943 5829 2245 2245 1943 5830 2248 2248 1943 5831 2244 2244 1944 5832 2248 2248 1944 5833 2249 2249 1944 5834 2245 2245 1945 5835 2246 2246 1945 5836 2247 2247 1945 5837 2245 2245 1946 5838 2247 2247 1946 5839 2248 2248 1946 5840 356 356 1947 5841 1886 1886 1947 5842 2187 2187 1947 5843 356 356 1948 5844 2187 2187 1948 5845 764 764 1948 5846 1886 1886 1949 5847 1885 1885 1949 5848 2188 2188 1949 5849 1886 1886 1950 5850 2188 2188 1950 5851 2187 2187 1950 5852 1885 1885 1951 5853 1884 1884 1951 5854 2189 2189 1951 5855 1885 1885 1952 5856 2189 2189 1952 5857 2188 2188 1952 5858 1884 1884 1953 5859 1883 1883 1953 5860 2190 2190 1953 5861 1884 1884 1954 5862 2190 2190 1954 5863 2189 2189 1954 5864 1883 1883 1955 5865 1882 1882 1955 5866 2191 2191 1955 5867 1883 1883 1956 5868 2191 2191 1956 5869 2190 2190 1956 5870 1882 1882 1957 5871 1881 1881 1957 5872 2192 2192 1957 5873 1882 1882 1958 5874 2192 2192 1958 5875 2191 2191 1958 5876 1881 1881 1959 5877 1880 1880 1959 5878 2193 2193 1959 5879 1881 1881 1960 5880 2193 2193 1960 5881 2192 2192 1960 5882 1880 1880 1961 5883 1879 1879 1961 5884 2194 2194 1961 5885 1880 1880 1962 5886 2194 2194 1962 5887 2193 2193 1962 5888 1879 1879 1963 5889 1878 1878 1963 5890 2195 2195 1963 5891 1879 1879 1964 5892 2195 2195 1964 5893 2194 2194 1964 5894 1878 1878 1965 5895 1877 1877 1965 5896 2196 2196 1965 5897 1878 1878 1966 5898 2196 2196 1966 5899 2195 2195 1966 5900 1877 1877 1967 5901 1876 1876 1967 5902 2197 2197 1967 5903 1877 1877 1968 5904 2197 2197 1968 5905 2196 2196 1968 5906 1876 1876 1969 5907 1875 1875 1969 5908 2198 2198 1969 5909 1876 1876 1970 5910 2198 2198 1970 5911 2197 2197 1970 5912 1875 1875 1971 5913 1874 1874 1971 5914 2199 2199 1971 5915 1875 1875 1972 5916 2199 2199 1972 5917 2198 2198 1972 5918 1874 1874 1973 5919 1873 1873 1973 5920 2200 2200 1973 5921 1874 1874 1974 5922 2200 2200 1974 5923 2199 2199 1974 5924 1873 1873 1975 5925 1872 1872 1975 5926 2201 2201 1975 5927 1873 1873 1976 5928 2201 2201 1976 5929 2200 2200 1976 5930 1872 1872 1977 5931 1871 1871 1977 5932 2202 2202 1977 5933 1872 1872 1978 5934 2202 2202 1978 5935 2201 2201 1978 5936 1871 1871 1979 5937 1870 1870 1979 5938 2203 2203 1979 5939 1871 1871 1980 5940 2203 2203 1980 5941 2202 2202 1980 5942 1870 1870 1981 5943 1869 1869 1981 5944 2204 2204 1981 5945 1870 1870 1982 5946 2204 2204 1982 5947 2203 2203 1982 5948 1869 1869 1983 5949 1868 1868 1983 5950 2205 2205 1983 5951 1869 1869 1984 5952 2205 2205 1984 5953 2204 2204 1984 5954 1868 1868 1985 5955 1867 1867 1985 5956 2206 2206 1985 5957 1868 1868 1986 5958 2206 2206 1986 5959 2205 2205 1986 5960 765 765 1987 5961 2226 2226 1987 5962 1906 1906 1987 5963 765 765 1988 5964 1906 1906 1988 5965 402 402 1988 5966 2226 2226 1989 5967 2225 2225 1989 5968 1905 1905 1989 5969 2226 2226 1990 5970 1905 1905 1990 5971 1906 1906 1990 5972 2225 2225 1991 5973 2224 2224 1991 5974 1904 1904 1991 5975 2225 2225 1992 5976 1904 1904 1992 5977 1905 1905 1992 5978 2224 2224 1993 5979 2223 2223 1993 5980 1903 1903 1993 5981 2224 2224 1994 5982 1903 1903 1994 5983 1904 1904 1994 5984 2223 2223 1995 5985 2222 2222 1995 5986 1902 1902 1995 5987 2223 2223 1996 5988 1902 1902 1996 5989 1903 1903 1996 5990 2222 2222 1997 5991 2221 2221 1997 5992 1901 1901 1997 5993 2222 2222 1998 5994 1901 1901 1998 5995 1902 1902 1998 5996 2221 2221 1999 5997 2220 2220 1999 5998 1900 1900 1999 5999 2221 2221 2000 6000 1900 1900 2000 6001 1901 1901 2000 6002 2220 2220 2001 6003 2219 2219 2001 6004 1899 1899 2001 6005 2220 2220 2002 6006 1899 1899 2002 6007 1900 1900 2002 6008 2219 2219 2003 6009 2218 2218 2003 6010 1898 1898 2003 6011 2219 2219 2004 6012 1898 1898 2004 6013 1899 1899 2004 6014 2218 2218 2005 6015 2217 2217 2005 6016 1897 1897 2005 6017 2218 2218 2006 6018 1897 1897 2006 6019 1898 1898 2006 6020 2217 2217 2007 6021 2216 2216 2007 6022 1896 1896 2007 6023 2217 2217 2008 6024 1896 1896 2008 6025 1897 1897 2008 6026 2216 2216 2009 6027 2215 2215 2009 6028 1895 1895 2009 6029 2216 2216 2010 6030 1895 1895 2010 6031 1896 1896 2010 6032 2215 2215 2011 6033 2214 2214 2011 6034 1894 1894 2011 6035 2215 2215 2012 6036 1894 1894 2012 6037 1895 1895 2012 6038 2214 2214 2013 6039 2213 2213 2013 6040 1893 1893 2013 6041 2214 2214 2014 6042 1893 1893 2014 6043 1894 1894 2014 6044 2213 2213 2015 6045 2212 2212 2015 6046 1892 1892 2015 6047 2213 2213 2016 6048 1892 1892 2016 6049 1893 1893 2016 6050 2212 2212 2017 6051 2211 2211 2017 6052 1891 1891 2017 6053 2212 2212 2018 6054 1891 1891 2018 6055 1892 1892 2018 6056 2211 2211 2019 6057 2210 2210 2019 6058 1890 1890 2019 6059 2211 2211 2020 6060 1890 1890 2020 6061 1891 1891 2020 6062 2210 2210 2021 6063 2209 2209 2021 6064 1889 1889 2021 6065 2210 2210 2022 6066 1889 1889 2022 6067 1890 1890 2022 6068 2209 2209 2023 6069 2208 2208 2023 6070 1888 1888 2023 6071 2209 2209 2024 6072 1888 1888 2024 6073 1889 1889 2024 6074 2208 2208 2025 6075 2207 2207 2025 6076 1887 1887 2025 6077 2208 2208 2026 6078 1887 1887 2026 6079 1888 1888 2026 6080 764 764 2027 6081 2187 2187 2027 6082 2226 2226 2027 6083 764 764 2028 6084 2226 2226 2028 6085 765 765 2028 6086 2187 2187 2029 6087 2188 2188 2029 6088 2225 2225 2029 6089 2187 2187 2030 6090 2225 2225 2030 6091 2226 2226 2030 6092 2188 2188 2031 6093 2189 2189 2031 6094 2224 2224 2031 6095 2188 2188 2032 6096 2224 2224 2032 6097 2225 2225 2032 6098 2189 2189 2033 6099 2190 2190 2033 6100 2223 2223 2033 6101 2189 2189 2034 6102 2223 2223 2034 6103 2224 2224 2034 6104 2190 2190 2035 6105 2191 2191 2035 6106 2222 2222 2035 6107 2190 2190 2036 6108 2222 2222 2036 6109 2223 2223 2036 6110 2191 2191 2037 6111 2192 2192 2037 6112 2221 2221 2037 6113 2191 2191 2038 6114 2221 2221 2038 6115 2222 2222 2038 6116 2192 2192 2039 6117 2193 2193 2039 6118 2220 2220 2039 6119 2192 2192 2040 6120 2220 2220 2040 6121 2221 2221 2040 6122 2193 2193 2041 6123 2194 2194 2041 6124 2219 2219 2041 6125 2193 2193 2042 6126 2219 2219 2042 6127 2220 2220 2042 6128 2194 2194 2043 6129 2195 2195 2043 6130 2218 2218 2043 6131 2194 2194 2044 6132 2218 2218 2044 6133 2219 2219 2044 6134 2195 2195 2045 6135 2196 2196 2045 6136 2217 2217 2045 6137 2195 2195 2046 6138 2217 2217 2046 6139 2218 2218 2046 6140 2196 2196 2047 6141 2197 2197 2047 6142 2216 2216 2047 6143 2196 2196 2048 6144 2216 2216 2048 6145 2217 2217 2048 6146 2197 2197 2049 6147 2198 2198 2049 6148 2215 2215 2049 6149 2197 2197 2050 6150 2215 2215 2050 6151 2216 2216 2050 6152 2198 2198 2051 6153 2199 2199 2051 6154 2214 2214 2051 6155 2198 2198 2052 6156 2214 2214 2052 6157 2215 2215 2052 6158 2199 2199 2053 6159 2200 2200 2053 6160 2213 2213 2053 6161 2199 2199 2054 6162 2213 2213 2054 6163 2214 2214 2054 6164 2200 2200 2055 6165 2201 2201 2055 6166 2212 2212 2055 6167 2200 2200 2056 6168 2212 2212 2056 6169 2213 2213 2056 6170 2201 2201 2057 6171 2202 2202 2057 6172 2211 2211 2057 6173 2201 2201 2058 6174 2211 2211 2058 6175 2212 2212 2058 6176 2202 2202 2059 6177 2203 2203 2059 6178 2210 2210 2059 6179 2202 2202 2060 6180 2210 2210 2060 6181 2211 2211 2060 6182 2203 2203 2061 6183 2204 2204 2061 6184 2209 2209 2061 6185 2203 2203 2062 6186 2209 2209 2062 6187 2210 2210 2062 6188 2204 2204 2063 6189 2205 2205 2063 6190 2208 2208 2063 6191 2204 2204 2064 6192 2208 2208 2064 6193 2209 2209 2064 6194 2205 2205 2065 6195 2206 2206 2065 6196 2207 2207 2065 6197 2205 2205 2066 6198 2207 2207 2066 6199 2208 2208 2066 6200 646 646 2067 6201 2066 2066 2067 6202 2027 2027 2067 6203 646 646 2068 6204 2027 2027 2068 6205 643 643 2068 6206 2066 2066 2069 6207 2065 2065 2069 6208 2028 2028 2069 6209 2066 2066 2070 6210 2028 2028 2070 6211 2027 2027 2070 6212 2065 2065 2071 6213 2064 2064 2071 6214 2029 2029 2071 6215 2065 2065 2072 6216 2029 2029 2072 6217 2028 2028 2072 6218 2064 2064 2073 6219 2063 2063 2073 6220 2030 2030 2073 6221 2064 2064 2074 6222 2030 2030 2074 6223 2029 2029 2074 6224 2063 2063 2075 6225 2062 2062 2075 6226 2031 2031 2075 6227 2063 2063 2076 6228 2031 2031 2076 6229 2030 2030 2076 6230 2062 2062 2077 6231 2061 2061 2077 6232 2032 2032 2077 6233 2062 2062 2078 6234 2032 2032 2078 6235 2031 2031 2078 6236 2061 2061 2079 6237 2060 2060 2079 6238 2033 2033 2079 6239 2061 2061 2080 6240 2033 2033 2080 6241 2032 2032 2080 6242 2060 2060 2081 6243 2059 2059 2081 6244 2034 2034 2081 6245 2060 2060 2082 6246 2034 2034 2082 6247 2033 2033 2082 6248 2059 2059 2083 6249 2058 2058 2083 6250 2035 2035 2083 6251 2059 2059 2084 6252 2035 2035 2084 6253 2034 2034 2084 6254 2058 2058 2085 6255 2057 2057 2085 6256 2036 2036 2085 6257 2058 2058 2086 6258 2036 2036 2086 6259 2035 2035 2086 6260 2057 2057 2087 6261 2056 2056 2087 6262 2037 2037 2087 6263 2057 2057 2088 6264 2037 2037 2088 6265 2036 2036 2088 6266 2056 2056 2089 6267 2055 2055 2089 6268 2038 2038 2089 6269 2056 2056 2090 6270 2038 2038 2090 6271 2037 2037 2090 6272 2055 2055 2091 6273 2054 2054 2091 6274 2039 2039 2091 6275 2055 2055 2092 6276 2039 2039 2092 6277 2038 2038 2092 6278 2054 2054 2093 6279 2053 2053 2093 6280 2040 2040 2093 6281 2054 2054 2094 6282 2040 2040 2094 6283 2039 2039 2094 6284 2053 2053 2095 6285 2052 2052 2095 6286 2041 2041 2095 6287 2053 2053 2096 6288 2041 2041 2096 6289 2040 2040 2096 6290 2052 2052 2097 6291 2051 2051 2097 6292 2042 2042 2097 6293 2052 2052 2098 6294 2042 2042 2098 6295 2041 2041 2098 6296 2051 2051 2099 6297 2050 2050 2099 6298 2043 2043 2099 6299 2051 2051 2100 6300 2043 2043 2100 6301 2042 2042 2100 6302 2050 2050 2101 6303 2049 2049 2101 6304 2044 2044 2101 6305 2050 2050 2102 6306 2044 2044 2102 6307 2043 2043 2102 6308 2049 2049 2103 6309 2048 2048 2103 6310 2045 2045 2103 6311 2049 2049 2104 6312 2045 2045 2104 6313 2044 2044 2104 6314 2048 2048 2105 6315 2047 2047 2105 6316 2046 2046 2105 6317 2048 2048 2106 6318 2046 2046 2106 6319 2045 2045 2106 6320 188 188 2107 6321 2166 2166 2107 6322 2186 2186 2107 6323 188 188 2108 6324 2186 2186 2108 6325 201 201 2108 6326 2166 2166 2109 6327 2165 2165 2109 6328 2185 2185 2109 6329 2166 2166 2110 6330 2185 2185 2110 6331 2186 2186 2110 6332 2165 2165 2111 6333 2164 2164 2111 6334 2184 2184 2111 6335 2165 2165 2112 6336 2184 2184 2112 6337 2185 2185 2112 6338 2164 2164 2113 6339 2163 2163 2113 6340 2183 2183 2113 6341 2164 2164 2114 6342 2183 2183 2114 6343 2184 2184 2114 6344 2163 2163 2115 6345 2162 2162 2115 6346 2182 2182 2115 6347 2163 2163 2116 6348 2182 2182 2116 6349 2183 2183 2116 6350 2162 2162 2117 6351 2161 2161 2117 6352 2181 2181 2117 6353 2162 2162 2118 6354 2181 2181 2118 6355 2182 2182 2118 6356 2161 2161 2119 6357 2160 2160 2119 6358 2180 2180 2119 6359 2161 2161 2120 6360 2180 2180 2120 6361 2181 2181 2120 6362 2160 2160 2121 6363 2159 2159 2121 6364 2179 2179 2121 6365 2160 2160 2122 6366 2179 2179 2122 6367 2180 2180 2122 6368 2159 2159 2123 6369 2158 2158 2123 6370 2178 2178 2123 6371 2159 2159 2124 6372 2178 2178 2124 6373 2179 2179 2124 6374 2158 2158 2125 6375 2157 2157 2125 6376 2177 2177 2125 6377 2158 2158 2126 6378 2177 2177 2126 6379 2178 2178 2126 6380 2157 2157 2127 6381 2156 2156 2127 6382 2176 2176 2127 6383 2157 2157 2128 6384 2176 2176 2128 6385 2177 2177 2128 6386 2156 2156 2129 6387 2155 2155 2129 6388 2175 2175 2129 6389 2156 2156 2130 6390 2175 2175 2130 6391 2176 2176 2130 6392 2155 2155 2131 6393 2154 2154 2131 6394 2174 2174 2131 6395 2155 2155 2132 6396 2174 2174 2132 6397 2175 2175 2132 6398 2154 2154 2133 6399 2153 2153 2133 6400 2173 2173 2133 6401 2154 2154 2134 6402 2173 2173 2134 6403 2174 2174 2134 6404 2153 2153 2135 6405 2152 2152 2135 6406 2172 2172 2135 6407 2153 2153 2136 6408 2172 2172 2136 6409 2173 2173 2136 6410 2152 2152 2137 6411 2151 2151 2137 6412 2171 2171 2137 6413 2152 2152 2138 6414 2171 2171 2138 6415 2172 2172 2138 6416 2151 2151 2139 6417 2150 2150 2139 6418 2170 2170 2139 6419 2151 2151 2140 6420 2170 2170 2140 6421 2171 2171 2140 6422 2150 2150 2141 6423 2149 2149 2141 6424 2169 2169 2141 6425 2150 2150 2142 6426 2169 2169 2142 6427 2170 2170 2142 6428 2149 2149 2143 6429 2148 2148 2143 6430 2168 2168 2143 6431 2149 2149 2144 6432 2168 2168 2144 6433 2169 2169 2144 6434 2148 2148 2145 6435 2147 2147 2145 6436 2167 2167 2145 6437 2148 2148 2146 6438 2167 2167 2146 6439 2168 2168 2146 6440 183 183 2147 6441 2146 2146 2147 6442 2166 2166 2147 6443 183 183 2148 6444 2166 2166 2148 6445 188 188 2148 6446 2146 2146 2149 6447 2145 2145 2149 6448 2165 2165 2149 6449 2146 2146 2150 6450 2165 2165 2150 6451 2166 2166 2150 6452 2145 2145 2151 6453 2144 2144 2151 6454 2164 2164 2151 6455 2145 2145 2152 6456 2164 2164 2152 6457 2165 2165 2152 6458 2144 2144 2153 6459 2143 2143 2153 6460 2163 2163 2153 6461 2144 2144 2154 6462 2163 2163 2154 6463 2164 2164 2154 6464 2143 2143 2155 6465 2142 2142 2155 6466 2162 2162 2155 6467 2143 2143 2156 6468 2162 2162 2156 6469 2163 2163 2156 6470 2142 2142 2157 6471 2141 2141 2157 6472 2161 2161 2157 6473 2142 2142 2158 6474 2161 2161 2158 6475 2162 2162 2158 6476 2141 2141 2159 6477 2140 2140 2159 6478 2160 2160 2159 6479 2141 2141 2160 6480 2160 2160 2160 6481 2161 2161 2160 6482 2140 2140 2161 6483 2139 2139 2161 6484 2159 2159 2161 6485 2140 2140 2162 6486 2159 2159 2162 6487 2160 2160 2162 6488 2139 2139 2163 6489 2138 2138 2163 6490 2158 2158 2163 6491 2139 2139 2164 6492 2158 2158 2164 6493 2159 2159 2164 6494 2138 2138 2165 6495 2137 2137 2165 6496 2157 2157 2165 6497 2138 2138 2166 6498 2157 2157 2166 6499 2158 2158 2166 6500 2137 2137 2167 6501 2136 2136 2167 6502 2156 2156 2167 6503 2137 2137 2168 6504 2156 2156 2168 6505 2157 2157 2168 6506 2136 2136 2169 6507 2135 2135 2169 6508 2155 2155 2169 6509 2136 2136 2170 6510 2155 2155 2170 6511 2156 2156 2170 6512 2135 2135 2171 6513 2134 2134 2171 6514 2154 2154 2171 6515 2135 2135 2172 6516 2154 2154 2172 6517 2155 2155 2172 6518 2134 2134 2173 6519 2133 2133 2173 6520 2153 2153 2173 6521 2134 2134 2174 6522 2153 2153 2174 6523 2154 2154 2174 6524 2133 2133 2175 6525 2132 2132 2175 6526 2152 2152 2175 6527 2133 2133 2176 6528 2152 2152 2176 6529 2153 2153 2176 6530 2132 2132 2177 6531 2131 2131 2177 6532 2151 2151 2177 6533 2132 2132 2178 6534 2151 2151 2178 6535 2152 2152 2178 6536 2131 2131 2179 6537 2130 2130 2179 6538 2150 2150 2179 6539 2131 2131 2180 6540 2150 2150 2180 6541 2151 2151 2180 6542 2130 2130 2181 6543 2129 2129 2181 6544 2149 2149 2181 6545 2130 2130 2182 6546 2149 2149 2182 6547 2150 2150 2182 6548 2129 2129 2183 6549 2128 2128 2183 6550 2148 2148 2183 6551 2129 2129 2184 6552 2148 2148 2184 6553 2149 2149 2184 6554 2128 2128 2185 6555 2127 2127 2185 6556 2147 2147 2185 6557 2128 2128 2186 6558 2147 2147 2186 6559 2148 2148 2186 6560 178 178 2187 6561 2126 2126 2187 6562 2146 2146 2187 6563 178 178 2188 6564 2146 2146 2188 6565 183 183 2188 6566 2126 2126 2189 6567 2125 2125 2189 6568 2145 2145 2189 6569 2126 2126 2190 6570 2145 2145 2190 6571 2146 2146 2190 6572 2125 2125 2191 6573 2124 2124 2191 6574 2144 2144 2191 6575 2125 2125 2192 6576 2144 2144 2192 6577 2145 2145 2192 6578 2124 2124 2193 6579 2123 2123 2193 6580 2143 2143 2193 6581 2124 2124 2194 6582 2143 2143 2194 6583 2144 2144 2194 6584 2123 2123 2195 6585 2122 2122 2195 6586 2142 2142 2195 6587 2123 2123 2196 6588 2142 2142 2196 6589 2143 2143 2196 6590 2122 2122 2197 6591 2121 2121 2197 6592 2141 2141 2197 6593 2122 2122 2198 6594 2141 2141 2198 6595 2142 2142 2198 6596 2121 2121 2199 6597 2120 2120 2199 6598 2140 2140 2199 6599 2121 2121 2200 6600 2140 2140 2200 6601 2141 2141 2200 6602 2120 2120 2201 6603 2119 2119 2201 6604 2139 2139 2201 6605 2120 2120 2202 6606 2139 2139 2202 6607 2140 2140 2202 6608 2119 2119 2203 6609 2118 2118 2203 6610 2138 2138 2203 6611 2119 2119 2204 6612 2138 2138 2204 6613 2139 2139 2204 6614 2118 2118 2205 6615 2117 2117 2205 6616 2137 2137 2205 6617 2118 2118 2206 6618 2137 2137 2206 6619 2138 2138 2206 6620 2117 2117 2207 6621 2116 2116 2207 6622 2136 2136 2207 6623 2117 2117 2208 6624 2136 2136 2208 6625 2137 2137 2208 6626 2116 2116 2209 6627 2115 2115 2209 6628 2135 2135 2209 6629 2116 2116 2210 6630 2135 2135 2210 6631 2136 2136 2210 6632 2115 2115 2211 6633 2114 2114 2211 6634 2134 2134 2211 6635 2115 2115 2212 6636 2134 2134 2212 6637 2135 2135 2212 6638 2114 2114 2213 6639 2113 2113 2213 6640 2133 2133 2213 6641 2114 2114 2214 6642 2133 2133 2214 6643 2134 2134 2214 6644 2113 2113 2215 6645 2112 2112 2215 6646 2132 2132 2215 6647 2113 2113 2216 6648 2132 2132 2216 6649 2133 2133 2216 6650 2112 2112 2217 6651 2111 2111 2217 6652 2131 2131 2217 6653 2112 2112 2218 6654 2131 2131 2218 6655 2132 2132 2218 6656 2111 2111 2219 6657 2110 2110 2219 6658 2130 2130 2219 6659 2111 2111 2220 6660 2130 2130 2220 6661 2131 2131 2220 6662 2110 2110 2221 6663 2109 2109 2221 6664 2129 2129 2221 6665 2110 2110 2222 6666 2129 2129 2222 6667 2130 2130 2222 6668 2109 2109 2223 6669 2108 2108 2223 6670 2128 2128 2223 6671 2109 2109 2224 6672 2128 2128 2224 6673 2129 2129 2224 6674 2108 2108 2225 6675 2107 2107 2225 6676 2127 2127 2225 6677 2108 2108 2226 6678 2127 2127 2226 6679 2128 2128 2226 6680 175 175 2227 6681 2106 2106 2227 6682 2126 2126 2227 6683 175 175 2228 6684 2126 2126 2228 6685 178 178 2228 6686 2106 2106 2229 6687 2105 2105 2229 6688 2125 2125 2229 6689 2106 2106 2230 6690 2125 2125 2230 6691 2126 2126 2230 6692 2105 2105 2231 6693 2104 2104 2231 6694 2124 2124 2231 6695 2105 2105 2232 6696 2124 2124 2232 6697 2125 2125 2232 6698 2104 2104 2233 6699 2103 2103 2233 6700 2123 2123 2233 6701 2104 2104 2234 6702 2123 2123 2234 6703 2124 2124 2234 6704 2103 2103 2235 6705 2102 2102 2235 6706 2122 2122 2235 6707 2103 2103 2236 6708 2122 2122 2236 6709 2123 2123 2236 6710 2102 2102 2237 6711 2101 2101 2237 6712 2121 2121 2237 6713 2102 2102 2238 6714 2121 2121 2238 6715 2122 2122 2238 6716 2101 2101 2239 6717 2100 2100 2239 6718 2120 2120 2239 6719 2101 2101 2240 6720 2120 2120 2240 6721 2121 2121 2240 6722 2100 2100 2241 6723 2099 2099 2241 6724 2119 2119 2241 6725 2100 2100 2242 6726 2119 2119 2242 6727 2120 2120 2242 6728 2099 2099 2243 6729 2098 2098 2243 6730 2118 2118 2243 6731 2099 2099 2244 6732 2118 2118 2244 6733 2119 2119 2244 6734 2098 2098 2245 6735 2097 2097 2245 6736 2117 2117 2245 6737 2098 2098 2246 6738 2117 2117 2246 6739 2118 2118 2246 6740 2097 2097 2247 6741 2096 2096 2247 6742 2116 2116 2247 6743 2097 2097 2248 6744 2116 2116 2248 6745 2117 2117 2248 6746 2096 2096 2249 6747 2095 2095 2249 6748 2115 2115 2249 6749 2096 2096 2250 6750 2115 2115 2250 6751 2116 2116 2250 6752 2095 2095 2251 6753 2094 2094 2251 6754 2114 2114 2251 6755 2095 2095 2252 6756 2114 2114 2252 6757 2115 2115 2252 6758 2094 2094 2253 6759 2093 2093 2253 6760 2113 2113 2253 6761 2094 2094 2254 6762 2113 2113 2254 6763 2114 2114 2254 6764 2093 2093 2255 6765 2092 2092 2255 6766 2112 2112 2255 6767 2093 2093 2256 6768 2112 2112 2256 6769 2113 2113 2256 6770 2092 2092 2257 6771 2091 2091 2257 6772 2111 2111 2257 6773 2092 2092 2258 6774 2111 2111 2258 6775 2112 2112 2258 6776 2091 2091 2259 6777 2090 2090 2259 6778 2110 2110 2259 6779 2091 2091 2260 6780 2110 2110 2260 6781 2111 2111 2260 6782 2090 2090 2261 6783 2089 2089 2261 6784 2109 2109 2261 6785 2090 2090 2262 6786 2109 2109 2262 6787 2110 2110 2262 6788 2089 2089 2263 6789 2088 2088 2263 6790 2108 2108 2263 6791 2089 2089 2264 6792 2108 2108 2264 6793 2109 2109 2264 6794 2088 2088 2265 6795 2087 2087 2265 6796 2107 2107 2265 6797 2088 2088 2266 6798 2107 2107 2266 6799 2108 2108 2266 6800 169 169 2267 6801 2086 2086 2267 6802 2106 2106 2267 6803 169 169 2268 6804 2106 2106 2268 6805 175 175 2268 6806 2086 2086 2269 6807 2085 2085 2269 6808 2105 2105 2269 6809 2086 2086 2270 6810 2105 2105 2270 6811 2106 2106 2270 6812 2085 2085 2271 6813 2084 2084 2271 6814 2104 2104 2271 6815 2085 2085 2272 6816 2104 2104 2272 6817 2105 2105 2272 6818 2084 2084 2273 6819 2083 2083 2273 6820 2103 2103 2273 6821 2084 2084 2274 6822 2103 2103 2274 6823 2104 2104 2274 6824 2083 2083 2275 6825 2082 2082 2275 6826 2102 2102 2275 6827 2083 2083 2276 6828 2102 2102 2276 6829 2103 2103 2276 6830 2082 2082 2277 6831 2081 2081 2277 6832 2101 2101 2277 6833 2082 2082 2278 6834 2101 2101 2278 6835 2102 2102 2278 6836 2081 2081 2279 6837 2080 2080 2279 6838 2100 2100 2279 6839 2081 2081 2280 6840 2100 2100 2280 6841 2101 2101 2280 6842 2080 2080 2281 6843 2079 2079 2281 6844 2099 2099 2281 6845 2080 2080 2282 6846 2099 2099 2282 6847 2100 2100 2282 6848 2079 2079 2283 6849 2078 2078 2283 6850 2098 2098 2283 6851 2079 2079 2284 6852 2098 2098 2284 6853 2099 2099 2284 6854 2078 2078 2285 6855 2077 2077 2285 6856 2097 2097 2285 6857 2078 2078 2286 6858 2097 2097 2286 6859 2098 2098 2286 6860 2077 2077 2287 6861 2076 2076 2287 6862 2096 2096 2287 6863 2077 2077 2288 6864 2096 2096 2288 6865 2097 2097 2288 6866 2076 2076 2289 6867 2075 2075 2289 6868 2095 2095 2289 6869 2076 2076 2290 6870 2095 2095 2290 6871 2096 2096 2290 6872 2075 2075 2291 6873 2074 2074 2291 6874 2094 2094 2291 6875 2075 2075 2292 6876 2094 2094 2292 6877 2095 2095 2292 6878 2074 2074 2293 6879 2073 2073 2293 6880 2093 2093 2293 6881 2074 2074 2294 6882 2093 2093 2294 6883 2094 2094 2294 6884 2073 2073 2295 6885 2072 2072 2295 6886 2092 2092 2295 6887 2073 2073 2296 6888 2092 2092 2296 6889 2093 2093 2296 6890 2072 2072 2297 6891 2071 2071 2297 6892 2091 2091 2297 6893 2072 2072 2298 6894 2091 2091 2298 6895 2092 2092 2298 6896 2071 2071 2299 6897 2070 2070 2299 6898 2090 2090 2299 6899 2071 2071 2300 6900 2090 2090 2300 6901 2091 2091 2300 6902 2070 2070 2301 6903 2069 2069 2301 6904 2089 2089 2301 6905 2070 2070 2302 6906 2089 2089 2302 6907 2090 2090 2302 6908 2069 2069 2303 6909 2068 2068 2303 6910 2088 2088 2303 6911 2069 2069 2304 6912 2088 2088 2304 6913 2089 2089 2304 6914 2068 2068 2305 6915 2067 2067 2305 6916 2087 2087 2305 6917 2068 2068 2306 6918 2087 2087 2306 6919 2088 2088 2306 6920 568 568 2307 6921 2047 2047 2307 6922 2086 2086 2307 6923 568 568 2308 6924 2086 2086 2308 6925 169 169 2308 6926 2047 2047 2309 6927 2048 2048 2309 6928 2085 2085 2309 6929 2047 2047 2310 6930 2085 2085 2310 6931 2086 2086 2310 6932 2048 2048 2311 6933 2049 2049 2311 6934 2084 2084 2311 6935 2048 2048 2312 6936 2084 2084 2312 6937 2085 2085 2312 6938 2049 2049 2313 6939 2050 2050 2313 6940 2083 2083 2313 6941 2049 2049 2314 6942 2083 2083 2314 6943 2084 2084 2314 6944 2050 2050 2315 6945 2051 2051 2315 6946 2082 2082 2315 6947 2050 2050 2316 6948 2082 2082 2316 6949 2083 2083 2316 6950 2051 2051 2317 6951 2052 2052 2317 6952 2081 2081 2317 6953 2051 2051 2318 6954 2081 2081 2318 6955 2082 2082 2318 6956 2052 2052 2319 6957 2053 2053 2319 6958 2080 2080 2319 6959 2052 2052 2320 6960 2080 2080 2320 6961 2081 2081 2320 6962 2053 2053 2321 6963 2054 2054 2321 6964 2079 2079 2321 6965 2053 2053 2322 6966 2079 2079 2322 6967 2080 2080 2322 6968 2054 2054 2323 6969 2055 2055 2323 6970 2078 2078 2323 6971 2054 2054 2324 6972 2078 2078 2324 6973 2079 2079 2324 6974 2055 2055 2325 6975 2056 2056 2325 6976 2077 2077 2325 6977 2055 2055 2326 6978 2077 2077 2326 6979 2078 2078 2326 6980 2056 2056 2327 6981 2057 2057 2327 6982 2076 2076 2327 6983 2056 2056 2328 6984 2076 2076 2328 6985 2077 2077 2328 6986 2057 2057 2329 6987 2058 2058 2329 6988 2075 2075 2329 6989 2057 2057 2330 6990 2075 2075 2330 6991 2076 2076 2330 6992 2058 2058 2331 6993 2059 2059 2331 6994 2074 2074 2331 6995 2058 2058 2332 6996 2074 2074 2332 6997 2075 2075 2332 6998 2059 2059 2333 6999 2060 2060 2333 7000 2073 2073 2333 7001 2059 2059 2334 7002 2073 2073 2334 7003 2074 2074 2334 7004 2060 2060 2335 7005 2061 2061 2335 7006 2072 2072 2335 7007 2060 2060 2336 7008 2072 2072 2336 7009 2073 2073 2336 7010 2061 2061 2337 7011 2062 2062 2337 7012 2071 2071 2337 7013 2061 2061 2338 7014 2071 2071 2338 7015 2072 2072 2338 7016 2062 2062 2339 7017 2063 2063 2339 7018 2070 2070 2339 7019 2062 2062 2340 7020 2070 2070 2340 7021 2071 2071 2340 7022 2063 2063 2341 7023 2064 2064 2341 7024 2069 2069 2341 7025 2063 2063 2342 7026 2069 2069 2342 7027 2070 2070 2342 7028 2064 2064 2343 7029 2065 2065 2343 7030 2068 2068 2343 7031 2064 2064 2344 7032 2068 2068 2344 7033 2069 2069 2344 7034 2065 2065 2345 7035 2066 2066 2345 7036 2067 2067 2345 7037 2065 2065 2346 7038 2067 2067 2346 7039 2068 2068 2346 7040 157 157 2347 7041 2026 2026 2347 7042 2046 2046 2347 7043 157 157 2348 7044 2046 2046 2348 7045 567 567 2348 7046 2026 2026 2349 7047 2025 2025 2349 7048 2045 2045 2349 7049 2026 2026 2350 7050 2045 2045 2350 7051 2046 2046 2350 7052 2025 2025 2351 7053 2024 2024 2351 7054 2044 2044 2351 7055 2025 2025 2352 7056 2044 2044 2352 7057 2045 2045 2352 7058 2024 2024 2353 7059 2023 2023 2353 7060 2043 2043 2353 7061 2024 2024 2354 7062 2043 2043 2354 7063 2044 2044 2354 7064 2023 2023 2355 7065 2022 2022 2355 7066 2042 2042 2355 7067 2023 2023 2356 7068 2042 2042 2356 7069 2043 2043 2356 7070 2022 2022 2357 7071 2021 2021 2357 7072 2041 2041 2357 7073 2022 2022 2358 7074 2041 2041 2358 7075 2042 2042 2358 7076 2021 2021 2359 7077 2020 2020 2359 7078 2040 2040 2359 7079 2021 2021 2360 7080 2040 2040 2360 7081 2041 2041 2360 7082 2020 2020 2361 7083 2019 2019 2361 7084 2039 2039 2361 7085 2020 2020 2362 7086 2039 2039 2362 7087 2040 2040 2362 7088 2019 2019 2363 7089 2018 2018 2363 7090 2038 2038 2363 7091 2019 2019 2364 7092 2038 2038 2364 7093 2039 2039 2364 7094 2018 2018 2365 7095 2017 2017 2365 7096 2037 2037 2365 7097 2018 2018 2366 7098 2037 2037 2366 7099 2038 2038 2366 7100 2017 2017 2367 7101 2016 2016 2367 7102 2036 2036 2367 7103 2017 2017 2368 7104 2036 2036 2368 7105 2037 2037 2368 7106 2016 2016 2369 7107 2015 2015 2369 7108 2035 2035 2369 7109 2016 2016 2370 7110 2035 2035 2370 7111 2036 2036 2370 7112 2015 2015 2371 7113 2014 2014 2371 7114 2034 2034 2371 7115 2015 2015 2372 7116 2034 2034 2372 7117 2035 2035 2372 7118 2014 2014 2373 7119 2013 2013 2373 7120 2033 2033 2373 7121 2014 2014 2374 7122 2033 2033 2374 7123 2034 2034 2374 7124 2013 2013 2375 7125 2012 2012 2375 7126 2032 2032 2375 7127 2013 2013 2376 7128 2032 2032 2376 7129 2033 2033 2376 7130 2012 2012 2377 7131 2011 2011 2377 7132 2031 2031 2377 7133 2012 2012 2378 7134 2031 2031 2378 7135 2032 2032 2378 7136 2011 2011 2379 7137 2010 2010 2379 7138 2030 2030 2379 7139 2011 2011 2380 7140 2030 2030 2380 7141 2031 2031 2380 7142 2010 2010 2381 7143 2009 2009 2381 7144 2029 2029 2381 7145 2010 2010 2382 7146 2029 2029 2382 7147 2030 2030 2382 7148 2009 2009 2383 7149 2008 2008 2383 7150 2028 2028 2383 7151 2009 2009 2384 7152 2028 2028 2384 7153 2029 2029 2384 7154 2008 2008 2385 7155 2007 2007 2385 7156 2027 2027 2385 7157 2008 2008 2386 7158 2027 2027 2386 7159 2028 2028 2386 7160 148 148 2387 7161 2006 2006 2387 7162 2026 2026 2387 7163 148 148 2388 7164 2026 2026 2388 7165 157 157 2388 7166 2006 2006 2389 7167 2005 2005 2389 7168 2025 2025 2389 7169 2006 2006 2390 7170 2025 2025 2390 7171 2026 2026 2390 7172 2005 2005 2391 7173 2004 2004 2391 7174 2024 2024 2391 7175 2005 2005 2392 7176 2024 2024 2392 7177 2025 2025 2392 7178 2004 2004 2393 7179 2003 2003 2393 7180 2023 2023 2393 7181 2004 2004 2394 7182 2023 2023 2394 7183 2024 2024 2394 7184 2003 2003 2395 7185 2002 2002 2395 7186 2022 2022 2395 7187 2003 2003 2396 7188 2022 2022 2396 7189 2023 2023 2396 7190 2002 2002 2397 7191 2001 2001 2397 7192 2021 2021 2397 7193 2002 2002 2398 7194 2021 2021 2398 7195 2022 2022 2398 7196 2001 2001 2399 7197 2000 2000 2399 7198 2020 2020 2399 7199 2001 2001 2400 7200 2020 2020 2400 7201 2021 2021 2400 7202 2000 2000 2401 7203 1999 1999 2401 7204 2019 2019 2401 7205 2000 2000 2402 7206 2019 2019 2402 7207 2020 2020 2402 7208 1999 1999 2403 7209 1998 1998 2403 7210 2018 2018 2403 7211 1999 1999 2404 7212 2018 2018 2404 7213 2019 2019 2404 7214 1998 1998 2405 7215 1997 1997 2405 7216 2017 2017 2405 7217 1998 1998 2406 7218 2017 2017 2406 7219 2018 2018 2406 7220 1997 1997 2407 7221 1996 1996 2407 7222 2016 2016 2407 7223 1997 1997 2408 7224 2016 2016 2408 7225 2017 2017 2408 7226 1996 1996 2409 7227 1995 1995 2409 7228 2015 2015 2409 7229 1996 1996 2410 7230 2015 2015 2410 7231 2016 2016 2410 7232 1995 1995 2411 7233 1994 1994 2411 7234 2014 2014 2411 7235 1995 1995 2412 7236 2014 2014 2412 7237 2015 2015 2412 7238 1994 1994 2413 7239 1993 1993 2413 7240 2013 2013 2413 7241 1994 1994 2414 7242 2013 2013 2414 7243 2014 2014 2414 7244 1993 1993 2415 7245 1992 1992 2415 7246 2012 2012 2415 7247 1993 1993 2416 7248 2012 2012 2416 7249 2013 2013 2416 7250 1992 1992 2417 7251 1991 1991 2417 7252 2011 2011 2417 7253 1992 1992 2418 7254 2011 2011 2418 7255 2012 2012 2418 7256 1991 1991 2419 7257 1990 1990 2419 7258 2010 2010 2419 7259 1991 1991 2420 7260 2010 2010 2420 7261 2011 2011 2420 7262 1990 1990 2421 7263 1989 1989 2421 7264 2009 2009 2421 7265 1990 1990 2422 7266 2009 2009 2422 7267 2010 2010 2422 7268 1989 1989 2423 7269 1988 1988 2423 7270 2008 2008 2423 7271 1989 1989 2424 7272 2008 2008 2424 7273 2009 2009 2424 7274 1988 1988 2425 7275 1987 1987 2425 7276 2007 2007 2425 7277 1988 1988 2426 7278 2007 2007 2426 7279 2008 2008 2426 7280 145 145 2427 7281 1986 1986 2427 7282 2006 2006 2427 7283 145 145 2428 7284 2006 2006 2428 7285 148 148 2428 7286 1986 1986 2429 7287 1985 1985 2429 7288 2005 2005 2429 7289 1986 1986 2430 7290 2005 2005 2430 7291 2006 2006 2430 7292 1985 1985 2431 7293 1984 1984 2431 7294 2004 2004 2431 7295 1985 1985 2432 7296 2004 2004 2432 7297 2005 2005 2432 7298 1984 1984 2433 7299 1983 1983 2433 7300 2003 2003 2433 7301 1984 1984 2434 7302 2003 2003 2434 7303 2004 2004 2434 7304 1983 1983 2435 7305 1982 1982 2435 7306 2002 2002 2435 7307 1983 1983 2436 7308 2002 2002 2436 7309 2003 2003 2436 7310 1982 1982 2437 7311 1981 1981 2437 7312 2001 2001 2437 7313 1982 1982 2438 7314 2001 2001 2438 7315 2002 2002 2438 7316 1981 1981 2439 7317 1980 1980 2439 7318 2000 2000 2439 7319 1981 1981 2440 7320 2000 2000 2440 7321 2001 2001 2440 7322 1980 1980 2441 7323 1979 1979 2441 7324 1999 1999 2441 7325 1980 1980 2442 7326 1999 1999 2442 7327 2000 2000 2442 7328 1979 1979 2443 7329 1978 1978 2443 7330 1998 1998 2443 7331 1979 1979 2444 7332 1998 1998 2444 7333 1999 1999 2444 7334 1978 1978 2445 7335 1977 1977 2445 7336 1997 1997 2445 7337 1978 1978 2446 7338 1997 1997 2446 7339 1998 1998 2446 7340 1977 1977 2447 7341 1976 1976 2447 7342 1996 1996 2447 7343 1977 1977 2448 7344 1996 1996 2448 7345 1997 1997 2448 7346 1976 1976 2449 7347 1975 1975 2449 7348 1995 1995 2449 7349 1976 1976 2450 7350 1995 1995 2450 7351 1996 1996 2450 7352 1975 1975 2451 7353 1974 1974 2451 7354 1994 1994 2451 7355 1975 1975 2452 7356 1994 1994 2452 7357 1995 1995 2452 7358 1974 1974 2453 7359 1973 1973 2453 7360 1993 1993 2453 7361 1974 1974 2454 7362 1993 1993 2454 7363 1994 1994 2454 7364 1973 1973 2455 7365 1972 1972 2455 7366 1992 1992 2455 7367 1973 1973 2456 7368 1992 1992 2456 7369 1993 1993 2456 7370 1972 1972 2457 7371 1971 1971 2457 7372 1991 1991 2457 7373 1972 1972 2458 7374 1991 1991 2458 7375 1992 1992 2458 7376 1971 1971 2459 7377 1970 1970 2459 7378 1990 1990 2459 7379 1971 1971 2460 7380 1990 1990 2460 7381 1991 1991 2460 7382 1970 1970 2461 7383 1969 1969 2461 7384 1989 1989 2461 7385 1970 1970 2462 7386 1989 1989 2462 7387 1990 1990 2462 7388 1969 1969 2463 7389 1968 1968 2463 7390 1988 1988 2463 7391 1969 1969 2464 7392 1988 1988 2464 7393 1989 1989 2464 7394 1968 1968 2465 7395 1967 1967 2465 7396 1987 1987 2465 7397 1968 1968 2466 7398 1987 1987 2466 7399 1988 1988 2466 7400 142 142 2467 7401 1966 1966 2467 7402 1986 1986 2467 7403 142 142 2468 7404 1986 1986 2468 7405 145 145 2468 7406 1966 1966 2469 7407 1965 1965 2469 7408 1985 1985 2469 7409 1966 1966 2470 7410 1985 1985 2470 7411 1986 1986 2470 7412 1965 1965 2471 7413 1964 1964 2471 7414 1984 1984 2471 7415 1965 1965 2472 7416 1984 1984 2472 7417 1985 1985 2472 7418 1964 1964 2473 7419 1963 1963 2473 7420 1983 1983 2473 7421 1964 1964 2474 7422 1983 1983 2474 7423 1984 1984 2474 7424 1963 1963 2475 7425 1962 1962 2475 7426 1982 1982 2475 7427 1963 1963 2476 7428 1982 1982 2476 7429 1983 1983 2476 7430 1962 1962 2477 7431 1961 1961 2477 7432 1981 1981 2477 7433 1962 1962 2478 7434 1981 1981 2478 7435 1982 1982 2478 7436 1961 1961 2479 7437 1960 1960 2479 7438 1980 1980 2479 7439 1961 1961 2480 7440 1980 1980 2480 7441 1981 1981 2480 7442 1960 1960 2481 7443 1959 1959 2481 7444 1979 1979 2481 7445 1960 1960 2482 7446 1979 1979 2482 7447 1980 1980 2482 7448 1959 1959 2483 7449 1958 1958 2483 7450 1978 1978 2483 7451 1959 1959 2484 7452 1978 1978 2484 7453 1979 1979 2484 7454 1958 1958 2485 7455 1957 1957 2485 7456 1977 1977 2485 7457 1958 1958 2486 7458 1977 1977 2486 7459 1978 1978 2486 7460 1957 1957 2487 7461 1956 1956 2487 7462 1976 1976 2487 7463 1957 1957 2488 7464 1976 1976 2488 7465 1977 1977 2488 7466 1956 1956 2489 7467 1955 1955 2489 7468 1975 1975 2489 7469 1956 1956 2490 7470 1975 1975 2490 7471 1976 1976 2490 7472 1955 1955 2491 7473 1954 1954 2491 7474 1974 1974 2491 7475 1955 1955 2492 7476 1974 1974 2492 7477 1975 1975 2492 7478 1954 1954 2493 7479 1953 1953 2493 7480 1973 1973 2493 7481 1954 1954 2494 7482 1973 1973 2494 7483 1974 1974 2494 7484 1953 1953 2495 7485 1952 1952 2495 7486 1972 1972 2495 7487 1953 1953 2496 7488 1972 1972 2496 7489 1973 1973 2496 7490 1952 1952 2497 7491 1951 1951 2497 7492 1971 1971 2497 7493 1952 1952 2498 7494 1971 1971 2498 7495 1972 1972 2498 7496 1951 1951 2499 7497 1950 1950 2499 7498 1970 1970 2499 7499 1951 1951 2500 7500 1970 1970 2500 7501 1971 1971 2500 7502 1950 1950 2501 7503 1949 1949 2501 7504 1969 1969 2501 7505 1950 1950 2502 7506 1969 1969 2502 7507 1970 1970 2502 7508 1949 1949 2503 7509 1948 1948 2503 7510 1968 1968 2503 7511 1949 1949 2504 7512 1968 1968 2504 7513 1969 1969 2504 7514 1948 1948 2505 7515 1947 1947 2505 7516 1967 1967 2505 7517 1948 1948 2506 7518 1967 1967 2506 7519 1968 1968 2506 7520 137 137 2507 7521 1946 1946 2507 7522 1966 1966 2507 7523 137 137 2508 7524 1966 1966 2508 7525 142 142 2508 7526 1946 1946 2509 7527 1945 1945 2509 7528 1965 1965 2509 7529 1946 1946 2510 7530 1965 1965 2510 7531 1966 1966 2510 7532 1945 1945 2511 7533 1944 1944 2511 7534 1964 1964 2511 7535 1945 1945 2512 7536 1964 1964 2512 7537 1965 1965 2512 7538 1944 1944 2513 7539 1943 1943 2513 7540 1963 1963 2513 7541 1944 1944 2514 7542 1963 1963 2514 7543 1964 1964 2514 7544 1943 1943 2515 7545 1942 1942 2515 7546 1962 1962 2515 7547 1943 1943 2516 7548 1962 1962 2516 7549 1963 1963 2516 7550 1942 1942 2517 7551 1941 1941 2517 7552 1961 1961 2517 7553 1942 1942 2518 7554 1961 1961 2518 7555 1962 1962 2518 7556 1941 1941 2519 7557 1940 1940 2519 7558 1960 1960 2519 7559 1941 1941 2520 7560 1960 1960 2520 7561 1961 1961 2520 7562 1940 1940 2521 7563 1939 1939 2521 7564 1959 1959 2521 7565 1940 1940 2522 7566 1959 1959 2522 7567 1960 1960 2522 7568 1939 1939 2523 7569 1938 1938 2523 7570 1958 1958 2523 7571 1939 1939 2524 7572 1958 1958 2524 7573 1959 1959 2524 7574 1938 1938 2525 7575 1937 1937 2525 7576 1957 1957 2525 7577 1938 1938 2526 7578 1957 1957 2526 7579 1958 1958 2526 7580 1937 1937 2527 7581 1936 1936 2527 7582 1956 1956 2527 7583 1937 1937 2528 7584 1956 1956 2528 7585 1957 1957 2528 7586 1936 1936 2529 7587 1935 1935 2529 7588 1955 1955 2529 7589 1936 1936 2530 7590 1955 1955 2530 7591 1956 1956 2530 7592 1935 1935 2531 7593 1934 1934 2531 7594 1954 1954 2531 7595 1935 1935 2532 7596 1954 1954 2532 7597 1955 1955 2532 7598 1934 1934 2533 7599 1933 1933 2533 7600 1953 1953 2533 7601 1934 1934 2534 7602 1953 1953 2534 7603 1954 1954 2534 7604 1933 1933 2535 7605 1932 1932 2535 7606 1952 1952 2535 7607 1933 1933 2536 7608 1952 1952 2536 7609 1953 1953 2536 7610 1932 1932 2537 7611 1931 1931 2537 7612 1951 1951 2537 7613 1932 1932 2538 7614 1951 1951 2538 7615 1952 1952 2538 7616 1931 1931 2539 7617 1930 1930 2539 7618 1950 1950 2539 7619 1931 1931 2540 7620 1950 1950 2540 7621 1951 1951 2540 7622 1930 1930 2541 7623 1929 1929 2541 7624 1949 1949 2541 7625 1930 1930 2542 7626 1949 1949 2542 7627 1950 1950 2542 7628 1929 1929 2543 7629 1928 1928 2543 7630 1948 1948 2543 7631 1929 1929 2544 7632 1948 1948 2544 7633 1949 1949 2544 7634 1928 1928 2545 7635 1927 1927 2545 7636 1947 1947 2545 7637 1928 1928 2546 7638 1947 1947 2546 7639 1948 1948 2546 7640 129 129 2547 7641 1926 1926 2547 7642 1946 1946 2547 7643 129 129 2548 7644 1946 1946 2548 7645 137 137 2548 7646 1926 1926 2549 7647 1925 1925 2549 7648 1945 1945 2549 7649 1926 1926 2550 7650 1945 1945 2550 7651 1946 1946 2550 7652 1925 1925 2551 7653 1924 1924 2551 7654 1944 1944 2551 7655 1925 1925 2552 7656 1944 1944 2552 7657 1945 1945 2552 7658 1924 1924 2553 7659 1923 1923 2553 7660 1943 1943 2553 7661 1924 1924 2554 7662 1943 1943 2554 7663 1944 1944 2554 7664 1923 1923 2555 7665 1922 1922 2555 7666 1942 1942 2555 7667 1923 1923 2556 7668 1942 1942 2556 7669 1943 1943 2556 7670 1922 1922 2557 7671 1921 1921 2557 7672 1941 1941 2557 7673 1922 1922 2558 7674 1941 1941 2558 7675 1942 1942 2558 7676 1921 1921 2559 7677 1920 1920 2559 7678 1940 1940 2559 7679 1921 1921 2560 7680 1940 1940 2560 7681 1941 1941 2560 7682 1920 1920 2561 7683 1919 1919 2561 7684 1939 1939 2561 7685 1920 1920 2562 7686 1939 1939 2562 7687 1940 1940 2562 7688 1919 1919 2563 7689 1918 1918 2563 7690 1938 1938 2563 7691 1919 1919 2564 7692 1938 1938 2564 7693 1939 1939 2564 7694 1918 1918 2565 7695 1917 1917 2565 7696 1937 1937 2565 7697 1918 1918 2566 7698 1937 1937 2566 7699 1938 1938 2566 7700 1917 1917 2567 7701 1916 1916 2567 7702 1936 1936 2567 7703 1917 1917 2568 7704 1936 1936 2568 7705 1937 1937 2568 7706 1916 1916 2569 7707 1915 1915 2569 7708 1935 1935 2569 7709 1916 1916 2570 7710 1935 1935 2570 7711 1936 1936 2570 7712 1915 1915 2571 7713 1914 1914 2571 7714 1934 1934 2571 7715 1915 1915 2572 7716 1934 1934 2572 7717 1935 1935 2572 7718 1914 1914 2573 7719 1913 1913 2573 7720 1933 1933 2573 7721 1914 1914 2574 7722 1933 1933 2574 7723 1934 1934 2574 7724 1913 1913 2575 7725 1912 1912 2575 7726 1932 1932 2575 7727 1913 1913 2576 7728 1932 1932 2576 7729 1933 1933 2576 7730 1912 1912 2577 7731 1911 1911 2577 7732 1931 1931 2577 7733 1912 1912 2578 7734 1931 1931 2578 7735 1932 1932 2578 7736 1911 1911 2579 7737 1910 1910 2579 7738 1930 1930 2579 7739 1911 1911 2580 7740 1930 1930 2580 7741 1931 1931 2580 7742 1910 1910 2581 7743 1909 1909 2581 7744 1929 1929 2581 7745 1910 1910 2582 7746 1929 1929 2582 7747 1930 1930 2582 7748 1909 1909 2583 7749 1908 1908 2583 7750 1928 1928 2583 7751 1909 1909 2584 7752 1928 1928 2584 7753 1929 1929 2584 7754 1908 1908 2585 7755 1907 1907 2585 7756 1927 1927 2585 7757 1908 1908 2586 7758 1927 1927 2586 7759 1928 1928 2586 7760 402 402 2587 7761 1906 1906 2587 7762 1926 1926 2587 7763 402 402 2588 7764 1926 1926 2588 7765 129 129 2588 7766 1906 1906 2589 7767 1905 1905 2589 7768 1925 1925 2589 7769 1906 1906 2590 7770 1925 1925 2590 7771 1926 1926 2590 7772 1905 1905 2591 7773 1904 1904 2591 7774 1924 1924 2591 7775 1905 1905 2592 7776 1924 1924 2592 7777 1925 1925 2592 7778 1904 1904 2593 7779 1903 1903 2593 7780 1923 1923 2593 7781 1904 1904 2594 7782 1923 1923 2594 7783 1924 1924 2594 7784 1903 1903 2595 7785 1902 1902 2595 7786 1922 1922 2595 7787 1903 1903 2596 7788 1922 1922 2596 7789 1923 1923 2596 7790 1902 1902 2597 7791 1901 1901 2597 7792 1921 1921 2597 7793 1902 1902 2598 7794 1921 1921 2598 7795 1922 1922 2598 7796 1901 1901 2599 7797 1900 1900 2599 7798 1920 1920 2599 7799 1901 1901 2600 7800 1920 1920 2600 7801 1921 1921 2600 7802 1900 1900 2601 7803 1899 1899 2601 7804 1919 1919 2601 7805 1900 1900 2602 7806 1919 1919 2602 7807 1920 1920 2602 7808 1899 1899 2603 7809 1898 1898 2603 7810 1918 1918 2603 7811 1899 1899 2604 7812 1918 1918 2604 7813 1919 1919 2604 7814 1898 1898 2605 7815 1897 1897 2605 7816 1917 1917 2605 7817 1898 1898 2606 7818 1917 1917 2606 7819 1918 1918 2606 7820 1897 1897 2607 7821 1896 1896 2607 7822 1916 1916 2607 7823 1897 1897 2608 7824 1916 1916 2608 7825 1917 1917 2608 7826 1896 1896 2609 7827 1895 1895 2609 7828 1915 1915 2609 7829 1896 1896 2610 7830 1915 1915 2610 7831 1916 1916 2610 7832 1895 1895 2611 7833 1894 1894 2611 7834 1914 1914 2611 7835 1895 1895 2612 7836 1914 1914 2612 7837 1915 1915 2612 7838 1894 1894 2613 7839 1893 1893 2613 7840 1913 1913 2613 7841 1894 1894 2614 7842 1913 1913 2614 7843 1914 1914 2614 7844 1893 1893 2615 7845 1892 1892 2615 7846 1912 1912 2615 7847 1893 1893 2616 7848 1912 1912 2616 7849 1913 1913 2616 7850 1892 1892 2617 7851 1891 1891 2617 7852 1911 1911 2617 7853 1892 1892 2618 7854 1911 1911 2618 7855 1912 1912 2618 7856 1891 1891 2619 7857 1890 1890 2619 7858 1910 1910 2619 7859 1891 1891 2620 7860 1910 1910 2620 7861 1911 1911 2620 7862 1890 1890 2621 7863 1889 1889 2621 7864 1909 1909 2621 7865 1890 1890 2622 7866 1909 1909 2622 7867 1910 1910 2622 7868 1889 1889 2623 7869 1888 1888 2623 7870 1908 1908 2623 7871 1889 1889 2624 7872 1908 1908 2624 7873 1909 1909 2624 7874 1888 1888 2625 7875 1887 1887 2625 7876 1907 1907 2625 7877 1888 1888 2626 7878 1907 1907 2626 7879 1908 1908 2626 7880 344 344 2627 7881 1846 1846 2627 7882 1847 1847 2627 7883 344 344 2628 7884 1847 1847 2628 7885 113 113 2628 7886 1846 1846 2629 7887 1845 1845 2629 7888 1848 1848 2629 7889 1846 1846 2630 7890 1848 1848 2630 7891 1847 1847 2630 7892 1845 1845 2631 7893 1844 1844 2631 7894 1849 1849 2631 7895 1845 1845 2632 7896 1849 1849 2632 7897 1848 1848 2632 7898 1844 1844 2633 7899 1843 1843 2633 7900 1850 1850 2633 7901 1844 1844 2634 7902 1850 1850 2634 7903 1849 1849 2634 7904 1843 1843 2635 7905 1842 1842 2635 7906 1851 1851 2635 7907 1843 1843 2636 7908 1851 1851 2636 7909 1850 1850 2636 7910 1842 1842 2637 7911 1841 1841 2637 7912 1852 1852 2637 7913 1842 1842 2638 7914 1852 1852 2638 7915 1851 1851 2638 7916 1841 1841 2639 7917 1840 1840 2639 7918 1853 1853 2639 7919 1841 1841 2640 7920 1853 1853 2640 7921 1852 1852 2640 7922 1840 1840 2641 7923 1839 1839 2641 7924 1854 1854 2641 7925 1840 1840 2642 7926 1854 1854 2642 7927 1853 1853 2642 7928 1839 1839 2643 7929 1838 1838 2643 7930 1855 1855 2643 7931 1839 1839 2644 7932 1855 1855 2644 7933 1854 1854 2644 7934 1838 1838 2645 7935 1837 1837 2645 7936 1856 1856 2645 7937 1838 1838 2646 7938 1856 1856 2646 7939 1855 1855 2646 7940 1837 1837 2647 7941 1836 1836 2647 7942 1857 1857 2647 7943 1837 1837 2648 7944 1857 1857 2648 7945 1856 1856 2648 7946 1836 1836 2649 7947 1835 1835 2649 7948 1858 1858 2649 7949 1836 1836 2650 7950 1858 1858 2650 7951 1857 1857 2650 7952 1835 1835 2651 7953 1834 1834 2651 7954 1859 1859 2651 7955 1835 1835 2652 7956 1859 1859 2652 7957 1858 1858 2652 7958 1834 1834 2653 7959 1833 1833 2653 7960 1860 1860 2653 7961 1834 1834 2654 7962 1860 1860 2654 7963 1859 1859 2654 7964 1833 1833 2655 7965 1832 1832 2655 7966 1861 1861 2655 7967 1833 1833 2656 7968 1861 1861 2656 7969 1860 1860 2656 7970 1832 1832 2657 7971 1831 1831 2657 7972 1862 1862 2657 7973 1832 1832 2658 7974 1862 1862 2658 7975 1861 1861 2658 7976 1831 1831 2659 7977 1830 1830 2659 7978 1863 1863 2659 7979 1831 1831 2660 7980 1863 1863 2660 7981 1862 1862 2660 7982 1830 1830 2661 7983 1829 1829 2661 7984 1864 1864 2661 7985 1830 1830 2662 7986 1864 1864 2662 7987 1863 1863 2662 7988 1829 1829 2663 7989 1828 1828 2663 7990 1865 1865 2663 7991 1829 1829 2664 7992 1865 1865 2664 7993 1864 1864 2664 7994 1828 1828 2665 7995 1827 1827 2665 7996 1866 1866 2665 7997 1828 1828 2666 7998 1866 1866 2666 7999 1865 1865 2666 8000 113 113 2667 8001 1847 1847 2667 8002 1886 1886 2667 8003 113 113 2668 8004 1886 1886 2668 8005 356 356 2668 8006 1847 1847 2669 8007 1848 1848 2669 8008 1885 1885 2669 8009 1847 1847 2670 8010 1885 1885 2670 8011 1886 1886 2670 8012 1848 1848 2671 8013 1849 1849 2671 8014 1884 1884 2671 8015 1848 1848 2672 8016 1884 1884 2672 8017 1885 1885 2672 8018 1849 1849 2673 8019 1850 1850 2673 8020 1883 1883 2673 8021 1849 1849 2674 8022 1883 1883 2674 8023 1884 1884 2674 8024 1850 1850 2675 8025 1851 1851 2675 8026 1882 1882 2675 8027 1850 1850 2676 8028 1882 1882 2676 8029 1883 1883 2676 8030 1851 1851 2677 8031 1852 1852 2677 8032 1881 1881 2677 8033 1851 1851 2678 8034 1881 1881 2678 8035 1882 1882 2678 8036 1852 1852 2679 8037 1853 1853 2679 8038 1880 1880 2679 8039 1852 1852 2680 8040 1880 1880 2680 8041 1881 1881 2680 8042 1853 1853 2681 8043 1854 1854 2681 8044 1879 1879 2681 8045 1853 1853 2682 8046 1879 1879 2682 8047 1880 1880 2682 8048 1854 1854 2683 8049 1855 1855 2683 8050 1878 1878 2683 8051 1854 1854 2684 8052 1878 1878 2684 8053 1879 1879 2684 8054 1855 1855 2685 8055 1856 1856 2685 8056 1877 1877 2685 8057 1855 1855 2686 8058 1877 1877 2686 8059 1878 1878 2686 8060 1856 1856 2687 8061 1857 1857 2687 8062 1876 1876 2687 8063 1856 1856 2688 8064 1876 1876 2688 8065 1877 1877 2688 8066 1857 1857 2689 8067 1858 1858 2689 8068 1875 1875 2689 8069 1857 1857 2690 8070 1875 1875 2690 8071 1876 1876 2690 8072 1858 1858 2691 8073 1859 1859 2691 8074 1874 1874 2691 8075 1858 1858 2692 8076 1874 1874 2692 8077 1875 1875 2692 8078 1859 1859 2693 8079 1860 1860 2693 8080 1873 1873 2693 8081 1859 1859 2694 8082 1873 1873 2694 8083 1874 1874 2694 8084 1860 1860 2695 8085 1861 1861 2695 8086 1872 1872 2695 8087 1860 1860 2696 8088 1872 1872 2696 8089 1873 1873 2696 8090 1861 1861 2697 8091 1862 1862 2697 8092 1871 1871 2697 8093 1861 1861 2698 8094 1871 1871 2698 8095 1872 1872 2698 8096 1862 1862 2699 8097 1863 1863 2699 8098 1870 1870 2699 8099 1862 1862 2700 8100 1870 1870 2700 8101 1871 1871 2700 8102 1863 1863 2701 8103 1864 1864 2701 8104 1869 1869 2701 8105 1863 1863 2702 8106 1869 1869 2702 8107 1870 1870 2702 8108 1864 1864 2703 8109 1865 1865 2703 8110 1868 1868 2703 8111 1864 1864 2704 8112 1868 1868 2704 8113 1869 1869 2704 8114 1865 1865 2705 8115 1866 1866 2705 8116 1867 1867 2705 8117 1865 1865 2706 8118 1867 1867 2706 8119 1868 1868 2706 8120 100 100 2707 8121 1826 1826 2707 8122 1846 1846 2707 8123 100 100 2708 8124 1846 1846 2708 8125 344 344 2708 8126 1826 1826 2709 8127 1825 1825 2709 8128 1845 1845 2709 8129 1826 1826 2710 8130 1845 1845 2710 8131 1846 1846 2710 8132 1825 1825 2711 8133 1824 1824 2711 8134 1844 1844 2711 8135 1825 1825 2712 8136 1844 1844 2712 8137 1845 1845 2712 8138 1824 1824 2713 8139 1823 1823 2713 8140 1843 1843 2713 8141 1824 1824 2714 8142 1843 1843 2714 8143 1844 1844 2714 8144 1823 1823 2715 8145 1822 1822 2715 8146 1842 1842 2715 8147 1823 1823 2716 8148 1842 1842 2716 8149 1843 1843 2716 8150 1822 1822 2717 8151 1821 1821 2717 8152 1841 1841 2717 8153 1822 1822 2718 8154 1841 1841 2718 8155 1842 1842 2718 8156 1821 1821 2719 8157 1820 1820 2719 8158 1840 1840 2719 8159 1821 1821 2720 8160 1840 1840 2720 8161 1841 1841 2720 8162 1820 1820 2721 8163 1819 1819 2721 8164 1839 1839 2721 8165 1820 1820 2722 8166 1839 1839 2722 8167 1840 1840 2722 8168 1819 1819 2723 8169 1818 1818 2723 8170 1838 1838 2723 8171 1819 1819 2724 8172 1838 1838 2724 8173 1839 1839 2724 8174 1818 1818 2725 8175 1817 1817 2725 8176 1837 1837 2725 8177 1818 1818 2726 8178 1837 1837 2726 8179 1838 1838 2726 8180 1817 1817 2727 8181 1816 1816 2727 8182 1836 1836 2727 8183 1817 1817 2728 8184 1836 1836 2728 8185 1837 1837 2728 8186 1816 1816 2729 8187 1815 1815 2729 8188 1835 1835 2729 8189 1816 1816 2730 8190 1835 1835 2730 8191 1836 1836 2730 8192 1815 1815 2731 8193 1814 1814 2731 8194 1834 1834 2731 8195 1815 1815 2732 8196 1834 1834 2732 8197 1835 1835 2732 8198 1814 1814 2733 8199 1813 1813 2733 8200 1833 1833 2733 8201 1814 1814 2734 8202 1833 1833 2734 8203 1834 1834 2734 8204 1813 1813 2735 8205 1812 1812 2735 8206 1832 1832 2735 8207 1813 1813 2736 8208 1832 1832 2736 8209 1833 1833 2736 8210 1812 1812 2737 8211 1811 1811 2737 8212 1831 1831 2737 8213 1812 1812 2738 8214 1831 1831 2738 8215 1832 1832 2738 8216 1811 1811 2739 8217 1810 1810 2739 8218 1830 1830 2739 8219 1811 1811 2740 8220 1830 1830 2740 8221 1831 1831 2740 8222 1810 1810 2741 8223 1809 1809 2741 8224 1829 1829 2741 8225 1810 1810 2742 8226 1829 1829 2742 8227 1830 1830 2742 8228 1809 1809 2743 8229 1808 1808 2743 8230 1828 1828 2743 8231 1809 1809 2744 8232 1828 1828 2744 8233 1829 1829 2744 8234 1808 1808 2745 8235 1807 1807 2745 8236 1827 1827 2745 8237 1808 1808 2746 8238 1827 1827 2746 8239 1828 1828 2746 8240 1806 1806 2747 8241 1805 1805 2747 8242 1825 1825 2747 8243 1806 1806 2748 8244 1825 1825 2748 8245 1826 1826 2748 8246 1805 1805 2749 8247 1804 1804 2749 8248 1824 1824 2749 8249 1805 1805 2750 8250 1824 1824 2750 8251 1825 1825 2750 8252 1804 1804 2751 8253 1803 1803 2751 8254 1823 1823 2751 8255 1804 1804 2752 8256 1823 1823 2752 8257 1824 1824 2752 8258 1803 1803 2753 8259 1802 1802 2753 8260 1822 1822 2753 8261 1803 1803 2754 8262 1822 1822 2754 8263 1823 1823 2754 8264 1802 1802 2755 8265 1801 1801 2755 8266 1821 1821 2755 8267 1802 1802 2756 8268 1821 1821 2756 8269 1822 1822 2756 8270 1801 1801 2757 8271 1800 1800 2757 8272 1820 1820 2757 8273 1801 1801 2758 8274 1820 1820 2758 8275 1821 1821 2758 8276 1800 1800 2759 8277 1799 1799 2759 8278 1819 1819 2759 8279 1800 1800 2760 8280 1819 1819 2760 8281 1820 1820 2760 8282 1799 1799 2761 8283 1798 1798 2761 8284 1818 1818 2761 8285 1799 1799 2762 8286 1818 1818 2762 8287 1819 1819 2762 8288 1798 1798 2763 8289 1797 1797 2763 8290 1817 1817 2763 8291 1798 1798 2764 8292 1817 1817 2764 8293 1818 1818 2764 8294 1797 1797 2765 8295 1796 1796 2765 8296 1816 1816 2765 8297 1797 1797 2766 8298 1816 1816 2766 8299 1817 1817 2766 8300 1796 1796 2767 8301 1795 1795 2767 8302 1815 1815 2767 8303 1796 1796 2768 8304 1815 1815 2768 8305 1816 1816 2768 8306 1795 1795 2769 8307 1794 1794 2769 8308 1814 1814 2769 8309 1795 1795 2770 8310 1814 1814 2770 8311 1815 1815 2770 8312 1794 1794 2771 8313 1793 1793 2771 8314 1813 1813 2771 8315 1794 1794 2772 8316 1813 1813 2772 8317 1814 1814 2772 8318 1793 1793 2773 8319 1792 1792 2773 8320 1812 1812 2773 8321 1793 1793 2774 8322 1812 1812 2774 8323 1813 1813 2774 8324 1792 1792 2775 8325 1791 1791 2775 8326 1811 1811 2775 8327 1792 1792 2776 8328 1811 1811 2776 8329 1812 1812 2776 8330 1791 1791 2777 8331 1790 1790 2777 8332 1810 1810 2777 8333 1791 1791 2778 8334 1810 1810 2778 8335 1811 1811 2778 8336 1790 1790 2779 8337 1789 1789 2779 8338 1809 1809 2779 8339 1790 1790 2780 8340 1809 1809 2780 8341 1810 1810 2780 8342 1789 1789 2781 8343 1788 1788 2781 8344 1808 1808 2781 8345 1789 1789 2782 8346 1808 1808 2782 8347 1809 1809 2782 8348 1788 1788 2783 8349 1787 1787 2783 8350 1807 1807 2783 8351 1788 1788 2784 8352 1807 1807 2784 8353 1808 1808 2784 8354 3101 3101 2785 8355 3121 3121 2785 8356 1804 1804 2785 8357 3101 3101 2786 8358 1804 1804 2786 8359 1805 1805 2786 8360 3121 3121 2787 8361 3141 3141 2787 8362 1803 1803 2787 8363 3121 3121 2788 8364 1803 1803 2788 8365 1804 1804 2788 8366 3141 3141 2789 8367 3161 3161 2789 8368 1802 1802 2789 8369 3141 3141 2790 8370 1802 1802 2790 8371 1803 1803 2790 8372 3161 3161 2791 8373 3181 3181 2791 8374 1801 1801 2791 8375 3161 3161 2792 8376 1801 1801 2792 8377 1802 1802 2792 8378 3181 3181 2793 8379 3201 3201 2793 8380 1800 1800 2793 8381 3181 3181 2794 8382 1800 1800 2794 8383 1801 1801 2794 8384 3201 3201 2795 8385 3221 3221 2795 8386 1799 1799 2795 8387 3201 3201 2796 8388 1799 1799 2796 8389 1800 1800 2796 8390 3221 3221 2797 8391 3241 3241 2797 8392 1798 1798 2797 8393 3221 3221 2798 8394 1798 1798 2798 8395 1799 1799 2798 8396 3241 3241 2799 8397 3261 3261 2799 8398 1797 1797 2799 8399 3241 3241 2800 8400 1797 1797 2800 8401 1798 1798 2800 8402 3261 3261 2801 8403 3281 3281 2801 8404 1796 1796 2801 8405 3261 3261 2802 8406 1796 1796 2802 8407 1797 1797 2802 8408 3281 3281 2803 8409 3301 3301 2803 8410 1795 1795 2803 8411 3281 3281 2804 8412 1795 1795 2804 8413 1796 1796 2804 8414 3301 3301 2805 8415 3320 3320 2805 8416 1794 1794 2805 8417 3301 3301 2806 8418 1794 1794 2806 8419 1795 1795 2806 8420 3320 3320 2807 8421 3339 3339 2807 8422 1793 1793 2807 8423 3320 3320 2808 8424 1793 1793 2808 8425 1794 1794 2808 8426 3339 3339 2809 8427 3359 3359 2809 8428 1792 1792 2809 8429 3339 3339 2810 8430 1792 1792 2810 8431 1793 1793 2810 8432 3359 3359 2811 8433 3378 3378 2811 8434 1791 1791 2811 8435 3359 3359 2812 8436 1791 1791 2812 8437 1792 1792 2812 8438 3378 3378 2813 8439 3397 3397 2813 8440 1790 1790 2813 8441 3378 3378 2814 8442 1790 1790 2814 8443 1791 1791 2814 8444 3397 3397 2815 8445 3417 3417 2815 8446 1789 1789 2815 8447 3397 3397 2816 8448 1789 1789 2816 8449 1790 1790 2816 8450 3417 3417 2817 8451 3436 3436 2817 8452 1788 1788 2817 8453 3417 3417 2818 8454 1788 1788 2818 8455 1789 1789 2818 8456 3436 3436 2819 8457 3455 3455 2819 8458 1787 1787 2819 8459 3436 3436 2820 8460 1787 1787 2820 8461 1788 1788 2820 8462 2305 2305 2821 8463 2304 2304 2821 8464 2324 2324 2821 8465 2305 2305 2822 8466 2324 2324 2822 8467 2325 2325 2822 8468 2303 2303 2823 8469 2302 2302 2823 8470 2322 2322 2823 8471 2303 2303 2824 8472 2322 2322 2824 8473 2323 2323 2824 8474 2301 2301 2825 8475 2300 2300 2825 8476 2320 2320 2825 8477 2301 2301 2826 8478 2320 2320 2826 8479 2321 2321 2826 8480 2299 2299 2827 8481 2298 2298 2827 8482 2318 2318 2827 8483 2299 2299 2828 8484 2318 2318 2828 8485 2319 2319 2828 8486 2297 2297 2829 8487 2296 2296 2829 8488 2316 2316 2829 8489 2297 2297 2830 8490 2316 2316 2830 8491 2317 2317 2830 8492 2295 2295 2831 8493 2294 2294 2831 8494 2314 2314 2831 8495 2295 2295 2832 8496 2314 2314 2832 8497 2315 2315 2832 8498 2293 2293 2833 8499 2292 2292 2833 8500 2312 2312 2833 8501 2293 2293 2834 8502 2312 2312 2834 8503 2313 2313 2834 8504 2291 2291 2835 8505 2290 2290 2835 8506 2310 2310 2835 8507 2291 2291 2836 8508 2310 2310 2836 8509 2311 2311 2836 8510 2289 2289 2837 8511 2288 2288 2837 8512 2309 2309 2837 8513 2287 2287 2838 8514 2286 2286 2838 8515 2306 2306 2838 8516 2287 2287 2839 8517 2306 2306 2839 8518 2307 2307 2839 8519 2285 2285 2840 8520 2284 2284 2840 8521 2304 2304 2840 8522 2285 2285 2841 8523 2304 2304 2841 8524 2305 2305 2841 8525 2283 2283 2842 8526 2282 2282 2842 8527 2302 2302 2842 8528 2283 2283 2843 8529 2302 2302 2843 8530 2303 2303 2843 8531 2281 2281 2844 8532 2280 2280 2844 8533 2300 2300 2844 8534 2281 2281 2845 8535 2300 2300 2845 8536 2301 2301 2845 8537 2279 2279 2846 8538 2278 2278 2846 8539 2298 2298 2846 8540 2279 2279 2847 8541 2298 2298 2847 8542 2299 2299 2847 8543 2277 2277 2848 8544 2276 2276 2848 8545 2296 2296 2848 8546 2277 2277 2849 8547 2296 2296 2849 8548 2297 2297 2849 8549 2275 2275 2850 8550 2274 2274 2850 8551 2294 2294 2850 8552 2275 2275 2851 8553 2294 2294 2851 8554 2295 2295 2851 8555 2273 2273 2852 8556 2272 2272 2852 8557 2292 2292 2852 8558 2273 2273 2853 8559 2292 2292 2853 8560 2293 2293 2853 8561 2271 2271 2854 8562 2270 2270 2854 8563 2290 2290 2854 8564 2271 2271 2855 8565 2290 2290 2855 8566 2291 2291 2855 8567 2269 2269 2856 8568 2268 2268 2856 8569 2288 2288 2856 8570 2269 2269 2857 8571 2288 2288 2857 8572 2289 2289 2857 8573 2785 2785 2858 8574 3878 3878 2858 8575 3886 3886 2858 8576 3494 3494 2859 8577 3514 3514 2859 8578 2343 2343 2859 8579 3494 3494 2860 8580 2343 2343 2860 8581 2344 2344 2860 8582 3533 3533 2861 8583 3553 3553 2861 8584 2341 2341 2861 8585 3533 3533 2862 8586 2341 2341 2862 8587 2342 2342 2862 8588 3573 3573 2863 8589 3592 3592 2863 8590 2339 2339 2863 8591 3573 3573 2864 8592 2339 2339 2864 8593 2340 2340 2864 8594 3612 3612 2865 8595 3632 3632 2865 8596 2337 2337 2865 8597 3612 3612 2866 8598 2337 2337 2866 8599 2338 2338 2866 8600 3651 3651 2867 8601 3671 3671 2867 8602 2335 2335 2867 8603 3651 3651 2868 8604 2335 2335 2868 8605 2336 2336 2868 8606 3691 3691 2869 8607 3711 3711 2869 8608 2333 2333 2869 8609 3691 3691 2870 8610 2333 2333 2870 8611 2334 2334 2870 8612 3731 3731 2871 8613 3751 3751 2871 8614 2331 2331 2871 8615 3731 3731 2872 8616 2331 2331 2872 8617 2332 2332 2872 8618 3771 3771 2873 8619 3791 3791 2873 8620 2329 2329 2873 8621 3771 3771 2874 8622 2329 2329 2874 8623 2330 2330 2874 8624 3811 3811 2875 8625 3831 3831 2875 8626 2327 2327 2875 8627 3811 3811 2876 8628 2327 2327 2876 8629 2328 2328 2876 8630 53 53 2877 8631 2345 2345 2877 8632 2385 2385 2877 8633 53 53 2878 8634 2385 2385 2878 8635 447 447 2878 8636 2345 2345 2879 8637 2346 2346 2879 8638 2386 2386 2879 8639 2345 2345 2880 8640 2386 2386 2880 8641 2385 2385 2880 8642 2346 2346 2881 8643 2347 2347 2881 8644 2387 2387 2881 8645 2346 2346 2882 8646 2387 2387 2882 8647 2386 2386 2882 8648 2347 2347 2883 8649 2348 2348 2883 8650 2388 2388 2883 8651 2347 2347 2884 8652 2388 2388 2884 8653 2387 2387 2884 8654 2348 2348 2885 8655 2349 2349 2885 8656 2389 2389 2885 8657 2348 2348 2886 8658 2389 2389 2886 8659 2388 2388 2886 8660 2349 2349 2887 8661 2350 2350 2887 8662 2390 2390 2887 8663 2349 2349 2888 8664 2390 2390 2888 8665 2389 2389 2888 8666 2350 2350 2889 8667 2351 2351 2889 8668 2391 2391 2889 8669 2350 2350 2890 8670 2391 2391 2890 8671 2390 2390 2890 8672 2351 2351 2891 8673 2352 2352 2891 8674 2392 2392 2891 8675 2351 2351 2892 8676 2392 2392 2892 8677 2391 2391 2892 8678 2352 2352 2893 8679 2353 2353 2893 8680 2393 2393 2893 8681 2352 2352 2894 8682 2393 2393 2894 8683 2392 2392 2894 8684 2353 2353 2895 8685 2354 2354 2895 8686 2394 2394 2895 8687 2353 2353 2896 8688 2394 2394 2896 8689 2393 2393 2896 8690 2354 2354 2897 8691 2355 2355 2897 8692 2395 2395 2897 8693 2354 2354 2898 8694 2395 2395 2898 8695 2394 2394 2898 8696 2355 2355 2899 8697 2356 2356 2899 8698 2396 2396 2899 8699 2355 2355 2900 8700 2396 2396 2900 8701 2395 2395 2900 8702 2356 2356 2901 8703 2357 2357 2901 8704 2397 2397 2901 8705 2356 2356 2902 8706 2397 2397 2902 8707 2396 2396 2902 8708 2357 2357 2903 8709 2358 2358 2903 8710 2398 2398 2903 8711 2357 2357 2904 8712 2398 2398 2904 8713 2397 2397 2904 8714 2358 2358 2905 8715 2359 2359 2905 8716 2399 2399 2905 8717 2358 2358 2906 8718 2399 2399 2906 8719 2398 2398 2906 8720 2359 2359 2907 8721 2360 2360 2907 8722 2400 2400 2907 8723 2359 2359 2908 8724 2400 2400 2908 8725 2399 2399 2908 8726 2360 2360 2909 8727 2361 2361 2909 8728 2401 2401 2909 8729 2360 2360 2910 8730 2401 2401 2910 8731 2400 2400 2910 8732 2361 2361 2911 8733 2362 2362 2911 8734 2402 2402 2911 8735 2361 2361 2912 8736 2402 2402 2912 8737 2401 2401 2912 8738 2362 2362 2913 8739 2363 2363 2913 8740 2403 2403 2913 8741 2362 2362 2914 8742 2403 2403 2914 8743 2402 2402 2914 8744 2363 2363 2915 8745 2364 2364 2915 8746 2404 2404 2915 8747 2363 2363 2916 8748 2404 2404 2916 8749 2403 2403 2916 8750 446 446 2917 8751 2365 2365 2917 8752 2404 2404 2917 8753 446 446 2918 8754 2404 2404 2918 8755 445 445 2918 8756 2365 2365 2919 8757 2366 2366 2919 8758 2403 2403 2919 8759 2365 2365 2920 8760 2403 2403 2920 8761 2404 2404 2920 8762 2366 2366 2921 8763 2367 2367 2921 8764 2402 2402 2921 8765 2366 2366 2922 8766 2402 2402 2922 8767 2403 2403 2922 8768 2367 2367 2923 8769 2368 2368 2923 8770 2401 2401 2923 8771 2367 2367 2924 8772 2401 2401 2924 8773 2402 2402 2924 8774 2368 2368 2925 8775 2369 2369 2925 8776 2400 2400 2925 8777 2368 2368 2926 8778 2400 2400 2926 8779 2401 2401 2926 8780 2369 2369 2927 8781 2370 2370 2927 8782 2399 2399 2927 8783 2369 2369 2928 8784 2399 2399 2928 8785 2400 2400 2928 8786 2370 2370 2929 8787 2371 2371 2929 8788 2398 2398 2929 8789 2370 2370 2930 8790 2398 2398 2930 8791 2399 2399 2930 8792 2371 2371 2931 8793 2372 2372 2931 8794 2397 2397 2931 8795 2371 2371 2932 8796 2397 2397 2932 8797 2398 2398 2932 8798 2372 2372 2933 8799 2373 2373 2933 8800 2396 2396 2933 8801 2372 2372 2934 8802 2396 2396 2934 8803 2397 2397 2934 8804 2373 2373 2935 8805 2374 2374 2935 8806 2395 2395 2935 8807 2373 2373 2936 8808 2395 2395 2936 8809 2396 2396 2936 8810 2374 2374 2937 8811 2375 2375 2937 8812 2394 2394 2937 8813 2374 2374 2938 8814 2394 2394 2938 8815 2395 2395 2938 8816 2375 2375 2939 8817 2376 2376 2939 8818 2393 2393 2939 8819 2375 2375 2940 8820 2393 2393 2940 8821 2394 2394 2940 8822 2376 2376 2941 8823 2377 2377 2941 8824 2392 2392 2941 8825 2376 2376 2942 8826 2392 2392 2942 8827 2393 2393 2942 8828 2377 2377 2943 8829 2378 2378 2943 8830 2391 2391 2943 8831 2377 2377 2944 8832 2391 2391 2944 8833 2392 2392 2944 8834 2378 2378 2945 8835 2379 2379 2945 8836 2390 2390 2945 8837 2378 2378 2946 8838 2390 2390 2946 8839 2391 2391 2946 8840 2379 2379 2947 8841 2380 2380 2947 8842 2389 2389 2947 8843 2379 2379 2948 8844 2389 2389 2948 8845 2390 2390 2948 8846 2380 2380 2949 8847 2381 2381 2949 8848 2388 2388 2949 8849 2380 2380 2950 8850 2388 2388 2950 8851 2389 2389 2950 8852 2381 2381 2951 8853 2382 2382 2951 8854 2387 2387 2951 8855 2381 2381 2952 8856 2387 2387 2952 8857 2388 2388 2952 8858 2382 2382 2953 8859 2383 2383 2953 8860 2386 2386 2953 8861 2382 2382 2954 8862 2386 2386 2954 8863 2387 2387 2954 8864 2383 2383 2955 8865 2384 2384 2955 8866 2385 2385 2955 8867 2383 2383 2956 8868 2385 2385 2956 8869 2386 2386 2956 8870 2366 2366 2957 8871 2365 2365 2957 8872 3832 3832 2957 8873 2366 2366 2958 8874 3832 3832 2958 8875 3812 3812 2958 8876 3812 3812 2959 8877 3832 3832 2959 8878 3833 3833 2959 8879 3812 3812 2960 8880 3833 3833 2960 8881 3813 3813 2960 8882 3813 3813 2961 8883 3833 3833 2961 8884 3834 3834 2961 8885 3813 3813 2962 8886 3834 3834 2962 8887 3814 3814 2962 8888 3815 3815 2963 8889 3814 3814 2963 8890 3834 3834 2963 8891 3834 3834 2964 8892 3888 3888 2964 8893 3877 3877 2964 8894 3834 3834 2965 8895 3877 3877 2965 8896 3815 3815 2965 8897 3815 3815 2966 8898 3877 3877 2966 8899 3816 3816 2966 8900 2367 2367 2967 8901 2366 2366 2967 8902 3812 3812 2967 8903 2367 2367 2968 8904 3812 3812 2968 8905 3792 3792 2968 8906 3792 3792 2969 8907 3812 3812 2969 8908 3813 3813 2969 8909 3792 3792 2970 8910 3813 3813 2970 8911 3793 3793 2970 8912 3793 3793 2971 8913 3813 3813 2971 8914 3814 3814 2971 8915 3793 3793 2972 8916 3814 3814 2972 8917 3794 3794 2972 8918 3794 3794 2973 8919 3814 3814 2973 8920 3815 3815 2973 8921 3794 3794 2974 8922 3815 3815 2974 8923 3795 3795 2974 8924 3795 3795 2975 8925 3815 3815 2975 8926 3816 3816 2975 8927 3795 3795 2976 8928 3816 3816 2976 8929 3796 3796 2976 8930 3796 3796 2977 8931 3816 3816 2977 8932 3797 3797 2977 8933 3798 3798 2978 8934 3818 3818 2978 8935 3819 3819 2978 8936 3798 3798 2979 8937 3819 3819 2979 8938 3799 3799 2979 8939 3799 3799 2980 8940 3819 3819 2980 8941 3820 3820 2980 8942 3799 3799 2981 8943 3820 3820 2981 8944 3800 3800 2981 8945 3800 3800 2982 8946 3820 3820 2982 8947 3821 3821 2982 8948 3800 3800 2983 8949 3821 3821 2983 8950 3801 3801 2983 8951 3801 3801 2984 8952 3821 3821 2984 8953 3822 3822 2984 8954 3801 3801 2985 8955 3822 3822 2985 8956 3802 3802 2985 8957 3802 3802 2986 8958 3822 3822 2986 8959 3823 3823 2986 8960 3802 3802 2987 8961 3823 3823 2987 8962 3803 3803 2987 8963 3803 3803 2988 8964 3823 3823 2988 8965 3824 3824 2988 8966 3803 3803 2989 8967 3824 3824 2989 8968 3804 3804 2989 8969 3804 3804 2990 8970 3824 3824 2990 8971 3825 3825 2990 8972 3804 3804 2991 8973 3825 3825 2991 8974 3805 3805 2991 8975 3805 3805 2992 8976 3825 3825 2992 8977 3826 3826 2992 8978 3805 3805 2993 8979 3826 3826 2993 8980 3806 3806 2993 8981 3806 3806 2994 8982 3826 3826 2994 8983 3827 3827 2994 8984 3806 3806 2995 8985 3827 3827 2995 8986 3807 3807 2995 8987 3807 3807 2996 8988 3827 3827 2996 8989 3828 3828 2996 8990 3807 3807 2997 8991 3828 3828 2997 8992 3808 3808 2997 8993 3808 3808 2998 8994 3828 3828 2998 8995 3829 3829 2998 8996 3808 3808 2999 8997 3829 3829 2999 8998 3809 3809 2999 8999 3809 3809 3000 9000 3829 3829 3000 9001 3830 3830 3000 9002 3809 3809 3001 9003 3830 3830 3001 9004 3810 3810 3001 9005 3810 3810 3002 9006 3830 3830 3002 9007 3831 3831 3002 9008 3810 3810 3003 9009 3831 3831 3003 9010 3811 3811 3003 9011 2368 2368 3004 9012 2367 2367 3004 9013 3792 3792 3004 9014 2368 2368 3005 9015 3792 3792 3005 9016 3772 3772 3005 9017 3772 3772 3006 9018 3792 3792 3006 9019 3793 3793 3006 9020 3772 3772 3007 9021 3793 3793 3007 9022 3773 3773 3007 9023 3773 3773 3008 9024 3793 3793 3008 9025 3794 3794 3008 9026 3773 3773 3009 9027 3794 3794 3009 9028 3774 3774 3009 9029 3774 3774 3010 9030 3794 3794 3010 9031 3795 3795 3010 9032 3774 3774 3011 9033 3795 3795 3011 9034 3775 3775 3011 9035 3775 3775 3012 9036 3795 3795 3012 9037 3796 3796 3012 9038 3775 3775 3013 9039 3796 3796 3013 9040 3776 3776 3013 9041 3776 3776 3014 9042 3796 3796 3014 9043 3797 3797 3014 9044 3776 3776 3015 9045 3797 3797 3015 9046 3777 3777 3015 9047 3777 3777 3016 9048 3797 3797 3016 9049 3778 3778 3016 9050 2369 2369 3017 9051 2368 2368 3017 9052 3772 3772 3017 9053 2369 2369 3018 9054 3772 3772 3018 9055 3752 3752 3018 9056 3752 3752 3019 9057 3772 3772 3019 9058 3773 3773 3019 9059 3752 3752 3020 9060 3773 3773 3020 9061 3753 3753 3020 9062 3753 3753 3021 9063 3773 3773 3021 9064 3774 3774 3021 9065 3753 3753 3022 9066 3774 3774 3022 9067 3754 3754 3022 9068 3754 3754 3023 9069 3774 3774 3023 9070 3775 3775 3023 9071 3754 3754 3024 9072 3775 3775 3024 9073 3755 3755 3024 9074 3755 3755 3025 9075 3775 3775 3025 9076 3776 3776 3025 9077 3755 3755 3026 9078 3776 3776 3026 9079 3756 3756 3026 9080 3756 3756 3027 9081 3776 3776 3027 9082 3777 3777 3027 9083 3756 3756 3028 9084 3777 3777 3028 9085 3757 3757 3028 9086 3757 3757 3029 9087 3777 3777 3029 9088 3778 3778 3029 9089 3757 3757 3030 9090 3778 3778 3030 9091 3758 3758 3030 9092 3758 3758 3031 9093 3778 3778 3031 9094 3759 3759 3031 9095 3760 3760 3032 9096 3780 3780 3032 9097 3781 3781 3032 9098 3760 3760 3033 9099 3781 3781 3033 9100 3761 3761 3033 9101 3761 3761 3034 9102 3781 3781 3034 9103 3782 3782 3034 9104 3761 3761 3035 9105 3782 3782 3035 9106 3762 3762 3035 9107 3762 3762 3036 9108 3782 3782 3036 9109 3783 3783 3036 9110 3762 3762 3037 9111 3783 3783 3037 9112 3763 3763 3037 9113 3763 3763 3038 9114 3783 3783 3038 9115 3784 3784 3038 9116 3763 3763 3039 9117 3784 3784 3039 9118 3764 3764 3039 9119 3764 3764 3040 9120 3784 3784 3040 9121 3785 3785 3040 9122 3764 3764 3041 9123 3785 3785 3041 9124 3765 3765 3041 9125 3765 3765 3042 9126 3785 3785 3042 9127 3786 3786 3042 9128 3765 3765 3043 9129 3786 3786 3043 9130 3766 3766 3043 9131 3766 3766 3044 9132 3786 3786 3044 9133 3787 3787 3044 9134 3766 3766 3045 9135 3787 3787 3045 9136 3767 3767 3045 9137 3767 3767 3046 9138 3787 3787 3046 9139 3788 3788 3046 9140 3767 3767 3047 9141 3788 3788 3047 9142 3768 3768 3047 9143 3768 3768 3048 9144 3788 3788 3048 9145 3789 3789 3048 9146 3768 3768 3049 9147 3789 3789 3049 9148 3769 3769 3049 9149 3769 3769 3050 9150 3789 3789 3050 9151 3790 3790 3050 9152 3769 3769 3051 9153 3790 3790 3051 9154 3770 3770 3051 9155 3770 3770 3052 9156 3790 3790 3052 9157 3791 3791 3052 9158 3770 3770 3053 9159 3791 3791 3053 9160 3771 3771 3053 9161 2370 2370 3054 9162 2369 2369 3054 9163 3752 3752 3054 9164 2370 2370 3055 9165 3752 3752 3055 9166 3732 3732 3055 9167 3732 3732 3056 9168 3752 3752 3056 9169 3753 3753 3056 9170 3732 3732 3057 9171 3753 3753 3057 9172 3733 3733 3057 9173 3733 3733 3058 9174 3753 3753 3058 9175 3754 3754 3058 9176 3733 3733 3059 9177 3754 3754 3059 9178 3734 3734 3059 9179 3734 3734 3060 9180 3754 3754 3060 9181 3755 3755 3060 9182 3734 3734 3061 9183 3755 3755 3061 9184 3735 3735 3061 9185 3735 3735 3062 9186 3755 3755 3062 9187 3756 3756 3062 9188 3735 3735 3063 9189 3756 3756 3063 9190 3736 3736 3063 9191 3736 3736 3064 9192 3756 3756 3064 9193 3757 3757 3064 9194 3736 3736 3065 9195 3757 3757 3065 9196 3737 3737 3065 9197 3737 3737 3066 9198 3757 3757 3066 9199 3758 3758 3066 9200 3737 3737 3067 9201 3758 3758 3067 9202 3738 3738 3067 9203 3738 3738 3068 9204 3758 3758 3068 9205 3759 3759 3068 9206 3738 3738 3069 9207 3759 3759 3069 9208 3739 3739 3069 9209 3739 3739 3070 9210 3759 3759 3070 9211 3740 3740 3070 9212 2371 2371 3071 9213 2370 2370 3071 9214 3732 3732 3071 9215 2371 2371 3072 9216 3732 3732 3072 9217 3712 3712 3072 9218 3712 3712 3073 9219 3732 3732 3073 9220 3733 3733 3073 9221 3712 3712 3074 9222 3733 3733 3074 9223 3713 3713 3074 9224 3713 3713 3075 9225 3733 3733 3075 9226 3734 3734 3075 9227 3713 3713 3076 9228 3734 3734 3076 9229 3714 3714 3076 9230 3714 3714 3077 9231 3734 3734 3077 9232 3735 3735 3077 9233 3714 3714 3078 9234 3735 3735 3078 9235 3715 3715 3078 9236 3715 3715 3079 9237 3735 3735 3079 9238 3736 3736 3079 9239 3715 3715 3080 9240 3736 3736 3080 9241 3716 3716 3080 9242 3716 3716 3081 9243 3736 3736 3081 9244 3737 3737 3081 9245 3716 3716 3082 9246 3737 3737 3082 9247 3717 3717 3082 9248 3717 3717 3083 9249 3737 3737 3083 9250 3738 3738 3083 9251 3717 3717 3084 9252 3738 3738 3084 9253 3718 3718 3084 9254 3718 3718 3085 9255 3738 3738 3085 9256 3739 3739 3085 9257 3718 3718 3086 9258 3739 3739 3086 9259 3719 3719 3086 9260 3719 3719 3087 9261 3739 3739 3087 9262 3740 3740 3087 9263 3719 3719 3088 9264 3740 3740 3088 9265 3720 3720 3088 9266 3720 3720 3089 9267 3740 3740 3089 9268 3721 3721 3089 9269 3722 3722 3090 9270 3742 3742 3090 9271 3743 3743 3090 9272 3722 3722 3091 9273 3743 3743 3091 9274 3723 3723 3091 9275 3723 3723 3092 9276 3743 3743 3092 9277 3744 3744 3092 9278 3723 3723 3093 9279 3744 3744 3093 9280 3724 3724 3093 9281 3724 3724 3094 9282 3744 3744 3094 9283 3745 3745 3094 9284 3724 3724 3095 9285 3745 3745 3095 9286 3725 3725 3095 9287 3725 3725 3096 9288 3745 3745 3096 9289 3746 3746 3096 9290 3725 3725 3097 9291 3746 3746 3097 9292 3726 3726 3097 9293 3726 3726 3098 9294 3746 3746 3098 9295 3747 3747 3098 9296 3726 3726 3099 9297 3747 3747 3099 9298 3727 3727 3099 9299 3727 3727 3100 9300 3747 3747 3100 9301 3748 3748 3100 9302 3727 3727 3101 9303 3748 3748 3101 9304 3728 3728 3101 9305 3728 3728 3102 9306 3748 3748 3102 9307 3749 3749 3102 9308 3728 3728 3103 9309 3749 3749 3103 9310 3729 3729 3103 9311 3729 3729 3104 9312 3749 3749 3104 9313 3750 3750 3104 9314 3729 3729 3105 9315 3750 3750 3105 9316 3730 3730 3105 9317 3730 3730 3106 9318 3750 3750 3106 9319 3751 3751 3106 9320 3730 3730 3107 9321 3751 3751 3107 9322 3731 3731 3107 9323 2372 2372 3108 9324 2371 2371 3108 9325 3712 3712 3108 9326 2372 2372 3109 9327 3712 3712 3109 9328 3692 3692 3109 9329 3692 3692 3110 9330 3712 3712 3110 9331 3713 3713 3110 9332 3692 3692 3111 9333 3713 3713 3111 9334 3693 3693 3111 9335 3693 3693 3112 9336 3713 3713 3112 9337 3714 3714 3112 9338 3693 3693 3113 9339 3714 3714 3113 9340 3694 3694 3113 9341 3694 3694 3114 9342 3714 3714 3114 9343 3715 3715 3114 9344 3694 3694 3115 9345 3715 3715 3115 9346 3695 3695 3115 9347 3695 3695 3116 9348 3715 3715 3116 9349 3716 3716 3116 9350 3695 3695 3117 9351 3716 3716 3117 9352 3696 3696 3117 9353 3696 3696 3118 9354 3716 3716 3118 9355 3717 3717 3118 9356 3696 3696 3119 9357 3717 3717 3119 9358 3697 3697 3119 9359 3697 3697 3120 9360 3717 3717 3120 9361 3718 3718 3120 9362 3697 3697 3121 9363 3718 3718 3121 9364 3698 3698 3121 9365 3698 3698 3122 9366 3718 3718 3122 9367 3719 3719 3122 9368 3698 3698 3123 9369 3719 3719 3123 9370 3699 3699 3123 9371 3699 3699 3124 9372 3719 3719 3124 9373 3720 3720 3124 9374 3699 3699 3125 9375 3720 3720 3125 9376 3700 3700 3125 9377 3700 3700 3126 9378 3720 3720 3126 9379 3721 3721 3126 9380 3700 3700 3127 9381 3721 3721 3127 9382 3701 3701 3127 9383 3701 3701 3128 9384 3721 3721 3128 9385 3702 3702 3128 9386 2373 2373 3129 9387 2372 2372 3129 9388 3692 3692 3129 9389 2373 2373 3130 9390 3692 3692 3130 9391 3672 3672 3130 9392 3672 3672 3131 9393 3692 3692 3131 9394 3693 3693 3131 9395 3672 3672 3132 9396 3693 3693 3132 9397 3673 3673 3132 9398 3673 3673 3133 9399 3693 3693 3133 9400 3694 3694 3133 9401 3673 3673 3134 9402 3694 3694 3134 9403 3674 3674 3134 9404 3674 3674 3135 9405 3694 3694 3135 9406 3695 3695 3135 9407 3674 3674 3136 9408 3695 3695 3136 9409 3675 3675 3136 9410 3675 3675 3137 9411 3695 3695 3137 9412 3696 3696 3137 9413 3675 3675 3138 9414 3696 3696 3138 9415 3676 3676 3138 9416 3676 3676 3139 9417 3696 3696 3139 9418 3697 3697 3139 9419 3676 3676 3140 9420 3697 3697 3140 9421 3677 3677 3140 9422 3677 3677 3141 9423 3697 3697 3141 9424 3698 3698 3141 9425 3677 3677 3142 9426 3698 3698 3142 9427 3678 3678 3142 9428 3678 3678 3143 9429 3698 3698 3143 9430 3699 3699 3143 9431 3678 3678 3144 9432 3699 3699 3144 9433 3679 3679 3144 9434 3679 3679 3145 9435 3699 3699 3145 9436 3700 3700 3145 9437 3679 3679 3146 9438 3700 3700 3146 9439 3680 3680 3146 9440 3680 3680 3147 9441 3700 3700 3147 9442 3701 3701 3147 9443 3680 3680 3148 9444 3701 3701 3148 9445 3681 3681 3148 9446 3681 3681 3149 9447 3701 3701 3149 9448 3702 3702 3149 9449 3681 3681 3150 9450 3702 3702 3150 9451 3682 3682 3150 9452 3682 3682 3151 9453 3702 3702 3151 9454 3683 3683 3151 9455 3684 3684 3152 9456 3704 3704 3152 9457 3705 3705 3152 9458 3684 3684 3153 9459 3705 3705 3153 9460 3685 3685 3153 9461 3685 3685 3154 9462 3705 3705 3154 9463 3706 3706 3154 9464 3685 3685 3155 9465 3706 3706 3155 9466 3686 3686 3155 9467 3686 3686 3156 9468 3706 3706 3156 9469 3707 3707 3156 9470 3686 3686 3157 9471 3707 3707 3157 9472 3687 3687 3157 9473 3687 3687 3158 9474 3707 3707 3158 9475 3708 3708 3158 9476 3687 3687 3159 9477 3708 3708 3159 9478 3688 3688 3159 9479 3688 3688 3160 9480 3708 3708 3160 9481 3709 3709 3160 9482 3688 3688 3161 9483 3709 3709 3161 9484 3689 3689 3161 9485 3689 3689 3162 9486 3709 3709 3162 9487 3710 3710 3162 9488 3689 3689 3163 9489 3710 3710 3163 9490 3690 3690 3163 9491 3690 3690 3164 9492 3710 3710 3164 9493 3711 3711 3164 9494 3690 3690 3165 9495 3711 3711 3165 9496 3691 3691 3165 9497 2374 2374 3166 9498 2373 2373 3166 9499 3672 3672 3166 9500 2374 2374 3167 9501 3672 3672 3167 9502 3652 3652 3167 9503 3652 3652 3168 9504 3672 3672 3168 9505 3673 3673 3168 9506 3652 3652 3169 9507 3673 3673 3169 9508 3653 3653 3169 9509 3653 3653 3170 9510 3673 3673 3170 9511 3674 3674 3170 9512 3653 3653 3171 9513 3674 3674 3171 9514 3654 3654 3171 9515 3654 3654 3172 9516 3674 3674 3172 9517 3675 3675 3172 9518 3654 3654 3173 9519 3675 3675 3173 9520 3655 3655 3173 9521 3655 3655 3174 9522 3675 3675 3174 9523 3676 3676 3174 9524 3655 3655 3175 9525 3676 3676 3175 9526 3656 3656 3175 9527 3656 3656 3176 9528 3676 3676 3176 9529 3677 3677 3176 9530 3656 3656 3177 9531 3677 3677 3177 9532 3657 3657 3177 9533 3657 3657 3178 9534 3677 3677 3178 9535 3678 3678 3178 9536 3657 3657 3179 9537 3678 3678 3179 9538 3658 3658 3179 9539 3658 3658 3180 9540 3678 3678 3180 9541 3679 3679 3180 9542 3658 3658 3181 9543 3679 3679 3181 9544 3659 3659 3181 9545 3659 3659 3182 9546 3679 3679 3182 9547 3680 3680 3182 9548 3659 3659 3183 9549 3680 3680 3183 9550 3660 3660 3183 9551 3660 3660 3184 9552 3680 3680 3184 9553 3681 3681 3184 9554 3660 3660 3185 9555 3681 3681 3185 9556 3661 3661 3185 9557 3661 3661 3186 9558 3681 3681 3186 9559 3682 3682 3186 9560 3661 3661 3187 9561 3682 3682 3187 9562 3662 3662 3187 9563 3662 3662 3188 9564 3682 3682 3188 9565 3683 3683 3188 9566 3662 3662 3189 9567 3683 3683 3189 9568 3663 3663 3189 9569 3663 3663 3190 9570 3683 3683 3190 9571 3664 3664 3190 9572 2375 2375 3191 9573 2374 2374 3191 9574 3652 3652 3191 9575 2375 2375 3192 9576 3652 3652 3192 9577 3633 3633 3192 9578 3633 3633 3193 9579 3652 3652 3193 9580 3653 3653 3193 9581 3633 3633 3194 9582 3653 3653 3194 9583 3634 3634 3194 9584 3634 3634 3195 9585 3653 3653 3195 9586 3654 3654 3195 9587 3634 3634 3196 9588 3654 3654 3196 9589 3635 3635 3196 9590 3635 3635 3197 9591 3654 3654 3197 9592 3655 3655 3197 9593 3635 3635 3198 9594 3655 3655 3198 9595 3636 3636 3198 9596 3636 3636 3199 9597 3655 3655 3199 9598 3656 3656 3199 9599 3636 3636 3200 9600 3656 3656 3200 9601 3637 3637 3200 9602 3637 3637 3201 9603 3656 3656 3201 9604 3657 3657 3201 9605 3637 3637 3202 9606 3657 3657 3202 9607 3638 3638 3202 9608 3638 3638 3203 9609 3657 3657 3203 9610 3658 3658 3203 9611 3638 3638 3204 9612 3658 3658 3204 9613 3639 3639 3204 9614 3639 3639 3205 9615 3658 3658 3205 9616 3659 3659 3205 9617 3639 3639 3206 9618 3659 3659 3206 9619 3640 3640 3206 9620 3640 3640 3207 9621 3659 3659 3207 9622 3660 3660 3207 9623 3640 3640 3208 9624 3660 3660 3208 9625 3641 3641 3208 9626 3641 3641 3209 9627 3660 3660 3209 9628 3661 3661 3209 9629 3641 3641 3210 9630 3661 3661 3210 9631 3642 3642 3210 9632 3642 3642 3211 9633 3661 3661 3211 9634 3662 3662 3211 9635 3642 3642 3212 9636 3662 3662 3212 9637 3643 3643 3212 9638 3643 3643 3213 9639 3662 3662 3213 9640 3663 3663 3213 9641 3643 3643 3214 9642 3663 3663 3214 9643 3644 3644 3214 9644 3644 3644 3215 9645 3663 3663 3215 9646 3664 3664 3215 9647 3644 3644 3216 9648 3664 3664 3216 9649 3645 3645 3216 9650 3645 3645 3217 9651 3664 3664 3217 9652 3892 3892 3217 9653 3646 3646 3218 9654 3666 3666 3218 9655 3667 3667 3218 9656 3646 3646 3219 9657 3667 3667 3219 9658 3647 3647 3219 9659 3647 3647 3220 9660 3667 3667 3220 9661 3668 3668 3220 9662 3647 3647 3221 9663 3668 3668 3221 9664 3648 3648 3221 9665 3648 3648 3222 9666 3668 3668 3222 9667 3669 3669 3222 9668 3648 3648 3223 9669 3669 3669 3223 9670 3649 3649 3223 9671 3649 3649 3224 9672 3669 3669 3224 9673 3670 3670 3224 9674 3649 3649 3225 9675 3670 3670 3225 9676 3650 3650 3225 9677 3650 3650 3226 9678 3670 3670 3226 9679 3671 3671 3226 9680 3650 3650 3227 9681 3671 3671 3227 9682 3651 3651 3227 9683 2376 2376 3228 9684 2375 2375 3228 9685 3633 3633 3228 9686 2376 2376 3229 9687 3633 3633 3229 9688 3613 3613 3229 9689 3613 3613 3230 9690 3633 3633 3230 9691 3634 3634 3230 9692 3613 3613 3231 9693 3634 3634 3231 9694 3614 3614 3231 9695 3614 3614 3232 9696 3634 3634 3232 9697 3635 3635 3232 9698 3614 3614 3233 9699 3635 3635 3233 9700 3615 3615 3233 9701 3615 3615 3234 9702 3635 3635 3234 9703 3636 3636 3234 9704 3615 3615 3235 9705 3636 3636 3235 9706 3616 3616 3235 9707 3616 3616 3236 9708 3636 3636 3236 9709 3637 3637 3236 9710 3616 3616 3237 9711 3637 3637 3237 9712 3617 3617 3237 9713 3617 3617 3238 9714 3637 3637 3238 9715 3638 3638 3238 9716 3617 3617 3239 9717 3638 3638 3239 9718 3618 3618 3239 9719 3618 3618 3240 9720 3638 3638 3240 9721 3639 3639 3240 9722 3618 3618 3241 9723 3639 3639 3241 9724 3619 3619 3241 9725 3619 3619 3242 9726 3639 3639 3242 9727 3640 3640 3242 9728 3619 3619 3243 9729 3640 3640 3243 9730 3620 3620 3243 9731 3620 3620 3244 9732 3640 3640 3244 9733 3641 3641 3244 9734 3620 3620 3245 9735 3641 3641 3245 9736 3621 3621 3245 9737 3621 3621 3246 9738 3641 3641 3246 9739 3642 3642 3246 9740 3621 3621 3247 9741 3642 3642 3247 9742 3622 3622 3247 9743 3622 3622 3248 9744 3642 3642 3248 9745 3643 3643 3248 9746 3622 3622 3249 9747 3643 3643 3249 9748 3623 3623 3249 9749 3623 3623 3250 9750 3643 3643 3250 9751 3644 3644 3250 9752 3623 3623 3251 9753 3644 3644 3251 9754 3624 3624 3251 9755 3624 3624 3252 9756 3644 3644 3252 9757 3645 3645 3252 9758 3624 3624 3253 9759 3645 3645 3253 9760 3625 3625 3253 9761 3626 3626 3254 9762 3625 3625 3254 9763 3645 3645 3254 9764 3645 3645 3255 9765 3892 3892 3255 9766 3887 3887 3255 9767 3645 3645 3256 9768 3887 3887 3256 9769 3626 3626 3256 9770 3626 3626 3257 9771 3887 3887 3257 9772 3881 3881 3257 9773 2377 2377 3258 9774 2376 2376 3258 9775 3613 3613 3258 9776 2377 2377 3259 9777 3613 3613 3259 9778 3593 3593 3259 9779 3593 3593 3260 9780 3613 3613 3260 9781 3614 3614 3260 9782 3593 3593 3261 9783 3614 3614 3261 9784 3594 3594 3261 9785 3594 3594 3262 9786 3614 3614 3262 9787 3615 3615 3262 9788 3594 3594 3263 9789 3615 3615 3263 9790 3595 3595 3263 9791 3595 3595 3264 9792 3615 3615 3264 9793 3616 3616 3264 9794 3595 3595 3265 9795 3616 3616 3265 9796 3596 3596 3265 9797 3596 3596 3266 9798 3616 3616 3266 9799 3617 3617 3266 9800 3596 3596 3267 9801 3617 3617 3267 9802 3597 3597 3267 9803 3597 3597 3268 9804 3617 3617 3268 9805 3618 3618 3268 9806 3597 3597 3269 9807 3618 3618 3269 9808 3598 3598 3269 9809 3598 3598 3270 9810 3618 3618 3270 9811 3619 3619 3270 9812 3598 3598 3271 9813 3619 3619 3271 9814 3599 3599 3271 9815 3599 3599 3272 9816 3619 3619 3272 9817 3620 3620 3272 9818 3599 3599 3273 9819 3620 3620 3273 9820 3600 3600 3273 9821 3600 3600 3274 9822 3620 3620 3274 9823 3621 3621 3274 9824 3600 3600 3275 9825 3621 3621 3275 9826 3601 3601 3275 9827 3601 3601 3276 9828 3621 3621 3276 9829 3622 3622 3276 9830 3601 3601 3277 9831 3622 3622 3277 9832 3602 3602 3277 9833 3602 3602 3278 9834 3622 3622 3278 9835 3623 3623 3278 9836 3602 3602 3279 9837 3623 3623 3279 9838 3603 3603 3279 9839 3603 3603 3280 9840 3623 3623 3280 9841 3624 3624 3280 9842 3603 3603 3281 9843 3624 3624 3281 9844 3604 3604 3281 9845 3604 3604 3282 9846 3624 3624 3282 9847 3625 3625 3282 9848 3604 3604 3283 9849 3625 3625 3283 9850 3605 3605 3283 9851 3605 3605 3284 9852 3625 3625 3284 9853 3626 3626 3284 9854 3605 3605 3285 9855 3626 3626 3285 9856 3606 3606 3285 9857 3606 3606 3286 9858 3626 3626 3286 9859 3881 3881 3286 9860 3606 3606 3287 9861 3881 3881 3287 9862 3607 3607 3287 9863 3608 3608 3288 9864 3628 3628 3288 9865 3629 3629 3288 9866 3608 3608 3289 9867 3629 3629 3289 9868 3609 3609 3289 9869 3609 3609 3290 9870 3629 3629 3290 9871 3630 3630 3290 9872 3609 3609 3291 9873 3630 3630 3291 9874 3610 3610 3291 9875 3610 3610 3292 9876 3630 3630 3292 9877 3631 3631 3292 9878 3610 3610 3293 9879 3631 3631 3293 9880 3611 3611 3293 9881 3611 3611 3294 9882 3631 3631 3294 9883 3632 3632 3294 9884 3611 3611 3295 9885 3632 3632 3295 9886 3612 3612 3295 9887 2378 2378 3296 9888 2377 2377 3296 9889 3593 3593 3296 9890 2378 2378 3297 9891 3593 3593 3297 9892 3574 3574 3297 9893 3574 3574 3298 9894 3593 3593 3298 9895 3594 3594 3298 9896 3574 3574 3299 9897 3594 3594 3299 9898 3575 3575 3299 9899 3575 3575 3300 9900 3594 3594 3300 9901 3595 3595 3300 9902 3575 3575 3301 9903 3595 3595 3301 9904 3576 3576 3301 9905 3576 3576 3302 9906 3595 3595 3302 9907 3596 3596 3302 9908 3576 3576 3303 9909 3596 3596 3303 9910 3577 3577 3303 9911 3577 3577 3304 9912 3596 3596 3304 9913 3597 3597 3304 9914 3577 3577 3305 9915 3597 3597 3305 9916 3578 3578 3305 9917 3578 3578 3306 9918 3597 3597 3306 9919 3598 3598 3306 9920 3578 3578 3307 9921 3598 3598 3307 9922 3579 3579 3307 9923 3579 3579 3308 9924 3598 3598 3308 9925 3599 3599 3308 9926 3579 3579 3309 9927 3599 3599 3309 9928 3580 3580 3309 9929 3580 3580 3310 9930 3599 3599 3310 9931 3600 3600 3310 9932 3580 3580 3311 9933 3600 3600 3311 9934 3581 3581 3311 9935 3581 3581 3312 9936 3600 3600 3312 9937 3601 3601 3312 9938 3581 3581 3313 9939 3601 3601 3313 9940 3582 3582 3313 9941 3582 3582 3314 9942 3601 3601 3314 9943 3602 3602 3314 9944 3582 3582 3315 9945 3602 3602 3315 9946 3583 3583 3315 9947 3583 3583 3316 9948 3602 3602 3316 9949 3603 3603 3316 9950 3583 3583 3317 9951 3603 3603 3317 9952 3584 3584 3317 9953 3584 3584 3318 9954 3603 3603 3318 9955 3604 3604 3318 9956 3584 3584 3319 9957 3604 3604 3319 9958 3585 3585 3319 9959 3585 3585 3320 9960 3604 3604 3320 9961 3605 3605 3320 9962 3585 3585 3321 9963 3605 3605 3321 9964 3586 3586 3321 9965 3586 3586 3322 9966 3605 3605 3322 9967 3606 3606 3322 9968 3586 3586 3323 9969 3606 3606 3323 9970 3587 3587 3323 9971 3587 3587 3324 9972 3606 3606 3324 9973 3607 3607 3324 9974 3587 3587 3325 9975 3607 3607 3325 9976 3588 3588 3325 9977 3588 3588 3326 9978 3607 3607 3326 9979 3880 3880 3326 9980 2379 2379 3327 9981 2378 2378 3327 9982 3574 3574 3327 9983 2379 2379 3328 9984 3574 3574 3328 9985 3554 3554 3328 9986 3554 3554 3329 9987 3574 3574 3329 9988 3575 3575 3329 9989 3554 3554 3330 9990 3575 3575 3330 9991 3555 3555 3330 9992 3555 3555 3331 9993 3575 3575 3331 9994 3576 3576 3331 9995 3555 3555 3332 9996 3576 3576 3332 9997 3556 3556 3332 9998 3556 3556 3333 9999 3576 3576 3333 10000 3577 3577 3333 10001 3556 3556 3334 10002 3577 3577 3334 10003 3557 3557 3334 10004 3557 3557 3335 10005 3577 3577 3335 10006 3578 3578 3335 10007 3557 3557 3336 10008 3578 3578 3336 10009 3558 3558 3336 10010 3558 3558 3337 10011 3578 3578 3337 10012 3579 3579 3337 10013 3558 3558 3338 10014 3579 3579 3338 10015 3559 3559 3338 10016 3559 3559 3339 10017 3579 3579 3339 10018 3580 3580 3339 10019 3559 3559 3340 10020 3580 3580 3340 10021 3560 3560 3340 10022 3560 3560 3341 10023 3580 3580 3341 10024 3581 3581 3341 10025 3560 3560 3342 10026 3581 3581 3342 10027 3561 3561 3342 10028 3561 3561 3343 10029 3581 3581 3343 10030 3582 3582 3343 10031 3561 3561 3344 10032 3582 3582 3344 10033 3562 3562 3344 10034 3562 3562 3345 10035 3582 3582 3345 10036 3583 3583 3345 10037 3562 3562 3346 10038 3583 3583 3346 10039 3563 3563 3346 10040 3563 3563 3347 10041 3583 3583 3347 10042 3584 3584 3347 10043 3563 3563 3348 10044 3584 3584 3348 10045 3564 3564 3348 10046 3564 3564 3349 10047 3584 3584 3349 10048 3585 3585 3349 10049 3564 3564 3350 10050 3585 3585 3350 10051 3565 3565 3350 10052 3565 3565 3351 10053 3585 3585 3351 10054 3586 3586 3351 10055 3565 3565 3352 10056 3586 3586 3352 10057 3566 3566 3352 10058 3566 3566 3353 10059 3586 3586 3353 10060 3587 3587 3353 10061 3566 3566 3354 10062 3587 3587 3354 10063 3567 3567 3354 10064 3567 3567 3355 10065 3587 3587 3355 10066 3588 3588 3355 10067 3567 3567 3356 10068 3588 3588 3356 10069 3568 3568 3356 10070 3569 3569 3357 10071 3568 3568 3357 10072 3588 3588 3357 10073 3588 3588 3358 10074 3880 3880 3358 10075 3883 3883 3358 10076 3588 3588 3359 10077 3883 3883 3359 10078 3569 3569 3359 10079 3569 3569 3360 10080 3883 3883 3360 10081 3891 3891 3360 10082 3570 3570 3361 10083 3589 3589 3361 10084 3590 3590 3361 10085 3570 3570 3362 10086 3590 3590 3362 10087 3571 3571 3362 10088 3571 3571 3363 10089 3590 3590 3363 10090 3591 3591 3363 10091 3571 3571 3364 10092 3591 3591 3364 10093 3572 3572 3364 10094 3572 3572 3365 10095 3591 3591 3365 10096 3592 3592 3365 10097 3572 3572 3366 10098 3592 3592 3366 10099 3573 3573 3366 10100 2380 2380 3367 10101 2379 2379 3367 10102 3554 3554 3367 10103 2380 2380 3368 10104 3554 3554 3368 10105 3534 3534 3368 10106 3534 3534 3369 10107 3554 3554 3369 10108 3555 3555 3369 10109 3534 3534 3370 10110 3555 3555 3370 10111 3535 3535 3370 10112 3535 3535 3371 10113 3555 3555 3371 10114 3556 3556 3371 10115 3535 3535 3372 10116 3556 3556 3372 10117 3536 3536 3372 10118 3536 3536 3373 10119 3556 3556 3373 10120 3557 3557 3373 10121 3536 3536 3374 10122 3557 3557 3374 10123 3537 3537 3374 10124 3537 3537 3375 10125 3557 3557 3375 10126 3558 3558 3375 10127 3537 3537 3376 10128 3558 3558 3376 10129 3538 3538 3376 10130 3538 3538 3377 10131 3558 3558 3377 10132 3559 3559 3377 10133 3538 3538 3378 10134 3559 3559 3378 10135 3539 3539 3378 10136 3539 3539 3379 10137 3559 3559 3379 10138 3560 3560 3379 10139 3539 3539 3380 10140 3560 3560 3380 10141 3540 3540 3380 10142 3540 3540 3381 10143 3560 3560 3381 10144 3561 3561 3381 10145 3540 3540 3382 10146 3561 3561 3382 10147 3541 3541 3382 10148 3541 3541 3383 10149 3561 3561 3383 10150 3562 3562 3383 10151 3541 3541 3384 10152 3562 3562 3384 10153 3542 3542 3384 10154 3542 3542 3385 10155 3562 3562 3385 10156 3563 3563 3385 10157 3542 3542 3386 10158 3563 3563 3386 10159 3543 3543 3386 10160 3543 3543 3387 10161 3563 3563 3387 10162 3564 3564 3387 10163 3543 3543 3388 10164 3564 3564 3388 10165 3544 3544 3388 10166 3544 3544 3389 10167 3564 3564 3389 10168 3565 3565 3389 10169 3544 3544 3390 10170 3565 3565 3390 10171 3545 3545 3390 10172 3545 3545 3391 10173 3565 3565 3391 10174 3566 3566 3391 10175 3545 3545 3392 10176 3566 3566 3392 10177 3546 3546 3392 10178 3546 3546 3393 10179 3566 3566 3393 10180 3567 3567 3393 10181 3546 3546 3394 10182 3567 3567 3394 10183 3547 3547 3394 10184 3547 3547 3395 10185 3567 3567 3395 10186 3568 3568 3395 10187 3547 3547 3396 10188 3568 3568 3396 10189 3548 3548 3396 10190 3548 3548 3397 10191 3568 3568 3397 10192 3569 3569 3397 10193 3548 3548 3398 10194 3569 3569 3398 10195 3549 3549 3398 10196 3549 3549 3399 10197 3569 3569 3399 10198 3891 3891 3399 10199 3549 3549 3400 10200 3891 3891 3400 10201 3550 3550 3400 10202 2381 2381 3401 10203 2380 2380 3401 10204 3534 3534 3401 10205 2381 2381 3402 10206 3534 3534 3402 10207 3515 3515 3402 10208 3515 3515 3403 10209 3534 3534 3403 10210 3535 3535 3403 10211 3515 3515 3404 10212 3535 3535 3404 10213 3516 3516 3404 10214 3516 3516 3405 10215 3535 3535 3405 10216 3536 3536 3405 10217 3516 3516 3406 10218 3536 3536 3406 10219 3517 3517 3406 10220 3517 3517 3407 10221 3536 3536 3407 10222 3537 3537 3407 10223 3517 3517 3408 10224 3537 3537 3408 10225 3518 3518 3408 10226 3518 3518 3409 10227 3537 3537 3409 10228 3538 3538 3409 10229 3518 3518 3410 10230 3538 3538 3410 10231 3519 3519 3410 10232 3519 3519 3411 10233 3538 3538 3411 10234 3539 3539 3411 10235 3519 3519 3412 10236 3539 3539 3412 10237 3520 3520 3412 10238 3520 3520 3413 10239 3539 3539 3413 10240 3540 3540 3413 10241 3520 3520 3414 10242 3540 3540 3414 10243 3521 3521 3414 10244 3521 3521 3415 10245 3540 3540 3415 10246 3541 3541 3415 10247 3521 3521 3416 10248 3541 3541 3416 10249 3522 3522 3416 10250 3522 3522 3417 10251 3541 3541 3417 10252 3542 3542 3417 10253 3522 3522 3418 10254 3542 3542 3418 10255 3523 3523 3418 10256 3523 3523 3419 10257 3542 3542 3419 10258 3543 3543 3419 10259 3523 3523 3420 10260 3543 3543 3420 10261 3524 3524 3420 10262 3524 3524 3421 10263 3543 3543 3421 10264 3544 3544 3421 10265 3524 3524 3422 10266 3544 3544 3422 10267 3525 3525 3422 10268 3525 3525 3423 10269 3544 3544 3423 10270 3545 3545 3423 10271 3525 3525 3424 10272 3545 3545 3424 10273 3526 3526 3424 10274 3526 3526 3425 10275 3545 3545 3425 10276 3546 3546 3425 10277 3526 3526 3426 10278 3546 3546 3426 10279 3527 3527 3426 10280 3527 3527 3427 10281 3546 3546 3427 10282 3547 3547 3427 10283 3527 3527 3428 10284 3547 3547 3428 10285 3528 3528 3428 10286 3528 3528 3429 10287 3547 3547 3429 10288 3548 3548 3429 10289 3528 3528 3430 10290 3548 3548 3430 10291 3529 3529 3430 10292 3529 3529 3431 10293 3548 3548 3431 10294 3549 3549 3431 10295 3529 3529 3432 10296 3549 3549 3432 10297 3530 3530 3432 10298 3530 3530 3433 10299 3549 3549 3433 10300 3550 3550 3433 10301 3530 3530 3434 10302 3550 3550 3434 10303 3531 3531 3434 10304 3531 3531 3435 10305 3550 3550 3435 10306 3890 3890 3435 10307 3532 3532 3436 10308 3552 3552 3436 10309 3553 3553 3436 10310 3532 3532 3437 10311 3553 3553 3437 10312 3533 3533 3437 10313 2382 2382 3438 10314 2381 2381 3438 10315 3515 3515 3438 10316 2382 2382 3439 10317 3515 3515 3439 10318 3495 3495 3439 10319 3495 3495 3440 10320 3515 3515 3440 10321 3516 3516 3440 10322 3495 3495 3441 10323 3516 3516 3441 10324 3496 3496 3441 10325 3496 3496 3442 10326 3516 3516 3442 10327 3517 3517 3442 10328 3496 3496 3443 10329 3517 3517 3443 10330 3497 3497 3443 10331 3497 3497 3444 10332 3517 3517 3444 10333 3518 3518 3444 10334 3497 3497 3445 10335 3518 3518 3445 10336 3498 3498 3445 10337 3498 3498 3446 10338 3518 3518 3446 10339 3519 3519 3446 10340 3498 3498 3447 10341 3519 3519 3447 10342 3499 3499 3447 10343 3499 3499 3448 10344 3519 3519 3448 10345 3520 3520 3448 10346 3499 3499 3449 10347 3520 3520 3449 10348 3500 3500 3449 10349 3500 3500 3450 10350 3520 3520 3450 10351 3521 3521 3450 10352 3500 3500 3451 10353 3521 3521 3451 10354 3501 3501 3451 10355 3501 3501 3452 10356 3521 3521 3452 10357 3522 3522 3452 10358 3501 3501 3453 10359 3522 3522 3453 10360 3502 3502 3453 10361 3502 3502 3454 10362 3522 3522 3454 10363 3523 3523 3454 10364 3502 3502 3455 10365 3523 3523 3455 10366 3503 3503 3455 10367 3503 3503 3456 10368 3523 3523 3456 10369 3524 3524 3456 10370 3503 3503 3457 10371 3524 3524 3457 10372 3504 3504 3457 10373 3504 3504 3458 10374 3524 3524 3458 10375 3525 3525 3458 10376 3504 3504 3459 10377 3525 3525 3459 10378 3505 3505 3459 10379 3505 3505 3460 10380 3525 3525 3460 10381 3526 3526 3460 10382 3505 3505 3461 10383 3526 3526 3461 10384 3506 3506 3461 10385 3506 3506 3462 10386 3526 3526 3462 10387 3527 3527 3462 10388 3506 3506 3463 10389 3527 3527 3463 10390 3507 3507 3463 10391 3507 3507 3464 10392 3527 3527 3464 10393 3528 3528 3464 10394 3507 3507 3465 10395 3528 3528 3465 10396 3508 3508 3465 10397 3508 3508 3466 10398 3528 3528 3466 10399 3529 3529 3466 10400 3508 3508 3467 10401 3529 3529 3467 10402 3509 3509 3467 10403 3509 3509 3468 10404 3529 3529 3468 10405 3530 3530 3468 10406 3509 3509 3469 10407 3530 3530 3469 10408 3510 3510 3469 10409 3510 3510 3470 10410 3530 3530 3470 10411 3531 3531 3470 10412 3510 3510 3471 10413 3531 3531 3471 10414 3511 3511 3471 10415 3512 3512 3472 10416 3511 3511 3472 10417 3531 3531 3472 10418 3531 3531 3473 10419 3890 3890 3473 10420 3882 3882 3473 10421 3531 3531 3474 10422 3882 3882 3474 10423 3512 3512 3474 10424 3512 3512 3475 10425 3882 3882 3475 10426 3879 3879 3475 10427 2383 2383 3476 10428 2382 2382 3476 10429 3495 3495 3476 10430 2383 2383 3477 10431 3495 3495 3477 10432 3475 3475 3477 10433 3475 3475 3478 10434 3495 3495 3478 10435 3496 3496 3478 10436 3475 3475 3479 10437 3496 3496 3479 10438 3476 3476 3479 10439 3476 3476 3480 10440 3496 3496 3480 10441 3497 3497 3480 10442 3476 3476 3481 10443 3497 3497 3481 10444 3477 3477 3481 10445 3477 3477 3482 10446 3497 3497 3482 10447 3498 3498 3482 10448 3477 3477 3483 10449 3498 3498 3483 10450 3478 3478 3483 10451 3478 3478 3484 10452 3498 3498 3484 10453 3499 3499 3484 10454 3478 3478 3485 10455 3499 3499 3485 10456 3479 3479 3485 10457 3479 3479 3486 10458 3499 3499 3486 10459 3500 3500 3486 10460 3479 3479 3487 10461 3500 3500 3487 10462 3480 3480 3487 10463 3480 3480 3488 10464 3500 3500 3488 10465 3501 3501 3488 10466 3480 3480 3489 10467 3501 3501 3489 10468 3481 3481 3489 10469 3481 3481 3490 10470 3501 3501 3490 10471 3502 3502 3490 10472 3481 3481 3491 10473 3502 3502 3491 10474 3482 3482 3491 10475 3482 3482 3492 10476 3502 3502 3492 10477 3503 3503 3492 10478 3482 3482 3493 10479 3503 3503 3493 10480 3483 3483 3493 10481 3483 3483 3494 10482 3503 3503 3494 10483 3504 3504 3494 10484 3483 3483 3495 10485 3504 3504 3495 10486 3484 3484 3495 10487 3484 3484 3496 10488 3504 3504 3496 10489 3505 3505 3496 10490 3484 3484 3497 10491 3505 3505 3497 10492 3485 3485 3497 10493 3485 3485 3498 10494 3505 3505 3498 10495 3506 3506 3498 10496 3485 3485 3499 10497 3506 3506 3499 10498 3486 3486 3499 10499 3486 3486 3500 10500 3506 3506 3500 10501 3507 3507 3500 10502 3486 3486 3501 10503 3507 3507 3501 10504 3487 3487 3501 10505 3487 3487 3502 10506 3507 3507 3502 10507 3508 3508 3502 10508 3487 3487 3503 10509 3508 3508 3503 10510 3488 3488 3503 10511 3488 3488 3504 10512 3508 3508 3504 10513 3509 3509 3504 10514 3488 3488 3505 10515 3509 3509 3505 10516 3489 3489 3505 10517 3489 3489 3506 10518 3509 3509 3506 10519 3510 3510 3506 10520 3489 3489 3507 10521 3510 3510 3507 10522 3490 3490 3507 10523 3490 3490 3508 10524 3510 3510 3508 10525 3511 3511 3508 10526 3490 3490 3509 10527 3511 3511 3509 10528 3491 3491 3509 10529 3491 3491 3510 10530 3511 3511 3510 10531 3512 3512 3510 10532 3491 3491 3511 10533 3512 3512 3511 10534 3492 3492 3511 10535 3492 3492 3512 10536 3512 3512 3512 10537 3879 3879 3512 10538 3492 3492 3513 10539 3879 3879 3513 10540 3493 3493 3513 10541 2384 2384 3514 10542 2383 2383 3514 10543 3475 3475 3514 10544 2384 2384 3515 10545 3475 3475 3515 10546 3456 3456 3515 10547 3456 3456 3516 10548 3475 3475 3516 10549 3476 3476 3516 10550 3456 3456 3517 10551 3476 3476 3517 10552 3457 3457 3517 10553 3457 3457 3518 10554 3476 3476 3518 10555 3477 3477 3518 10556 3457 3457 3519 10557 3477 3477 3519 10558 3458 3458 3519 10559 3458 3458 3520 10560 3477 3477 3520 10561 3478 3478 3520 10562 3458 3458 3521 10563 3478 3478 3521 10564 3459 3459 3521 10565 3459 3459 3522 10566 3478 3478 3522 10567 3479 3479 3522 10568 3459 3459 3523 10569 3479 3479 3523 10570 3460 3460 3523 10571 3460 3460 3524 10572 3479 3479 3524 10573 3480 3480 3524 10574 3460 3460 3525 10575 3480 3480 3525 10576 3461 3461 3525 10577 3461 3461 3526 10578 3480 3480 3526 10579 3481 3481 3526 10580 3461 3461 3527 10581 3481 3481 3527 10582 3462 3462 3527 10583 3462 3462 3528 10584 3481 3481 3528 10585 3482 3482 3528 10586 3462 3462 3529 10587 3482 3482 3529 10588 3463 3463 3529 10589 3463 3463 3530 10590 3482 3482 3530 10591 3483 3483 3530 10592 3463 3463 3531 10593 3483 3483 3531 10594 3464 3464 3531 10595 3464 3464 3532 10596 3483 3483 3532 10597 3484 3484 3532 10598 3464 3464 3533 10599 3484 3484 3533 10600 3465 3465 3533 10601 3465 3465 3534 10602 3484 3484 3534 10603 3485 3485 3534 10604 3465 3465 3535 10605 3485 3485 3535 10606 3466 3466 3535 10607 3466 3466 3536 10608 3485 3485 3536 10609 3486 3486 3536 10610 3466 3466 3537 10611 3486 3486 3537 10612 3467 3467 3537 10613 3467 3467 3538 10614 3486 3486 3538 10615 3487 3487 3538 10616 3467 3467 3539 10617 3487 3487 3539 10618 3468 3468 3539 10619 3468 3468 3540 10620 3487 3487 3540 10621 3488 3488 3540 10622 3468 3468 3541 10623 3488 3488 3541 10624 3469 3469 3541 10625 3469 3469 3542 10626 3488 3488 3542 10627 3489 3489 3542 10628 3469 3469 3543 10629 3489 3489 3543 10630 3470 3470 3543 10631 3470 3470 3544 10632 3489 3489 3544 10633 3490 3490 3544 10634 3470 3470 3545 10635 3490 3490 3545 10636 3471 3471 3545 10637 3471 3471 3546 10638 3490 3490 3546 10639 3491 3491 3546 10640 3471 3471 3547 10641 3491 3491 3547 10642 3472 3472 3547 10643 3472 3472 3548 10644 3491 3491 3548 10645 3492 3492 3548 10646 3472 3472 3549 10647 3492 3492 3549 10648 3473 3473 3549 10649 3473 3473 3550 10650 3492 3492 3550 10651 3493 3493 3550 10652 3473 3473 3551 10653 3493 3493 3551 10654 3474 3474 3551 10655 3474 3474 3552 10656 3493 3493 3552 10657 3885 3885 3552 10658 448 448 3553 10659 2384 2384 3553 10660 3456 3456 3553 10661 448 448 3554 10662 3456 3456 3554 10663 2804 2804 3554 10664 2804 2804 3555 10665 3456 3456 3555 10666 3457 3457 3555 10667 2804 2804 3556 10668 3457 3457 3556 10669 2803 2803 3556 10670 2803 2803 3557 10671 3457 3457 3557 10672 3458 3458 3557 10673 2803 2803 3558 10674 3458 3458 3558 10675 2802 2802 3558 10676 2802 2802 3559 10677 3458 3458 3559 10678 3459 3459 3559 10679 2802 2802 3560 10680 3459 3459 3560 10681 2801 2801 3560 10682 2801 2801 3561 10683 3459 3459 3561 10684 3460 3460 3561 10685 2801 2801 3562 10686 3460 3460 3562 10687 2800 2800 3562 10688 2800 2800 3563 10689 3460 3460 3563 10690 3461 3461 3563 10691 2800 2800 3564 10692 3461 3461 3564 10693 2799 2799 3564 10694 2799 2799 3565 10695 3461 3461 3565 10696 3462 3462 3565 10697 2799 2799 3566 10698 3462 3462 3566 10699 2798 2798 3566 10700 2798 2798 3567 10701 3462 3462 3567 10702 3463 3463 3567 10703 2798 2798 3568 10704 3463 3463 3568 10705 2797 2797 3568 10706 2797 2797 3569 10707 3463 3463 3569 10708 3464 3464 3569 10709 2797 2797 3570 10710 3464 3464 3570 10711 2796 2796 3570 10712 2796 2796 3571 10713 3464 3464 3571 10714 3465 3465 3571 10715 2796 2796 3572 10716 3465 3465 3572 10717 2795 2795 3572 10718 2795 2795 3573 10719 3465 3465 3573 10720 3466 3466 3573 10721 2795 2795 3574 10722 3466 3466 3574 10723 2794 2794 3574 10724 2794 2794 3575 10725 3466 3466 3575 10726 3467 3467 3575 10727 2794 2794 3576 10728 3467 3467 3576 10729 2793 2793 3576 10730 2793 2793 3577 10731 3467 3467 3577 10732 3468 3468 3577 10733 2793 2793 3578 10734 3468 3468 3578 10735 2792 2792 3578 10736 2792 2792 3579 10737 3468 3468 3579 10738 3469 3469 3579 10739 2792 2792 3580 10740 3469 3469 3580 10741 2791 2791 3580 10742 2791 2791 3581 10743 3469 3469 3581 10744 3470 3470 3581 10745 2791 2791 3582 10746 3470 3470 3582 10747 2790 2790 3582 10748 2790 2790 3583 10749 3470 3470 3583 10750 3471 3471 3583 10751 2790 2790 3584 10752 3471 3471 3584 10753 2789 2789 3584 10754 2789 2789 3585 10755 3471 3471 3585 10756 3472 3472 3585 10757 2789 2789 3586 10758 3472 3472 3586 10759 2788 2788 3586 10760 2788 2788 3587 10761 3472 3472 3587 10762 3473 3473 3587 10763 2788 2788 3588 10764 3473 3473 3588 10765 2787 2787 3588 10766 2787 2787 3589 10767 3473 3473 3589 10768 3474 3474 3589 10769 2787 2787 3590 10770 3474 3474 3590 10771 2786 2786 3590 10772 2785 2785 3591 10773 2786 2786 3591 10774 3474 3474 3591 10775 3474 3474 3592 10776 3885 3885 3592 10777 3878 3878 3592 10778 3474 3474 3593 10779 3878 3878 3593 10780 2785 2785 3593 10781 3418 3418 3594 10782 1785 1785 3594 10783 1786 1786 3594 10784 1786 1786 3595 10785 3854 3854 3595 10786 3857 3857 3595 10787 1786 1786 3596 10788 3857 3857 3596 10789 3418 3418 3596 10790 3418 3418 3597 10791 3857 3857 3597 10792 3855 3855 3597 10793 3419 3419 3598 10794 3438 3438 3598 10795 3439 3439 3598 10796 3419 3419 3599 10797 3439 3439 3599 10798 3420 3420 3599 10799 3420 3420 3600 10800 3439 3439 3600 10801 3440 3440 3600 10802 3420 3420 3601 10803 3440 3440 3601 10804 3421 3421 3601 10805 3421 3421 3602 10806 3440 3440 3602 10807 3441 3441 3602 10808 3421 3421 3603 10809 3441 3441 3603 10810 3422 3422 3603 10811 3422 3422 3604 10812 3441 3441 3604 10813 3442 3442 3604 10814 3422 3422 3605 10815 3442 3442 3605 10816 3423 3423 3605 10817 3423 3423 3606 10818 3442 3442 3606 10819 3443 3443 3606 10820 3423 3423 3607 10821 3443 3443 3607 10822 3424 3424 3607 10823 3424 3424 3608 10824 3443 3443 3608 10825 3444 3444 3608 10826 3424 3424 3609 10827 3444 3444 3609 10828 3425 3425 3609 10829 3425 3425 3610 10830 3444 3444 3610 10831 3445 3445 3610 10832 3425 3425 3611 10833 3445 3445 3611 10834 3426 3426 3611 10835 3426 3426 3612 10836 3445 3445 3612 10837 3446 3446 3612 10838 3426 3426 3613 10839 3446 3446 3613 10840 3427 3427 3613 10841 3427 3427 3614 10842 3446 3446 3614 10843 3447 3447 3614 10844 3427 3427 3615 10845 3447 3447 3615 10846 3428 3428 3615 10847 3428 3428 3616 10848 3447 3447 3616 10849 3448 3448 3616 10850 3428 3428 3617 10851 3448 3448 3617 10852 3429 3429 3617 10853 3429 3429 3618 10854 3448 3448 3618 10855 3449 3449 3618 10856 3429 3429 3619 10857 3449 3449 3619 10858 3430 3430 3619 10859 3430 3430 3620 10860 3449 3449 3620 10861 3450 3450 3620 10862 3430 3430 3621 10863 3450 3450 3621 10864 3431 3431 3621 10865 3431 3431 3622 10866 3450 3450 3622 10867 3451 3451 3622 10868 3431 3431 3623 10869 3451 3451 3623 10870 3432 3432 3623 10871 3432 3432 3624 10872 3451 3451 3624 10873 3452 3452 3624 10874 3432 3432 3625 10875 3452 3452 3625 10876 3433 3433 3625 10877 3433 3433 3626 10878 3452 3452 3626 10879 3453 3453 3626 10880 3433 3433 3627 10881 3453 3453 3627 10882 3434 3434 3627 10883 3434 3434 3628 10884 3453 3453 3628 10885 3454 3454 3628 10886 3434 3434 3629 10887 3454 3454 3629 10888 3435 3435 3629 10889 3435 3435 3630 10890 3454 3454 3630 10891 3455 3455 3630 10892 3435 3435 3631 10893 3455 3455 3631 10894 3436 3436 3631 10895 3400 3400 3632 10896 3419 3419 3632 10897 3420 3420 3632 10898 3400 3400 3633 10899 3420 3420 3633 10900 3401 3401 3633 10901 3401 3401 3634 10902 3420 3420 3634 10903 3421 3421 3634 10904 3401 3401 3635 10905 3421 3421 3635 10906 3402 3402 3635 10907 3402 3402 3636 10908 3421 3421 3636 10909 3422 3422 3636 10910 3402 3402 3637 10911 3422 3422 3637 10912 3403 3403 3637 10913 3403 3403 3638 10914 3422 3422 3638 10915 3423 3423 3638 10916 3403 3403 3639 10917 3423 3423 3639 10918 3404 3404 3639 10919 3404 3404 3640 10920 3423 3423 3640 10921 3424 3424 3640 10922 3404 3404 3641 10923 3424 3424 3641 10924 3405 3405 3641 10925 3405 3405 3642 10926 3424 3424 3642 10927 3425 3425 3642 10928 3405 3405 3643 10929 3425 3425 3643 10930 3406 3406 3643 10931 3406 3406 3644 10932 3425 3425 3644 10933 3426 3426 3644 10934 3406 3406 3645 10935 3426 3426 3645 10936 3407 3407 3645 10937 3407 3407 3646 10938 3426 3426 3646 10939 3427 3427 3646 10940 3407 3407 3647 10941 3427 3427 3647 10942 3408 3408 3647 10943 3408 3408 3648 10944 3427 3427 3648 10945 3428 3428 3648 10946 3408 3408 3649 10947 3428 3428 3649 10948 3409 3409 3649 10949 3409 3409 3650 10950 3428 3428 3650 10951 3429 3429 3650 10952 3409 3409 3651 10953 3429 3429 3651 10954 3410 3410 3651 10955 3410 3410 3652 10956 3429 3429 3652 10957 3430 3430 3652 10958 3410 3410 3653 10959 3430 3430 3653 10960 3411 3411 3653 10961 3411 3411 3654 10962 3430 3430 3654 10963 3431 3431 3654 10964 3411 3411 3655 10965 3431 3431 3655 10966 3412 3412 3655 10967 3412 3412 3656 10968 3431 3431 3656 10969 3432 3432 3656 10970 3412 3412 3657 10971 3432 3432 3657 10972 3413 3413 3657 10973 3413 3413 3658 10974 3432 3432 3658 10975 3433 3433 3658 10976 3413 3413 3659 10977 3433 3433 3659 10978 3414 3414 3659 10979 3414 3414 3660 10980 3433 3433 3660 10981 3434 3434 3660 10982 3414 3414 3661 10983 3434 3434 3661 10984 3415 3415 3661 10985 3415 3415 3662 10986 3434 3434 3662 10987 3435 3435 3662 10988 3415 3415 3663 10989 3435 3435 3663 10990 3416 3416 3663 10991 3416 3416 3664 10992 3435 3435 3664 10993 3436 3436 3664 10994 3416 3416 3665 10995 3436 3436 3665 10996 3417 3417 3665 10997 1783 1783 3666 10998 1784 1784 3666 10999 3398 3398 3666 11000 1783 1783 3667 11001 3398 3398 3667 11002 3379 3379 3667 11003 3379 3379 3668 11004 3398 3398 3668 11005 3399 3399 3668 11006 3379 3379 3669 11007 3399 3399 3669 11008 3380 3380 3669 11009 3380 3380 3670 11010 3399 3399 3670 11011 3852 3852 3670 11012 3381 3381 3671 11013 3401 3401 3671 11014 3402 3402 3671 11015 3381 3381 3672 11016 3402 3402 3672 11017 3382 3382 3672 11018 3382 3382 3673 11019 3402 3402 3673 11020 3403 3403 3673 11021 3382 3382 3674 11022 3403 3403 3674 11023 3383 3383 3674 11024 3383 3383 3675 11025 3403 3403 3675 11026 3404 3404 3675 11027 3383 3383 3676 11028 3404 3404 3676 11029 3384 3384 3676 11030 3384 3384 3677 11031 3404 3404 3677 11032 3405 3405 3677 11033 3384 3384 3678 11034 3405 3405 3678 11035 3385 3385 3678 11036 3385 3385 3679 11037 3405 3405 3679 11038 3406 3406 3679 11039 3385 3385 3680 11040 3406 3406 3680 11041 3386 3386 3680 11042 3386 3386 3681 11043 3406 3406 3681 11044 3407 3407 3681 11045 3386 3386 3682 11046 3407 3407 3682 11047 3387 3387 3682 11048 3387 3387 3683 11049 3407 3407 3683 11050 3408 3408 3683 11051 3387 3387 3684 11052 3408 3408 3684 11053 3388 3388 3684 11054 3388 3388 3685 11055 3408 3408 3685 11056 3409 3409 3685 11057 3388 3388 3686 11058 3409 3409 3686 11059 3389 3389 3686 11060 3389 3389 3687 11061 3409 3409 3687 11062 3410 3410 3687 11063 3389 3389 3688 11064 3410 3410 3688 11065 3390 3390 3688 11066 3390 3390 3689 11067 3410 3410 3689 11068 3411 3411 3689 11069 3390 3390 3690 11070 3411 3411 3690 11071 3391 3391 3690 11072 3391 3391 3691 11073 3411 3411 3691 11074 3412 3412 3691 11075 3391 3391 3692 11076 3412 3412 3692 11077 3392 3392 3692 11078 3392 3392 3693 11079 3412 3412 3693 11080 3413 3413 3693 11081 3392 3392 3694 11082 3413 3413 3694 11083 3393 3393 3694 11084 3393 3393 3695 11085 3413 3413 3695 11086 3414 3414 3695 11087 3393 3393 3696 11088 3414 3414 3696 11089 3394 3394 3696 11090 3394 3394 3697 11091 3414 3414 3697 11092 3415 3415 3697 11093 3394 3394 3698 11094 3415 3415 3698 11095 3395 3395 3698 11096 3395 3395 3699 11097 3415 3415 3699 11098 3416 3416 3699 11099 3395 3395 3700 11100 3416 3416 3700 11101 3396 3396 3700 11102 3396 3396 3701 11103 3416 3416 3701 11104 3417 3417 3701 11105 3396 3396 3702 11106 3417 3417 3702 11107 3397 3397 3702 11108 3363 3363 3703 11109 3382 3382 3703 11110 3383 3383 3703 11111 3363 3363 3704 11112 3383 3383 3704 11113 3364 3364 3704 11114 3364 3364 3705 11115 3383 3383 3705 11116 3384 3384 3705 11117 3364 3364 3706 11118 3384 3384 3706 11119 3365 3365 3706 11120 3365 3365 3707 11121 3384 3384 3707 11122 3385 3385 3707 11123 3365 3365 3708 11124 3385 3385 3708 11125 3366 3366 3708 11126 3366 3366 3709 11127 3385 3385 3709 11128 3386 3386 3709 11129 3366 3366 3710 11130 3386 3386 3710 11131 3367 3367 3710 11132 3367 3367 3711 11133 3386 3386 3711 11134 3387 3387 3711 11135 3367 3367 3712 11136 3387 3387 3712 11137 3368 3368 3712 11138 3368 3368 3713 11139 3387 3387 3713 11140 3388 3388 3713 11141 3368 3368 3714 11142 3388 3388 3714 11143 3369 3369 3714 11144 3369 3369 3715 11145 3388 3388 3715 11146 3389 3389 3715 11147 3369 3369 3716 11148 3389 3389 3716 11149 3370 3370 3716 11150 3370 3370 3717 11151 3389 3389 3717 11152 3390 3390 3717 11153 3370 3370 3718 11154 3390 3390 3718 11155 3371 3371 3718 11156 3371 3371 3719 11157 3390 3390 3719 11158 3391 3391 3719 11159 3371 3371 3720 11160 3391 3391 3720 11161 3372 3372 3720 11162 3372 3372 3721 11163 3391 3391 3721 11164 3392 3392 3721 11165 3372 3372 3722 11166 3392 3392 3722 11167 3373 3373 3722 11168 3373 3373 3723 11169 3392 3392 3723 11170 3393 3393 3723 11171 3373 3373 3724 11172 3393 3393 3724 11173 3374 3374 3724 11174 3374 3374 3725 11175 3393 3393 3725 11176 3394 3394 3725 11177 3374 3374 3726 11178 3394 3394 3726 11179 3375 3375 3726 11180 3375 3375 3727 11181 3394 3394 3727 11182 3395 3395 3727 11183 3375 3375 3728 11184 3395 3395 3728 11185 3376 3376 3728 11186 3376 3376 3729 11187 3395 3395 3729 11188 3396 3396 3729 11189 3376 3376 3730 11190 3396 3396 3730 11191 3377 3377 3730 11192 3377 3377 3731 11193 3396 3396 3731 11194 3397 3397 3731 11195 3377 3377 3732 11196 3397 3397 3732 11197 3378 3378 3732 11198 1781 1781 3733 11199 1782 1782 3733 11200 3360 3360 3733 11201 1781 1781 3734 11202 3360 3360 3734 11203 3340 3340 3734 11204 3340 3340 3735 11205 3360 3360 3735 11206 3361 3361 3735 11207 3340 3340 3736 11208 3361 3361 3736 11209 3341 3341 3736 11210 3341 3341 3737 11211 3361 3361 3737 11212 3362 3362 3737 11213 3341 3341 3738 11214 3362 3362 3738 11215 3342 3342 3738 11216 3342 3342 3739 11217 3362 3362 3739 11218 3853 3853 3739 11219 3342 3342 3740 11220 3853 3853 3740 11221 3343 3343 3740 11222 3344 3344 3741 11223 3363 3363 3741 11224 3364 3364 3741 11225 3344 3344 3742 11226 3364 3364 3742 11227 3345 3345 3742 11228 3345 3345 3743 11229 3364 3364 3743 11230 3365 3365 3743 11231 3345 3345 3744 11232 3365 3365 3744 11233 3346 3346 3744 11234 3346 3346 3745 11235 3365 3365 3745 11236 3366 3366 3745 11237 3346 3346 3746 11238 3366 3366 3746 11239 3347 3347 3746 11240 3347 3347 3747 11241 3366 3366 3747 11242 3367 3367 3747 11243 3347 3347 3748 11244 3367 3367 3748 11245 3348 3348 3748 11246 3348 3348 3749 11247 3367 3367 3749 11248 3368 3368 3749 11249 3348 3348 3750 11250 3368 3368 3750 11251 3349 3349 3750 11252 3349 3349 3751 11253 3368 3368 3751 11254 3369 3369 3751 11255 3349 3349 3752 11256 3369 3369 3752 11257 3350 3350 3752 11258 3350 3350 3753 11259 3369 3369 3753 11260 3370 3370 3753 11261 3350 3350 3754 11262 3370 3370 3754 11263 3351 3351 3754 11264 3351 3351 3755 11265 3370 3370 3755 11266 3371 3371 3755 11267 3351 3351 3756 11268 3371 3371 3756 11269 3352 3352 3756 11270 3352 3352 3757 11271 3371 3371 3757 11272 3372 3372 3757 11273 3352 3352 3758 11274 3372 3372 3758 11275 3353 3353 3758 11276 3353 3353 3759 11277 3372 3372 3759 11278 3373 3373 3759 11279 3353 3353 3760 11280 3373 3373 3760 11281 3354 3354 3760 11282 3354 3354 3761 11283 3373 3373 3761 11284 3374 3374 3761 11285 3354 3354 3762 11286 3374 3374 3762 11287 3355 3355 3762 11288 3355 3355 3763 11289 3374 3374 3763 11290 3375 3375 3763 11291 3355 3355 3764 11292 3375 3375 3764 11293 3356 3356 3764 11294 3356 3356 3765 11295 3375 3375 3765 11296 3376 3376 3765 11297 3356 3356 3766 11298 3376 3376 3766 11299 3357 3357 3766 11300 3357 3357 3767 11301 3376 3376 3767 11302 3377 3377 3767 11303 3357 3357 3768 11304 3377 3377 3768 11305 3358 3358 3768 11306 3358 3358 3769 11307 3377 3377 3769 11308 3378 3378 3769 11309 3358 3358 3770 11310 3378 3378 3770 11311 3359 3359 3770 11312 3325 3325 3771 11313 3345 3345 3771 11314 3346 3346 3771 11315 3325 3325 3772 11316 3346 3346 3772 11317 3326 3326 3772 11318 3326 3326 3773 11319 3346 3346 3773 11320 3347 3347 3773 11321 3326 3326 3774 11322 3347 3347 3774 11323 3327 3327 3774 11324 3327 3327 3775 11325 3347 3347 3775 11326 3348 3348 3775 11327 3327 3327 3776 11328 3348 3348 3776 11329 3328 3328 3776 11330 3328 3328 3777 11331 3348 3348 3777 11332 3349 3349 3777 11333 3328 3328 3778 11334 3349 3349 3778 11335 3329 3329 3778 11336 3329 3329 3779 11337 3349 3349 3779 11338 3350 3350 3779 11339 3329 3329 3780 11340 3350 3350 3780 11341 3330 3330 3780 11342 3330 3330 3781 11343 3350 3350 3781 11344 3351 3351 3781 11345 3330 3330 3782 11346 3351 3351 3782 11347 3331 3331 3782 11348 3331 3331 3783 11349 3351 3351 3783 11350 3352 3352 3783 11351 3331 3331 3784 11352 3352 3352 3784 11353 3332 3332 3784 11354 3332 3332 3785 11355 3352 3352 3785 11356 3353 3353 3785 11357 3332 3332 3786 11358 3353 3353 3786 11359 3333 3333 3786 11360 3333 3333 3787 11361 3353 3353 3787 11362 3354 3354 3787 11363 3333 3333 3788 11364 3354 3354 3788 11365 3334 3334 3788 11366 3334 3334 3789 11367 3354 3354 3789 11368 3355 3355 3789 11369 3334 3334 3790 11370 3355 3355 3790 11371 3335 3335 3790 11372 3335 3335 3791 11373 3355 3355 3791 11374 3356 3356 3791 11375 3335 3335 3792 11376 3356 3356 3792 11377 3336 3336 3792 11378 3336 3336 3793 11379 3356 3356 3793 11380 3357 3357 3793 11381 3336 3336 3794 11382 3357 3357 3794 11383 3337 3337 3794 11384 3337 3337 3795 11385 3357 3357 3795 11386 3358 3358 3795 11387 3337 3337 3796 11388 3358 3358 3796 11389 3338 3338 3796 11390 3338 3338 3797 11391 3358 3358 3797 11392 3359 3359 3797 11393 3338 3338 3798 11394 3359 3359 3798 11395 3339 3339 3798 11396 1779 1779 3799 11397 1780 1780 3799 11398 3321 3321 3799 11399 1779 1779 3800 11400 3321 3321 3800 11401 3302 3302 3800 11402 3302 3302 3801 11403 3321 3321 3801 11404 3322 3322 3801 11405 3302 3302 3802 11406 3322 3322 3802 11407 3303 3303 3802 11408 3303 3303 3803 11409 3322 3322 3803 11410 3323 3323 3803 11411 3303 3303 3804 11412 3323 3323 3804 11413 3304 3304 3804 11414 3304 3304 3805 11415 3323 3323 3805 11416 3324 3324 3805 11417 3304 3304 3806 11418 3324 3324 3806 11419 3305 3305 3806 11420 3306 3306 3807 11421 3305 3305 3807 11422 3324 3324 3807 11423 3324 3324 3808 11424 3859 3859 3808 11425 3858 3858 3808 11426 3324 3324 3809 11427 3858 3858 3809 11428 3306 3306 3809 11429 3306 3306 3810 11430 3858 3858 3810 11431 3851 3851 3810 11432 3307 3307 3811 11433 3326 3326 3811 11434 3327 3327 3811 11435 3307 3307 3812 11436 3327 3327 3812 11437 3308 3308 3812 11438 3308 3308 3813 11439 3327 3327 3813 11440 3328 3328 3813 11441 3308 3308 3814 11442 3328 3328 3814 11443 3309 3309 3814 11444 3309 3309 3815 11445 3328 3328 3815 11446 3329 3329 3815 11447 3309 3309 3816 11448 3329 3329 3816 11449 3310 3310 3816 11450 3310 3310 3817 11451 3329 3329 3817 11452 3330 3330 3817 11453 3310 3310 3818 11454 3330 3330 3818 11455 3311 3311 3818 11456 3311 3311 3819 11457 3330 3330 3819 11458 3331 3331 3819 11459 3311 3311 3820 11460 3331 3331 3820 11461 3312 3312 3820 11462 3312 3312 3821 11463 3331 3331 3821 11464 3332 3332 3821 11465 3312 3312 3822 11466 3332 3332 3822 11467 3313 3313 3822 11468 3313 3313 3823 11469 3332 3332 3823 11470 3333 3333 3823 11471 3313 3313 3824 11472 3333 3333 3824 11473 3314 3314 3824 11474 3314 3314 3825 11475 3333 3333 3825 11476 3334 3334 3825 11477 3314 3314 3826 11478 3334 3334 3826 11479 3315 3315 3826 11480 3315 3315 3827 11481 3334 3334 3827 11482 3335 3335 3827 11483 3315 3315 3828 11484 3335 3335 3828 11485 3316 3316 3828 11486 3316 3316 3829 11487 3335 3335 3829 11488 3336 3336 3829 11489 3316 3316 3830 11490 3336 3336 3830 11491 3317 3317 3830 11492 3317 3317 3831 11493 3336 3336 3831 11494 3337 3337 3831 11495 3317 3317 3832 11496 3337 3337 3832 11497 3318 3318 3832 11498 3318 3318 3833 11499 3337 3337 3833 11500 3338 3338 3833 11501 3318 3318 3834 11502 3338 3338 3834 11503 3319 3319 3834 11504 3319 3319 3835 11505 3338 3338 3835 11506 3339 3339 3835 11507 3319 3319 3836 11508 3339 3339 3836 11509 3320 3320 3836 11510 3288 3288 3837 11511 3307 3307 3837 11512 3308 3308 3837 11513 3288 3288 3838 11514 3308 3308 3838 11515 3289 3289 3838 11516 3289 3289 3839 11517 3308 3308 3839 11518 3309 3309 3839 11519 3289 3289 3840 11520 3309 3309 3840 11521 3290 3290 3840 11522 3290 3290 3841 11523 3309 3309 3841 11524 3310 3310 3841 11525 3290 3290 3842 11526 3310 3310 3842 11527 3291 3291 3842 11528 3291 3291 3843 11529 3310 3310 3843 11530 3311 3311 3843 11531 3291 3291 3844 11532 3311 3311 3844 11533 3292 3292 3844 11534 3292 3292 3845 11535 3311 3311 3845 11536 3312 3312 3845 11537 3292 3292 3846 11538 3312 3312 3846 11539 3293 3293 3846 11540 3293 3293 3847 11541 3312 3312 3847 11542 3313 3313 3847 11543 3293 3293 3848 11544 3313 3313 3848 11545 3294 3294 3848 11546 3294 3294 3849 11547 3313 3313 3849 11548 3314 3314 3849 11549 3294 3294 3850 11550 3314 3314 3850 11551 3295 3295 3850 11552 3295 3295 3851 11553 3314 3314 3851 11554 3315 3315 3851 11555 3295 3295 3852 11556 3315 3315 3852 11557 3296 3296 3852 11558 3296 3296 3853 11559 3315 3315 3853 11560 3316 3316 3853 11561 3296 3296 3854 11562 3316 3316 3854 11563 3297 3297 3854 11564 3297 3297 3855 11565 3316 3316 3855 11566 3317 3317 3855 11567 3297 3297 3856 11568 3317 3317 3856 11569 3298 3298 3856 11570 3298 3298 3857 11571 3317 3317 3857 11572 3318 3318 3857 11573 3298 3298 3858 11574 3318 3318 3858 11575 3299 3299 3858 11576 3299 3299 3859 11577 3318 3318 3859 11578 3319 3319 3859 11579 3299 3299 3860 11580 3319 3319 3860 11581 3300 3300 3860 11582 3300 3300 3861 11583 3319 3319 3861 11584 3320 3320 3861 11585 3300 3300 3862 11586 3320 3320 3862 11587 3301 3301 3862 11588 1777 1777 3863 11589 1778 1778 3863 11590 3282 3282 3863 11591 1777 1777 3864 11592 3282 3282 3864 11593 3262 3262 3864 11594 3262 3262 3865 11595 3282 3282 3865 11596 3283 3283 3865 11597 3262 3262 3866 11598 3283 3283 3866 11599 3263 3263 3866 11600 3263 3263 3867 11601 3283 3283 3867 11602 3284 3284 3867 11603 3263 3263 3868 11604 3284 3284 3868 11605 3264 3264 3868 11606 3264 3264 3869 11607 3284 3284 3869 11608 3285 3285 3869 11609 3264 3264 3870 11610 3285 3285 3870 11611 3265 3265 3870 11612 3265 3265 3871 11613 3285 3285 3871 11614 3286 3286 3871 11615 3265 3265 3872 11616 3286 3286 3872 11617 3266 3266 3872 11618 3266 3266 3873 11619 3286 3286 3873 11620 3287 3287 3873 11621 3266 3266 3874 11622 3287 3287 3874 11623 3267 3267 3874 11624 3267 3267 3875 11625 3287 3287 3875 11626 3268 3268 3875 11627 3269 3269 3876 11628 3289 3289 3876 11629 3290 3290 3876 11630 3269 3269 3877 11631 3290 3290 3877 11632 3270 3270 3877 11633 3270 3270 3878 11634 3290 3290 3878 11635 3291 3291 3878 11636 3270 3270 3879 11637 3291 3291 3879 11638 3271 3271 3879 11639 3271 3271 3880 11640 3291 3291 3880 11641 3292 3292 3880 11642 3271 3271 3881 11643 3292 3292 3881 11644 3272 3272 3881 11645 3272 3272 3882 11646 3292 3292 3882 11647 3293 3293 3882 11648 3272 3272 3883 11649 3293 3293 3883 11650 3273 3273 3883 11651 3273 3273 3884 11652 3293 3293 3884 11653 3294 3294 3884 11654 3273 3273 3885 11655 3294 3294 3885 11656 3274 3274 3885 11657 3274 3274 3886 11658 3294 3294 3886 11659 3295 3295 3886 11660 3274 3274 3887 11661 3295 3295 3887 11662 3275 3275 3887 11663 3275 3275 3888 11664 3295 3295 3888 11665 3296 3296 3888 11666 3275 3275 3889 11667 3296 3296 3889 11668 3276 3276 3889 11669 3276 3276 3890 11670 3296 3296 3890 11671 3297 3297 3890 11672 3276 3276 3891 11673 3297 3297 3891 11674 3277 3277 3891 11675 3277 3277 3892 11676 3297 3297 3892 11677 3298 3298 3892 11678 3277 3277 3893 11679 3298 3298 3893 11680 3278 3278 3893 11681 3278 3278 3894 11682 3298 3298 3894 11683 3299 3299 3894 11684 3278 3278 3895 11685 3299 3299 3895 11686 3279 3279 3895 11687 3279 3279 3896 11688 3299 3299 3896 11689 3300 3300 3896 11690 3279 3279 3897 11691 3300 3300 3897 11692 3280 3280 3897 11693 3280 3280 3898 11694 3300 3300 3898 11695 3301 3301 3898 11696 3280 3280 3899 11697 3301 3301 3899 11698 3281 3281 3899 11699 3250 3250 3900 11700 3270 3270 3900 11701 3271 3271 3900 11702 3250 3250 3901 11703 3271 3271 3901 11704 3251 3251 3901 11705 3251 3251 3902 11706 3271 3271 3902 11707 3272 3272 3902 11708 3251 3251 3903 11709 3272 3272 3903 11710 3252 3252 3903 11711 3252 3252 3904 11712 3272 3272 3904 11713 3273 3273 3904 11714 3252 3252 3905 11715 3273 3273 3905 11716 3253 3253 3905 11717 3253 3253 3906 11718 3273 3273 3906 11719 3274 3274 3906 11720 3253 3253 3907 11721 3274 3274 3907 11722 3254 3254 3907 11723 3254 3254 3908 11724 3274 3274 3908 11725 3275 3275 3908 11726 3254 3254 3909 11727 3275 3275 3909 11728 3255 3255 3909 11729 3255 3255 3910 11730 3275 3275 3910 11731 3276 3276 3910 11732 3255 3255 3911 11733 3276 3276 3911 11734 3256 3256 3911 11735 3256 3256 3912 11736 3276 3276 3912 11737 3277 3277 3912 11738 3256 3256 3913 11739 3277 3277 3913 11740 3257 3257 3913 11741 3257 3257 3914 11742 3277 3277 3914 11743 3278 3278 3914 11744 3257 3257 3915 11745 3278 3278 3915 11746 3258 3258 3915 11747 3258 3258 3916 11748 3278 3278 3916 11749 3279 3279 3916 11750 3258 3258 3917 11751 3279 3279 3917 11752 3259 3259 3917 11753 3259 3259 3918 11754 3279 3279 3918 11755 3280 3280 3918 11756 3259 3259 3919 11757 3280 3280 3919 11758 3260 3260 3919 11759 3260 3260 3920 11760 3280 3280 3920 11761 3281 3281 3920 11762 3260 3260 3921 11763 3281 3281 3921 11764 3261 3261 3921 11765 1775 1775 3922 11766 1776 1776 3922 11767 3242 3242 3922 11768 1775 1775 3923 11769 3242 3242 3923 11770 3222 3222 3923 11771 3222 3222 3924 11772 3242 3242 3924 11773 3243 3243 3924 11774 3222 3222 3925 11775 3243 3243 3925 11776 3223 3223 3925 11777 3223 3223 3926 11778 3243 3243 3926 11779 3244 3244 3926 11780 3223 3223 3927 11781 3244 3244 3927 11782 3224 3224 3927 11783 3224 3224 3928 11784 3244 3244 3928 11785 3245 3245 3928 11786 3224 3224 3929 11787 3245 3245 3929 11788 3225 3225 3929 11789 3225 3225 3930 11790 3245 3245 3930 11791 3246 3246 3930 11792 3225 3225 3931 11793 3246 3246 3931 11794 3226 3226 3931 11795 3226 3226 3932 11796 3246 3246 3932 11797 3247 3247 3932 11798 3226 3226 3933 11799 3247 3247 3933 11800 3227 3227 3933 11801 3227 3227 3934 11802 3247 3247 3934 11803 3248 3248 3934 11804 3227 3227 3935 11805 3248 3248 3935 11806 3228 3228 3935 11807 3228 3228 3936 11808 3248 3248 3936 11809 3249 3249 3936 11810 3228 3228 3937 11811 3249 3249 3937 11812 3229 3229 3937 11813 3229 3229 3938 11814 3249 3249 3938 11815 3230 3230 3938 11816 3231 3231 3939 11817 3251 3251 3939 11818 3252 3252 3939 11819 3231 3231 3940 11820 3252 3252 3940 11821 3232 3232 3940 11822 3232 3232 3941 11823 3252 3252 3941 11824 3253 3253 3941 11825 3232 3232 3942 11826 3253 3253 3942 11827 3233 3233 3942 11828 3233 3233 3943 11829 3253 3253 3943 11830 3254 3254 3943 11831 3233 3233 3944 11832 3254 3254 3944 11833 3234 3234 3944 11834 3234 3234 3945 11835 3254 3254 3945 11836 3255 3255 3945 11837 3234 3234 3946 11838 3255 3255 3946 11839 3235 3235 3946 11840 3235 3235 3947 11841 3255 3255 3947 11842 3256 3256 3947 11843 3235 3235 3948 11844 3256 3256 3948 11845 3236 3236 3948 11846 3236 3236 3949 11847 3256 3256 3949 11848 3257 3257 3949 11849 3236 3236 3950 11850 3257 3257 3950 11851 3237 3237 3950 11852 3237 3237 3951 11853 3257 3257 3951 11854 3258 3258 3951 11855 3237 3237 3952 11856 3258 3258 3952 11857 3238 3238 3952 11858 3238 3238 3953 11859 3258 3258 3953 11860 3259 3259 3953 11861 3238 3238 3954 11862 3259 3259 3954 11863 3239 3239 3954 11864 3239 3239 3955 11865 3259 3259 3955 11866 3260 3260 3955 11867 3239 3239 3956 11868 3260 3260 3956 11869 3240 3240 3956 11870 3240 3240 3957 11871 3260 3260 3957 11872 3261 3261 3957 11873 3240 3240 3958 11874 3261 3261 3958 11875 3241 3241 3958 11876 3212 3212 3959 11877 3232 3232 3959 11878 3233 3233 3959 11879 3212 3212 3960 11880 3233 3233 3960 11881 3213 3213 3960 11882 3213 3213 3961 11883 3233 3233 3961 11884 3234 3234 3961 11885 3213 3213 3962 11886 3234 3234 3962 11887 3214 3214 3962 11888 3214 3214 3963 11889 3234 3234 3963 11890 3235 3235 3963 11891 3214 3214 3964 11892 3235 3235 3964 11893 3215 3215 3964 11894 3215 3215 3965 11895 3235 3235 3965 11896 3236 3236 3965 11897 3215 3215 3966 11898 3236 3236 3966 11899 3216 3216 3966 11900 3216 3216 3967 11901 3236 3236 3967 11902 3237 3237 3967 11903 3216 3216 3968 11904 3237 3237 3968 11905 3217 3217 3968 11906 3217 3217 3969 11907 3237 3237 3969 11908 3238 3238 3969 11909 3217 3217 3970 11910 3238 3238 3970 11911 3218 3218 3970 11912 3218 3218 3971 11913 3238 3238 3971 11914 3239 3239 3971 11915 3218 3218 3972 11916 3239 3239 3972 11917 3219 3219 3972 11918 3219 3219 3973 11919 3239 3239 3973 11920 3240 3240 3973 11921 3219 3219 3974 11922 3240 3240 3974 11923 3220 3220 3974 11924 3220 3220 3975 11925 3240 3240 3975 11926 3241 3241 3975 11927 3220 3220 3976 11928 3241 3241 3976 11929 3221 3221 3976 11930 1773 1773 3977 11931 1774 1774 3977 11932 3202 3202 3977 11933 1773 1773 3978 11934 3202 3202 3978 11935 3182 3182 3978 11936 3182 3182 3979 11937 3202 3202 3979 11938 3203 3203 3979 11939 3182 3182 3980 11940 3203 3203 3980 11941 3183 3183 3980 11942 3183 3183 3981 11943 3203 3203 3981 11944 3204 3204 3981 11945 3183 3183 3982 11946 3204 3204 3982 11947 3184 3184 3982 11948 3184 3184 3983 11949 3204 3204 3983 11950 3205 3205 3983 11951 3184 3184 3984 11952 3205 3205 3984 11953 3185 3185 3984 11954 3185 3185 3985 11955 3205 3205 3985 11956 3206 3206 3985 11957 3185 3185 3986 11958 3206 3206 3986 11959 3186 3186 3986 11960 3186 3186 3987 11961 3206 3206 3987 11962 3207 3207 3987 11963 3186 3186 3988 11964 3207 3207 3988 11965 3187 3187 3988 11966 3187 3187 3989 11967 3207 3207 3989 11968 3208 3208 3989 11969 3187 3187 3990 11970 3208 3208 3990 11971 3188 3188 3990 11972 3188 3188 3991 11973 3208 3208 3991 11974 3209 3209 3991 11975 3188 3188 3992 11976 3209 3209 3992 11977 3189 3189 3992 11978 3189 3189 3993 11979 3209 3209 3993 11980 3210 3210 3993 11981 3189 3189 3994 11982 3210 3210 3994 11983 3190 3190 3994 11984 3190 3190 3995 11985 3210 3210 3995 11986 3211 3211 3995 11987 3190 3190 3996 11988 3211 3211 3996 11989 3191 3191 3996 11990 3191 3191 3997 11991 3211 3211 3997 11992 3192 3192 3997 11993 3193 3193 3998 11994 3213 3213 3998 11995 3214 3214 3998 11996 3193 3193 3999 11997 3214 3214 3999 11998 3194 3194 3999 11999 3194 3194 4000 12000 3214 3214 4000 12001 3215 3215 4000 12002 3194 3194 4001 12003 3215 3215 4001 12004 3195 3195 4001 12005 3195 3195 4002 12006 3215 3215 4002 12007 3216 3216 4002 12008 3195 3195 4003 12009 3216 3216 4003 12010 3196 3196 4003 12011 3196 3196 4004 12012 3216 3216 4004 12013 3217 3217 4004 12014 3196 3196 4005 12015 3217 3217 4005 12016 3197 3197 4005 12017 3197 3197 4006 12018 3217 3217 4006 12019 3218 3218 4006 12020 3197 3197 4007 12021 3218 3218 4007 12022 3198 3198 4007 12023 3198 3198 4008 12024 3218 3218 4008 12025 3219 3219 4008 12026 3198 3198 4009 12027 3219 3219 4009 12028 3199 3199 4009 12029 3199 3199 4010 12030 3219 3219 4010 12031 3220 3220 4010 12032 3199 3199 4011 12033 3220 3220 4011 12034 3200 3200 4011 12035 3200 3200 4012 12036 3220 3220 4012 12037 3221 3221 4012 12038 3200 3200 4013 12039 3221 3221 4013 12040 3201 3201 4013 12041 3174 3174 4014 12042 3194 3194 4014 12043 3195 3195 4014 12044 3174 3174 4015 12045 3195 3195 4015 12046 3175 3175 4015 12047 3175 3175 4016 12048 3195 3195 4016 12049 3196 3196 4016 12050 3175 3175 4017 12051 3196 3196 4017 12052 3176 3176 4017 12053 3176 3176 4018 12054 3196 3196 4018 12055 3197 3197 4018 12056 3176 3176 4019 12057 3197 3197 4019 12058 3177 3177 4019 12059 3177 3177 4020 12060 3197 3197 4020 12061 3198 3198 4020 12062 3177 3177 4021 12063 3198 3198 4021 12064 3178 3178 4021 12065 3178 3178 4022 12066 3198 3198 4022 12067 3199 3199 4022 12068 3178 3178 4023 12069 3199 3199 4023 12070 3179 3179 4023 12071 3179 3179 4024 12072 3199 3199 4024 12073 3200 3200 4024 12074 3179 3179 4025 12075 3200 3200 4025 12076 3180 3180 4025 12077 3180 3180 4026 12078 3200 3200 4026 12079 3201 3201 4026 12080 3180 3180 4027 12081 3201 3201 4027 12082 3181 3181 4027 12083 1771 1771 4028 12084 1772 1772 4028 12085 3162 3162 4028 12086 1771 1771 4029 12087 3162 3162 4029 12088 3142 3142 4029 12089 3142 3142 4030 12090 3162 3162 4030 12091 3163 3163 4030 12092 3142 3142 4031 12093 3163 3163 4031 12094 3143 3143 4031 12095 3143 3143 4032 12096 3163 3163 4032 12097 3164 3164 4032 12098 3143 3143 4033 12099 3164 3164 4033 12100 3144 3144 4033 12101 3144 3144 4034 12102 3164 3164 4034 12103 3165 3165 4034 12104 3144 3144 4035 12105 3165 3165 4035 12106 3145 3145 4035 12107 3145 3145 4036 12108 3165 3165 4036 12109 3166 3166 4036 12110 3145 3145 4037 12111 3166 3166 4037 12112 3146 3146 4037 12113 3146 3146 4038 12114 3166 3166 4038 12115 3167 3167 4038 12116 3146 3146 4039 12117 3167 3167 4039 12118 3147 3147 4039 12119 3147 3147 4040 12120 3167 3167 4040 12121 3168 3168 4040 12122 3147 3147 4041 12123 3168 3168 4041 12124 3148 3148 4041 12125 3148 3148 4042 12126 3168 3168 4042 12127 3169 3169 4042 12128 3148 3148 4043 12129 3169 3169 4043 12130 3149 3149 4043 12131 3149 3149 4044 12132 3169 3169 4044 12133 3170 3170 4044 12134 3149 3149 4045 12135 3170 3170 4045 12136 3150 3150 4045 12137 3150 3150 4046 12138 3170 3170 4046 12139 3171 3171 4046 12140 3150 3150 4047 12141 3171 3171 4047 12142 3151 3151 4047 12143 3151 3151 4048 12144 3171 3171 4048 12145 3172 3172 4048 12146 3151 3151 4049 12147 3172 3172 4049 12148 3152 3152 4049 12149 3152 3152 4050 12150 3172 3172 4050 12151 3173 3173 4050 12152 3152 3152 4051 12153 3173 3173 4051 12154 3153 3153 4051 12155 3153 3153 4052 12156 3173 3173 4052 12157 3154 3154 4052 12158 3155 3155 4053 12159 3175 3175 4053 12160 3176 3176 4053 12161 3155 3155 4054 12162 3176 3176 4054 12163 3156 3156 4054 12164 3156 3156 4055 12165 3176 3176 4055 12166 3177 3177 4055 12167 3156 3156 4056 12168 3177 3177 4056 12169 3157 3157 4056 12170 3157 3157 4057 12171 3177 3177 4057 12172 3178 3178 4057 12173 3157 3157 4058 12174 3178 3178 4058 12175 3158 3158 4058 12176 3158 3158 4059 12177 3178 3178 4059 12178 3179 3179 4059 12179 3158 3158 4060 12180 3179 3179 4060 12181 3159 3159 4060 12182 3159 3159 4061 12183 3179 3179 4061 12184 3180 3180 4061 12185 3159 3159 4062 12186 3180 3180 4062 12187 3160 3160 4062 12188 3160 3160 4063 12189 3180 3180 4063 12190 3181 3181 4063 12191 3160 3160 4064 12192 3181 3181 4064 12193 3161 3161 4064 12194 3136 3136 4065 12195 3156 3156 4065 12196 3157 3157 4065 12197 3136 3136 4066 12198 3157 3157 4066 12199 3137 3137 4066 12200 3137 3137 4067 12201 3157 3157 4067 12202 3158 3158 4067 12203 3137 3137 4068 12204 3158 3158 4068 12205 3138 3138 4068 12206 3138 3138 4069 12207 3158 3158 4069 12208 3159 3159 4069 12209 3138 3138 4070 12210 3159 3159 4070 12211 3139 3139 4070 12212 3139 3139 4071 12213 3159 3159 4071 12214 3160 3160 4071 12215 3139 3139 4072 12216 3160 3160 4072 12217 3140 3140 4072 12218 3140 3140 4073 12219 3160 3160 4073 12220 3161 3161 4073 12221 3140 3140 4074 12222 3161 3161 4074 12223 3141 3141 4074 12224 1769 1769 4075 12225 1770 1770 4075 12226 3122 3122 4075 12227 1769 1769 4076 12228 3122 3122 4076 12229 3102 3102 4076 12230 3102 3102 4077 12231 3122 3122 4077 12232 3123 3123 4077 12233 3102 3102 4078 12234 3123 3123 4078 12235 3103 3103 4078 12236 3103 3103 4079 12237 3123 3123 4079 12238 3124 3124 4079 12239 3103 3103 4080 12240 3124 3124 4080 12241 3104 3104 4080 12242 3104 3104 4081 12243 3124 3124 4081 12244 3125 3125 4081 12245 3104 3104 4082 12246 3125 3125 4082 12247 3105 3105 4082 12248 3105 3105 4083 12249 3125 3125 4083 12250 3126 3126 4083 12251 3105 3105 4084 12252 3126 3126 4084 12253 3106 3106 4084 12254 3106 3106 4085 12255 3126 3126 4085 12256 3127 3127 4085 12257 3106 3106 4086 12258 3127 3127 4086 12259 3107 3107 4086 12260 3107 3107 4087 12261 3127 3127 4087 12262 3128 3128 4087 12263 3107 3107 4088 12264 3128 3128 4088 12265 3108 3108 4088 12266 3108 3108 4089 12267 3128 3128 4089 12268 3129 3129 4089 12269 3108 3108 4090 12270 3129 3129 4090 12271 3109 3109 4090 12272 3109 3109 4091 12273 3129 3129 4091 12274 3130 3130 4091 12275 3109 3109 4092 12276 3130 3130 4092 12277 3110 3110 4092 12278 3110 3110 4093 12279 3130 3130 4093 12280 3131 3131 4093 12281 3110 3110 4094 12282 3131 3131 4094 12283 3111 3111 4094 12284 3111 3111 4095 12285 3131 3131 4095 12286 3132 3132 4095 12287 3111 3111 4096 12288 3132 3132 4096 12289 3112 3112 4096 12290 3112 3112 4097 12291 3132 3132 4097 12292 3133 3133 4097 12293 3112 3112 4098 12294 3133 3133 4098 12295 3113 3113 4098 12296 3113 3113 4099 12297 3133 3133 4099 12298 3134 3134 4099 12299 3113 3113 4100 12300 3134 3134 4100 12301 3114 3114 4100 12302 3114 3114 4101 12303 3134 3134 4101 12304 3135 3135 4101 12305 3114 3114 4102 12306 3135 3135 4102 12307 3115 3115 4102 12308 3115 3115 4103 12309 3135 3135 4103 12310 3116 3116 4103 12311 3117 3117 4104 12312 3137 3137 4104 12313 3138 3138 4104 12314 3117 3117 4105 12315 3138 3138 4105 12316 3118 3118 4105 12317 3118 3118 4106 12318 3138 3138 4106 12319 3139 3139 4106 12320 3118 3118 4107 12321 3139 3139 4107 12322 3119 3119 4107 12323 3119 3119 4108 12324 3139 3139 4108 12325 3140 3140 4108 12326 3119 3119 4109 12327 3140 3140 4109 12328 3120 3120 4109 12329 3120 3120 4110 12330 3140 3140 4110 12331 3141 3141 4110 12332 3120 3120 4111 12333 3141 3141 4111 12334 3121 3121 4111 12335 3100 3100 4112 12336 3120 3120 4112 12337 3121 3121 4112 12338 3100 3100 4113 12339 3121 3121 4113 12340 3101 3101 4113 12341 1767 1767 4114 12342 3874 3874 4114 12343 3884 3884 4114 12344 3065 3065 4115 12345 3084 3084 4115 12346 3085 3085 4115 12347 3065 3065 4116 12348 3085 3085 4116 12349 3066 3066 4116 12350 3066 3066 4117 12351 3085 3085 4117 12352 3086 3086 4117 12353 3066 3066 4118 12354 3086 3086 4118 12355 3067 3067 4118 12356 3067 3067 4119 12357 3086 3086 4119 12358 3087 3087 4119 12359 3067 3067 4120 12360 3087 3087 4120 12361 3068 3068 4120 12362 3068 3068 4121 12363 3087 3087 4121 12364 3088 3088 4121 12365 3068 3068 4122 12366 3088 3088 4122 12367 3069 3069 4122 12368 3069 3069 4123 12369 3088 3088 4123 12370 3089 3089 4123 12371 3069 3069 4124 12372 3089 3089 4124 12373 3070 3070 4124 12374 3070 3070 4125 12375 3089 3089 4125 12376 3090 3090 4125 12377 3070 3070 4126 12378 3090 3090 4126 12379 3071 3071 4126 12380 3071 3071 4127 12381 3090 3090 4127 12382 3091 3091 4127 12383 3071 3071 4128 12384 3091 3091 4128 12385 3072 3072 4128 12386 3072 3072 4129 12387 3091 3091 4129 12388 3092 3092 4129 12389 3072 3072 4130 12390 3092 3092 4130 12391 3073 3073 4130 12392 3073 3073 4131 12393 3092 3092 4131 12394 3093 3093 4131 12395 3073 3073 4132 12396 3093 3093 4132 12397 3074 3074 4132 12398 3074 3074 4133 12399 3093 3093 4133 12400 3094 3094 4133 12401 3074 3074 4134 12402 3094 3094 4134 12403 3075 3075 4134 12404 3075 3075 4135 12405 3094 3094 4135 12406 3095 3095 4135 12407 3075 3075 4136 12408 3095 3095 4136 12409 3076 3076 4136 12410 3076 3076 4137 12411 3095 3095 4137 12412 3096 3096 4137 12413 3076 3076 4138 12414 3096 3096 4138 12415 3077 3077 4138 12416 3077 3077 4139 12417 3096 3096 4139 12418 3097 3097 4139 12419 3077 3077 4140 12420 3097 3097 4140 12421 3078 3078 4140 12422 3078 3078 4141 12423 3097 3097 4141 12424 3098 3098 4141 12425 3078 3078 4142 12426 3098 3098 4142 12427 3079 3079 4142 12428 3079 3079 4143 12429 3098 3098 4143 12430 3099 3099 4143 12431 3079 3079 4144 12432 3099 3099 4144 12433 3080 3080 4144 12434 3080 3080 4145 12435 3099 3099 4145 12436 3856 3856 4145 12437 3080 3080 4146 12438 3856 3856 4146 12439 3081 3081 4146 12440 3081 3081 4147 12441 3856 3856 4147 12442 3082 3082 4147 12443 2784 2784 4148 12444 446 446 4148 12445 1767 1767 4148 12446 1767 1767 4149 12447 3884 3884 4149 12448 3873 3873 4149 12449 1767 1767 4150 12450 3873 3873 4150 12451 2784 2784 4150 12452 2784 2784 4151 12453 3873 3873 4151 12454 2783 2783 4151 12455 234 234 4152 12456 2884 2884 4152 12457 3064 3064 4152 12458 234 234 4153 12459 3064 3064 4153 12460 1735 1735 4153 12461 2884 2884 4154 12462 2883 2883 4154 12463 3063 3063 4154 12464 2884 2884 4155 12465 3063 3063 4155 12466 3064 3064 4155 12467 2883 2883 4156 12468 2882 2882 4156 12469 3062 3062 4156 12470 2883 2883 4157 12471 3062 3062 4157 12472 3063 3063 4157 12473 2882 2882 4158 12474 2881 2881 4158 12475 3061 3061 4158 12476 2882 2882 4159 12477 3061 3061 4159 12478 3062 3062 4159 12479 2881 2881 4160 12480 2880 2880 4160 12481 3060 3060 4160 12482 2881 2881 4161 12483 3060 3060 4161 12484 3061 3061 4161 12485 2880 2880 4162 12486 2879 2879 4162 12487 3059 3059 4162 12488 2880 2880 4163 12489 3059 3059 4163 12490 3060 3060 4163 12491 2879 2879 4164 12492 2878 2878 4164 12493 3058 3058 4164 12494 2879 2879 4165 12495 3058 3058 4165 12496 3059 3059 4165 12497 2878 2878 4166 12498 2877 2877 4166 12499 3057 3057 4166 12500 2878 2878 4167 12501 3057 3057 4167 12502 3058 3058 4167 12503 2877 2877 4168 12504 2876 2876 4168 12505 3056 3056 4168 12506 2877 2877 4169 12507 3056 3056 4169 12508 3057 3057 4169 12509 2876 2876 4170 12510 2875 2875 4170 12511 3055 3055 4170 12512 2876 2876 4171 12513 3055 3055 4171 12514 3056 3056 4171 12515 2875 2875 4172 12516 2874 2874 4172 12517 3054 3054 4172 12518 2875 2875 4173 12519 3054 3054 4173 12520 3055 3055 4173 12521 2874 2874 4174 12522 2873 2873 4174 12523 3053 3053 4174 12524 2874 2874 4175 12525 3053 3053 4175 12526 3054 3054 4175 12527 2873 2873 4176 12528 2872 2872 4176 12529 3052 3052 4176 12530 2873 2873 4177 12531 3052 3052 4177 12532 3053 3053 4177 12533 2872 2872 4178 12534 2871 2871 4178 12535 3051 3051 4178 12536 2872 2872 4179 12537 3051 3051 4179 12538 3052 3052 4179 12539 2871 2871 4180 12540 2870 2870 4180 12541 3050 3050 4180 12542 2871 2871 4181 12543 3050 3050 4181 12544 3051 3051 4181 12545 2870 2870 4182 12546 2869 2869 4182 12547 3049 3049 4182 12548 2870 2870 4183 12549 3049 3049 4183 12550 3050 3050 4183 12551 2869 2869 4184 12552 2868 2868 4184 12553 3048 3048 4184 12554 2869 2869 4185 12555 3048 3048 4185 12556 3049 3049 4185 12557 2868 2868 4186 12558 2867 2867 4186 12559 3047 3047 4186 12560 2868 2868 4187 12561 3047 3047 4187 12562 3048 3048 4187 12563 2867 2867 4188 12564 2866 2866 4188 12565 3046 3046 4188 12566 2867 2867 4189 12567 3046 3046 4189 12568 3047 3047 4189 12569 2866 2866 4190 12570 2865 2865 4190 12571 3045 3045 4190 12572 2866 2866 4191 12573 3045 3045 4191 12574 3046 3046 4191 12575 34 34 4192 12576 2464 2464 4192 12577 3025 3025 4192 12578 34 34 4193 12579 3025 3025 4193 12580 689 689 4193 12581 2464 2464 4194 12582 2463 2463 4194 12583 3026 3026 4194 12584 2464 2464 4195 12585 3026 3026 4195 12586 3025 3025 4195 12587 2463 2463 4196 12588 2462 2462 4196 12589 3027 3027 4196 12590 2463 2463 4197 12591 3027 3027 4197 12592 3026 3026 4197 12593 2462 2462 4198 12594 2461 2461 4198 12595 3028 3028 4198 12596 2462 2462 4199 12597 3028 3028 4199 12598 3027 3027 4199 12599 2461 2461 4200 12600 2460 2460 4200 12601 3029 3029 4200 12602 2461 2461 4201 12603 3029 3029 4201 12604 3028 3028 4201 12605 2460 2460 4202 12606 2459 2459 4202 12607 3030 3030 4202 12608 2460 2460 4203 12609 3030 3030 4203 12610 3029 3029 4203 12611 2459 2459 4204 12612 2458 2458 4204 12613 3031 3031 4204 12614 2459 2459 4205 12615 3031 3031 4205 12616 3030 3030 4205 12617 2458 2458 4206 12618 2457 2457 4206 12619 3032 3032 4206 12620 2458 2458 4207 12621 3032 3032 4207 12622 3031 3031 4207 12623 2457 2457 4208 12624 2456 2456 4208 12625 3033 3033 4208 12626 2457 2457 4209 12627 3033 3033 4209 12628 3032 3032 4209 12629 2456 2456 4210 12630 2455 2455 4210 12631 3034 3034 4210 12632 2456 2456 4211 12633 3034 3034 4211 12634 3033 3033 4211 12635 2455 2455 4212 12636 2454 2454 4212 12637 3035 3035 4212 12638 2455 2455 4213 12639 3035 3035 4213 12640 3034 3034 4213 12641 2454 2454 4214 12642 2453 2453 4214 12643 3036 3036 4214 12644 2454 2454 4215 12645 3036 3036 4215 12646 3035 3035 4215 12647 2453 2453 4216 12648 2452 2452 4216 12649 3037 3037 4216 12650 2453 2453 4217 12651 3037 3037 4217 12652 3036 3036 4217 12653 2452 2452 4218 12654 2451 2451 4218 12655 3038 3038 4218 12656 2452 2452 4219 12657 3038 3038 4219 12658 3037 3037 4219 12659 2451 2451 4220 12660 2450 2450 4220 12661 3039 3039 4220 12662 2451 2451 4221 12663 3039 3039 4221 12664 3038 3038 4221 12665 2450 2450 4222 12666 2449 2449 4222 12667 3040 3040 4222 12668 2450 2450 4223 12669 3040 3040 4223 12670 3039 3039 4223 12671 2449 2449 4224 12672 2448 2448 4224 12673 3041 3041 4224 12674 2449 2449 4225 12675 3041 3041 4225 12676 3040 3040 4225 12677 2448 2448 4226 12678 2447 2447 4226 12679 3042 3042 4226 12680 2448 2448 4227 12681 3042 3042 4227 12682 3041 3041 4227 12683 2447 2447 4228 12684 2446 2446 4228 12685 3043 3043 4228 12686 2447 2447 4229 12687 3043 3043 4229 12688 3042 3042 4229 12689 2446 2446 4230 12690 2445 2445 4230 12691 3044 3044 4230 12692 2446 2446 4231 12693 3044 3044 4231 12694 3043 3043 4231 12695 690 690 4232 12696 3024 3024 4232 12697 2884 2884 4232 12698 690 690 4233 12699 2884 2884 4233 12700 234 234 4233 12701 3024 3024 4234 12702 3023 3023 4234 12703 2883 2883 4234 12704 3024 3024 4235 12705 2883 2883 4235 12706 2884 2884 4235 12707 3023 3023 4236 12708 3022 3022 4236 12709 2882 2882 4236 12710 3023 3023 4237 12711 2882 2882 4237 12712 2883 2883 4237 12713 3022 3022 4238 12714 3021 3021 4238 12715 2881 2881 4238 12716 3022 3022 4239 12717 2881 2881 4239 12718 2882 2882 4239 12719 3021 3021 4240 12720 3020 3020 4240 12721 2880 2880 4240 12722 3021 3021 4241 12723 2880 2880 4241 12724 2881 2881 4241 12725 3020 3020 4242 12726 3019 3019 4242 12727 2879 2879 4242 12728 3020 3020 4243 12729 2879 2879 4243 12730 2880 2880 4243 12731 3019 3019 4244 12732 3018 3018 4244 12733 2878 2878 4244 12734 3019 3019 4245 12735 2878 2878 4245 12736 2879 2879 4245 12737 3018 3018 4246 12738 3017 3017 4246 12739 2877 2877 4246 12740 3018 3018 4247 12741 2877 2877 4247 12742 2878 2878 4247 12743 3017 3017 4248 12744 3016 3016 4248 12745 2876 2876 4248 12746 3017 3017 4249 12747 2876 2876 4249 12748 2877 2877 4249 12749 3016 3016 4250 12750 3015 3015 4250 12751 2875 2875 4250 12752 3016 3016 4251 12753 2875 2875 4251 12754 2876 2876 4251 12755 3015 3015 4252 12756 3014 3014 4252 12757 2874 2874 4252 12758 3015 3015 4253 12759 2874 2874 4253 12760 2875 2875 4253 12761 3014 3014 4254 12762 3013 3013 4254 12763 2873 2873 4254 12764 3014 3014 4255 12765 2873 2873 4255 12766 2874 2874 4255 12767 3013 3013 4256 12768 3012 3012 4256 12769 2872 2872 4256 12770 3013 3013 4257 12771 2872 2872 4257 12772 2873 2873 4257 12773 3012 3012 4258 12774 3011 3011 4258 12775 2871 2871 4258 12776 3012 3012 4259 12777 2871 2871 4259 12778 2872 2872 4259 12779 3011 3011 4260 12780 3010 3010 4260 12781 2870 2870 4260 12782 3011 3011 4261 12783 2870 2870 4261 12784 2871 2871 4261 12785 3010 3010 4262 12786 3009 3009 4262 12787 2869 2869 4262 12788 3010 3010 4263 12789 2869 2869 4263 12790 2870 2870 4263 12791 3009 3009 4264 12792 3008 3008 4264 12793 2868 2868 4264 12794 3009 3009 4265 12795 2868 2868 4265 12796 2869 2869 4265 12797 3008 3008 4266 12798 3007 3007 4266 12799 2867 2867 4266 12800 3008 3008 4267 12801 2867 2867 4267 12802 2868 2868 4267 12803 3007 3007 4268 12804 3006 3006 4268 12805 2866 2866 4268 12806 3007 3007 4269 12807 2866 2866 4269 12808 2867 2867 4269 12809 3006 3006 4270 12810 3005 3005 4270 12811 2865 2865 4270 12812 3006 3006 4271 12813 2865 2865 4271 12814 2866 2866 4271 12815 713 713 4272 12816 3005 3005 4272 12817 3044 3044 4272 12818 713 713 4273 12819 3044 3044 4273 12820 714 714 4273 12821 3005 3005 4274 12822 3006 3006 4274 12823 3043 3043 4274 12824 3005 3005 4275 12825 3043 3043 4275 12826 3044 3044 4275 12827 3006 3006 4276 12828 3007 3007 4276 12829 3042 3042 4276 12830 3006 3006 4277 12831 3042 3042 4277 12832 3043 3043 4277 12833 3007 3007 4278 12834 3008 3008 4278 12835 3041 3041 4278 12836 3007 3007 4279 12837 3041 3041 4279 12838 3042 3042 4279 12839 3008 3008 4280 12840 3009 3009 4280 12841 3040 3040 4280 12842 3008 3008 4281 12843 3040 3040 4281 12844 3041 3041 4281 12845 3009 3009 4282 12846 3010 3010 4282 12847 3039 3039 4282 12848 3009 3009 4283 12849 3039 3039 4283 12850 3040 3040 4283 12851 3010 3010 4284 12852 3011 3011 4284 12853 3038 3038 4284 12854 3010 3010 4285 12855 3038 3038 4285 12856 3039 3039 4285 12857 3011 3011 4286 12858 3012 3012 4286 12859 3037 3037 4286 12860 3011 3011 4287 12861 3037 3037 4287 12862 3038 3038 4287 12863 3012 3012 4288 12864 3013 3013 4288 12865 3036 3036 4288 12866 3012 3012 4289 12867 3036 3036 4289 12868 3037 3037 4289 12869 3013 3013 4290 12870 3014 3014 4290 12871 3035 3035 4290 12872 3013 3013 4291 12873 3035 3035 4291 12874 3036 3036 4291 12875 3014 3014 4292 12876 3015 3015 4292 12877 3034 3034 4292 12878 3014 3014 4293 12879 3034 3034 4293 12880 3035 3035 4293 12881 3015 3015 4294 12882 3016 3016 4294 12883 3033 3033 4294 12884 3015 3015 4295 12885 3033 3033 4295 12886 3034 3034 4295 12887 3016 3016 4296 12888 3017 3017 4296 12889 3032 3032 4296 12890 3016 3016 4297 12891 3032 3032 4297 12892 3033 3033 4297 12893 3017 3017 4298 12894 3018 3018 4298 12895 3031 3031 4298 12896 3017 3017 4299 12897 3031 3031 4299 12898 3032 3032 4299 12899 3018 3018 4300 12900 3019 3019 4300 12901 3030 3030 4300 12902 3018 3018 4301 12903 3030 3030 4301 12904 3031 3031 4301 12905 3019 3019 4302 12906 3020 3020 4302 12907 3029 3029 4302 12908 3019 3019 4303 12909 3029 3029 4303 12910 3030 3030 4303 12911 3020 3020 4304 12912 3021 3021 4304 12913 3028 3028 4304 12914 3020 3020 4305 12915 3028 3028 4305 12916 3029 3029 4305 12917 3021 3021 4306 12918 3022 3022 4306 12919 3027 3027 4306 12920 3021 3021 4307 12921 3027 3027 4307 12922 3028 3028 4307 12923 3022 3022 4308 12924 3023 3023 4308 12925 3026 3026 4308 12926 3022 3022 4309 12927 3026 3026 4309 12928 3027 3027 4309 12929 3023 3023 4310 12930 3024 3024 4310 12931 3025 3025 4310 12932 3023 3023 4311 12933 3025 3025 4311 12934 3026 3026 4311 12935 669 669 4312 12936 430 430 4312 12937 2524 2524 4312 12938 669 669 4313 12939 2524 2524 4313 12940 2985 2985 4313 12941 2985 2985 4314 12942 2524 2524 4314 12943 2523 2523 4314 12944 2985 2985 4315 12945 2523 2523 4315 12946 2986 2986 4315 12947 2986 2986 4316 12948 2523 2523 4316 12949 2522 2522 4316 12950 2986 2986 4317 12951 2522 2522 4317 12952 2987 2987 4317 12953 2987 2987 4318 12954 2522 2522 4318 12955 2521 2521 4318 12956 2987 2987 4319 12957 2521 2521 4319 12958 2988 2988 4319 12959 2988 2988 4320 12960 2521 2521 4320 12961 2520 2520 4320 12962 2988 2988 4321 12963 2520 2520 4321 12964 2989 2989 4321 12965 2989 2989 4322 12966 2520 2520 4322 12967 2519 2519 4322 12968 2989 2989 4323 12969 2519 2519 4323 12970 2990 2990 4323 12971 2990 2990 4324 12972 2519 2519 4324 12973 2518 2518 4324 12974 2990 2990 4325 12975 2518 2518 4325 12976 2991 2991 4325 12977 2991 2991 4326 12978 2518 2518 4326 12979 2517 2517 4326 12980 2991 2991 4327 12981 2517 2517 4327 12982 2992 2992 4327 12983 2992 2992 4328 12984 2517 2517 4328 12985 2516 2516 4328 12986 2992 2992 4329 12987 2516 2516 4329 12988 2993 2993 4329 12989 2993 2993 4330 12990 2516 2516 4330 12991 2515 2515 4330 12992 2993 2993 4331 12993 2515 2515 4331 12994 2994 2994 4331 12995 2994 2994 4332 12996 2515 2515 4332 12997 2514 2514 4332 12998 2994 2994 4333 12999 2514 2514 4333 13000 2995 2995 4333 13001 2995 2995 4334 13002 2514 2514 4334 13003 2513 2513 4334 13004 2995 2995 4335 13005 2513 2513 4335 13006 2996 2996 4335 13007 2996 2996 4336 13008 2513 2513 4336 13009 2512 2512 4336 13010 2996 2996 4337 13011 2512 2512 4337 13012 2997 2997 4337 13013 2997 2997 4338 13014 2512 2512 4338 13015 2511 2511 4338 13016 2997 2997 4339 13017 2511 2511 4339 13018 2998 2998 4339 13019 2998 2998 4340 13020 2511 2511 4340 13021 2510 2510 4340 13022 2998 2998 4341 13023 2510 2510 4341 13024 2999 2999 4341 13025 2999 2999 4342 13026 2510 2510 4342 13027 2509 2509 4342 13028 2999 2999 4343 13029 2509 2509 4343 13030 3000 3000 4343 13031 3000 3000 4344 13032 2509 2509 4344 13033 2508 2508 4344 13034 3000 3000 4345 13035 2508 2508 4345 13036 3001 3001 4345 13037 3001 3001 4346 13038 2508 2508 4346 13039 2507 2507 4346 13040 3001 3001 4347 13041 2507 2507 4347 13042 3002 3002 4347 13043 3002 3002 4348 13044 2507 2507 4348 13045 2506 2506 4348 13046 3002 3002 4349 13047 2506 2506 4349 13048 3003 3003 4349 13049 3003 3003 4350 13050 2506 2506 4350 13051 2505 2505 4350 13052 3003 3003 4351 13053 2505 2505 4351 13054 3004 3004 4351 13055 466 466 4352 13056 670 670 4352 13057 2984 2984 4352 13058 466 466 4353 13059 2984 2984 4353 13060 2544 2544 4353 13061 2544 2544 4354 13062 2984 2984 4354 13063 2983 2983 4354 13064 2544 2544 4355 13065 2983 2983 4355 13066 2543 2543 4355 13067 2543 2543 4356 13068 2983 2983 4356 13069 2982 2982 4356 13070 2543 2543 4357 13071 2982 2982 4357 13072 2542 2542 4357 13073 2542 2542 4358 13074 2982 2982 4358 13075 2981 2981 4358 13076 2542 2542 4359 13077 2981 2981 4359 13078 2541 2541 4359 13079 2541 2541 4360 13080 2981 2981 4360 13081 2980 2980 4360 13082 2541 2541 4361 13083 2980 2980 4361 13084 2540 2540 4361 13085 2540 2540 4362 13086 2980 2980 4362 13087 2979 2979 4362 13088 2540 2540 4363 13089 2979 2979 4363 13090 2539 2539 4363 13091 2539 2539 4364 13092 2979 2979 4364 13093 2978 2978 4364 13094 2539 2539 4365 13095 2978 2978 4365 13096 2538 2538 4365 13097 2538 2538 4366 13098 2978 2978 4366 13099 2977 2977 4366 13100 2538 2538 4367 13101 2977 2977 4367 13102 2537 2537 4367 13103 2537 2537 4368 13104 2977 2977 4368 13105 2976 2976 4368 13106 2537 2537 4369 13107 2976 2976 4369 13108 2536 2536 4369 13109 2536 2536 4370 13110 2976 2976 4370 13111 2975 2975 4370 13112 2536 2536 4371 13113 2975 2975 4371 13114 2535 2535 4371 13115 2535 2535 4372 13116 2975 2975 4372 13117 2974 2974 4372 13118 2535 2535 4373 13119 2974 2974 4373 13120 2534 2534 4373 13121 2534 2534 4374 13122 2974 2974 4374 13123 2973 2973 4374 13124 2534 2534 4375 13125 2973 2973 4375 13126 2533 2533 4375 13127 2533 2533 4376 13128 2973 2973 4376 13129 2972 2972 4376 13130 2533 2533 4377 13131 2972 2972 4377 13132 2532 2532 4377 13133 2532 2532 4378 13134 2972 2972 4378 13135 2971 2971 4378 13136 2532 2532 4379 13137 2971 2971 4379 13138 2531 2531 4379 13139 2531 2531 4380 13140 2971 2971 4380 13141 2970 2970 4380 13142 2531 2531 4381 13143 2970 2970 4381 13144 2530 2530 4381 13145 2530 2530 4382 13146 2970 2970 4382 13147 2969 2969 4382 13148 2530 2530 4383 13149 2969 2969 4383 13150 2529 2529 4383 13151 2529 2529 4384 13152 2969 2969 4384 13153 2968 2968 4384 13154 2529 2529 4385 13155 2968 2968 4385 13156 2528 2528 4385 13157 2528 2528 4386 13158 2968 2968 4386 13159 2967 2967 4386 13160 2528 2528 4387 13161 2967 2967 4387 13162 2527 2527 4387 13163 2527 2527 4388 13164 2967 2967 4388 13165 2966 2966 4388 13166 2527 2527 4389 13167 2966 2966 4389 13168 2526 2526 4389 13169 2526 2526 4390 13170 2966 2966 4390 13171 2965 2965 4390 13172 2526 2526 4391 13173 2965 2965 4391 13174 2525 2525 4391 13175 649 649 4392 13176 2965 2965 4392 13177 3004 3004 4392 13178 649 649 4393 13179 3004 3004 4393 13180 650 650 4393 13181 2965 2965 4394 13182 2966 2966 4394 13183 3003 3003 4394 13184 2965 2965 4395 13185 3003 3003 4395 13186 3004 3004 4395 13187 2966 2966 4396 13188 2967 2967 4396 13189 3002 3002 4396 13190 2966 2966 4397 13191 3002 3002 4397 13192 3003 3003 4397 13193 2967 2967 4398 13194 2968 2968 4398 13195 3001 3001 4398 13196 2967 2967 4399 13197 3001 3001 4399 13198 3002 3002 4399 13199 2968 2968 4400 13200 2969 2969 4400 13201 3000 3000 4400 13202 2968 2968 4401 13203 3000 3000 4401 13204 3001 3001 4401 13205 2969 2969 4402 13206 2970 2970 4402 13207 2999 2999 4402 13208 2969 2969 4403 13209 2999 2999 4403 13210 3000 3000 4403 13211 2970 2970 4404 13212 2971 2971 4404 13213 2998 2998 4404 13214 2970 2970 4405 13215 2998 2998 4405 13216 2999 2999 4405 13217 2971 2971 4406 13218 2972 2972 4406 13219 2997 2997 4406 13220 2971 2971 4407 13221 2997 2997 4407 13222 2998 2998 4407 13223 2972 2972 4408 13224 2973 2973 4408 13225 2996 2996 4408 13226 2972 2972 4409 13227 2996 2996 4409 13228 2997 2997 4409 13229 2973 2973 4410 13230 2974 2974 4410 13231 2995 2995 4410 13232 2973 2973 4411 13233 2995 2995 4411 13234 2996 2996 4411 13235 2974 2974 4412 13236 2975 2975 4412 13237 2994 2994 4412 13238 2974 2974 4413 13239 2994 2994 4413 13240 2995 2995 4413 13241 2975 2975 4414 13242 2976 2976 4414 13243 2993 2993 4414 13244 2975 2975 4415 13245 2993 2993 4415 13246 2994 2994 4415 13247 2976 2976 4416 13248 2977 2977 4416 13249 2992 2992 4416 13250 2976 2976 4417 13251 2992 2992 4417 13252 2993 2993 4417 13253 2977 2977 4418 13254 2978 2978 4418 13255 2991 2991 4418 13256 2977 2977 4419 13257 2991 2991 4419 13258 2992 2992 4419 13259 2978 2978 4420 13260 2979 2979 4420 13261 2990 2990 4420 13262 2978 2978 4421 13263 2990 2990 4421 13264 2991 2991 4421 13265 2979 2979 4422 13266 2980 2980 4422 13267 2989 2989 4422 13268 2979 2979 4423 13269 2989 2989 4423 13270 2990 2990 4423 13271 2980 2980 4424 13272 2981 2981 4424 13273 2988 2988 4424 13274 2980 2980 4425 13275 2988 2988 4425 13276 2989 2989 4425 13277 2981 2981 4426 13278 2982 2982 4426 13279 2987 2987 4426 13280 2981 2981 4427 13281 2987 2987 4427 13282 2988 2988 4427 13283 2982 2982 4428 13284 2983 2983 4428 13285 2986 2986 4428 13286 2982 2982 4429 13287 2986 2986 4429 13288 2987 2987 4429 13289 2983 2983 4430 13290 2984 2984 4430 13291 2985 2985 4430 13292 2983 2983 4431 13293 2985 2985 4431 13294 2986 2986 4431 13295 639 639 4432 13296 444 444 4432 13297 2744 2744 4432 13298 639 639 4433 13299 2744 2744 4433 13300 2945 2945 4433 13301 2945 2945 4434 13302 2744 2744 4434 13303 2743 2743 4434 13304 2945 2945 4435 13305 2743 2743 4435 13306 2946 2946 4435 13307 2946 2946 4436 13308 2743 2743 4436 13309 2742 2742 4436 13310 2946 2946 4437 13311 2742 2742 4437 13312 2947 2947 4437 13313 2947 2947 4438 13314 2742 2742 4438 13315 2741 2741 4438 13316 2947 2947 4439 13317 2741 2741 4439 13318 2948 2948 4439 13319 2948 2948 4440 13320 2741 2741 4440 13321 2740 2740 4440 13322 2948 2948 4441 13323 2740 2740 4441 13324 2949 2949 4441 13325 2949 2949 4442 13326 2740 2740 4442 13327 2739 2739 4442 13328 2949 2949 4443 13329 2739 2739 4443 13330 2950 2950 4443 13331 2950 2950 4444 13332 2739 2739 4444 13333 2738 2738 4444 13334 2950 2950 4445 13335 2738 2738 4445 13336 2951 2951 4445 13337 2951 2951 4446 13338 2738 2738 4446 13339 2737 2737 4446 13340 2951 2951 4447 13341 2737 2737 4447 13342 2952 2952 4447 13343 2952 2952 4448 13344 2737 2737 4448 13345 2736 2736 4448 13346 2952 2952 4449 13347 2736 2736 4449 13348 2953 2953 4449 13349 2953 2953 4450 13350 2736 2736 4450 13351 2735 2735 4450 13352 2953 2953 4451 13353 2735 2735 4451 13354 2954 2954 4451 13355 2954 2954 4452 13356 2735 2735 4452 13357 2734 2734 4452 13358 2954 2954 4453 13359 2734 2734 4453 13360 2955 2955 4453 13361 2955 2955 4454 13362 2734 2734 4454 13363 2733 2733 4454 13364 2955 2955 4455 13365 2733 2733 4455 13366 2956 2956 4455 13367 2956 2956 4456 13368 2733 2733 4456 13369 2732 2732 4456 13370 2956 2956 4457 13371 2732 2732 4457 13372 2957 2957 4457 13373 2957 2957 4458 13374 2732 2732 4458 13375 2731 2731 4458 13376 2957 2957 4459 13377 2731 2731 4459 13378 2958 2958 4459 13379 2958 2958 4460 13380 2731 2731 4460 13381 2730 2730 4460 13382 2958 2958 4461 13383 2730 2730 4461 13384 2959 2959 4461 13385 2959 2959 4462 13386 2730 2730 4462 13387 2729 2729 4462 13388 2959 2959 4463 13389 2729 2729 4463 13390 2960 2960 4463 13391 2960 2960 4464 13392 2729 2729 4464 13393 2728 2728 4464 13394 2960 2960 4465 13395 2728 2728 4465 13396 2961 2961 4465 13397 2961 2961 4466 13398 2728 2728 4466 13399 2727 2727 4466 13400 2961 2961 4467 13401 2727 2727 4467 13402 2962 2962 4467 13403 2962 2962 4468 13404 2727 2727 4468 13405 2726 2726 4468 13406 2962 2962 4469 13407 2726 2726 4469 13408 2963 2963 4469 13409 2963 2963 4470 13410 2726 2726 4470 13411 2725 2725 4470 13412 2963 2963 4471 13413 2725 2725 4471 13414 2964 2964 4471 13415 3437 3437 4472 13416 2943 2943 4472 13417 2942 2942 4472 13418 3437 3437 4473 13419 2942 2942 4473 13420 3438 3438 4473 13421 3438 3438 4474 13422 2942 2942 4474 13423 2941 2941 4474 13424 3438 3438 4475 13425 2941 2941 4475 13426 3439 3439 4475 13427 3439 3439 4476 13428 2941 2941 4476 13429 2940 2940 4476 13430 3439 3439 4477 13431 2940 2940 4477 13432 3440 3440 4477 13433 3440 3440 4478 13434 2940 2940 4478 13435 2939 2939 4478 13436 3440 3440 4479 13437 2939 2939 4479 13438 3441 3441 4479 13439 3441 3441 4480 13440 2939 2939 4480 13441 2938 2938 4480 13442 3441 3441 4481 13443 2938 2938 4481 13444 3442 3442 4481 13445 3442 3442 4482 13446 2938 2938 4482 13447 2937 2937 4482 13448 3442 3442 4483 13449 2937 2937 4483 13450 3443 3443 4483 13451 3443 3443 4484 13452 2937 2937 4484 13453 2936 2936 4484 13454 3443 3443 4485 13455 2936 2936 4485 13456 3444 3444 4485 13457 3444 3444 4486 13458 2936 2936 4486 13459 2935 2935 4486 13460 3444 3444 4487 13461 2935 2935 4487 13462 3445 3445 4487 13463 3445 3445 4488 13464 2935 2935 4488 13465 2934 2934 4488 13466 3445 3445 4489 13467 2934 2934 4489 13468 3446 3446 4489 13469 3446 3446 4490 13470 2934 2934 4490 13471 2933 2933 4490 13472 3446 3446 4491 13473 2933 2933 4491 13474 3447 3447 4491 13475 3447 3447 4492 13476 2933 2933 4492 13477 2932 2932 4492 13478 3447 3447 4493 13479 2932 2932 4493 13480 3448 3448 4493 13481 3448 3448 4494 13482 2932 2932 4494 13483 2931 2931 4494 13484 3448 3448 4495 13485 2931 2931 4495 13486 3449 3449 4495 13487 3449 3449 4496 13488 2931 2931 4496 13489 2930 2930 4496 13490 3449 3449 4497 13491 2930 2930 4497 13492 3450 3450 4497 13493 3450 3450 4498 13494 2930 2930 4498 13495 2929 2929 4498 13496 3450 3450 4499 13497 2929 2929 4499 13498 3451 3451 4499 13499 3451 3451 4500 13500 2929 2929 4500 13501 2928 2928 4500 13502 3451 3451 4501 13503 2928 2928 4501 13504 3452 3452 4501 13505 3452 3452 4502 13506 2928 2928 4502 13507 2927 2927 4502 13508 3452 3452 4503 13509 2927 2927 4503 13510 3453 3453 4503 13511 3453 3453 4504 13512 2927 2927 4504 13513 2926 2926 4504 13514 3453 3453 4505 13515 2926 2926 4505 13516 3454 3454 4505 13517 3454 3454 4506 13518 2926 2926 4506 13519 2925 2925 4506 13520 3454 3454 4507 13521 2925 2925 4507 13522 3455 3455 4507 13523 597 597 4508 13524 2925 2925 4508 13525 2964 2964 4508 13526 597 597 4509 13527 2964 2964 4509 13528 598 598 4509 13529 2925 2925 4510 13530 2926 2926 4510 13531 2963 2963 4510 13532 2925 2925 4511 13533 2963 2963 4511 13534 2964 2964 4511 13535 2926 2926 4512 13536 2927 2927 4512 13537 2962 2962 4512 13538 2926 2926 4513 13539 2962 2962 4513 13540 2963 2963 4513 13541 2927 2927 4514 13542 2928 2928 4514 13543 2961 2961 4514 13544 2927 2927 4515 13545 2961 2961 4515 13546 2962 2962 4515 13547 2928 2928 4516 13548 2929 2929 4516 13549 2960 2960 4516 13550 2928 2928 4517 13551 2960 2960 4517 13552 2961 2961 4517 13553 2929 2929 4518 13554 2930 2930 4518 13555 2959 2959 4518 13556 2929 2929 4519 13557 2959 2959 4519 13558 2960 2960 4519 13559 2930 2930 4520 13560 2931 2931 4520 13561 2958 2958 4520 13562 2930 2930 4521 13563 2958 2958 4521 13564 2959 2959 4521 13565 2931 2931 4522 13566 2932 2932 4522 13567 2957 2957 4522 13568 2931 2931 4523 13569 2957 2957 4523 13570 2958 2958 4523 13571 2932 2932 4524 13572 2933 2933 4524 13573 2956 2956 4524 13574 2932 2932 4525 13575 2956 2956 4525 13576 2957 2957 4525 13577 2933 2933 4526 13578 2934 2934 4526 13579 2955 2955 4526 13580 2933 2933 4527 13581 2955 2955 4527 13582 2956 2956 4527 13583 2934 2934 4528 13584 2935 2935 4528 13585 2954 2954 4528 13586 2934 2934 4529 13587 2954 2954 4529 13588 2955 2955 4529 13589 2935 2935 4530 13590 2936 2936 4530 13591 2953 2953 4530 13592 2935 2935 4531 13593 2953 2953 4531 13594 2954 2954 4531 13595 2936 2936 4532 13596 2937 2937 4532 13597 2952 2952 4532 13598 2936 2936 4533 13599 2952 2952 4533 13600 2953 2953 4533 13601 2937 2937 4534 13602 2938 2938 4534 13603 2951 2951 4534 13604 2937 2937 4535 13605 2951 2951 4535 13606 2952 2952 4535 13607 2938 2938 4536 13608 2939 2939 4536 13609 2950 2950 4536 13610 2938 2938 4537 13611 2950 2950 4537 13612 2951 2951 4537 13613 2939 2939 4538 13614 2940 2940 4538 13615 2949 2949 4538 13616 2939 2939 4539 13617 2949 2949 4539 13618 2950 2950 4539 13619 2940 2940 4540 13620 2941 2941 4540 13621 2948 2948 4540 13622 2940 2940 4541 13623 2948 2948 4541 13624 2949 2949 4541 13625 2941 2941 4542 13626 2942 2942 4542 13627 2947 2947 4542 13628 2941 2941 4543 13629 2947 2947 4543 13630 2948 2948 4543 13631 2942 2942 4544 13632 2943 2943 4544 13633 2946 2946 4544 13634 2942 2942 4545 13635 2946 2946 4545 13636 2947 2947 4545 13637 2943 2943 4546 13638 2944 2944 4546 13639 2945 2945 4546 13640 2943 2943 4547 13641 2945 2945 4547 13642 2946 2946 4547 13643 555 555 4548 13644 454 454 4548 13645 2864 2864 4548 13646 555 555 4549 13647 2864 2864 4549 13648 2885 2885 4549 13649 2885 2885 4550 13650 2864 2864 4550 13651 2863 2863 4550 13652 2885 2885 4551 13653 2863 2863 4551 13654 2886 2886 4551 13655 2886 2886 4552 13656 2863 2863 4552 13657 2862 2862 4552 13658 2886 2886 4553 13659 2862 2862 4553 13660 2887 2887 4553 13661 2887 2887 4554 13662 2862 2862 4554 13663 2861 2861 4554 13664 2887 2887 4555 13665 2861 2861 4555 13666 2888 2888 4555 13667 2888 2888 4556 13668 2861 2861 4556 13669 2860 2860 4556 13670 2888 2888 4557 13671 2860 2860 4557 13672 2889 2889 4557 13673 2889 2889 4558 13674 2860 2860 4558 13675 2859 2859 4558 13676 2889 2889 4559 13677 2859 2859 4559 13678 2890 2890 4559 13679 2890 2890 4560 13680 2859 2859 4560 13681 2858 2858 4560 13682 2890 2890 4561 13683 2858 2858 4561 13684 2891 2891 4561 13685 2891 2891 4562 13686 2858 2858 4562 13687 2857 2857 4562 13688 2891 2891 4563 13689 2857 2857 4563 13690 2892 2892 4563 13691 2892 2892 4564 13692 2857 2857 4564 13693 2856 2856 4564 13694 2892 2892 4565 13695 2856 2856 4565 13696 2893 2893 4565 13697 2893 2893 4566 13698 2856 2856 4566 13699 2855 2855 4566 13700 2893 2893 4567 13701 2855 2855 4567 13702 2894 2894 4567 13703 2894 2894 4568 13704 2855 2855 4568 13705 2854 2854 4568 13706 2894 2894 4569 13707 2854 2854 4569 13708 2895 2895 4569 13709 2895 2895 4570 13710 2854 2854 4570 13711 2853 2853 4570 13712 2895 2895 4571 13713 2853 2853 4571 13714 2896 2896 4571 13715 2896 2896 4572 13716 2853 2853 4572 13717 2852 2852 4572 13718 2896 2896 4573 13719 2852 2852 4573 13720 2897 2897 4573 13721 2897 2897 4574 13722 2852 2852 4574 13723 2851 2851 4574 13724 2897 2897 4575 13725 2851 2851 4575 13726 2898 2898 4575 13727 2898 2898 4576 13728 2851 2851 4576 13729 2850 2850 4576 13730 2898 2898 4577 13731 2850 2850 4577 13732 2899 2899 4577 13733 2899 2899 4578 13734 2850 2850 4578 13735 2849 2849 4578 13736 2899 2899 4579 13737 2849 2849 4579 13738 2900 2900 4579 13739 2900 2900 4580 13740 2849 2849 4580 13741 2848 2848 4580 13742 2900 2900 4581 13743 2848 2848 4581 13744 2901 2901 4581 13745 2901 2901 4582 13746 2848 2848 4582 13747 2847 2847 4582 13748 2901 2901 4583 13749 2847 2847 4583 13750 2902 2902 4583 13751 2902 2902 4584 13752 2847 2847 4584 13753 2846 2846 4584 13754 2902 2902 4585 13755 2846 2846 4585 13756 2903 2903 4585 13757 2903 2903 4586 13758 2846 2846 4586 13759 2845 2845 4586 13760 2903 2903 4587 13761 2845 2845 4587 13762 2904 2904 4587 13763 420 420 4588 13764 556 556 4588 13765 2924 2924 4588 13766 420 420 4589 13767 2924 2924 4589 13768 2424 2424 4589 13769 2424 2424 4590 13770 2924 2924 4590 13771 2923 2923 4590 13772 2424 2424 4591 13773 2923 2923 4591 13774 2423 2423 4591 13775 2423 2423 4592 13776 2923 2923 4592 13777 2922 2922 4592 13778 2423 2423 4593 13779 2922 2922 4593 13780 2422 2422 4593 13781 2422 2422 4594 13782 2922 2922 4594 13783 2921 2921 4594 13784 2422 2422 4595 13785 2921 2921 4595 13786 2421 2421 4595 13787 2421 2421 4596 13788 2921 2921 4596 13789 2920 2920 4596 13790 2421 2421 4597 13791 2920 2920 4597 13792 2420 2420 4597 13793 2420 2420 4598 13794 2920 2920 4598 13795 2919 2919 4598 13796 2420 2420 4599 13797 2919 2919 4599 13798 2419 2419 4599 13799 2419 2419 4600 13800 2919 2919 4600 13801 2918 2918 4600 13802 2419 2419 4601 13803 2918 2918 4601 13804 2418 2418 4601 13805 2418 2418 4602 13806 2918 2918 4602 13807 2917 2917 4602 13808 2418 2418 4603 13809 2917 2917 4603 13810 2417 2417 4603 13811 2417 2417 4604 13812 2917 2917 4604 13813 2916 2916 4604 13814 2417 2417 4605 13815 2916 2916 4605 13816 2416 2416 4605 13817 2416 2416 4606 13818 2916 2916 4606 13819 2915 2915 4606 13820 2416 2416 4607 13821 2915 2915 4607 13822 2415 2415 4607 13823 2415 2415 4608 13824 2915 2915 4608 13825 2914 2914 4608 13826 2415 2415 4609 13827 2914 2914 4609 13828 2414 2414 4609 13829 2414 2414 4610 13830 2914 2914 4610 13831 2913 2913 4610 13832 2414 2414 4611 13833 2913 2913 4611 13834 2413 2413 4611 13835 2413 2413 4612 13836 2913 2913 4612 13837 2912 2912 4612 13838 2413 2413 4613 13839 2912 2912 4613 13840 2412 2412 4613 13841 2412 2412 4614 13842 2912 2912 4614 13843 2911 2911 4614 13844 2412 2412 4615 13845 2911 2911 4615 13846 2411 2411 4615 13847 2411 2411 4616 13848 2911 2911 4616 13849 2910 2910 4616 13850 2411 2411 4617 13851 2910 2910 4617 13852 2410 2410 4617 13853 2410 2410 4618 13854 2910 2910 4618 13855 2909 2909 4618 13856 2410 2410 4619 13857 2909 2909 4619 13858 2409 2409 4619 13859 2409 2409 4620 13860 2909 2909 4620 13861 2908 2908 4620 13862 2409 2409 4621 13863 2908 2908 4621 13864 2408 2408 4621 13865 2408 2408 4622 13866 2908 2908 4622 13867 2907 2907 4622 13868 2408 2408 4623 13869 2907 2907 4623 13870 2407 2407 4623 13871 2407 2407 4624 13872 2907 2907 4624 13873 2906 2906 4624 13874 2407 2407 4625 13875 2906 2906 4625 13876 2406 2406 4625 13877 2406 2406 4626 13878 2906 2906 4626 13879 2905 2905 4626 13880 2406 2406 4627 13881 2905 2905 4627 13882 2405 2405 4627 13883 555 555 4628 13884 2885 2885 4628 13885 2924 2924 4628 13886 555 555 4629 13887 2924 2924 4629 13888 556 556 4629 13889 2885 2885 4630 13890 2886 2886 4630 13891 2923 2923 4630 13892 2885 2885 4631 13893 2923 2923 4631 13894 2924 2924 4631 13895 2886 2886 4632 13896 2887 2887 4632 13897 2922 2922 4632 13898 2886 2886 4633 13899 2922 2922 4633 13900 2923 2923 4633 13901 2887 2887 4634 13902 2888 2888 4634 13903 2921 2921 4634 13904 2887 2887 4635 13905 2921 2921 4635 13906 2922 2922 4635 13907 2888 2888 4636 13908 2889 2889 4636 13909 2920 2920 4636 13910 2888 2888 4637 13911 2920 2920 4637 13912 2921 2921 4637 13913 2889 2889 4638 13914 2890 2890 4638 13915 2919 2919 4638 13916 2889 2889 4639 13917 2919 2919 4639 13918 2920 2920 4639 13919 2890 2890 4640 13920 2891 2891 4640 13921 2918 2918 4640 13922 2890 2890 4641 13923 2918 2918 4641 13924 2919 2919 4641 13925 2891 2891 4642 13926 2892 2892 4642 13927 2917 2917 4642 13928 2891 2891 4643 13929 2917 2917 4643 13930 2918 2918 4643 13931 2892 2892 4644 13932 2893 2893 4644 13933 2916 2916 4644 13934 2892 2892 4645 13935 2916 2916 4645 13936 2917 2917 4645 13937 2893 2893 4646 13938 2894 2894 4646 13939 2915 2915 4646 13940 2893 2893 4647 13941 2915 2915 4647 13942 2916 2916 4647 13943 2894 2894 4648 13944 2895 2895 4648 13945 2914 2914 4648 13946 2894 2894 4649 13947 2914 2914 4649 13948 2915 2915 4649 13949 2895 2895 4650 13950 2896 2896 4650 13951 2913 2913 4650 13952 2895 2895 4651 13953 2913 2913 4651 13954 2914 2914 4651 13955 2896 2896 4652 13956 2897 2897 4652 13957 2912 2912 4652 13958 2896 2896 4653 13959 2912 2912 4653 13960 2913 2913 4653 13961 2897 2897 4654 13962 2898 2898 4654 13963 2911 2911 4654 13964 2897 2897 4655 13965 2911 2911 4655 13966 2912 2912 4655 13967 2898 2898 4656 13968 2899 2899 4656 13969 2910 2910 4656 13970 2898 2898 4657 13971 2910 2910 4657 13972 2911 2911 4657 13973 2899 2899 4658 13974 2900 2900 4658 13975 2909 2909 4658 13976 2899 2899 4659 13977 2909 2909 4659 13978 2910 2910 4659 13979 2900 2900 4660 13980 2901 2901 4660 13981 2908 2908 4660 13982 2900 2900 4661 13983 2908 2908 4661 13984 2909 2909 4661 13985 2901 2901 4662 13986 2902 2902 4662 13987 2907 2907 4662 13988 2901 2901 4663 13989 2907 2907 4663 13990 2908 2908 4663 13991 2902 2902 4664 13992 2903 2903 4664 13993 2906 2906 4664 13994 2902 2902 4665 13995 2906 2906 4665 13996 2907 2907 4665 13997 2903 2903 4666 13998 2904 2904 4666 13999 2905 2905 4666 14000 2903 2903 4667 14001 2905 2905 4667 14002 2906 2906 4667 14003 454 454 4668 14004 452 452 4668 14005 2844 2844 4668 14006 454 454 4669 14007 2844 2844 4669 14008 2864 2864 4669 14009 2864 2864 4670 14010 2844 2844 4670 14011 2843 2843 4670 14012 2864 2864 4671 14013 2843 2843 4671 14014 2863 2863 4671 14015 2863 2863 4672 14016 2843 2843 4672 14017 2842 2842 4672 14018 2863 2863 4673 14019 2842 2842 4673 14020 2862 2862 4673 14021 2862 2862 4674 14022 2842 2842 4674 14023 2841 2841 4674 14024 2862 2862 4675 14025 2841 2841 4675 14026 2861 2861 4675 14027 2861 2861 4676 14028 2841 2841 4676 14029 2840 2840 4676 14030 2861 2861 4677 14031 2840 2840 4677 14032 2860 2860 4677 14033 2860 2860 4678 14034 2840 2840 4678 14035 2839 2839 4678 14036 2860 2860 4679 14037 2839 2839 4679 14038 2859 2859 4679 14039 2859 2859 4680 14040 2839 2839 4680 14041 2838 2838 4680 14042 2859 2859 4681 14043 2838 2838 4681 14044 2858 2858 4681 14045 2858 2858 4682 14046 2838 2838 4682 14047 2837 2837 4682 14048 2858 2858 4683 14049 2837 2837 4683 14050 2857 2857 4683 14051 2857 2857 4684 14052 2837 2837 4684 14053 2836 2836 4684 14054 2857 2857 4685 14055 2836 2836 4685 14056 2856 2856 4685 14057 2856 2856 4686 14058 2836 2836 4686 14059 2835 2835 4686 14060 2856 2856 4687 14061 2835 2835 4687 14062 2855 2855 4687 14063 2855 2855 4688 14064 2835 2835 4688 14065 2834 2834 4688 14066 2855 2855 4689 14067 2834 2834 4689 14068 2854 2854 4689 14069 2854 2854 4690 14070 2834 2834 4690 14071 2833 2833 4690 14072 2854 2854 4691 14073 2833 2833 4691 14074 2853 2853 4691 14075 2853 2853 4692 14076 2833 2833 4692 14077 2832 2832 4692 14078 2853 2853 4693 14079 2832 2832 4693 14080 2852 2852 4693 14081 2852 2852 4694 14082 2832 2832 4694 14083 2831 2831 4694 14084 2852 2852 4695 14085 2831 2831 4695 14086 2851 2851 4695 14087 2851 2851 4696 14088 2831 2831 4696 14089 2830 2830 4696 14090 2851 2851 4697 14091 2830 2830 4697 14092 2850 2850 4697 14093 2850 2850 4698 14094 2830 2830 4698 14095 2829 2829 4698 14096 2850 2850 4699 14097 2829 2829 4699 14098 2849 2849 4699 14099 2849 2849 4700 14100 2829 2829 4700 14101 2828 2828 4700 14102 2849 2849 4701 14103 2828 2828 4701 14104 2848 2848 4701 14105 2848 2848 4702 14106 2828 2828 4702 14107 2827 2827 4702 14108 2848 2848 4703 14109 2827 2827 4703 14110 2847 2847 4703 14111 2847 2847 4704 14112 2827 2827 4704 14113 2826 2826 4704 14114 2847 2847 4705 14115 2826 2826 4705 14116 2846 2846 4705 14117 2846 2846 4706 14118 2826 2826 4706 14119 2825 2825 4706 14120 2846 2846 4707 14121 2825 2825 4707 14122 2845 2845 4707 14123 452 452 4708 14124 450 450 4708 14125 2824 2824 4708 14126 452 452 4709 14127 2824 2824 4709 14128 2844 2844 4709 14129 2844 2844 4710 14130 2824 2824 4710 14131 2823 2823 4710 14132 2844 2844 4711 14133 2823 2823 4711 14134 2843 2843 4711 14135 2843 2843 4712 14136 2823 2823 4712 14137 2822 2822 4712 14138 2843 2843 4713 14139 2822 2822 4713 14140 2842 2842 4713 14141 2842 2842 4714 14142 2822 2822 4714 14143 2821 2821 4714 14144 2842 2842 4715 14145 2821 2821 4715 14146 2841 2841 4715 14147 2841 2841 4716 14148 2821 2821 4716 14149 2820 2820 4716 14150 2841 2841 4717 14151 2820 2820 4717 14152 2840 2840 4717 14153 2840 2840 4718 14154 2820 2820 4718 14155 2819 2819 4718 14156 2840 2840 4719 14157 2819 2819 4719 14158 2839 2839 4719 14159 2839 2839 4720 14160 2819 2819 4720 14161 2818 2818 4720 14162 2839 2839 4721 14163 2818 2818 4721 14164 2838 2838 4721 14165 2838 2838 4722 14166 2818 2818 4722 14167 2817 2817 4722 14168 2838 2838 4723 14169 2817 2817 4723 14170 2837 2837 4723 14171 2837 2837 4724 14172 2817 2817 4724 14173 2816 2816 4724 14174 2837 2837 4725 14175 2816 2816 4725 14176 2836 2836 4725 14177 2836 2836 4726 14178 2816 2816 4726 14179 2815 2815 4726 14180 2836 2836 4727 14181 2815 2815 4727 14182 2835 2835 4727 14183 2835 2835 4728 14184 2815 2815 4728 14185 2814 2814 4728 14186 2835 2835 4729 14187 2814 2814 4729 14188 2834 2834 4729 14189 2834 2834 4730 14190 2814 2814 4730 14191 2813 2813 4730 14192 2834 2834 4731 14193 2813 2813 4731 14194 2833 2833 4731 14195 2833 2833 4732 14196 2813 2813 4732 14197 2812 2812 4732 14198 2833 2833 4733 14199 2812 2812 4733 14200 2832 2832 4733 14201 2832 2832 4734 14202 2812 2812 4734 14203 2811 2811 4734 14204 2832 2832 4735 14205 2811 2811 4735 14206 2831 2831 4735 14207 2831 2831 4736 14208 2811 2811 4736 14209 2810 2810 4736 14210 2831 2831 4737 14211 2810 2810 4737 14212 2830 2830 4737 14213 2830 2830 4738 14214 2810 2810 4738 14215 2809 2809 4738 14216 2830 2830 4739 14217 2809 2809 4739 14218 2829 2829 4739 14219 2829 2829 4740 14220 2809 2809 4740 14221 2808 2808 4740 14222 2829 2829 4741 14223 2808 2808 4741 14224 2828 2828 4741 14225 2828 2828 4742 14226 2808 2808 4742 14227 2807 2807 4742 14228 2828 2828 4743 14229 2807 2807 4743 14230 2827 2827 4743 14231 2827 2827 4744 14232 2807 2807 4744 14233 2806 2806 4744 14234 2827 2827 4745 14235 2806 2806 4745 14236 2826 2826 4745 14237 2826 2826 4746 14238 2806 2806 4746 14239 2805 2805 4746 14240 2826 2826 4747 14241 2805 2805 4747 14242 2825 2825 4747 14243 450 450 4748 14244 448 448 4748 14245 2804 2804 4748 14246 450 450 4749 14247 2804 2804 4749 14248 2824 2824 4749 14249 2824 2824 4750 14250 2804 2804 4750 14251 2803 2803 4750 14252 2824 2824 4751 14253 2803 2803 4751 14254 2823 2823 4751 14255 2823 2823 4752 14256 2803 2803 4752 14257 2802 2802 4752 14258 2823 2823 4753 14259 2802 2802 4753 14260 2822 2822 4753 14261 2822 2822 4754 14262 2802 2802 4754 14263 2801 2801 4754 14264 2822 2822 4755 14265 2801 2801 4755 14266 2821 2821 4755 14267 2821 2821 4756 14268 2801 2801 4756 14269 2800 2800 4756 14270 2821 2821 4757 14271 2800 2800 4757 14272 2820 2820 4757 14273 2820 2820 4758 14274 2800 2800 4758 14275 2799 2799 4758 14276 2820 2820 4759 14277 2799 2799 4759 14278 2819 2819 4759 14279 2819 2819 4760 14280 2799 2799 4760 14281 2798 2798 4760 14282 2819 2819 4761 14283 2798 2798 4761 14284 2818 2818 4761 14285 2818 2818 4762 14286 2798 2798 4762 14287 2797 2797 4762 14288 2818 2818 4763 14289 2797 2797 4763 14290 2817 2817 4763 14291 2817 2817 4764 14292 2797 2797 4764 14293 2796 2796 4764 14294 2817 2817 4765 14295 2796 2796 4765 14296 2816 2816 4765 14297 2816 2816 4766 14298 2796 2796 4766 14299 2795 2795 4766 14300 2816 2816 4767 14301 2795 2795 4767 14302 2815 2815 4767 14303 2815 2815 4768 14304 2795 2795 4768 14305 2794 2794 4768 14306 2815 2815 4769 14307 2794 2794 4769 14308 2814 2814 4769 14309 2814 2814 4770 14310 2794 2794 4770 14311 2793 2793 4770 14312 2814 2814 4771 14313 2793 2793 4771 14314 2813 2813 4771 14315 2813 2813 4772 14316 2793 2793 4772 14317 2792 2792 4772 14318 2813 2813 4773 14319 2792 2792 4773 14320 2812 2812 4773 14321 2812 2812 4774 14322 2792 2792 4774 14323 2791 2791 4774 14324 2812 2812 4775 14325 2791 2791 4775 14326 2811 2811 4775 14327 2811 2811 4776 14328 2791 2791 4776 14329 2790 2790 4776 14330 2811 2811 4777 14331 2790 2790 4777 14332 2810 2810 4777 14333 2810 2810 4778 14334 2790 2790 4778 14335 2789 2789 4778 14336 2810 2810 4779 14337 2789 2789 4779 14338 2809 2809 4779 14339 2809 2809 4780 14340 2789 2789 4780 14341 2788 2788 4780 14342 2809 2809 4781 14343 2788 2788 4781 14344 2808 2808 4781 14345 2808 2808 4782 14346 2788 2788 4782 14347 2787 2787 4782 14348 2808 2808 4783 14349 2787 2787 4783 14350 2807 2807 4783 14351 2807 2807 4784 14352 2787 2787 4784 14353 2786 2786 4784 14354 2807 2807 4785 14355 2786 2786 4785 14356 2806 2806 4785 14357 2806 2806 4786 14358 2786 2786 4786 14359 2785 2785 4786 14360 2806 2806 4787 14361 2785 2785 4787 14362 2805 2805 4787 14363 2365 2365 4788 14364 446 446 4788 14365 2784 2784 4788 14366 2365 2365 4789 14367 2784 2784 4789 14368 3832 3832 4789 14369 3832 3832 4790 14370 2784 2784 4790 14371 2783 2783 4790 14372 3832 3832 4791 14373 2783 2783 4791 14374 3833 3833 4791 14375 3833 3833 4792 14376 2783 2783 4792 14377 3889 3889 4792 14378 3833 3833 4793 14379 3889 3889 4793 14380 3834 3834 4793 14381 3834 3834 4794 14382 3889 3889 4794 14383 3888 3888 4794 14384 3835 3835 4795 14385 2780 2780 4795 14386 2779 2779 4795 14387 3835 3835 4796 14388 2779 2779 4796 14389 3836 3836 4796 14390 3836 3836 4797 14391 2779 2779 4797 14392 2778 2778 4797 14393 3836 3836 4798 14394 2778 2778 4798 14395 3837 3837 4798 14396 3837 3837 4799 14397 2778 2778 4799 14398 2777 2777 4799 14399 3837 3837 4800 14400 2777 2777 4800 14401 3838 3838 4800 14402 3838 3838 4801 14403 2777 2777 4801 14404 2776 2776 4801 14405 3838 3838 4802 14406 2776 2776 4802 14407 3839 3839 4802 14408 3839 3839 4803 14409 2776 2776 4803 14410 2775 2775 4803 14411 3839 3839 4804 14412 2775 2775 4804 14413 3840 3840 4804 14414 3840 3840 4805 14415 2775 2775 4805 14416 2774 2774 4805 14417 3840 3840 4806 14418 2774 2774 4806 14419 3841 3841 4806 14420 3841 3841 4807 14421 2774 2774 4807 14422 2773 2773 4807 14423 3841 3841 4808 14424 2773 2773 4808 14425 3842 3842 4808 14426 3842 3842 4809 14427 2773 2773 4809 14428 2772 2772 4809 14429 3842 3842 4810 14430 2772 2772 4810 14431 3843 3843 4810 14432 3843 3843 4811 14433 2772 2772 4811 14434 2771 2771 4811 14435 3843 3843 4812 14436 2771 2771 4812 14437 3844 3844 4812 14438 3844 3844 4813 14439 2771 2771 4813 14440 2770 2770 4813 14441 3844 3844 4814 14442 2770 2770 4814 14443 3845 3845 4814 14444 3845 3845 4815 14445 2770 2770 4815 14446 2769 2769 4815 14447 3845 3845 4816 14448 2769 2769 4816 14449 3846 3846 4816 14450 3846 3846 4817 14451 2769 2769 4817 14452 2768 2768 4817 14453 3846 3846 4818 14454 2768 2768 4818 14455 3847 3847 4818 14456 3847 3847 4819 14457 2768 2768 4819 14458 2767 2767 4819 14459 3847 3847 4820 14460 2767 2767 4820 14461 3848 3848 4820 14462 3848 3848 4821 14463 2767 2767 4821 14464 2766 2766 4821 14465 3848 3848 4822 14466 2766 2766 4822 14467 3849 3849 4822 14468 3849 3849 4823 14469 2766 2766 4823 14470 2765 2765 4823 14471 3849 3849 4824 14472 2765 2765 4824 14473 3850 3850 4824 14474 442 442 4825 14475 464 464 4825 14476 2724 2724 4825 14477 442 442 4826 14478 2724 2724 4826 14479 2745 2745 4826 14480 2745 2745 4827 14481 2724 2724 4827 14482 2723 2723 4827 14483 2745 2745 4828 14484 2723 2723 4828 14485 2746 2746 4828 14486 2746 2746 4829 14487 2723 2723 4829 14488 2722 2722 4829 14489 2746 2746 4830 14490 2722 2722 4830 14491 2747 2747 4830 14492 2747 2747 4831 14493 2722 2722 4831 14494 2721 2721 4831 14495 2747 2747 4832 14496 2721 2721 4832 14497 2748 2748 4832 14498 2748 2748 4833 14499 2721 2721 4833 14500 2720 2720 4833 14501 2748 2748 4834 14502 2720 2720 4834 14503 2749 2749 4834 14504 2749 2749 4835 14505 2720 2720 4835 14506 2719 2719 4835 14507 2749 2749 4836 14508 2719 2719 4836 14509 2750 2750 4836 14510 2750 2750 4837 14511 2719 2719 4837 14512 2718 2718 4837 14513 2750 2750 4838 14514 2718 2718 4838 14515 2751 2751 4838 14516 2751 2751 4839 14517 2718 2718 4839 14518 2717 2717 4839 14519 2751 2751 4840 14520 2717 2717 4840 14521 2752 2752 4840 14522 2752 2752 4841 14523 2717 2717 4841 14524 2716 2716 4841 14525 2752 2752 4842 14526 2716 2716 4842 14527 2753 2753 4842 14528 2753 2753 4843 14529 2716 2716 4843 14530 2715 2715 4843 14531 2753 2753 4844 14532 2715 2715 4844 14533 2754 2754 4844 14534 2754 2754 4845 14535 2715 2715 4845 14536 2714 2714 4845 14537 2754 2754 4846 14538 2714 2714 4846 14539 2755 2755 4846 14540 2755 2755 4847 14541 2714 2714 4847 14542 2713 2713 4847 14543 2755 2755 4848 14544 2713 2713 4848 14545 2756 2756 4848 14546 2756 2756 4849 14547 2713 2713 4849 14548 2712 2712 4849 14549 2756 2756 4850 14550 2712 2712 4850 14551 2757 2757 4850 14552 2757 2757 4851 14553 2712 2712 4851 14554 2711 2711 4851 14555 2757 2757 4852 14556 2711 2711 4852 14557 2758 2758 4852 14558 2758 2758 4853 14559 2711 2711 4853 14560 2710 2710 4853 14561 2758 2758 4854 14562 2710 2710 4854 14563 2759 2759 4854 14564 2759 2759 4855 14565 2710 2710 4855 14566 2709 2709 4855 14567 2759 2759 4856 14568 2709 2709 4856 14569 2760 2760 4856 14570 2760 2760 4857 14571 2709 2709 4857 14572 2708 2708 4857 14573 2760 2760 4858 14574 2708 2708 4858 14575 2761 2761 4858 14576 2761 2761 4859 14577 2708 2708 4859 14578 2707 2707 4859 14579 2761 2761 4860 14580 2707 2707 4860 14581 2762 2762 4860 14582 2762 2762 4861 14583 2707 2707 4861 14584 2706 2706 4861 14585 2762 2762 4862 14586 2706 2706 4862 14587 2763 2763 4862 14588 2763 2763 4863 14589 2706 2706 4863 14590 2705 2705 4863 14591 2763 2763 4864 14592 2705 2705 4864 14593 2764 2764 4864 14594 444 444 4865 14595 442 442 4865 14596 2745 2745 4865 14597 444 444 4866 14598 2745 2745 4866 14599 2744 2744 4866 14600 2744 2744 4867 14601 2745 2745 4867 14602 2746 2746 4867 14603 2744 2744 4868 14604 2746 2746 4868 14605 2743 2743 4868 14606 2743 2743 4869 14607 2746 2746 4869 14608 2747 2747 4869 14609 2743 2743 4870 14610 2747 2747 4870 14611 2742 2742 4870 14612 2742 2742 4871 14613 2747 2747 4871 14614 2748 2748 4871 14615 2742 2742 4872 14616 2748 2748 4872 14617 2741 2741 4872 14618 2741 2741 4873 14619 2748 2748 4873 14620 2749 2749 4873 14621 2741 2741 4874 14622 2749 2749 4874 14623 2740 2740 4874 14624 2740 2740 4875 14625 2749 2749 4875 14626 2750 2750 4875 14627 2740 2740 4876 14628 2750 2750 4876 14629 2739 2739 4876 14630 2739 2739 4877 14631 2750 2750 4877 14632 2751 2751 4877 14633 2739 2739 4878 14634 2751 2751 4878 14635 2738 2738 4878 14636 2738 2738 4879 14637 2751 2751 4879 14638 2752 2752 4879 14639 2738 2738 4880 14640 2752 2752 4880 14641 2737 2737 4880 14642 2737 2737 4881 14643 2752 2752 4881 14644 2753 2753 4881 14645 2737 2737 4882 14646 2753 2753 4882 14647 2736 2736 4882 14648 2736 2736 4883 14649 2753 2753 4883 14650 2754 2754 4883 14651 2736 2736 4884 14652 2754 2754 4884 14653 2735 2735 4884 14654 2735 2735 4885 14655 2754 2754 4885 14656 2755 2755 4885 14657 2735 2735 4886 14658 2755 2755 4886 14659 2734 2734 4886 14660 2734 2734 4887 14661 2755 2755 4887 14662 2756 2756 4887 14663 2734 2734 4888 14664 2756 2756 4888 14665 2733 2733 4888 14666 2733 2733 4889 14667 2756 2756 4889 14668 2757 2757 4889 14669 2733 2733 4890 14670 2757 2757 4890 14671 2732 2732 4890 14672 2732 2732 4891 14673 2757 2757 4891 14674 2758 2758 4891 14675 2732 2732 4892 14676 2758 2758 4892 14677 2731 2731 4892 14678 2731 2731 4893 14679 2758 2758 4893 14680 2759 2759 4893 14681 2731 2731 4894 14682 2759 2759 4894 14683 2730 2730 4894 14684 2730 2730 4895 14685 2759 2759 4895 14686 2760 2760 4895 14687 2730 2730 4896 14688 2760 2760 4896 14689 2729 2729 4896 14690 2729 2729 4897 14691 2760 2760 4897 14692 2761 2761 4897 14693 2729 2729 4898 14694 2761 2761 4898 14695 2728 2728 4898 14696 2728 2728 4899 14697 2761 2761 4899 14698 2762 2762 4899 14699 2728 2728 4900 14700 2762 2762 4900 14701 2727 2727 4900 14702 2727 2727 4901 14703 2762 2762 4901 14704 2763 2763 4901 14705 2727 2727 4902 14706 2763 2763 4902 14707 2726 2726 4902 14708 2726 2726 4903 14709 2763 2763 4903 14710 2764 2764 4903 14711 2726 2726 4904 14712 2764 2764 4904 14713 2725 2725 4904 14714 464 464 4905 14715 439 439 4905 14716 2704 2704 4905 14717 464 464 4906 14718 2704 2704 4906 14719 2724 2724 4906 14720 2724 2724 4907 14721 2704 2704 4907 14722 2703 2703 4907 14723 2724 2724 4908 14724 2703 2703 4908 14725 2723 2723 4908 14726 2723 2723 4909 14727 2703 2703 4909 14728 2702 2702 4909 14729 2723 2723 4910 14730 2702 2702 4910 14731 2722 2722 4910 14732 2722 2722 4911 14733 2702 2702 4911 14734 2701 2701 4911 14735 2722 2722 4912 14736 2701 2701 4912 14737 2721 2721 4912 14738 2721 2721 4913 14739 2701 2701 4913 14740 2700 2700 4913 14741 2721 2721 4914 14742 2700 2700 4914 14743 2720 2720 4914 14744 2720 2720 4915 14745 2700 2700 4915 14746 2699 2699 4915 14747 2720 2720 4916 14748 2699 2699 4916 14749 2719 2719 4916 14750 2719 2719 4917 14751 2699 2699 4917 14752 2698 2698 4917 14753 2719 2719 4918 14754 2698 2698 4918 14755 2718 2718 4918 14756 2718 2718 4919 14757 2698 2698 4919 14758 2697 2697 4919 14759 2718 2718 4920 14760 2697 2697 4920 14761 2717 2717 4920 14762 2717 2717 4921 14763 2697 2697 4921 14764 2696 2696 4921 14765 2717 2717 4922 14766 2696 2696 4922 14767 2716 2716 4922 14768 2716 2716 4923 14769 2696 2696 4923 14770 2695 2695 4923 14771 2716 2716 4924 14772 2695 2695 4924 14773 2715 2715 4924 14774 2715 2715 4925 14775 2695 2695 4925 14776 2694 2694 4925 14777 2715 2715 4926 14778 2694 2694 4926 14779 2714 2714 4926 14780 2714 2714 4927 14781 2694 2694 4927 14782 2693 2693 4927 14783 2714 2714 4928 14784 2693 2693 4928 14785 2713 2713 4928 14786 2713 2713 4929 14787 2693 2693 4929 14788 2692 2692 4929 14789 2713 2713 4930 14790 2692 2692 4930 14791 2712 2712 4930 14792 2712 2712 4931 14793 2692 2692 4931 14794 2691 2691 4931 14795 2712 2712 4932 14796 2691 2691 4932 14797 2711 2711 4932 14798 2711 2711 4933 14799 2691 2691 4933 14800 2690 2690 4933 14801 2711 2711 4934 14802 2690 2690 4934 14803 2710 2710 4934 14804 2710 2710 4935 14805 2690 2690 4935 14806 2689 2689 4935 14807 2710 2710 4936 14808 2689 2689 4936 14809 2709 2709 4936 14810 2709 2709 4937 14811 2689 2689 4937 14812 2688 2688 4937 14813 2709 2709 4938 14814 2688 2688 4938 14815 2708 2708 4938 14816 2708 2708 4939 14817 2688 2688 4939 14818 2687 2687 4939 14819 2708 2708 4940 14820 2687 2687 4940 14821 2707 2707 4940 14822 2707 2707 4941 14823 2687 2687 4941 14824 2686 2686 4941 14825 2707 2707 4942 14826 2686 2686 4942 14827 2706 2706 4942 14828 2706 2706 4943 14829 2686 2686 4943 14830 2685 2685 4943 14831 2706 2706 4944 14832 2685 2685 4944 14833 2705 2705 4944 14834 439 439 4945 14835 458 458 4945 14836 2684 2684 4945 14837 439 439 4946 14838 2684 2684 4946 14839 2704 2704 4946 14840 2704 2704 4947 14841 2684 2684 4947 14842 2683 2683 4947 14843 2704 2704 4948 14844 2683 2683 4948 14845 2703 2703 4948 14846 2703 2703 4949 14847 2683 2683 4949 14848 2682 2682 4949 14849 2703 2703 4950 14850 2682 2682 4950 14851 2702 2702 4950 14852 2702 2702 4951 14853 2682 2682 4951 14854 2681 2681 4951 14855 2702 2702 4952 14856 2681 2681 4952 14857 2701 2701 4952 14858 2701 2701 4953 14859 2681 2681 4953 14860 2680 2680 4953 14861 2701 2701 4954 14862 2680 2680 4954 14863 2700 2700 4954 14864 2700 2700 4955 14865 2680 2680 4955 14866 2679 2679 4955 14867 2700 2700 4956 14868 2679 2679 4956 14869 2699 2699 4956 14870 2699 2699 4957 14871 2679 2679 4957 14872 2678 2678 4957 14873 2699 2699 4958 14874 2678 2678 4958 14875 2698 2698 4958 14876 2698 2698 4959 14877 2678 2678 4959 14878 2677 2677 4959 14879 2698 2698 4960 14880 2677 2677 4960 14881 2697 2697 4960 14882 2697 2697 4961 14883 2677 2677 4961 14884 2676 2676 4961 14885 2697 2697 4962 14886 2676 2676 4962 14887 2696 2696 4962 14888 2696 2696 4963 14889 2676 2676 4963 14890 2675 2675 4963 14891 2696 2696 4964 14892 2675 2675 4964 14893 2695 2695 4964 14894 2695 2695 4965 14895 2675 2675 4965 14896 2674 2674 4965 14897 2695 2695 4966 14898 2674 2674 4966 14899 2694 2694 4966 14900 2694 2694 4967 14901 2674 2674 4967 14902 2673 2673 4967 14903 2694 2694 4968 14904 2673 2673 4968 14905 2693 2693 4968 14906 2693 2693 4969 14907 2673 2673 4969 14908 2672 2672 4969 14909 2693 2693 4970 14910 2672 2672 4970 14911 2692 2692 4970 14912 2692 2692 4971 14913 2672 2672 4971 14914 2671 2671 4971 14915 2692 2692 4972 14916 2671 2671 4972 14917 2691 2691 4972 14918 2691 2691 4973 14919 2671 2671 4973 14920 2670 2670 4973 14921 2691 2691 4974 14922 2670 2670 4974 14923 2690 2690 4974 14924 2690 2690 4975 14925 2670 2670 4975 14926 2669 2669 4975 14927 2690 2690 4976 14928 2669 2669 4976 14929 2689 2689 4976 14930 2689 2689 4977 14931 2669 2669 4977 14932 2668 2668 4977 14933 2689 2689 4978 14934 2668 2668 4978 14935 2688 2688 4978 14936 2688 2688 4979 14937 2668 2668 4979 14938 2667 2667 4979 14939 2688 2688 4980 14940 2667 2667 4980 14941 2687 2687 4980 14942 2687 2687 4981 14943 2667 2667 4981 14944 2666 2666 4981 14945 2687 2687 4982 14946 2666 2666 4982 14947 2686 2686 4982 14948 2686 2686 4983 14949 2666 2666 4983 14950 2665 2665 4983 14951 2686 2686 4984 14952 2665 2665 4984 14953 2685 2685 4984 14954 458 458 4985 14955 437 437 4985 14956 2644 2644 4985 14957 458 458 4986 14958 2644 2644 4986 14959 2684 2684 4986 14960 2684 2684 4987 14961 2644 2644 4987 14962 2643 2643 4987 14963 2684 2684 4988 14964 2643 2643 4988 14965 2683 2683 4988 14966 2683 2683 4989 14967 2643 2643 4989 14968 2642 2642 4989 14969 2683 2683 4990 14970 2642 2642 4990 14971 2682 2682 4990 14972 2682 2682 4991 14973 2642 2642 4991 14974 2641 2641 4991 14975 2682 2682 4992 14976 2641 2641 4992 14977 2681 2681 4992 14978 2681 2681 4993 14979 2641 2641 4993 14980 2640 2640 4993 14981 2681 2681 4994 14982 2640 2640 4994 14983 2680 2680 4994 14984 2680 2680 4995 14985 2640 2640 4995 14986 2639 2639 4995 14987 2680 2680 4996 14988 2639 2639 4996 14989 2679 2679 4996 14990 2679 2679 4997 14991 2639 2639 4997 14992 2638 2638 4997 14993 2679 2679 4998 14994 2638 2638 4998 14995 2678 2678 4998 14996 2678 2678 4999 14997 2638 2638 4999 14998 2637 2637 4999 14999 2678 2678 5000 15000 2637 2637 5000 15001 2677 2677 5000 15002 2677 2677 5001 15003 2637 2637 5001 15004 2636 2636 5001 15005 2677 2677 5002 15006 2636 2636 5002 15007 2676 2676 5002 15008 2676 2676 5003 15009 2636 2636 5003 15010 2635 2635 5003 15011 2676 2676 5004 15012 2635 2635 5004 15013 2675 2675 5004 15014 2675 2675 5005 15015 2635 2635 5005 15016 2634 2634 5005 15017 2675 2675 5006 15018 2634 2634 5006 15019 2674 2674 5006 15020 2674 2674 5007 15021 2634 2634 5007 15022 2633 2633 5007 15023 2674 2674 5008 15024 2633 2633 5008 15025 2673 2673 5008 15026 2673 2673 5009 15027 2633 2633 5009 15028 2632 2632 5009 15029 2673 2673 5010 15030 2632 2632 5010 15031 2672 2672 5010 15032 2672 2672 5011 15033 2632 2632 5011 15034 2631 2631 5011 15035 2672 2672 5012 15036 2631 2631 5012 15037 2671 2671 5012 15038 2671 2671 5013 15039 2631 2631 5013 15040 2630 2630 5013 15041 2671 2671 5014 15042 2630 2630 5014 15043 2670 2670 5014 15044 2670 2670 5015 15045 2630 2630 5015 15046 2629 2629 5015 15047 2670 2670 5016 15048 2629 2629 5016 15049 2669 2669 5016 15050 2669 2669 5017 15051 2629 2629 5017 15052 2628 2628 5017 15053 2669 2669 5018 15054 2628 2628 5018 15055 2668 2668 5018 15056 2668 2668 5019 15057 2628 2628 5019 15058 2627 2627 5019 15059 2668 2668 5020 15060 2627 2627 5020 15061 2667 2667 5020 15062 2667 2667 5021 15063 2627 2627 5021 15064 2626 2626 5021 15065 2667 2667 5022 15066 2626 2626 5022 15067 2666 2666 5022 15068 2666 2666 5023 15069 2626 2626 5023 15070 2625 2625 5023 15071 2666 2666 5024 15072 2625 2625 5024 15073 2665 2665 5024 15074 436 436 5025 15075 462 462 5025 15076 2624 2624 5025 15077 436 436 5026 15078 2624 2624 5026 15079 2645 2645 5026 15080 2645 2645 5027 15081 2624 2624 5027 15082 2623 2623 5027 15083 2645 2645 5028 15084 2623 2623 5028 15085 2646 2646 5028 15086 2646 2646 5029 15087 2623 2623 5029 15088 2622 2622 5029 15089 2646 2646 5030 15090 2622 2622 5030 15091 2647 2647 5030 15092 2647 2647 5031 15093 2622 2622 5031 15094 2621 2621 5031 15095 2647 2647 5032 15096 2621 2621 5032 15097 2648 2648 5032 15098 2648 2648 5033 15099 2621 2621 5033 15100 2620 2620 5033 15101 2648 2648 5034 15102 2620 2620 5034 15103 2649 2649 5034 15104 2649 2649 5035 15105 2620 2620 5035 15106 2619 2619 5035 15107 2649 2649 5036 15108 2619 2619 5036 15109 2650 2650 5036 15110 2650 2650 5037 15111 2619 2619 5037 15112 2618 2618 5037 15113 2650 2650 5038 15114 2618 2618 5038 15115 2651 2651 5038 15116 2651 2651 5039 15117 2618 2618 5039 15118 2617 2617 5039 15119 2651 2651 5040 15120 2617 2617 5040 15121 2652 2652 5040 15122 2652 2652 5041 15123 2617 2617 5041 15124 2616 2616 5041 15125 2652 2652 5042 15126 2616 2616 5042 15127 2653 2653 5042 15128 2653 2653 5043 15129 2616 2616 5043 15130 2615 2615 5043 15131 2653 2653 5044 15132 2615 2615 5044 15133 2654 2654 5044 15134 2654 2654 5045 15135 2615 2615 5045 15136 2614 2614 5045 15137 2654 2654 5046 15138 2614 2614 5046 15139 2655 2655 5046 15140 2655 2655 5047 15141 2614 2614 5047 15142 2613 2613 5047 15143 2655 2655 5048 15144 2613 2613 5048 15145 2656 2656 5048 15146 2656 2656 5049 15147 2613 2613 5049 15148 2612 2612 5049 15149 2656 2656 5050 15150 2612 2612 5050 15151 2657 2657 5050 15152 2657 2657 5051 15153 2612 2612 5051 15154 2611 2611 5051 15155 2657 2657 5052 15156 2611 2611 5052 15157 2658 2658 5052 15158 2658 2658 5053 15159 2611 2611 5053 15160 2610 2610 5053 15161 2658 2658 5054 15162 2610 2610 5054 15163 2659 2659 5054 15164 2659 2659 5055 15165 2610 2610 5055 15166 2609 2609 5055 15167 2659 2659 5056 15168 2609 2609 5056 15169 2660 2660 5056 15170 2660 2660 5057 15171 2609 2609 5057 15172 2608 2608 5057 15173 2660 2660 5058 15174 2608 2608 5058 15175 2661 2661 5058 15176 2661 2661 5059 15177 2608 2608 5059 15178 2607 2607 5059 15179 2661 2661 5060 15180 2607 2607 5060 15181 2662 2662 5060 15182 2662 2662 5061 15183 2607 2607 5061 15184 2606 2606 5061 15185 2662 2662 5062 15186 2606 2606 5062 15187 2663 2663 5062 15188 2663 2663 5063 15189 2606 2606 5063 15190 2605 2605 5063 15191 2663 2663 5064 15192 2605 2605 5064 15193 2664 2664 5064 15194 437 437 5065 15195 436 436 5065 15196 2645 2645 5065 15197 437 437 5066 15198 2645 2645 5066 15199 2644 2644 5066 15200 2644 2644 5067 15201 2645 2645 5067 15202 2646 2646 5067 15203 2644 2644 5068 15204 2646 2646 5068 15205 2643 2643 5068 15206 2643 2643 5069 15207 2646 2646 5069 15208 2647 2647 5069 15209 2643 2643 5070 15210 2647 2647 5070 15211 2642 2642 5070 15212 2642 2642 5071 15213 2647 2647 5071 15214 2648 2648 5071 15215 2642 2642 5072 15216 2648 2648 5072 15217 2641 2641 5072 15218 2641 2641 5073 15219 2648 2648 5073 15220 2649 2649 5073 15221 2641 2641 5074 15222 2649 2649 5074 15223 2640 2640 5074 15224 2640 2640 5075 15225 2649 2649 5075 15226 2650 2650 5075 15227 2640 2640 5076 15228 2650 2650 5076 15229 2639 2639 5076 15230 2639 2639 5077 15231 2650 2650 5077 15232 2651 2651 5077 15233 2639 2639 5078 15234 2651 2651 5078 15235 2638 2638 5078 15236 2638 2638 5079 15237 2651 2651 5079 15238 2652 2652 5079 15239 2638 2638 5080 15240 2652 2652 5080 15241 2637 2637 5080 15242 2637 2637 5081 15243 2652 2652 5081 15244 2653 2653 5081 15245 2637 2637 5082 15246 2653 2653 5082 15247 2636 2636 5082 15248 2636 2636 5083 15249 2653 2653 5083 15250 2654 2654 5083 15251 2636 2636 5084 15252 2654 2654 5084 15253 2635 2635 5084 15254 2635 2635 5085 15255 2654 2654 5085 15256 2655 2655 5085 15257 2635 2635 5086 15258 2655 2655 5086 15259 2634 2634 5086 15260 2634 2634 5087 15261 2655 2655 5087 15262 2656 2656 5087 15263 2634 2634 5088 15264 2656 2656 5088 15265 2633 2633 5088 15266 2633 2633 5089 15267 2656 2656 5089 15268 2657 2657 5089 15269 2633 2633 5090 15270 2657 2657 5090 15271 2632 2632 5090 15272 2632 2632 5091 15273 2657 2657 5091 15274 2658 2658 5091 15275 2632 2632 5092 15276 2658 2658 5092 15277 2631 2631 5092 15278 2631 2631 5093 15279 2658 2658 5093 15280 2659 2659 5093 15281 2631 2631 5094 15282 2659 2659 5094 15283 2630 2630 5094 15284 2630 2630 5095 15285 2659 2659 5095 15286 2660 2660 5095 15287 2630 2630 5096 15288 2660 2660 5096 15289 2629 2629 5096 15290 2629 2629 5097 15291 2660 2660 5097 15292 2661 2661 5097 15293 2629 2629 5098 15294 2661 2661 5098 15295 2628 2628 5098 15296 2628 2628 5099 15297 2661 2661 5099 15298 2662 2662 5099 15299 2628 2628 5100 15300 2662 2662 5100 15301 2627 2627 5100 15302 2627 2627 5101 15303 2662 2662 5101 15304 2663 2663 5101 15305 2627 2627 5102 15306 2663 2663 5102 15307 2626 2626 5102 15308 2626 2626 5103 15309 2663 2663 5103 15310 2664 2664 5103 15311 2626 2626 5104 15312 2664 2664 5104 15313 2625 2625 5104 15314 462 462 5105 15315 433 433 5105 15316 2604 2604 5105 15317 462 462 5106 15318 2604 2604 5106 15319 2624 2624 5106 15320 2624 2624 5107 15321 2604 2604 5107 15322 2603 2603 5107 15323 2624 2624 5108 15324 2603 2603 5108 15325 2623 2623 5108 15326 2623 2623 5109 15327 2603 2603 5109 15328 2602 2602 5109 15329 2623 2623 5110 15330 2602 2602 5110 15331 2622 2622 5110 15332 2622 2622 5111 15333 2602 2602 5111 15334 2601 2601 5111 15335 2622 2622 5112 15336 2601 2601 5112 15337 2621 2621 5112 15338 2621 2621 5113 15339 2601 2601 5113 15340 2600 2600 5113 15341 2621 2621 5114 15342 2600 2600 5114 15343 2620 2620 5114 15344 2620 2620 5115 15345 2600 2600 5115 15346 2599 2599 5115 15347 2620 2620 5116 15348 2599 2599 5116 15349 2619 2619 5116 15350 2619 2619 5117 15351 2599 2599 5117 15352 2598 2598 5117 15353 2619 2619 5118 15354 2598 2598 5118 15355 2618 2618 5118 15356 2618 2618 5119 15357 2598 2598 5119 15358 2597 2597 5119 15359 2618 2618 5120 15360 2597 2597 5120 15361 2617 2617 5120 15362 2617 2617 5121 15363 2597 2597 5121 15364 2596 2596 5121 15365 2617 2617 5122 15366 2596 2596 5122 15367 2616 2616 5122 15368 2616 2616 5123 15369 2596 2596 5123 15370 2595 2595 5123 15371 2616 2616 5124 15372 2595 2595 5124 15373 2615 2615 5124 15374 2615 2615 5125 15375 2595 2595 5125 15376 2594 2594 5125 15377 2615 2615 5126 15378 2594 2594 5126 15379 2614 2614 5126 15380 2614 2614 5127 15381 2594 2594 5127 15382 2593 2593 5127 15383 2614 2614 5128 15384 2593 2593 5128 15385 2613 2613 5128 15386 2613 2613 5129 15387 2593 2593 5129 15388 2592 2592 5129 15389 2613 2613 5130 15390 2592 2592 5130 15391 2612 2612 5130 15392 2612 2612 5131 15393 2592 2592 5131 15394 2591 2591 5131 15395 2612 2612 5132 15396 2591 2591 5132 15397 2611 2611 5132 15398 2611 2611 5133 15399 2591 2591 5133 15400 2590 2590 5133 15401 2611 2611 5134 15402 2590 2590 5134 15403 2610 2610 5134 15404 2610 2610 5135 15405 2590 2590 5135 15406 2589 2589 5135 15407 2610 2610 5136 15408 2589 2589 5136 15409 2609 2609 5136 15410 2609 2609 5137 15411 2589 2589 5137 15412 2588 2588 5137 15413 2609 2609 5138 15414 2588 2588 5138 15415 2608 2608 5138 15416 2608 2608 5139 15417 2588 2588 5139 15418 2587 2587 5139 15419 2608 2608 5140 15420 2587 2587 5140 15421 2607 2607 5140 15422 2607 2607 5141 15423 2587 2587 5141 15424 2586 2586 5141 15425 2607 2607 5142 15426 2586 2586 5142 15427 2606 2606 5142 15428 2606 2606 5143 15429 2586 2586 5143 15430 2585 2585 5143 15431 2606 2606 5144 15432 2585 2585 5144 15433 2605 2605 5144 15434 433 433 5145 15435 460 460 5145 15436 2584 2584 5145 15437 433 433 5146 15438 2584 2584 5146 15439 2604 2604 5146 15440 2604 2604 5147 15441 2584 2584 5147 15442 2583 2583 5147 15443 2604 2604 5148 15444 2583 2583 5148 15445 2603 2603 5148 15446 2603 2603 5149 15447 2583 2583 5149 15448 2582 2582 5149 15449 2603 2603 5150 15450 2582 2582 5150 15451 2602 2602 5150 15452 2602 2602 5151 15453 2582 2582 5151 15454 2581 2581 5151 15455 2602 2602 5152 15456 2581 2581 5152 15457 2601 2601 5152 15458 2601 2601 5153 15459 2581 2581 5153 15460 2580 2580 5153 15461 2601 2601 5154 15462 2580 2580 5154 15463 2600 2600 5154 15464 2600 2600 5155 15465 2580 2580 5155 15466 2579 2579 5155 15467 2600 2600 5156 15468 2579 2579 5156 15469 2599 2599 5156 15470 2599 2599 5157 15471 2579 2579 5157 15472 2578 2578 5157 15473 2599 2599 5158 15474 2578 2578 5158 15475 2598 2598 5158 15476 2598 2598 5159 15477 2578 2578 5159 15478 2577 2577 5159 15479 2598 2598 5160 15480 2577 2577 5160 15481 2597 2597 5160 15482 2597 2597 5161 15483 2577 2577 5161 15484 2576 2576 5161 15485 2597 2597 5162 15486 2576 2576 5162 15487 2596 2596 5162 15488 2596 2596 5163 15489 2576 2576 5163 15490 2575 2575 5163 15491 2596 2596 5164 15492 2575 2575 5164 15493 2595 2595 5164 15494 2595 2595 5165 15495 2575 2575 5165 15496 2574 2574 5165 15497 2595 2595 5166 15498 2574 2574 5166 15499 2594 2594 5166 15500 2594 2594 5167 15501 2574 2574 5167 15502 2573 2573 5167 15503 2594 2594 5168 15504 2573 2573 5168 15505 2593 2593 5168 15506 2593 2593 5169 15507 2573 2573 5169 15508 2572 2572 5169 15509 2593 2593 5170 15510 2572 2572 5170 15511 2592 2592 5170 15512 2592 2592 5171 15513 2572 2572 5171 15514 2571 2571 5171 15515 2592 2592 5172 15516 2571 2571 5172 15517 2591 2591 5172 15518 2591 2591 5173 15519 2571 2571 5173 15520 2570 2570 5173 15521 2591 2591 5174 15522 2570 2570 5174 15523 2590 2590 5174 15524 2590 2590 5175 15525 2570 2570 5175 15526 2569 2569 5175 15527 2590 2590 5176 15528 2569 2569 5176 15529 2589 2589 5176 15530 2589 2589 5177 15531 2569 2569 5177 15532 2568 2568 5177 15533 2589 2589 5178 15534 2568 2568 5178 15535 2588 2588 5178 15536 2588 2588 5179 15537 2568 2568 5179 15538 2567 2567 5179 15539 2588 2588 5180 15540 2567 2567 5180 15541 2587 2587 5180 15542 2587 2587 5181 15543 2567 2567 5181 15544 2566 2566 5181 15545 2587 2587 5182 15546 2566 2566 5182 15547 2586 2586 5182 15548 2586 2586 5183 15549 2566 2566 5183 15550 2565 2565 5183 15551 2586 2586 5184 15552 2565 2565 5184 15553 2585 2585 5184 15554 460 460 5185 15555 431 431 5185 15556 2564 2564 5185 15557 460 460 5186 15558 2564 2564 5186 15559 2584 2584 5186 15560 2584 2584 5187 15561 2564 2564 5187 15562 2563 2563 5187 15563 2584 2584 5188 15564 2563 2563 5188 15565 2583 2583 5188 15566 2583 2583 5189 15567 2563 2563 5189 15568 2562 2562 5189 15569 2583 2583 5190 15570 2562 2562 5190 15571 2582 2582 5190 15572 2582 2582 5191 15573 2562 2562 5191 15574 2561 2561 5191 15575 2582 2582 5192 15576 2561 2561 5192 15577 2581 2581 5192 15578 2581 2581 5193 15579 2561 2561 5193 15580 2560 2560 5193 15581 2581 2581 5194 15582 2560 2560 5194 15583 2580 2580 5194 15584 2580 2580 5195 15585 2560 2560 5195 15586 2559 2559 5195 15587 2580 2580 5196 15588 2559 2559 5196 15589 2579 2579 5196 15590 2579 2579 5197 15591 2559 2559 5197 15592 2558 2558 5197 15593 2579 2579 5198 15594 2558 2558 5198 15595 2578 2578 5198 15596 2578 2578 5199 15597 2558 2558 5199 15598 2557 2557 5199 15599 2578 2578 5200 15600 2557 2557 5200 15601 2577 2577 5200 15602 2577 2577 5201 15603 2557 2557 5201 15604 2556 2556 5201 15605 2577 2577 5202 15606 2556 2556 5202 15607 2576 2576 5202 15608 2576 2576 5203 15609 2556 2556 5203 15610 2555 2555 5203 15611 2576 2576 5204 15612 2555 2555 5204 15613 2575 2575 5204 15614 2575 2575 5205 15615 2555 2555 5205 15616 2554 2554 5205 15617 2575 2575 5206 15618 2554 2554 5206 15619 2574 2574 5206 15620 2574 2574 5207 15621 2554 2554 5207 15622 2553 2553 5207 15623 2574 2574 5208 15624 2553 2553 5208 15625 2573 2573 5208 15626 2573 2573 5209 15627 2553 2553 5209 15628 2552 2552 5209 15629 2573 2573 5210 15630 2552 2552 5210 15631 2572 2572 5210 15632 2572 2572 5211 15633 2552 2552 5211 15634 2551 2551 5211 15635 2572 2572 5212 15636 2551 2551 5212 15637 2571 2571 5212 15638 2571 2571 5213 15639 2551 2551 5213 15640 2550 2550 5213 15641 2571 2571 5214 15642 2550 2550 5214 15643 2570 2570 5214 15644 2570 2570 5215 15645 2550 2550 5215 15646 2549 2549 5215 15647 2570 2570 5216 15648 2549 2549 5216 15649 2569 2569 5216 15650 2569 2569 5217 15651 2549 2549 5217 15652 2548 2548 5217 15653 2569 2569 5218 15654 2548 2548 5218 15655 2568 2568 5218 15656 2568 2568 5219 15657 2548 2548 5219 15658 2547 2547 5219 15659 2568 2568 5220 15660 2547 2547 5220 15661 2567 2567 5220 15662 2567 2567 5221 15663 2547 2547 5221 15664 2546 2546 5221 15665 2567 2567 5222 15666 2546 2546 5222 15667 2566 2566 5222 15668 2566 2566 5223 15669 2546 2546 5223 15670 2545 2545 5223 15671 2566 2566 5224 15672 2545 2545 5224 15673 2565 2565 5224 15674 431 431 5225 15675 466 466 5225 15676 2544 2544 5225 15677 431 431 5226 15678 2544 2544 5226 15679 2564 2564 5226 15680 2564 2564 5227 15681 2544 2544 5227 15682 2543 2543 5227 15683 2564 2564 5228 15684 2543 2543 5228 15685 2563 2563 5228 15686 2563 2563 5229 15687 2543 2543 5229 15688 2542 2542 5229 15689 2563 2563 5230 15690 2542 2542 5230 15691 2562 2562 5230 15692 2562 2562 5231 15693 2542 2542 5231 15694 2541 2541 5231 15695 2562 2562 5232 15696 2541 2541 5232 15697 2561 2561 5232 15698 2561 2561 5233 15699 2541 2541 5233 15700 2540 2540 5233 15701 2561 2561 5234 15702 2540 2540 5234 15703 2560 2560 5234 15704 2560 2560 5235 15705 2540 2540 5235 15706 2539 2539 5235 15707 2560 2560 5236 15708 2539 2539 5236 15709 2559 2559 5236 15710 2559 2559 5237 15711 2539 2539 5237 15712 2538 2538 5237 15713 2559 2559 5238 15714 2538 2538 5238 15715 2558 2558 5238 15716 2558 2558 5239 15717 2538 2538 5239 15718 2537 2537 5239 15719 2558 2558 5240 15720 2537 2537 5240 15721 2557 2557 5240 15722 2557 2557 5241 15723 2537 2537 5241 15724 2536 2536 5241 15725 2557 2557 5242 15726 2536 2536 5242 15727 2556 2556 5242 15728 2556 2556 5243 15729 2536 2536 5243 15730 2535 2535 5243 15731 2556 2556 5244 15732 2535 2535 5244 15733 2555 2555 5244 15734 2555 2555 5245 15735 2535 2535 5245 15736 2534 2534 5245 15737 2555 2555 5246 15738 2534 2534 5246 15739 2554 2554 5246 15740 2554 2554 5247 15741 2534 2534 5247 15742 2533 2533 5247 15743 2554 2554 5248 15744 2533 2533 5248 15745 2553 2553 5248 15746 2553 2553 5249 15747 2533 2533 5249 15748 2532 2532 5249 15749 2553 2553 5250 15750 2532 2532 5250 15751 2552 2552 5250 15752 2552 2552 5251 15753 2532 2532 5251 15754 2531 2531 5251 15755 2552 2552 5252 15756 2531 2531 5252 15757 2551 2551 5252 15758 2551 2551 5253 15759 2531 2531 5253 15760 2530 2530 5253 15761 2551 2551 5254 15762 2530 2530 5254 15763 2550 2550 5254 15764 2550 2550 5255 15765 2530 2530 5255 15766 2529 2529 5255 15767 2550 2550 5256 15768 2529 2529 5256 15769 2549 2549 5256 15770 2549 2549 5257 15771 2529 2529 5257 15772 2528 2528 5257 15773 2549 2549 5258 15774 2528 2528 5258 15775 2548 2548 5258 15776 2548 2548 5259 15777 2528 2528 5259 15778 2527 2527 5259 15779 2548 2548 5260 15780 2527 2527 5260 15781 2547 2547 5260 15782 2547 2547 5261 15783 2527 2527 5261 15784 2526 2526 5261 15785 2547 2547 5262 15786 2526 2526 5262 15787 2546 2546 5262 15788 2546 2546 5263 15789 2526 2526 5263 15790 2525 2525 5263 15791 2546 2546 5264 15792 2525 2525 5264 15793 2545 2545 5264 15794 430 430 5265 15795 428 428 5265 15796 2504 2504 5265 15797 430 430 5266 15798 2504 2504 5266 15799 2524 2524 5266 15800 2524 2524 5267 15801 2504 2504 5267 15802 2503 2503 5267 15803 2524 2524 5268 15804 2503 2503 5268 15805 2523 2523 5268 15806 2523 2523 5269 15807 2503 2503 5269 15808 2502 2502 5269 15809 2523 2523 5270 15810 2502 2502 5270 15811 2522 2522 5270 15812 2522 2522 5271 15813 2502 2502 5271 15814 2501 2501 5271 15815 2522 2522 5272 15816 2501 2501 5272 15817 2521 2521 5272 15818 2521 2521 5273 15819 2501 2501 5273 15820 2500 2500 5273 15821 2521 2521 5274 15822 2500 2500 5274 15823 2520 2520 5274 15824 2520 2520 5275 15825 2500 2500 5275 15826 2499 2499 5275 15827 2520 2520 5276 15828 2499 2499 5276 15829 2519 2519 5276 15830 2519 2519 5277 15831 2499 2499 5277 15832 2498 2498 5277 15833 2519 2519 5278 15834 2498 2498 5278 15835 2518 2518 5278 15836 2518 2518 5279 15837 2498 2498 5279 15838 2497 2497 5279 15839 2518 2518 5280 15840 2497 2497 5280 15841 2517 2517 5280 15842 2517 2517 5281 15843 2497 2497 5281 15844 2496 2496 5281 15845 2517 2517 5282 15846 2496 2496 5282 15847 2516 2516 5282 15848 2516 2516 5283 15849 2496 2496 5283 15850 2495 2495 5283 15851 2516 2516 5284 15852 2495 2495 5284 15853 2515 2515 5284 15854 2515 2515 5285 15855 2495 2495 5285 15856 2494 2494 5285 15857 2515 2515 5286 15858 2494 2494 5286 15859 2514 2514 5286 15860 2514 2514 5287 15861 2494 2494 5287 15862 2493 2493 5287 15863 2514 2514 5288 15864 2493 2493 5288 15865 2513 2513 5288 15866 2513 2513 5289 15867 2493 2493 5289 15868 2492 2492 5289 15869 2513 2513 5290 15870 2492 2492 5290 15871 2512 2512 5290 15872 2512 2512 5291 15873 2492 2492 5291 15874 2491 2491 5291 15875 2512 2512 5292 15876 2491 2491 5292 15877 2511 2511 5292 15878 2511 2511 5293 15879 2491 2491 5293 15880 2490 2490 5293 15881 2511 2511 5294 15882 2490 2490 5294 15883 2510 2510 5294 15884 2510 2510 5295 15885 2490 2490 5295 15886 2489 2489 5295 15887 2510 2510 5296 15888 2489 2489 5296 15889 2509 2509 5296 15890 2509 2509 5297 15891 2489 2489 5297 15892 2488 2488 5297 15893 2509 2509 5298 15894 2488 2488 5298 15895 2508 2508 5298 15896 2508 2508 5299 15897 2488 2488 5299 15898 2487 2487 5299 15899 2508 2508 5300 15900 2487 2487 5300 15901 2507 2507 5300 15902 2507 2507 5301 15903 2487 2487 5301 15904 2486 2486 5301 15905 2507 2507 5302 15906 2486 2486 5302 15907 2506 2506 5302 15908 2506 2506 5303 15909 2486 2486 5303 15910 2485 2485 5303 15911 2506 2506 5304 15912 2485 2485 5304 15913 2505 2505 5304 15914 428 428 5305 15915 426 426 5305 15916 2484 2484 5305 15917 428 428 5306 15918 2484 2484 5306 15919 2504 2504 5306 15920 2504 2504 5307 15921 2484 2484 5307 15922 2483 2483 5307 15923 2504 2504 5308 15924 2483 2483 5308 15925 2503 2503 5308 15926 2503 2503 5309 15927 2483 2483 5309 15928 2482 2482 5309 15929 2503 2503 5310 15930 2482 2482 5310 15931 2502 2502 5310 15932 2502 2502 5311 15933 2482 2482 5311 15934 2481 2481 5311 15935 2502 2502 5312 15936 2481 2481 5312 15937 2501 2501 5312 15938 2501 2501 5313 15939 2481 2481 5313 15940 2480 2480 5313 15941 2501 2501 5314 15942 2480 2480 5314 15943 2500 2500 5314 15944 2500 2500 5315 15945 2480 2480 5315 15946 2479 2479 5315 15947 2500 2500 5316 15948 2479 2479 5316 15949 2499 2499 5316 15950 2499 2499 5317 15951 2479 2479 5317 15952 2478 2478 5317 15953 2499 2499 5318 15954 2478 2478 5318 15955 2498 2498 5318 15956 2498 2498 5319 15957 2478 2478 5319 15958 2477 2477 5319 15959 2498 2498 5320 15960 2477 2477 5320 15961 2497 2497 5320 15962 2497 2497 5321 15963 2477 2477 5321 15964 2476 2476 5321 15965 2497 2497 5322 15966 2476 2476 5322 15967 2496 2496 5322 15968 2496 2496 5323 15969 2476 2476 5323 15970 2475 2475 5323 15971 2496 2496 5324 15972 2475 2475 5324 15973 2495 2495 5324 15974 2495 2495 5325 15975 2475 2475 5325 15976 2474 2474 5325 15977 2495 2495 5326 15978 2474 2474 5326 15979 2494 2494 5326 15980 2494 2494 5327 15981 2474 2474 5327 15982 2473 2473 5327 15983 2494 2494 5328 15984 2473 2473 5328 15985 2493 2493 5328 15986 2493 2493 5329 15987 2473 2473 5329 15988 2472 2472 5329 15989 2493 2493 5330 15990 2472 2472 5330 15991 2492 2492 5330 15992 2492 2492 5331 15993 2472 2472 5331 15994 2471 2471 5331 15995 2492 2492 5332 15996 2471 2471 5332 15997 2491 2491 5332 15998 2491 2491 5333 15999 2471 2471 5333 16000 2470 2470 5333 16001 2491 2491 5334 16002 2470 2470 5334 16003 2490 2490 5334 16004 2490 2490 5335 16005 2470 2470 5335 16006 2469 2469 5335 16007 2490 2490 5336 16008 2469 2469 5336 16009 2489 2489 5336 16010 2489 2489 5337 16011 2469 2469 5337 16012 2468 2468 5337 16013 2489 2489 5338 16014 2468 2468 5338 16015 2488 2488 5338 16016 2488 2488 5339 16017 2468 2468 5339 16018 2467 2467 5339 16019 2488 2488 5340 16020 2467 2467 5340 16021 2487 2487 5340 16022 2487 2487 5341 16023 2467 2467 5341 16024 2466 2466 5341 16025 2487 2487 5342 16026 2466 2466 5342 16027 2486 2486 5342 16028 2486 2486 5343 16029 2466 2466 5343 16030 2465 2465 5343 16031 2486 2486 5344 16032 2465 2465 5344 16033 2485 2485 5344 16034 426 426 5345 16035 423 423 5345 16036 2444 2444 5345 16037 426 426 5346 16038 2444 2444 5346 16039 2484 2484 5346 16040 2484 2484 5347 16041 2444 2444 5347 16042 2443 2443 5347 16043 2484 2484 5348 16044 2443 2443 5348 16045 2483 2483 5348 16046 2483 2483 5349 16047 2443 2443 5349 16048 2442 2442 5349 16049 2483 2483 5350 16050 2442 2442 5350 16051 2482 2482 5350 16052 2482 2482 5351 16053 2442 2442 5351 16054 2441 2441 5351 16055 2482 2482 5352 16056 2441 2441 5352 16057 2481 2481 5352 16058 2481 2481 5353 16059 2441 2441 5353 16060 2440 2440 5353 16061 2481 2481 5354 16062 2440 2440 5354 16063 2480 2480 5354 16064 2480 2480 5355 16065 2440 2440 5355 16066 2439 2439 5355 16067 2480 2480 5356 16068 2439 2439 5356 16069 2479 2479 5356 16070 2479 2479 5357 16071 2439 2439 5357 16072 2438 2438 5357 16073 2479 2479 5358 16074 2438 2438 5358 16075 2478 2478 5358 16076 2478 2478 5359 16077 2438 2438 5359 16078 2437 2437 5359 16079 2478 2478 5360 16080 2437 2437 5360 16081 2477 2477 5360 16082 2477 2477 5361 16083 2437 2437 5361 16084 2436 2436 5361 16085 2477 2477 5362 16086 2436 2436 5362 16087 2476 2476 5362 16088 2476 2476 5363 16089 2436 2436 5363 16090 2435 2435 5363 16091 2476 2476 5364 16092 2435 2435 5364 16093 2475 2475 5364 16094 2475 2475 5365 16095 2435 2435 5365 16096 2434 2434 5365 16097 2475 2475 5366 16098 2434 2434 5366 16099 2474 2474 5366 16100 2474 2474 5367 16101 2434 2434 5367 16102 2433 2433 5367 16103 2474 2474 5368 16104 2433 2433 5368 16105 2473 2473 5368 16106 2473 2473 5369 16107 2433 2433 5369 16108 2432 2432 5369 16109 2473 2473 5370 16110 2432 2432 5370 16111 2472 2472 5370 16112 2472 2472 5371 16113 2432 2432 5371 16114 2431 2431 5371 16115 2472 2472 5372 16116 2431 2431 5372 16117 2471 2471 5372 16118 2471 2471 5373 16119 2431 2431 5373 16120 2430 2430 5373 16121 2471 2471 5374 16122 2430 2430 5374 16123 2470 2470 5374 16124 2470 2470 5375 16125 2430 2430 5375 16126 2429 2429 5375 16127 2470 2470 5376 16128 2429 2429 5376 16129 2469 2469 5376 16130 2469 2469 5377 16131 2429 2429 5377 16132 2428 2428 5377 16133 2469 2469 5378 16134 2428 2428 5378 16135 2468 2468 5378 16136 2468 2468 5379 16137 2428 2428 5379 16138 2427 2427 5379 16139 2468 2468 5380 16140 2427 2427 5380 16141 2467 2467 5380 16142 2467 2467 5381 16143 2427 2427 5381 16144 2426 2426 5381 16145 2467 2467 5382 16146 2426 2426 5382 16147 2466 2466 5382 16148 2466 2466 5383 16149 2426 2426 5383 16150 2425 2425 5383 16151 2466 2466 5384 16152 2425 2425 5384 16153 2465 2465 5384 16154 423 423 5385 16155 422 422 5385 16156 2445 2445 5385 16157 423 423 5386 16158 2445 2445 5386 16159 2444 2444 5386 16160 2444 2444 5387 16161 2445 2445 5387 16162 2446 2446 5387 16163 2444 2444 5388 16164 2446 2446 5388 16165 2443 2443 5388 16166 2443 2443 5389 16167 2446 2446 5389 16168 2447 2447 5389 16169 2443 2443 5390 16170 2447 2447 5390 16171 2442 2442 5390 16172 2442 2442 5391 16173 2447 2447 5391 16174 2448 2448 5391 16175 2442 2442 5392 16176 2448 2448 5392 16177 2441 2441 5392 16178 2441 2441 5393 16179 2448 2448 5393 16180 2449 2449 5393 16181 2441 2441 5394 16182 2449 2449 5394 16183 2440 2440 5394 16184 2440 2440 5395 16185 2449 2449 5395 16186 2450 2450 5395 16187 2440 2440 5396 16188 2450 2450 5396 16189 2439 2439 5396 16190 2439 2439 5397 16191 2450 2450 5397 16192 2451 2451 5397 16193 2439 2439 5398 16194 2451 2451 5398 16195 2438 2438 5398 16196 2438 2438 5399 16197 2451 2451 5399 16198 2452 2452 5399 16199 2438 2438 5400 16200 2452 2452 5400 16201 2437 2437 5400 16202 2437 2437 5401 16203 2452 2452 5401 16204 2453 2453 5401 16205 2437 2437 5402 16206 2453 2453 5402 16207 2436 2436 5402 16208 2436 2436 5403 16209 2453 2453 5403 16210 2454 2454 5403 16211 2436 2436 5404 16212 2454 2454 5404 16213 2435 2435 5404 16214 2435 2435 5405 16215 2454 2454 5405 16216 2455 2455 5405 16217 2435 2435 5406 16218 2455 2455 5406 16219 2434 2434 5406 16220 2434 2434 5407 16221 2455 2455 5407 16222 2456 2456 5407 16223 2434 2434 5408 16224 2456 2456 5408 16225 2433 2433 5408 16226 2433 2433 5409 16227 2456 2456 5409 16228 2457 2457 5409 16229 2433 2433 5410 16230 2457 2457 5410 16231 2432 2432 5410 16232 2432 2432 5411 16233 2457 2457 5411 16234 2458 2458 5411 16235 2432 2432 5412 16236 2458 2458 5412 16237 2431 2431 5412 16238 2431 2431 5413 16239 2458 2458 5413 16240 2459 2459 5413 16241 2431 2431 5414 16242 2459 2459 5414 16243 2430 2430 5414 16244 2430 2430 5415 16245 2459 2459 5415 16246 2460 2460 5415 16247 2430 2430 5416 16248 2460 2460 5416 16249 2429 2429 5416 16250 2429 2429 5417 16251 2460 2460 5417 16252 2461 2461 5417 16253 2429 2429 5418 16254 2461 2461 5418 16255 2428 2428 5418 16256 2428 2428 5419 16257 2461 2461 5419 16258 2462 2462 5419 16259 2428 2428 5420 16260 2462 2462 5420 16261 2427 2427 5420 16262 2427 2427 5421 16263 2462 2462 5421 16264 2463 2463 5421 16265 2427 2427 5422 16266 2463 2463 5422 16267 2426 2426 5422 16268 2426 2426 5423 16269 2463 2463 5423 16270 2464 2464 5423 16271 2426 2426 5424 16272 2464 2464 5424 16273 2425 2425 5424 16274 3865 3865 5425 16275 2782 2782 5425 16276 2781 2781 5425 16277 3869 3869 5426 16278 3860 3860 5426 16279 3665 3665 5426 16280 3835 3835 5427 16281 3863 3863 5427 16282 3865 3865 5427 16283 3865 3865 5428 16284 2781 2781 5428 16285 2780 2780 5428 16286 3865 3865 5429 16287 2780 2780 5429 16288 3835 3835 5429 16289 3646 3646 5430 16290 3868 3868 5430 16291 3869 3869 5430 16292 3869 3869 5431 16293 3665 3665 5431 16294 3666 3666 5431 16295 3869 3869 5432 16296 3666 3666 5432 16297 3646 3646 5432 16298 3864 3864 5433 16299 3513 3513 5433 16300 3514 3514 5433 16301 3864 3864 5434 16302 3514 3514 5434 16303 3494 3494 5434 16304 3861 3861 5435 16305 1768 1768 5435 16306 3083 3083 5435 16307 3760 3760 5436 16308 3779 3779 5436 16309 3780 3780 5436 16310 3065 3065 5437 16311 3862 3862 5437 16312 3861 3861 5437 16313 3861 3861 5438 16314 3083 3083 5438 16315 3084 3084 5438 16316 3861 3861 5439 16317 3084 3084 5439 16318 3065 3065 5439 16319 3871 3871 5440 16320 3627 3627 5440 16321 3628 3628 5440 16322 3871 3871 5441 16323 3628 3628 5441 16324 3608 3608 5441 16325 3722 3722 5442 16326 3741 3741 5442 16327 3742 3742 5442 16328 3570 3570 5443 16329 3872 3872 5443 16330 3589 3589 5443 16331 3798 3798 5444 16332 3817 3817 5444 16333 3818 3818 5444 16334 3684 3684 5445 16335 3703 3703 5445 16336 3704 3704 5445 16337 3867 3867 5446 16338 3870 3870 5446 16339 3551 3551 5446 16340 3532 3532 5447 16341 3866 3866 5447 16342 3867 3867 5447 16343 3867 3867 5448 16344 3551 3551 5448 16345 3552 3552 5448 16346 3867 3867 5449 16347 3552 3552 5449 16348 3532 3532 5449 16349 2287 2287 5450 16350 3876 3876 5450 16351 2267 2267 5450 16352 2287 2287 5451 16353 2267 2267 5451 16354 2286 2286 5451 16355 3875 3875 5452 16356 2287 2287 5452 16357 2307 2307 5452 16358 3875 3875 5453 16359 2307 2307 5453 16360 2308 2308 5453 16361 3902 3902 5454 16362 3922 3922 5454 16363 1806 1806 5454 16364 3924 3924 5455 16365 3288 3288 5455 16366 3289 3289 5455 16367 3924 3924 5456 16368 3289 3289 5456 16369 3269 3269 5456 16370 3921 3921 5457 16371 3919 3919 5457 16372 3136 3136 5457 16373 3898 3898 5458 16374 3926 3926 5458 16375 3419 3419 5458 16376 3898 3898 5459 16377 3419 3419 5459 16378 3400 3400 5459 16379 3916 3916 5460 16380 3906 3906 5460 16381 3231 3231 5460 16382 3136 3136 5461 16383 3919 3919 5461 16384 3927 3927 5461 16385 3927 3927 5462 16386 3155 3155 5462 16387 3156 3156 5462 16388 3927 3927 5463 16389 3156 3156 5463 16390 3136 3136 5463 16391 3250 3250 5464 16392 3896 3896 5464 16393 3893 3893 5464 16394 3893 3893 5465 16395 3269 3269 5465 16396 3270 3270 5465 16397 3893 3893 5466 16398 3270 3270 5466 16399 3250 3250 5466 16400 3231 3231 5467 16401 3906 3906 5467 16402 3923 3923 5467 16403 3923 3923 5468 16404 3250 3250 5468 16405 3251 3251 5468 16406 3923 3923 5469 16407 3251 3251 5469 16408 3231 3231 5469 16409 3363 3363 5470 16410 3917 3917 5470 16411 3900 3900 5470 16412 3900 3900 5471 16413 3381 3381 5471 16414 3382 3382 5471 16415 3900 3900 5472 16416 3382 3382 5472 16417 3363 3363 5472 16418 3914 3914 5473 16419 3117 3117 5473 16420 3118 3118 5473 16421 3909 3909 5474 16422 3914 3914 5474 16423 3118 3118 5474 16424 3909 3909 5475 16425 3118 3118 5475 16426 3119 3119 5475 16427 3913 3913 5476 16428 3897 3897 5476 16429 3325 3325 5476 16430 3100 3100 5477 16431 3901 3901 5477 16432 3909 3909 5477 16433 3909 3909 5478 16434 3119 3119 5478 16435 3120 3120 5478 16436 3909 3909 5479 16437 3120 3120 5479 16438 3100 3100 5479 16439 3897 3897 5480 16440 3344 3344 5480 16441 3345 3345 5480 16442 3897 3897 5481 16443 3345 3345 5481 16444 3325 3325 5481 16445 3910 3910 5482 16446 3915 3915 5482 16447 3212 3212 5482 16448 3193 3193 5483 16449 3925 3925 5483 16450 3910 3910 5483 16451 3910 3910 5484 16452 3212 3212 5484 16453 3213 3213 5484 16454 3910 3910 5485 16455 3213 3213 5485 16456 3193 3193 5485 16457 3920 3920 5486 16458 3918 3918 5486 16459 3437 3437 5486 16460 3288 3288 5487 16461 3907 3907 5487 16462 3307 3307 5487 16463 3927 3927 5488 16464 3912 3912 5488 16465 3155 3155 5488 16466 3419 3419 5489 16467 3926 3926 5489 16468 3920 3920 5489 16469 3920 3920 5490 16470 3437 3437 5490 16471 3438 3438 5490 16472 3920 3920 5491 16473 3438 3438 5491 16474 3419 3419 5491 16475 3155 3155 5492 16476 3912 3912 5492 16477 3894 3894 5492 16478 3894 3894 5493 16479 3174 3174 5493 16480 3175 3175 5493 16481 3894 3894 5494 16482 3175 3175 5494 16483 3155 3155 5494 16484 3894 3894 5495 16485 3899 3899 5495 16486 3174 3174 5495 16487 3893 3893 5496 16488 3924 3924 5496 16489 3269 3269 5496 16490 1806 1806 5497 16491 3922 3922 5497 16492 3911 3911 5497 16493 3911 3911 5498 16494 3101 3101 5498 16495 1805 1805 5498 16496 3911 3911 5499 16497 1805 1805 5499 16498 1806 1806 5499 16499 3905 3905 5500 16500 3898 3898 5500 16501 3400 3400 5500 16502 3904 3904 5501 16503 3901 3901 5501 16504 3100 3100 5501 16505 100 100 5502 16506 3895 3895 5502 16507 3902 3902 5502 16508 3902 3902 5503 16509 1806 1806 5503 16510 1826 1826 5503 16511 3902 3902 5504 16512 1826 1826 5504 16513 100 100 5504 16514 3381 3381 5505 16515 3908 3908 5505 16516 3905 3905 5505 16517 3905 3905 5506 16518 3400 3400 5506 16519 3401 3401 5506 16520 3905 3905 5507 16521 3401 3401 5507 16522 3381 3381 5507 16523 3903 3903 5508 16524 3925 3925 5508 16525 3193 3193 5508 16526 3923 3923 5509 16527 3896 3896 5509 16528 3250 3250 5509 16529 3117 3117 5510 16530 3921 3921 5510 16531 3136 3136 5510 16532 3117 3117 5511 16533 3136 3136 5511 16534 3137 3137 5511 16535 3900 3900 5512 16536 3908 3908 5512 16537 3381 3381 5512 16538 3212 3212 5513 16539 3915 3915 5513 16540 3916 3916 5513 16541 3916 3916 5514 16542 3231 3231 5514 16543 3232 3232 5514 16544 3916 3916 5515 16545 3232 3232 5515 16546 3212 3212 5515 16547 3344 3344 5516 16548 3917 3917 5516 16549 3363 3363 5516 16550 3918 3918 5517 16551 2944 2944 5517 16552 2943 2943 5517 16553 3918 3918 5518 16554 2943 2943 5518 16555 3437 3437 5518 16556 3911 3911 5519 16557 3904 3904 5519 16558 3100 3100 5519 16559 3911 3911 5520 16560 3100 3100 5520 16561 3101 3101 5520 16562 3307 3307 5521 16563 3907 3907 5521 16564 3913 3913 5521 16565 3913 3913 5522 16566 3325 3325 5522 16567 3326 3326 5522 16568 3913 3913 5523 16569 3326 3326 5523 16570 3307 3307 5523 16571 3174 3174 5524 16572 3899 3899 5524 16573 3903 3903 5524 16574 3903 3903 5525 16575 3193 3193 5525 16576 3194 3194 5525 16577 3903 3903 5526 16578 3194 3194 5526 16579 3174 3174 5526 16580 3929 3929 5527 16581 3932 3932 5527 16582 3933 3933 5527 16583 3929 3929 5528 16584 3933 3933 5528 16585 3930 3930 5528 16586 3928 3928 5529 16587 3931 3931 5529 16588 3932 3932 5529 16589 3928 3928 5530 16590 3932 3932 5530 16591 3929 3929 5530 16592 1297 1297 5531 16593 3947 3947 5531 16594 3954 3954 5531 16595 1297 1297 5532 16596 3954 3954 5532 16597 1298 1298 5532 16598 3947 3947 5533 16599 3946 3946 5533 16600 3953 3953 5533 16601 3947 3947 5534 16602 3953 3953 5534 16603 3954 3954 5534 16604 3946 3946 5535 16605 3945 3945 5535 16606 3952 3952 5535 16607 3946 3946 5536 16608 3952 3952 5536 16609 3953 3953 5536 16610 3945 3945 5537 16611 3944 3944 5537 16612 3951 3951 5537 16613 3945 3945 5538 16614 3951 3951 5538 16615 3952 3952 5538 16616 3944 3944 5539 16617 3943 3943 5539 16618 3950 3950 5539 16619 3944 3944 5540 16620 3950 3950 5540 16621 3951 3951 5540 16622 3943 3943 5541 16623 3942 3942 5541 16624 3949 3949 5541 16625 3943 3943 5542 16626 3949 3949 5542 16627 3950 3950 5542 16628 3942 3942 5543 16629 3941 3941 5543 16630 3948 3948 5543 16631 3942 3942 5544 16632 3948 3948 5544 16633 3949 3949 5544 16634 1163 1163 5545 16635 3934 3934 5545 16636 3947 3947 5545 16637 1163 1163 5546 16638 3947 3947 5546 16639 1297 1297 5546 16640 3934 3934 5547 16641 3935 3935 5547 16642 3946 3946 5547 16643 3934 3934 5548 16644 3946 3946 5548 16645 3947 3947 5548 16646 3935 3935 5549 16647 3936 3936 5549 16648 3945 3945 5549 16649 3935 3935 5550 16650 3945 3945 5550 16651 3946 3946 5550 16652 3936 3936 5551 16653 3937 3937 5551 16654 3944 3944 5551 16655 3936 3936 5552 16656 3944 3944 5552 16657 3945 3945 5552 16658 3937 3937 5553 16659 3938 3938 5553 16660 3943 3943 5553 16661 3937 3937 5554 16662 3943 3943 5554 16663 3944 3944 5554 16664 3938 3938 5555 16665 3939 3939 5555 16666 3942 3942 5555 16667 3938 3938 5556 16668 3942 3942 5556 16669 3943 3943 5556 16670 3939 3939 5557 16671 3940 3940 5557 16672 3941 3941 5557 16673 3939 3939 5558 16674 3941 3941 5558 16675 3942 3942 5558 16676 879 879 5559 16677 381 381 5559 16678 3955 3955 5559 16679 879 879 5560 16680 3955 3955 5560 16681 3969 3969 5560 16682 3969 3969 5561 16683 3955 3955 5561 16684 3956 3956 5561 16685 3969 3969 5562 16686 3956 3956 5562 16687 3970 3970 5562 16688 3970 3970 5563 16689 3956 3956 5563 16690 3957 3957 5563 16691 3970 3970 5564 16692 3957 3957 5564 16693 3971 3971 5564 16694 3971 3971 5565 16695 3957 3957 5565 16696 3958 3958 5565 16697 3971 3971 5566 16698 3958 3958 5566 16699 3972 3972 5566 16700 3972 3972 5567 16701 3958 3958 5567 16702 3959 3959 5567 16703 3972 3972 5568 16704 3959 3959 5568 16705 3973 3973 5568 16706 3973 3973 5569 16707 3959 3959 5569 16708 3960 3960 5569 16709 3973 3973 5570 16710 3960 3960 5570 16711 3974 3974 5570 16712 3974 3974 5571 16713 3960 3960 5571 16714 3961 3961 5571 16715 3974 3974 5572 16716 3961 3961 5572 16717 3975 3975 5572 16718 381 381 5573 16719 493 493 5573 16720 3962 3962 5573 16721 381 381 5574 16722 3962 3962 5574 16723 3955 3955 5574 16724 3955 3955 5575 16725 3962 3962 5575 16726 3963 3963 5575 16727 3955 3955 5576 16728 3963 3963 5576 16729 3956 3956 5576 16730 3956 3956 5577 16731 3963 3963 5577 16732 3964 3964 5577 16733 3956 3956 5578 16734 3964 3964 5578 16735 3957 3957 5578 16736 3957 3957 5579 16737 3964 3964 5579 16738 3965 3965 5579 16739 3957 3957 5580 16740 3965 3965 5580 16741 3958 3958 5580 16742 3958 3958 5581 16743 3965 3965 5581 16744 3966 3966 5581 16745 3958 3958 5582 16746 3966 3966 5582 16747 3959 3959 5582 16748 3959 3959 5583 16749 3966 3966 5583 16750 3967 3967 5583 16751 3959 3959 5584 16752 3967 3967 5584 16753 3960 3960 5584 16754 3960 3960 5585 16755 3967 3967 5585 16756 3968 3968 5585 16757 3960 3960 5586 16758 3968 3968 5586 16759 3961 3961 5586 16760</p>
                </triangles>
            </mesh>
        </geometry>
    </library_geometries>
    <library_visual_scenes>
        <visual_scene id="VisualSceneNode" name="VisualScene">
            <node id="node" name="node">
                <instance_geometry url="#shape0-lib">
                    <bind_material>
                        <technique_common>
                            <instance_material symbol="material0" target="#material0">
                                <bind_vertex_input semantic="UVSET0" input_semantic="TEXCOORD"/>
                            </instance_material>
                        </technique_common>
                    </bind_material>
                </instance_geometry>
            </node>
        </visual_scene>
    </library_visual_scenes>
    <scene>
        <instance_visual_scene url="#VisualSceneNode"/>
    </scene>
</COLLADA>
